Latitude (decimal degrees):	39.925
Longitude (decimal degrees):	32.837
Elevation (m):	904
Radiation database:	PVGIS-SARAH3


Slope: 0 deg. 
Azimuth: 0 deg. 
time,Gb(i),Gd(i),Gr(i),H_sun,T2m,WS10m,Int
20230101:0010,0.0,0.0,0.0,0.0,-0.28,0.97,0.0
20230101:0110,0.0,0.0,0.0,0.0,-0.7,0.97,0.0
20230101:0210,0.0,0.0,0.0,0.0,-0.88,1.03,0.0
20230101:0310,0.0,0.0,0.0,0.0,-1.14,1.1,0.0
20230101:0410,0.0,0.0,0.0,0.0,-1.28,1.17,0.0
20230101:0510,0.0,0.0,0.0,0.0,-1.47,1.17,0.0
20230101:0610,78.01,45.0,0.0,8.57,-1.37,1.1,0.0
20230101:0710,203.01,73.0,0.0,16.62,0.07,1.31,0.0
20230101:0810,307.01,88.0,0.0,22.72,3.0,1.45,0.0
20230101:0910,369.01,95.0,0.0,26.31,4.76,1.52,0.0
20230101:1010,395.01,88.0,0.0,26.93,5.95,1.66,0.0
20230101:1110,350.01,85.0,0.0,24.49,6.6,1.59,0.0
20230101:1210,247.01,80.0,0.0,19.32,6.76,1.45,0.0
20230101:1310,115.01,63.0,0.0,11.98,6.33,1.17,0.0
20230101:1410,18.0,9.87,0.0,3.03,5.06,1.45,0.0
20230101:1510,0.0,0.0,0.0,0.0,1.89,1.52,0.0
20230101:1610,0.0,0.0,0.0,0.0,1.17,1.38,0.0
20230101:1710,0.0,0.0,0.0,0.0,0.62,1.31,0.0
20230101:1810,0.0,0.0,0.0,0.0,-0.37,1.24,0.0
20230101:1910,0.0,0.0,0.0,0.0,-1.51,1.31,0.0
20230101:2010,0.0,0.0,0.0,0.0,-1.81,1.31,0.0
20230101:2110,0.0,0.0,0.0,0.0,-1.78,1.24,0.0
20230101:2210,0.0,0.0,0.0,0.0,-1.42,1.17,0.0
20230101:2310,0.0,0.0,0.0,0.0,-1.37,0.9,0.0
20230102:0010,0.0,0.0,0.0,0.0,-1.55,0.76,0.0
20230102:0110,0.0,0.0,0.0,0.0,-1.97,0.62,0.0
20230102:0210,0.0,0.0,0.0,0.0,-2.11,0.55,0.0
20230102:0310,0.0,0.0,0.0,0.0,-2.21,0.55,0.0
20230102:0410,0.0,0.0,0.0,0.0,-2.23,0.69,0.0
20230102:0510,0.0,0.0,0.0,0.0,-2.19,0.76,0.0
20230102:0610,86.01,42.0,0.0,8.57,-1.92,0.76,0.0
20230102:0710,215.01,69.0,0.0,16.64,-0.83,0.76,0.0
20230102:0810,314.01,87.0,0.0,22.77,2.43,1.03,0.0
20230102:0910,377.01,95.0,0.0,26.38,4.64,1.24,0.0
20230102:1010,393.01,93.0,0.0,27.02,6.08,1.24,0.0
20230102:1110,340.01,94.0,0.0,24.6,6.92,1.17,0.0
20230102:1210,247.01,83.0,0.0,19.44,7.17,0.97,0.0
20230102:1310,118.01,65.0,0.0,12.11,6.76,0.55,0.0
20230102:1410,20.0,10.41,0.0,3.17,5.73,0.41,0.0
20230102:1510,0.0,0.0,0.0,0.0,4.07,0.48,0.0
20230102:1610,0.0,0.0,0.0,0.0,2.63,0.62,0.0
20230102:1710,0.0,0.0,0.0,0.0,1.58,0.62,0.0
20230102:1810,0.0,0.0,0.0,0.0,0.78,0.55,0.0
20230102:1910,0.0,0.0,0.0,0.0,-0.67,0.48,0.0
20230102:2010,0.0,0.0,0.0,0.0,-1.23,0.48,0.0
20230102:2110,0.0,0.0,0.0,0.0,-1.65,0.41,0.0
20230102:2210,0.0,0.0,0.0,0.0,-1.99,0.41,0.0
20230102:2310,0.0,0.0,0.0,0.0,-2.18,0.34,0.0
20230103:0010,0.0,0.0,0.0,0.0,-2.32,0.28,0.0
20230103:0110,0.0,0.0,0.0,0.0,-2.37,0.28,0.0
20230103:0210,0.0,0.0,0.0,0.0,-2.41,0.28,0.0
20230103:0310,0.0,0.0,0.0,0.0,-2.38,0.28,0.0
20230103:0410,0.0,0.0,0.0,0.0,-2.33,0.28,0.0
20230103:0510,0.0,0.0,0.0,0.0,-2.21,0.28,0.0
20230103:0610,81.01,44.0,0.0,8.58,-1.96,0.28,0.0
20230103:0710,204.01,73.0,0.0,16.66,-1.08,0.21,0.0
20230103:0810,307.01,90.0,0.0,22.82,2.18,0.48,0.0
20230103:0910,370.01,98.0,0.0,26.45,4.22,0.76,0.0
20230103:1010,381.01,99.0,0.0,27.12,5.53,0.83,0.0
20230103:1110,348.01,90.0,0.0,24.72,6.28,0.9,0.0
20230103:1210,272.01,71.0,0.0,19.57,6.44,0.76,0.0
20230103:1310,143.01,53.0,0.0,12.24,5.99,0.48,0.0
20230103:1410,22.0,10.22,0.0,3.31,4.79,0.21,0.0
20230103:1510,0.0,0.0,0.0,0.0,3.57,0.21,0.0
20230103:1610,0.0,0.0,0.0,0.0,2.3,0.62,0.0
20230103:1710,0.0,0.0,0.0,0.0,1.11,0.76,0.0
20230103:1810,0.0,0.0,0.0,0.0,0.23,0.62,0.0
20230103:1910,0.0,0.0,0.0,0.0,-1.14,0.28,0.0
20230103:2010,0.0,0.0,0.0,0.0,-1.55,0.14,0.0
20230103:2110,0.0,0.0,0.0,0.0,-1.83,0.14,0.0
20230103:2210,0.0,0.0,0.0,0.0,-2.03,0.07,0.0
20230103:2310,0.0,0.0,0.0,0.0,-2.11,0.07,0.0
20230104:0010,0.0,0.0,0.0,0.0,-2.14,0.14,0.0
20230104:0110,0.0,0.0,0.0,0.0,-2.08,0.21,0.0
20230104:0210,0.0,0.0,0.0,0.0,-2.1,0.28,0.0
20230104:0310,0.0,0.0,0.0,0.0,-2.17,0.34,0.0
20230104:0410,0.0,0.0,0.0,0.0,-2.28,0.34,0.0
20230104:0510,0.0,0.0,0.0,0.0,-2.37,0.34,0.0
20230104:0610,72.01,47.0,0.0,8.59,-2.32,0.34,0.0
20230104:0710,198.01,74.0,0.0,16.7,-0.99,0.34,0.0
20230104:0810,300.01,91.0,0.0,22.88,1.7,0.76,0.0
20230104:0910,356.01,102.0,0.0,26.54,3.67,1.03,0.0
20230104:1010,378.01,98.0,0.0,27.23,5.14,1.17,0.0
20230104:1110,337.01,93.0,0.0,24.84,6.06,1.24,0.0
20230104:1210,259.01,76.0,0.0,19.71,6.33,1.38,0.0
20230104:1310,130.01,59.0,0.0,12.38,5.84,1.17,0.0
20230104:1410,21.0,12.05,0.0,3.45,4.35,1.31,0.0
20230104:1510,0.0,0.0,0.0,0.0,1.54,1.17,0.0
20230104:1610,0.0,0.0,0.0,0.0,1.31,0.83,0.0
20230104:1710,0.0,0.0,0.0,0.0,0.61,0.55,0.0
20230104:1810,0.0,0.0,0.0,0.0,0.25,0.41,0.0
20230104:1910,0.0,0.0,0.0,0.0,-0.02,0.48,0.0
20230104:2010,0.0,0.0,0.0,0.0,0.03,0.62,0.0
20230104:2110,0.0,0.0,0.0,0.0,0.07,0.76,0.0
20230104:2210,0.0,0.0,0.0,0.0,0.13,0.83,0.0
20230104:2310,0.0,0.0,0.0,0.0,0.06,0.62,0.0
20230105:0010,0.0,0.0,0.0,0.0,-0.16,0.62,0.0
20230105:0110,0.0,0.0,0.0,0.0,-0.02,0.69,0.0
20230105:0210,0.0,0.0,0.0,0.0,-0.17,0.76,0.0
20230105:0310,0.0,0.0,0.0,0.0,-0.27,0.69,0.0
20230105:0410,0.0,0.0,0.0,0.0,-0.38,0.69,0.0
20230105:0510,0.0,0.0,0.0,0.0,-0.35,0.69,0.0
20230105:0610,65.0,50.0,0.0,8.61,-0.41,0.55,0.0
20230105:0710,180.01,83.0,0.0,16.74,0.32,0.14,0.0
20230105:0810,295.01,92.0,0.0,22.94,3.28,0.34,0.0
20230105:0910,356.01,100.0,0.0,26.63,4.91,0.48,0.0
20230105:1010,362.01,104.0,0.0,27.34,5.99,0.83,0.0
20230105:1110,332.01,94.0,0.0,24.97,6.48,1.03,0.0
20230105:1210,234.01,88.0,0.0,19.85,6.6,1.03,0.0
20230105:1310,111.01,69.0,0.0,12.53,6.24,1.03,0.0
20230105:1410,21.0,12.97,0.0,3.59,5.15,1.1,0.0
20230105:1510,0.0,0.0,0.0,0.0,2.58,1.17,0.0
20230105:1610,0.0,0.0,0.0,0.0,2.3,1.03,0.0
20230105:1710,0.0,0.0,0.0,0.0,1.4,1.03,0.0
20230105:1810,0.0,0.0,0.0,0.0,0.71,1.03,0.0
20230105:1910,0.0,0.0,0.0,0.0,-1.4,1.31,0.0
20230105:2010,0.0,0.0,0.0,0.0,-1.61,1.24,0.0
20230105:2110,0.0,0.0,0.0,0.0,-2.37,1.45,0.0
20230105:2210,0.0,0.0,0.0,0.0,-2.32,1.38,0.0
20230105:2310,0.0,0.0,0.0,0.0,-1.68,1.17,0.0
20230106:0010,0.0,0.0,0.0,0.0,-1.31,1.1,0.0
20230106:0110,0.0,0.0,0.0,0.0,-1.34,0.97,0.0
20230106:0210,0.0,0.0,0.0,0.0,-1.38,0.97,0.0
20230106:0310,0.0,0.0,0.0,0.0,-1.74,1.1,0.0
20230106:0410,0.0,0.0,0.0,0.0,-2.65,1.31,0.0
20230106:0510,0.0,0.0,0.0,0.0,-2.97,1.38,0.0
20230106:0610,0.0,42.0,0.0,8.64,-2.61,1.38,0.0
20230106:0710,54.0,136.0,0.0,16.78,-0.27,1.24,0.0
20230106:0810,106.0,185.0,0.0,23.01,1.88,1.66,0.0
20230106:0910,3.0,172.0,0.0,26.73,3.04,2.07,0.0
20230106:1010,0.0,124.0,0.0,27.46,3.84,2.28,0.0
20230106:1110,0.0,114.0,0.0,25.11,3.78,2.28,0.0
20230106:1210,0.0,102.0,0.0,20.0,3.65,2.34,0.0
20230106:1310,12.0,92.0,0.0,12.68,2.71,2.0,0.0
20230106:1410,0.0,3.0,0.0,3.75,1.64,1.86,0.0
20230106:1510,0.0,0.0,0.0,0.0,0.53,1.72,0.0
20230106:1610,0.0,0.0,0.0,0.0,-0.89,1.59,0.0
20230106:1710,0.0,0.0,0.0,0.0,-2.15,1.45,0.0
20230106:1810,0.0,0.0,0.0,0.0,-2.28,1.31,0.0
20230106:1910,0.0,0.0,0.0,0.0,-2.83,1.24,0.0
20230106:2010,0.0,0.0,0.0,0.0,-2.86,1.31,0.0
20230106:2110,0.0,0.0,0.0,0.0,-2.66,1.24,0.0
20230106:2210,0.0,0.0,0.0,0.0,-2.89,1.31,0.0
20230106:2310,0.0,0.0,0.0,0.0,-2.97,1.38,0.0
20230107:0010,0.0,0.0,0.0,0.0,-2.86,1.24,0.0
20230107:0110,0.0,0.0,0.0,0.0,-2.7,1.24,0.0
20230107:0210,0.0,0.0,0.0,0.0,-2.49,1.17,0.0
20230107:0310,0.0,0.0,0.0,0.0,-2.0,1.03,0.0
20230107:0410,0.0,0.0,0.0,0.0,-1.86,1.03,0.0
20230107:0510,0.0,0.0,0.0,0.0,-1.75,0.9,0.0
20230107:0610,3.0,53.0,0.0,8.67,-1.39,0.83,0.0
20230107:0710,5.0,114.0,0.0,16.84,-0.27,1.1,0.0
20230107:0810,9.0,167.0,0.0,23.09,0.57,1.1,0.0
20230107:0910,26.0,215.0,0.0,26.83,1.9,1.17,0.0
20230107:1010,66.0,235.0,0.0,27.59,3.05,1.24,0.0
20230107:1110,124.0,203.0,0.0,25.26,3.87,1.45,0.0
20230107:1210,128.01,148.0,0.0,20.15,4.01,1.72,0.0
20230107:1310,86.0,86.0,0.0,12.84,3.74,1.86,0.0
20230107:1410,14.0,18.8,0.0,3.9,2.87,1.45,0.0
20230107:1510,0.0,0.0,0.0,0.0,0.97,1.31,0.0
20230107:1610,0.0,0.0,0.0,0.0,-0.11,1.1,0.0
20230107:1710,0.0,0.0,0.0,0.0,-0.1,0.83,0.0
20230107:1810,0.0,0.0,0.0,0.0,-0.52,0.62,0.0
20230107:1910,0.0,0.0,0.0,0.0,-0.58,0.62,0.0
20230107:2010,0.0,0.0,0.0,0.0,-0.83,0.83,0.0
20230107:2110,0.0,0.0,0.0,0.0,-1.04,0.9,0.0
20230107:2210,0.0,0.0,0.0,0.0,-1.12,0.9,0.0
20230107:2310,0.0,0.0,0.0,0.0,-1.33,0.76,0.0
20230108:0010,0.0,0.0,0.0,0.0,-1.33,0.55,0.0
20230108:0110,0.0,0.0,0.0,0.0,-1.57,0.34,0.0
20230108:0210,0.0,0.0,0.0,0.0,-1.68,0.28,0.0
20230108:0310,0.0,0.0,0.0,0.0,-1.78,0.14,0.0
20230108:0410,0.0,0.0,0.0,0.0,-1.86,0.14,0.0
20230108:0510,0.0,0.0,0.0,0.0,-2.05,0.07,0.0
20230108:0610,6.0,59.0,0.0,8.71,-2.1,0.14,0.0
20230108:0710,15.0,129.0,0.0,16.9,-1.2,0.21,0.0
20230108:0810,53.0,196.0,0.0,23.18,0.84,0.28,0.0
20230108:0910,158.01,210.0,0.0,26.95,2.36,0.28,0.0
20230108:1010,208.01,196.0,0.0,27.73,3.4,0.28,0.0
20230108:1110,199.01,175.0,0.0,25.41,3.92,0.41,0.0
20230108:1210,195.01,118.0,0.0,20.31,4.15,0.62,0.0
20230108:1310,120.01,71.0,0.0,13.0,4.06,0.9,0.0
20230108:1410,15.0,19.55,0.0,4.06,3.33,0.48,0.0
20230108:1510,0.0,0.0,0.0,0.0,1.78,0.76,0.0
20230108:1610,0.0,0.0,0.0,0.0,1.12,0.9,0.0
20230108:1710,0.0,0.0,0.0,0.0,0.36,0.76,0.0
20230108:1810,0.0,0.0,0.0,0.0,-0.15,0.41,0.0
20230108:1910,0.0,0.0,0.0,0.0,-2.03,0.41,0.0
20230108:2010,0.0,0.0,0.0,0.0,-2.34,0.21,0.0
20230108:2110,0.0,0.0,0.0,0.0,-2.57,0.21,0.0
20230108:2210,0.0,0.0,0.0,0.0,-2.72,0.28,0.0
20230108:2310,0.0,0.0,0.0,0.0,-2.87,0.28,0.0
20230109:0010,0.0,0.0,0.0,0.0,-2.96,0.34,0.0
20230109:0110,0.0,0.0,0.0,0.0,-3.22,0.34,0.0
20230109:0210,0.0,0.0,0.0,0.0,-3.25,0.41,0.0
20230109:0310,0.0,0.0,0.0,0.0,-3.23,0.48,0.0
20230109:0410,0.0,0.0,0.0,0.0,-3.22,0.48,0.0
20230109:0510,0.0,0.0,0.0,0.0,-3.24,0.62,0.0
20230109:0610,13.0,63.0,0.0,8.75,-3.1,0.62,0.0
20230109:0710,15.0,131.0,0.0,16.97,-4.07,0.48,0.0
20230109:0810,27.0,189.0,0.0,23.27,-1.66,0.55,0.0
20230109:0910,21.0,214.0,0.0,27.07,0.81,0.76,0.0
20230109:1010,9.0,198.0,0.0,27.87,2.34,1.17,0.0
20230109:1110,10.0,188.0,0.0,25.57,3.14,1.38,0.0
20230109:1210,6.0,140.0,0.0,20.48,3.43,1.38,0.0
20230109:1310,6.0,90.0,0.0,13.17,3.27,1.24,0.0
20230109:1410,2.0,21.58,0.0,4.23,2.58,0.97,0.0
20230109:1510,0.0,0.0,0.0,0.0,1.01,0.83,0.0
20230109:1610,0.0,0.0,0.0,0.0,0.29,0.76,0.0
20230109:1710,0.0,0.0,0.0,0.0,-0.55,0.69,0.0
20230109:1810,0.0,0.0,0.0,0.0,-1.18,0.62,0.0
20230109:1910,0.0,0.0,0.0,0.0,-2.83,0.62,0.0
20230109:2010,0.0,0.0,0.0,0.0,-2.99,0.48,0.0
20230109:2110,0.0,0.0,0.0,0.0,-3.12,0.41,0.0
20230109:2210,0.0,0.0,0.0,0.0,-3.24,0.41,0.0
20230109:2310,0.0,0.0,0.0,0.0,-3.38,0.55,0.0
20230110:0010,0.0,0.0,0.0,0.0,-3.51,0.62,0.0
20230110:0110,0.0,0.0,0.0,0.0,-3.68,0.76,0.0
20230110:0210,0.0,0.0,0.0,0.0,-3.83,0.83,0.0
20230110:0310,0.0,0.0,0.0,0.0,-3.93,0.83,0.0
20230110:0410,0.0,0.0,0.0,0.0,-3.97,0.83,0.0
20230110:0510,0.0,0.0,0.0,0.0,-4.37,0.97,0.0
20230110:0610,5.0,57.0,0.0,8.8,-4.15,0.9,0.0
20230110:0710,10.0,126.0,0.0,17.04,-1.59,1.1,0.0
20230110:0810,21.0,185.0,0.0,23.37,0.43,1.31,0.0
20230110:0910,56.0,232.0,0.0,27.19,2.34,1.52,0.0
20230110:1010,375.01,110.0,0.0,28.02,3.95,1.66,0.0
20230110:1110,354.01,94.0,0.0,25.73,4.99,1.93,0.0
20230110:1210,266.01,84.0,0.0,20.65,5.49,2.14,0.0
20230110:1310,144.01,63.0,0.0,13.34,5.34,1.93,0.0
20230110:1410,31.0,14.27,0.0,4.4,4.24,1.52,0.0
20230110:1510,0.0,0.0,0.0,0.0,1.44,1.72,0.0
20230110:1610,0.0,0.0,0.0,0.0,-1.31,1.79,0.0
20230110:1710,0.0,0.0,0.0,0.0,-2.31,1.66,0.0
20230110:1810,0.0,0.0,0.0,0.0,-2.63,1.52,0.0
20230110:1910,0.0,0.0,0.0,0.0,-3.93,1.79,0.0
20230110:2010,0.0,0.0,0.0,0.0,-4.02,1.79,0.0
20230110:2110,0.0,0.0,0.0,0.0,-3.91,1.66,0.0
20230110:2210,0.0,0.0,0.0,0.0,-3.87,1.59,0.0
20230110:2310,0.0,0.0,0.0,0.0,-3.85,1.66,0.0
20230111:0010,0.0,0.0,0.0,0.0,-3.77,1.79,0.0
20230111:0110,0.0,0.0,0.0,0.0,-3.32,1.66,0.0
20230111:0210,0.0,0.0,0.0,0.0,-3.09,1.59,0.0
20230111:0310,0.0,0.0,0.0,0.0,-2.35,1.59,0.0
20230111:0410,0.0,0.0,0.0,0.0,-1.87,1.72,0.0
20230111:0510,0.0,0.0,0.0,0.0,-2.15,1.72,0.0
20230111:0610,2.0,50.0,0.0,8.86,-1.53,1.66,0.0
20230111:0710,34.0,137.0,0.0,17.12,1.35,1.72,0.0
20230111:0810,1.0,131.0,0.0,23.48,4.46,2.07,0.0
20230111:0910,7.0,186.0,0.0,27.33,6.77,2.55,0.0
20230111:1010,110.0,231.0,0.0,28.18,8.1,3.45,0.0
20230111:1110,2.0,155.0,0.0,25.9,8.88,3.93,0.0
20230111:1210,25.0,164.0,0.0,20.82,9.31,4.14,0.0
20230111:1310,4.0,85.0,0.0,13.51,9.09,3.72,0.0
20230111:1410,4.0,26.04,0.0,4.57,7.78,2.9,0.0
20230111:1510,0.0,0.0,0.0,0.0,5.6,2.41,0.0
20230111:1610,0.0,0.0,0.0,0.0,3.83,2.34,0.0
20230111:1710,0.0,0.0,0.0,0.0,2.51,2.21,0.0
20230111:1810,0.0,0.0,0.0,0.0,1.53,1.93,0.0
20230111:1910,0.0,0.0,0.0,0.0,0.97,2.07,0.0
20230111:2010,0.0,0.0,0.0,0.0,0.78,1.93,0.0
20230111:2110,0.0,0.0,0.0,0.0,0.32,1.72,0.0
20230111:2210,0.0,0.0,0.0,0.0,-0.57,1.66,0.0
20230111:2310,0.0,0.0,0.0,0.0,-0.47,1.59,0.0
20230112:0010,0.0,0.0,0.0,0.0,-0.97,1.66,0.0
20230112:0110,0.0,0.0,0.0,0.0,-0.8,1.59,0.0
20230112:0210,0.0,0.0,0.0,0.0,-0.66,1.45,0.0
20230112:0310,0.0,0.0,0.0,0.0,-0.44,1.38,0.0
20230112:0410,0.0,0.0,0.0,0.0,-0.43,1.45,0.0
20230112:0510,0.0,0.0,0.0,0.0,-0.6,1.52,0.0
20230112:0610,0.0,36.0,0.0,8.92,-0.29,1.52,0.0
20230112:0710,31.0,139.0,0.0,17.21,1.98,1.52,0.0
20230112:0810,18.0,182.0,0.0,23.6,4.43,1.52,0.0
20230112:0910,18.0,209.0,0.0,27.47,6.54,1.24,0.0
20230112:1010,91.0,238.0,0.0,28.34,8.25,1.1,0.0
20230112:1110,123.0,210.0,0.0,26.08,9.32,0.97,0.0
20230112:1210,98.0,166.0,0.0,21.01,9.84,0.83,0.0
20230112:1310,66.0,101.0,0.0,13.7,9.7,0.83,0.0
20230112:1410,9.0,26.77,0.0,4.75,8.99,0.76,0.0
20230112:1510,0.0,0.0,0.0,0.0,7.05,1.03,0.0
20230112:1610,0.0,0.0,0.0,0.0,5.76,1.17,0.0
20230112:1710,0.0,0.0,0.0,0.0,5.09,1.17,0.0
20230112:1810,0.0,0.0,0.0,0.0,4.56,1.1,0.0
20230112:1910,0.0,0.0,0.0,0.0,2.31,1.03,0.0
20230112:2010,0.0,0.0,0.0,0.0,1.74,0.9,0.0
20230112:2110,0.0,0.0,0.0,0.0,1.31,0.97,0.0
20230112:2210,0.0,0.0,0.0,0.0,0.94,0.9,0.0
20230112:2310,0.0,0.0,0.0,0.0,0.65,0.69,0.0
20230113:0010,0.0,0.0,0.0,0.0,0.35,0.55,0.0
20230113:0110,0.0,0.0,0.0,0.0,0.05,0.48,0.0
20230113:0210,0.0,0.0,0.0,0.0,-0.23,0.62,0.0
20230113:0310,0.0,0.0,0.0,0.0,-0.45,0.69,0.0
20230113:0410,0.0,0.0,0.0,0.0,-0.6,0.83,0.0
20230113:0510,0.0,0.0,0.0,0.0,-0.76,0.9,0.0
20230113:0610,86.01,44.0,0.0,9.0,-0.62,0.83,0.0
20230113:0710,164.01,100.0,0.0,17.3,1.26,0.83,0.0
20230113:0810,244.01,133.0,0.0,23.72,4.64,1.1,0.0
20230113:0910,308.01,142.0,0.0,27.62,6.25,1.1,0.0
20230113:1010,332.01,139.0,0.0,28.51,7.17,1.1,0.0
20230113:1110,341.01,106.0,0.0,26.27,7.67,1.1,0.0
20230113:1210,234.01,107.0,0.0,21.2,7.77,1.24,0.0
20230113:1310,142.01,69.0,0.0,13.88,7.56,1.24,0.0
20230113:1410,35.0,17.07,0.0,4.93,6.78,1.03,0.0
20230113:1510,0.0,0.0,0.0,0.0,4.4,1.1,0.0
20230113:1610,0.0,0.0,0.0,0.0,2.8,1.24,0.0
20230113:1710,0.0,0.0,0.0,0.0,1.68,1.31,0.0
20230113:1810,0.0,0.0,0.0,0.0,0.74,1.31,0.0
20230113:1910,0.0,0.0,0.0,0.0,0.84,1.1,0.0
20230113:2010,0.0,0.0,0.0,0.0,0.33,1.1,0.0
20230113:2110,0.0,0.0,0.0,0.0,-0.12,1.1,0.0
20230113:2210,0.0,0.0,0.0,0.0,-0.18,1.03,0.0
20230113:2310,0.0,0.0,0.0,0.0,-0.45,0.9,0.0
20230114:0010,0.0,0.0,0.0,0.0,-0.63,0.9,0.0
20230114:0110,0.0,0.0,0.0,0.0,-0.73,0.83,0.0
20230114:0210,0.0,0.0,0.0,0.0,-0.88,0.9,0.0
20230114:0310,0.0,0.0,0.0,0.0,-1.04,0.97,0.0
20230114:0410,0.0,0.0,0.0,0.0,-1.18,0.97,0.0
20230114:0510,0.0,0.0,0.0,0.0,-1.33,0.9,0.0
20230114:0610,81.01,47.0,0.0,9.07,-1.19,0.76,0.0
20230114:0710,215.01,74.0,0.0,17.4,0.24,0.48,0.0
20230114:0810,321.01,91.0,0.0,23.85,2.78,0.69,0.0
20230114:0910,384.01,101.0,0.0,27.77,4.46,0.69,0.0
20230114:1010,404.01,100.0,0.0,28.69,5.46,0.41,0.0
20230114:1110,380.01,88.0,0.0,26.46,6.01,0.34,0.0
20230114:1210,301.01,73.0,0.0,21.39,6.16,0.28,0.0
20230114:1310,168.01,59.0,0.0,14.07,6.01,0.34,0.0
20230114:1410,38.0,17.45,0.0,5.11,5.34,0.28,0.0
20230114:1510,0.0,0.0,0.0,0.0,4.11,0.55,0.0
20230114:1610,0.0,0.0,0.0,0.0,2.83,0.76,0.0
20230114:1710,0.0,0.0,0.0,0.0,1.8,0.83,0.0
20230114:1810,0.0,0.0,0.0,0.0,1.04,0.76,0.0
20230114:1910,0.0,0.0,0.0,0.0,1.02,0.34,0.0
20230114:2010,0.0,0.0,0.0,0.0,0.45,0.34,0.0
20230114:2110,0.0,0.0,0.0,0.0,0.06,0.34,0.0
20230114:2210,0.0,0.0,0.0,0.0,-0.17,0.34,0.0
20230114:2310,0.0,0.0,0.0,0.0,-0.42,0.41,0.0
20230115:0010,0.0,0.0,0.0,0.0,-0.6,0.41,0.0
20230115:0110,0.0,0.0,0.0,0.0,-0.79,0.41,0.0
20230115:0210,0.0,0.0,0.0,0.0,-0.89,0.41,0.0
20230115:0310,0.0,0.0,0.0,0.0,-1.03,0.48,0.0
20230115:0410,0.0,0.0,0.0,0.0,-1.1,0.48,0.0
20230115:0510,0.0,0.0,0.0,0.0,-1.16,0.48,0.0
20230115:0610,94.01,42.0,0.0,9.15,-1.04,0.48,0.0
20230115:0710,195.01,85.0,0.0,17.51,0.15,0.55,0.0
20230115:0810,254.01,130.0,0.0,23.98,3.11,0.83,0.0
20230115:0910,378.01,105.0,0.0,27.94,4.84,0.83,0.0
20230115:1010,411.01,97.0,0.0,28.87,5.97,0.83,0.0
20230115:1110,387.01,86.0,0.0,26.65,6.62,0.83,0.0
20230115:1210,283.01,84.0,0.0,21.59,6.79,0.97,0.0
20230115:1310,116.01,88.0,0.0,14.27,6.51,1.03,0.0
20230115:1410,2.0,28.56,0.0,5.3,5.63,0.83,0.0
20230115:1510,0.0,0.0,0.0,0.0,3.59,0.97,0.0
20230115:1610,0.0,0.0,0.0,0.0,2.41,1.17,0.0
20230115:1710,0.0,0.0,0.0,0.0,1.33,1.17,0.0
20230115:1810,0.0,0.0,0.0,0.0,0.55,1.1,0.0
20230115:1910,0.0,0.0,0.0,0.0,0.52,1.03,0.0
20230115:2010,0.0,0.0,0.0,0.0,-0.02,1.03,0.0
20230115:2110,0.0,0.0,0.0,0.0,-0.39,0.9,0.0
20230115:2210,0.0,0.0,0.0,0.0,-0.69,0.83,0.0
20230115:2310,0.0,0.0,0.0,0.0,-0.98,0.83,0.0
20230116:0010,0.0,0.0,0.0,0.0,-1.16,0.9,0.0
20230116:0110,0.0,0.0,0.0,0.0,-1.22,0.9,0.0
20230116:0210,0.0,0.0,0.0,0.0,-1.3,0.83,0.0
20230116:0310,0.0,0.0,0.0,0.0,-1.38,0.76,0.0
20230116:0410,0.0,0.0,0.0,0.0,-1.5,0.76,0.0
20230116:0510,0.0,0.0,0.0,0.0,-1.57,0.76,0.0
20230116:0610,87.01,46.0,0.0,9.24,-1.35,0.62,0.0
20230116:0710,219.01,73.0,0.0,17.63,0.73,0.69,0.0
20230116:0810,326.01,90.0,0.0,24.12,3.72,0.83,0.0
20230116:0910,302.01,151.0,0.0,28.11,5.68,0.9,0.0
20230116:1010,423.01,92.0,0.0,29.06,6.94,0.9,0.0
20230116:1110,388.01,86.0,0.0,26.85,7.65,1.03,0.0
20230116:1210,285.01,84.0,0.0,21.79,7.9,1.17,0.0
20230116:1310,160.01,66.0,0.0,14.46,7.71,0.97,0.0
20230116:1410,37.0,20.33,0.0,5.49,6.87,0.41,0.0
20230116:1510,0.0,0.0,0.0,0.0,5.52,0.55,0.0
20230116:1610,0.0,0.0,0.0,0.0,3.95,0.9,0.0
20230116:1710,0.0,0.0,0.0,0.0,2.66,1.03,0.0
20230116:1810,0.0,0.0,0.0,0.0,1.67,0.9,0.0
20230116:1910,0.0,0.0,0.0,0.0,1.25,0.97,0.0
20230116:2010,0.0,0.0,0.0,0.0,0.71,0.97,0.0
20230116:2110,0.0,0.0,0.0,0.0,0.34,0.97,0.0
20230116:2210,0.0,0.0,0.0,0.0,0.17,0.97,0.0
20230116:2310,0.0,0.0,0.0,0.0,0.12,1.03,0.0
20230117:0010,0.0,0.0,0.0,0.0,-0.06,1.24,0.0
20230117:0110,0.0,0.0,0.0,0.0,-0.37,1.38,0.0
20230117:0210,0.0,0.0,0.0,0.0,-0.53,1.45,0.0
20230117:0310,0.0,0.0,0.0,0.0,-0.59,1.52,0.0
20230117:0410,0.0,0.0,0.0,0.0,-1.01,1.72,0.0
20230117:0510,0.0,0.0,0.0,0.0,-1.53,2.0,0.0
20230117:0610,85.01,48.0,0.0,9.34,-1.01,2.07,0.0
20230117:0710,219.01,74.0,0.0,17.75,3.07,2.0,0.0
20230117:0810,307.01,101.0,0.0,24.27,6.04,2.76,0.0
20230117:0910,210.01,200.0,0.0,28.28,7.79,3.79,0.0
20230117:1010,125.0,241.0,0.0,29.26,8.77,4.21,0.0
20230117:1110,190.01,195.0,0.0,27.06,9.25,4.28,0.0
20230117:1210,244.01,109.0,0.0,22.0,9.42,4.14,0.0
20230117:1310,179.01,59.0,0.0,14.67,9.08,3.31,0.0
20230117:1410,9.0,34.62,0.0,5.69,7.73,2.41,0.0
20230117:1510,0.0,0.0,0.0,0.0,5.38,2.14,0.0
20230117:1610,0.0,0.0,0.0,0.0,2.82,2.07,0.0
20230117:1710,0.0,0.0,0.0,0.0,2.1,2.07,0.0
20230117:1810,0.0,0.0,0.0,0.0,1.85,2.0,0.0
20230117:1910,0.0,0.0,0.0,0.0,1.21,2.28,0.0
20230117:2010,0.0,0.0,0.0,0.0,0.73,2.21,0.0
20230117:2110,0.0,0.0,0.0,0.0,0.55,2.14,0.0
20230117:2210,0.0,0.0,0.0,0.0,0.26,2.07,0.0
20230117:2310,0.0,0.0,0.0,0.0,-0.05,2.0,0.0
20230118:0010,0.0,0.0,0.0,0.0,-0.23,2.0,0.0
20230118:0110,0.0,0.0,0.0,0.0,-0.29,1.93,0.0
20230118:0210,0.0,0.0,0.0,0.0,-0.32,1.86,0.0
20230118:0310,0.0,0.0,0.0,0.0,-0.64,1.93,0.0
20230118:0410,0.0,0.0,0.0,0.0,-0.94,2.07,0.0
20230118:0510,0.0,0.0,0.0,0.0,-0.98,2.07,0.0
20230118:0610,2.0,54.0,0.0,9.44,-0.25,1.93,0.0
20230118:0710,58.0,144.0,0.0,17.87,3.27,2.07,0.0
20230118:0810,22.0,192.0,0.0,24.43,6.84,2.97,0.0
20230118:0910,177.01,213.0,0.0,28.47,8.61,3.66,0.0
20230118:1010,355.01,132.0,0.0,29.46,9.89,3.93,0.0
20230118:1110,289.01,144.0,0.0,27.27,10.59,3.86,0.0
20230118:1210,239.01,112.0,0.0,22.21,11.03,3.79,0.0
20230118:1310,135.01,82.0,0.0,14.87,11.09,3.45,0.0
20230118:1410,39.0,30.0,0.0,5.88,10.08,2.28,0.0
20230118:1510,0.0,0.0,0.0,0.0,7.71,1.86,0.0
20230118:1610,0.0,0.0,0.0,0.0,5.18,1.93,0.0
20230118:1710,0.0,0.0,0.0,0.0,3.95,2.0,0.0
20230118:1810,0.0,0.0,0.0,0.0,2.9,2.14,0.0
20230118:1910,0.0,0.0,0.0,0.0,2.41,2.41,0.0
20230118:2010,0.0,0.0,0.0,0.0,1.9,2.34,0.0
20230118:2110,0.0,0.0,0.0,0.0,1.56,2.21,0.0
20230118:2210,0.0,0.0,0.0,0.0,1.62,1.93,0.0
20230118:2310,0.0,0.0,0.0,0.0,1.73,1.72,0.0
20230119:0010,0.0,0.0,0.0,0.0,2.19,1.52,0.0
20230119:0110,0.0,0.0,0.0,0.0,1.88,1.38,0.0
20230119:0210,0.0,0.0,0.0,0.0,1.89,1.31,0.0
20230119:0310,0.0,0.0,0.0,0.0,2.03,1.17,0.0
20230119:0410,0.0,0.0,0.0,0.0,1.77,1.1,0.0
20230119:0510,0.0,0.0,0.0,0.0,1.37,1.17,0.0
20230119:0610,42.0,68.0,0.0,9.55,0.79,1.17,0.0
20230119:0710,116.0,130.0,0.0,18.01,2.44,0.9,0.0
20230119:0810,285.01,119.0,0.0,24.59,6.48,1.24,0.0
20230119:0910,422.01,89.0,0.0,28.66,8.36,1.45,0.0
20230119:1010,411.01,105.0,0.0,29.67,9.65,1.66,0.0
20230119:1110,361.01,108.0,0.0,27.49,10.51,1.66,0.0
20230119:1210,257.01,108.0,0.0,22.43,11.05,1.59,0.0
20230119:1310,145.01,82.0,0.0,15.09,11.05,1.45,0.0
20230119:1410,9.0,40.0,0.0,6.09,10.3,1.1,0.0
20230119:1510,0.0,0.0,0.0,0.0,7.59,1.24,0.0
20230119:1610,0.0,0.0,0.0,0.0,5.54,1.38,0.0
20230119:1710,0.0,0.0,0.0,0.0,4.36,1.38,0.0
20230119:1810,0.0,0.0,0.0,0.0,3.7,1.24,0.0
20230119:1910,0.0,0.0,0.0,0.0,3.2,1.17,0.0
20230119:2010,0.0,0.0,0.0,0.0,2.21,1.03,0.0
20230119:2110,0.0,0.0,0.0,0.0,1.56,1.03,0.0
20230119:2210,0.0,0.0,0.0,0.0,1.04,1.17,0.0
20230119:2310,0.0,0.0,0.0,0.0,0.5,1.17,0.0
20230120:0010,0.0,0.0,0.0,0.0,0.34,1.17,0.0
20230120:0110,0.0,0.0,0.0,0.0,0.43,1.1,0.0
20230120:0210,0.0,0.0,0.0,0.0,0.33,1.1,0.0
20230120:0310,0.0,0.0,0.0,0.0,-0.02,1.17,0.0
20230120:0410,0.0,0.0,0.0,0.0,-0.78,1.31,0.0
20230120:0510,0.0,0.0,0.0,0.0,-1.26,1.45,0.0
20230120:0610,102.01,45.0,0.0,9.66,-0.78,1.45,0.0
20230120:0710,242.01,70.0,0.0,18.15,2.28,1.31,0.0
20230120:0810,348.01,89.0,0.0,24.76,6.1,1.52,0.0
20230120:0910,414.01,99.0,0.0,28.85,8.5,1.52,0.0
20230120:1010,432.01,101.0,0.0,29.89,10.09,1.72,0.0
20230120:1110,382.01,104.0,0.0,27.72,11.02,1.93,0.0
20230120:1210,279.01,102.0,0.0,22.65,11.37,2.21,0.0
20230120:1310,148.01,85.0,0.0,15.3,11.05,1.86,0.0
20230120:1410,13.0,43.0,0.0,6.29,9.68,1.72,0.0
20230120:1510,0.0,0.0,0.0,0.0,6.51,1.72,0.0
20230120:1610,0.0,0.0,0.0,0.0,3.7,1.45,0.0
20230120:1710,0.0,0.0,0.0,0.0,3.01,1.24,0.0
20230120:1810,0.0,0.0,0.0,0.0,2.64,1.03,0.0
20230120:1910,0.0,0.0,0.0,0.0,2.66,0.9,0.0
20230120:2010,0.0,0.0,0.0,0.0,2.36,0.9,0.0
20230120:2110,0.0,0.0,0.0,0.0,2.3,0.9,0.0
20230120:2210,0.0,0.0,0.0,0.0,2.33,0.83,0.0
20230120:2310,0.0,0.0,0.0,0.0,2.48,0.9,0.0
20230121:0010,0.0,0.0,0.0,0.0,2.54,0.9,0.0
20230121:0110,0.0,0.0,0.0,0.0,2.74,0.9,0.0
20230121:0210,0.0,0.0,0.0,0.0,2.62,0.83,0.0
20230121:0310,0.0,0.0,0.0,0.0,2.38,0.69,0.0
20230121:0410,0.0,0.0,0.0,0.0,2.09,0.55,0.0
20230121:0510,0.0,0.0,0.0,0.0,1.8,0.48,0.0
20230121:0610,96.01,48.0,0.0,9.78,1.78,0.48,0.0
20230121:0710,230.01,75.0,0.0,18.29,2.85,0.41,0.0
20230121:0810,340.01,91.0,0.0,24.93,7.3,0.83,0.0
20230121:0910,412.01,97.0,0.0,29.05,9.08,1.1,0.0
20230121:1010,435.01,97.0,0.0,30.11,10.16,1.31,0.0
20230121:1110,392.01,96.0,0.0,27.95,10.73,1.66,0.0
20230121:1210,280.01,100.0,0.0,22.88,10.85,1.93,0.0
20230121:1310,165.01,76.0,0.0,15.52,10.53,1.86,0.0
20230121:1410,9.0,42.0,0.0,6.5,9.46,1.52,0.0
20230121:1510,0.0,0.0,0.0,0.0,6.83,1.59,0.0
20230121:1610,0.0,0.0,0.0,0.0,3.34,1.72,0.0
20230121:1710,0.0,0.0,0.0,0.0,1.44,1.72,0.0
20230121:1810,0.0,0.0,0.0,0.0,0.65,1.59,0.0
20230121:1910,0.0,0.0,0.0,0.0,1.22,1.45,0.0
20230121:2010,0.0,0.0,0.0,0.0,1.26,1.31,0.0
20230121:2110,0.0,0.0,0.0,0.0,1.4,1.17,0.0
20230121:2210,0.0,0.0,0.0,0.0,1.16,1.03,0.0
20230121:2310,0.0,0.0,0.0,0.0,0.99,0.9,0.0
20230122:0010,0.0,0.0,0.0,0.0,0.93,0.83,0.0
20230122:0110,0.0,0.0,0.0,0.0,0.81,0.9,0.0
20230122:0210,0.0,0.0,0.0,0.0,0.76,0.97,0.0
20230122:0310,0.0,0.0,0.0,0.0,0.66,1.03,0.0
20230122:0410,0.0,0.0,0.0,0.0,0.52,0.9,0.0
20230122:0510,0.0,0.0,0.0,0.0,0.42,0.76,0.0
20230122:0610,71.0,61.0,0.0,9.91,0.66,0.55,0.0
20230122:0710,197.01,95.0,0.0,18.45,2.22,0.41,0.0
20230122:0810,337.01,95.0,0.0,25.12,6.11,0.69,0.0
20230122:0910,413.01,100.0,0.0,29.26,8.06,0.62,0.0
20230122:1010,437.01,99.0,0.0,30.34,9.12,0.34,0.0
20230122:1110,404.01,93.0,0.0,28.18,9.71,0.14,0.0
20230122:1210,319.01,82.0,0.0,23.11,9.88,0.0,0.0
20230122:1310,202.01,60.0,0.0,15.74,9.71,0.14,0.0
20230122:1410,21.0,45.0,0.0,6.71,8.84,0.0,0.0
20230122:1510,0.0,0.0,0.0,0.0,7.26,0.07,0.0
20230122:1610,0.0,0.0,0.0,0.0,6.12,0.07,0.0
20230122:1710,0.0,0.0,0.0,0.0,4.99,0.34,0.0
20230122:1810,0.0,0.0,0.0,0.0,3.94,0.55,0.0
20230122:1910,0.0,0.0,0.0,0.0,3.42,0.34,0.0
20230122:2010,0.0,0.0,0.0,0.0,2.8,0.34,0.0
20230122:2110,0.0,0.0,0.0,0.0,2.35,0.34,0.0
20230122:2210,0.0,0.0,0.0,0.0,2.02,0.41,0.0
20230122:2310,0.0,0.0,0.0,0.0,1.78,0.41,0.0
20230123:0010,0.0,0.0,0.0,0.0,1.62,0.34,0.0
20230123:0110,0.0,0.0,0.0,0.0,1.56,0.28,0.0
20230123:0210,0.0,0.0,0.0,0.0,1.46,0.21,0.0
20230123:0310,0.0,0.0,0.0,0.0,1.37,0.21,0.0
20230123:0410,0.0,0.0,0.0,0.0,1.33,0.14,0.0
20230123:0510,0.0,0.0,0.0,0.0,1.27,0.0,0.0
20230123:0610,79.0,59.0,0.0,10.04,1.5,0.07,0.0
20230123:0710,230.01,78.0,0.0,18.61,3.3,0.07,0.0
20230123:0810,339.01,96.0,0.0,25.3,6.04,0.14,0.0
20230123:0910,415.01,101.0,0.0,29.48,7.69,0.62,0.0
20230123:1010,451.01,94.0,0.0,30.58,8.68,0.9,0.0
20230123:1110,391.01,102.0,0.0,28.42,9.26,0.97,0.0
20230123:1210,305.01,91.0,0.0,23.35,9.45,0.9,0.0
20230123:1310,188.01,69.0,0.0,15.97,9.24,0.69,0.0
20230123:1410,19.0,47.0,0.0,6.92,8.34,0.76,0.0
20230123:1510,0.0,0.0,0.0,0.0,6.03,0.83,0.0
20230123:1610,0.0,0.0,0.0,0.0,5.09,0.69,0.0
20230123:1710,0.0,0.0,0.0,0.0,4.09,0.41,0.0
20230123:1810,0.0,0.0,0.0,0.0,3.2,0.14,0.0
20230123:1910,0.0,0.0,0.0,0.0,2.81,0.07,0.0
20230123:2010,0.0,0.0,0.0,0.0,2.22,0.28,0.0
20230123:2110,0.0,0.0,0.0,0.0,1.83,0.41,0.0
20230123:2210,0.0,0.0,0.0,0.0,1.67,0.48,0.0
20230123:2310,0.0,0.0,0.0,0.0,1.49,0.34,0.0
20230124:0010,0.0,0.0,0.0,0.0,1.32,0.28,0.0
20230124:0110,0.0,0.0,0.0,0.0,1.14,0.21,0.0
20230124:0210,0.0,0.0,0.0,0.0,0.85,0.21,0.0
20230124:0310,0.0,0.0,0.0,0.0,0.64,0.28,0.0
20230124:0410,0.0,0.0,0.0,0.0,0.29,0.34,0.0
20230124:0510,0.0,0.0,0.0,0.0,0.09,0.41,0.0
20230124:0610,99.01,50.0,0.0,10.18,0.17,0.48,0.0
20230124:0710,231.01,80.0,0.0,18.77,2.25,0.28,0.0
20230124:0810,348.01,94.0,0.0,25.5,5.54,0.34,0.0
20230124:0910,426.01,98.0,0.0,29.7,7.1,0.21,0.0
20230124:1010,457.01,94.0,0.0,30.82,7.96,0.21,0.0
20230124:1110,396.01,103.0,0.0,28.67,8.43,0.55,0.0
20230124:1210,327.01,83.0,0.0,23.59,8.59,0.83,0.0
20230124:1310,198.01,67.0,0.0,16.2,8.36,0.83,0.0
20230124:1410,21.0,49.0,0.0,7.14,7.57,0.48,0.0
20230124:1510,0.0,0.0,0.0,0.0,6.0,0.28,0.0
20230124:1610,0.0,0.0,0.0,0.0,4.71,0.21,0.0
20230124:1710,0.0,0.0,0.0,0.0,3.67,0.28,0.0
20230124:1810,0.0,0.0,0.0,0.0,2.72,0.34,0.0
20230124:1910,0.0,0.0,0.0,0.0,1.85,1.03,0.0
20230124:2010,0.0,0.0,0.0,0.0,1.23,1.03,0.0
20230124:2110,0.0,0.0,0.0,0.0,0.74,1.03,0.0
20230124:2210,0.0,0.0,0.0,0.0,0.35,1.03,0.0
20230124:2310,0.0,0.0,0.0,0.0,0.08,1.03,0.0
20230125:0010,0.0,0.0,0.0,0.0,-0.51,1.17,0.0
20230125:0110,0.0,0.0,0.0,0.0,-1.29,1.24,0.0
20230125:0210,0.0,0.0,0.0,0.0,-1.76,1.31,0.0
20230125:0310,0.0,0.0,0.0,0.0,-1.86,1.24,0.0
20230125:0410,0.0,0.0,0.0,0.0,-1.97,1.24,0.0
20230125:0510,0.0,0.0,0.0,0.0,-2.08,1.24,0.0
20230125:0610,1.0,54.0,0.0,10.33,-1.45,0.97,0.0
20230125:0710,6.0,130.0,0.0,18.94,0.78,0.97,0.0
20230125:0810,24.0,205.0,0.0,25.7,2.26,1.24,0.0
20230125:0910,22.0,235.0,0.0,29.93,3.67,1.17,0.0
20230125:1010,17.0,236.0,0.0,31.06,4.73,0.62,0.0
20230125:1110,13.0,214.0,0.0,28.92,5.03,0.69,0.0
20230125:1210,1.0,131.0,0.0,23.83,5.38,1.03,0.0
20230125:1310,0.0,69.0,0.0,16.43,5.12,1.1,0.0
20230125:1410,0.0,26.0,0.0,7.36,4.72,0.97,0.0
20230125:1510,0.0,0.0,0.0,0.0,3.54,0.83,0.0
20230125:1610,0.0,0.0,0.0,0.0,2.59,1.1,0.0
20230125:1710,0.0,0.0,0.0,0.0,1.62,1.24,0.0
20230125:1810,0.0,0.0,0.0,0.0,1.08,1.17,0.0
20230125:1910,0.0,0.0,0.0,0.0,1.03,0.28,0.0
20230125:2010,0.0,0.0,0.0,0.0,0.59,0.21,0.0
20230125:2110,0.0,0.0,0.0,0.0,0.18,0.34,0.0
20230125:2210,0.0,0.0,0.0,0.0,-0.22,0.14,0.0
20230125:2310,0.0,0.0,0.0,0.0,-0.49,0.28,0.0
20230126:0010,0.0,0.0,0.0,0.0,-0.83,0.48,0.0
20230126:0110,0.0,0.0,0.0,0.0,-1.38,0.76,0.0
20230126:0210,0.0,0.0,0.0,0.0,-1.8,0.97,0.0
20230126:0310,0.0,0.0,0.0,0.0,-2.32,1.03,0.0
20230126:0410,0.0,0.0,0.0,0.0,-2.56,1.1,0.0
20230126:0510,0.0,0.0,0.0,0.0,-2.58,1.03,0.0
20230126:0610,32.0,79.0,0.0,10.48,-1.96,0.9,0.0
20230126:0710,204.01,98.0,0.0,19.12,0.6,0.76,0.0
20230126:0810,328.01,108.0,0.0,25.91,2.46,0.97,0.0
20230126:0910,411.01,109.0,0.0,30.16,3.81,1.24,0.0
20230126:1010,382.01,141.0,0.0,31.31,4.77,1.45,0.0
20230126:1110,401.01,103.0,0.0,29.18,5.51,1.59,0.0
20230126:1210,332.01,85.0,0.0,24.08,6.02,1.93,0.0
20230126:1310,203.01,69.0,0.0,16.66,6.06,1.72,0.0
20230126:1410,27.0,51.0,0.0,7.58,5.52,1.1,0.0
20230126:1510,0.0,0.0,0.0,0.0,3.93,1.24,0.0
20230126:1610,0.0,0.0,0.0,0.0,1.23,1.31,0.0
20230126:1710,0.0,0.0,0.0,0.0,0.59,1.17,0.0
20230126:1810,0.0,0.0,0.0,0.0,0.16,1.1,0.0
20230126:1910,0.0,0.0,0.0,0.0,-0.52,1.24,0.0
20230126:2010,0.0,0.0,0.0,0.0,-0.17,1.03,0.0
20230126:2110,0.0,0.0,0.0,0.0,-0.82,1.1,0.0
20230126:2210,0.0,0.0,0.0,0.0,-0.96,1.31,0.0
20230126:2310,0.0,0.0,0.0,0.0,-1.01,1.52,0.0
20230127:0010,0.0,0.0,0.0,0.0,-0.94,1.45,0.0
20230127:0110,0.0,0.0,0.0,0.0,-0.97,1.38,0.0
20230127:0210,0.0,0.0,0.0,0.0,-1.67,1.52,0.0
20230127:0310,0.0,0.0,0.0,0.0,-2.12,1.52,0.0
20230127:0410,0.0,0.0,0.0,0.0,-2.33,1.52,0.0
20230127:0510,0.0,0.0,0.0,0.0,-2.14,1.59,0.0
20230127:0610,3.0,63.0,0.0,10.63,-0.89,1.52,0.0
20230127:0710,1.0,103.0,0.0,19.3,1.56,2.21,0.0
20230127:0810,0.0,106.0,0.0,26.12,3.53,2.34,0.0
20230127:0910,0.0,104.0,0.0,30.4,5.5,2.69,0.0
20230127:1010,2.0,190.0,0.0,31.57,6.47,2.97,0.0
20230127:1110,0.0,132.0,0.0,29.44,7.42,3.52,0.0
20230127:1210,9.0,171.0,0.0,24.33,7.69,3.72,0.0
20230127:1310,1.0,96.0,0.0,16.9,7.24,3.45,0.0
20230127:1410,0.0,28.0,0.0,7.8,6.18,3.1,0.0
20230127:1510,0.0,0.0,0.0,0.0,4.56,3.03,0.0
20230127:1610,0.0,0.0,0.0,0.0,3.1,2.76,0.0
20230127:1710,0.0,0.0,0.0,0.0,1.72,2.48,0.0
20230127:1810,0.0,0.0,0.0,0.0,0.9,2.21,0.0
20230127:1910,0.0,0.0,0.0,0.0,1.19,2.62,0.0
20230127:2010,0.0,0.0,0.0,0.0,1.71,2.83,0.0
20230127:2110,0.0,0.0,0.0,0.0,2.15,2.97,0.0
20230127:2210,0.0,0.0,0.0,0.0,1.5,2.28,0.0
20230127:2310,0.0,0.0,0.0,0.0,1.26,2.21,0.0
20230128:0010,0.0,0.0,0.0,0.0,0.98,2.14,0.0
20230128:0110,0.0,0.0,0.0,0.0,1.03,2.21,0.0
20230128:0210,0.0,0.0,0.0,0.0,0.81,2.07,0.0
20230128:0310,0.0,0.0,0.0,0.0,0.43,1.79,0.0
20230128:0410,0.0,0.0,0.0,0.0,-0.42,1.66,0.0
20230128:0510,0.0,0.0,0.0,0.0,-1.18,1.45,0.0
20230128:0610,64.0,72.0,0.0,10.8,-0.22,1.24,0.0
20230128:0710,239.01,81.0,0.0,19.49,3.17,1.24,0.0
20230128:0810,61.0,221.0,0.0,26.34,5.62,1.79,0.0
20230128:0910,432.01,101.0,0.0,30.65,7.36,2.28,0.0
20230128:1010,359.01,158.0,0.0,31.83,8.35,2.41,0.0
20230128:1110,258.01,189.0,0.0,29.7,9.02,2.48,0.0
20230128:1210,245.01,138.0,0.0,24.59,9.4,2.97,0.0
20230128:1310,41.0,137.0,0.0,17.14,9.11,2.83,0.0
20230128:1410,10.0,55.0,0.0,8.02,8.32,1.79,0.0
20230128:1510,0.0,0.0,0.0,0.0,6.65,2.0,0.0
20230128:1610,0.0,0.0,0.0,0.0,4.81,1.93,0.0
20230128:1710,0.0,0.0,0.0,0.0,3.81,2.0,0.0
20230128:1810,0.0,0.0,0.0,0.0,2.3,1.38,0.0
20230128:1910,0.0,0.0,0.0,0.0,2.67,1.86,0.0
20230128:2010,0.0,0.0,0.0,0.0,2.17,2.34,0.0
20230128:2110,0.0,0.0,0.0,0.0,2.5,3.1,0.0
20230128:2210,0.0,0.0,0.0,0.0,2.19,3.38,0.0
20230128:2310,0.0,0.0,0.0,0.0,1.53,3.17,0.0
20230129:0010,0.0,0.0,0.0,0.0,1.1,2.83,0.0
20230129:0110,0.0,0.0,0.0,0.0,0.41,2.34,0.0
20230129:0210,0.0,0.0,0.0,0.0,0.23,2.0,0.0
20230129:0310,0.0,0.0,0.0,0.0,0.16,1.72,0.0
20230129:0410,0.0,0.0,0.0,0.0,0.03,1.52,0.0
20230129:0510,0.0,0.0,0.0,0.0,0.02,1.31,0.0
20230129:0610,120.01,48.0,0.0,10.96,0.05,1.45,0.0
20230129:0710,262.01,73.0,0.0,19.69,1.1,1.86,0.0
20230129:0810,190.01,190.0,0.0,26.56,2.77,2.34,0.0
20230129:0910,21.0,238.0,0.0,30.9,4.25,3.17,0.0
20230129:1010,21.0,248.0,0.0,32.1,4.88,3.45,0.0
20230129:1110,121.0,248.0,0.0,29.97,5.08,3.38,0.0
20230129:1210,0.0,69.0,0.0,24.85,5.36,3.38,0.0
20230129:1310,29.0,139.0,0.0,17.39,5.06,3.17,0.0
20230129:1410,0.0,16.0,0.0,8.25,4.48,2.62,0.0
20230129:1510,0.0,0.0,0.0,0.0,3.43,1.59,0.0
20230129:1610,0.0,0.0,0.0,0.0,2.24,1.31,0.0
20230129:1710,0.0,0.0,0.0,0.0,0.84,1.31,0.0
20230129:1810,0.0,0.0,0.0,0.0,0.34,1.24,0.0
20230129:1910,0.0,0.0,0.0,0.0,-0.99,1.38,0.0
20230129:2010,0.0,0.0,0.0,0.0,-1.44,1.31,0.0
20230129:2110,0.0,0.0,0.0,0.0,-2.05,1.31,0.0
20230129:2210,0.0,0.0,0.0,0.0,-2.52,1.31,0.0
20230129:2310,0.0,0.0,0.0,0.0,-2.78,1.31,0.0
20230130:0010,0.0,0.0,0.0,0.0,-3.02,1.31,0.0
20230130:0110,0.0,0.0,0.0,0.0,-3.28,1.31,0.0
20230130:0210,0.0,0.0,0.0,0.0,-3.21,1.1,0.0
20230130:0310,0.0,0.0,0.0,0.0,-2.6,0.9,0.0
20230130:0410,0.0,0.0,0.0,0.0,-2.73,0.69,0.0
20230130:0510,0.0,0.0,0.0,0.0,-2.92,0.55,0.0
20230130:0610,21.0,85.0,0.0,11.14,-2.62,0.55,0.0
20230130:0710,141.0,139.0,0.0,19.89,-0.63,1.24,0.0
20230130:0810,159.0,206.0,0.0,26.79,0.51,1.1,0.0
20230130:0910,196.01,236.0,0.0,31.16,1.54,0.28,0.0
20230130:1010,13.0,236.0,0.0,32.37,2.21,0.76,0.0
20230130:1110,54.0,254.0,0.0,30.25,2.68,1.31,0.0
20230130:1210,15.0,189.0,0.0,25.11,2.82,1.38,0.0
20230130:1310,0.0,79.0,0.0,17.63,2.6,1.1,0.0
20230130:1410,0.0,39.0,0.0,8.48,2.39,0.83,0.0
20230130:1510,0.0,0.0,0.0,0.0,1.85,0.69,0.0
20230130:1610,0.0,0.0,0.0,0.0,1.14,0.55,0.0
20230130:1710,0.0,0.0,0.0,0.0,0.59,0.83,0.0
20230130:1810,0.0,0.0,0.0,0.0,-0.99,1.24,0.0
20230130:1910,0.0,0.0,0.0,0.0,-0.11,0.83,0.0
20230130:2010,0.0,0.0,0.0,0.0,-1.29,1.1,0.0
20230130:2110,0.0,0.0,0.0,0.0,-1.7,1.17,0.0
20230130:2210,0.0,0.0,0.0,0.0,-1.58,1.03,0.0
20230130:2310,0.0,0.0,0.0,0.0,-2.19,1.17,0.0
20230131:0010,0.0,0.0,0.0,0.0,-2.36,1.45,0.0
20230131:0110,0.0,0.0,0.0,0.0,-1.99,1.45,0.0
20230131:0210,0.0,0.0,0.0,0.0,-2.0,1.52,0.0
20230131:0310,0.0,0.0,0.0,0.0,-1.98,1.52,0.0
20230131:0410,0.0,0.0,0.0,0.0,-1.83,1.52,0.0
20230131:0510,0.0,0.0,0.0,0.0,-1.88,1.59,0.0
20230131:0610,0.0,42.0,0.0,11.32,-1.54,1.86,0.0
20230131:0710,1.0,115.0,0.0,20.1,-0.7,2.28,0.0
20230131:0810,157.0,209.0,0.0,27.03,0.21,2.97,0.0
20230131:0910,262.01,208.0,0.0,31.42,1.55,3.38,0.0
20230131:1010,299.01,203.0,0.0,32.65,2.77,3.17,0.0
20230131:1110,13.0,223.0,0.0,30.53,3.54,2.83,0.0
20230131:1210,0.0,120.0,0.0,25.38,3.6,2.21,0.0
20230131:1310,166.01,103.0,0.0,17.88,3.37,1.86,0.0
20230131:1410,0.0,37.0,0.0,8.71,2.66,1.59,0.0
20230131:1510,0.0,0.0,0.0,0.0,1.74,1.45,0.0
20230131:1610,0.0,0.0,0.0,0.0,0.38,1.45,0.0
20230131:1710,0.0,0.0,0.0,0.0,-1.02,1.17,0.0
20230131:1810,0.0,0.0,0.0,0.0,-1.66,1.1,0.0
20230131:1910,0.0,0.0,0.0,0.0,-1.64,1.03,0.0
20230131:2010,0.0,0.0,0.0,0.0,-2.15,1.03,0.0
20230131:2110,0.0,0.0,0.0,0.0,-2.69,1.1,0.0
20230131:2210,0.0,0.0,0.0,0.0,-2.78,1.1,0.0
20230131:2310,0.0,0.0,0.0,0.0,-2.77,1.24,0.0
20230201:0010,0.0,0.0,0.0,0.0,-2.78,1.38,0.0
20230201:0110,0.0,0.0,0.0,0.0,-2.9,1.45,0.0
20230201:0210,0.0,0.0,0.0,0.0,-4.49,1.52,0.0
20230201:0310,0.0,0.0,0.0,0.0,-4.23,1.59,0.0
20230201:0410,0.0,0.0,0.0,0.0,-3.97,1.59,0.0
20230201:0510,0.0,0.0,0.0,0.0,-3.85,1.59,0.0
20230201:0610,10.0,82.0,0.0,11.5,-3.44,1.72,0.0
20230201:0710,19.0,159.0,0.0,20.31,-2.2,2.62,0.0
20230201:0810,47.0,228.0,0.0,27.27,-1.11,4.07,0.0
20230201:0910,17.0,240.0,0.0,31.69,-0.29,4.34,0.0
20230201:1010,8.0,230.0,0.0,32.94,0.33,4.28,0.0
20230201:1110,0.0,92.0,0.0,30.81,0.85,4.14,0.0
20230201:1210,0.0,46.0,0.0,25.65,1.08,4.0,0.0
20230201:1310,0.0,44.0,0.0,18.13,1.03,3.79,0.0
20230201:1410,0.0,17.0,0.0,8.94,0.59,3.59,0.0
20230201:1510,0.0,0.0,0.0,0.0,-0.6,2.9,0.0
20230201:1610,0.0,0.0,0.0,0.0,-2.43,2.69,0.0
20230201:1710,0.0,0.0,0.0,0.0,-4.83,2.48,0.0
20230201:1810,0.0,0.0,0.0,0.0,-5.5,2.21,0.0
20230201:1910,0.0,0.0,0.0,0.0,-5.67,2.21,0.0
20230201:2010,0.0,0.0,0.0,0.0,-5.26,2.07,0.0
20230201:2110,0.0,0.0,0.0,0.0,-3.46,1.72,0.0
20230201:2210,0.0,0.0,0.0,0.0,-3.95,1.66,0.0
20230201:2310,0.0,0.0,0.0,0.0,-4.46,1.66,0.0
20230202:0010,0.0,0.0,0.0,0.0,-4.89,1.72,0.0
20230202:0110,0.0,0.0,0.0,0.0,-5.21,1.72,0.0
20230202:0210,0.0,0.0,0.0,0.0,-5.49,1.66,0.0
20230202:0310,0.0,0.0,0.0,0.0,-5.76,1.59,0.0
20230202:0410,0.0,0.0,0.0,0.0,-5.97,1.59,0.0
20230202:0510,0.0,1.0,0.0,1.62,-5.85,1.52,0.0
20230202:0610,17.0,88.0,0.0,11.69,-7.21,2.0,0.0
20230202:0710,123.0,156.0,0.0,20.53,-7.36,2.48,0.0
20230202:0810,42.0,230.0,0.0,27.52,-2.67,3.59,0.0
20230202:0910,12.0,234.0,0.0,31.96,-0.89,4.14,0.0
20230202:1010,2.0,200.0,0.0,33.22,0.06,4.62,0.0
20230202:1110,96.0,265.0,0.0,31.09,0.39,4.9,0.0
20230202:1210,0.0,88.0,0.0,25.92,0.86,4.76,0.0
20230202:1310,145.01,121.0,0.0,18.39,0.83,4.28,0.0
20230202:1410,13.0,66.0,0.0,9.18,0.4,3.45,0.0
20230202:1510,0.0,0.0,0.0,0.0,-0.93,2.62,0.0
20230202:1610,0.0,0.0,0.0,0.0,-3.03,2.28,0.0
20230202:1710,0.0,0.0,0.0,0.0,-4.21,2.14,0.0
20230202:1810,0.0,0.0,0.0,0.0,-4.42,2.14,0.0
20230202:1910,0.0,0.0,0.0,0.0,-4.45,2.14,0.0
20230202:2010,0.0,0.0,0.0,0.0,-4.88,2.21,0.0
20230202:2110,0.0,0.0,0.0,0.0,-5.47,2.28,0.0
20230202:2210,0.0,0.0,0.0,0.0,-5.75,2.34,0.0
20230202:2310,0.0,0.0,0.0,0.0,-5.47,2.28,0.0
20230203:0010,0.0,0.0,0.0,0.0,-5.49,2.28,0.0
20230203:0110,0.0,0.0,0.0,0.0,-5.55,2.28,0.0
20230203:0210,0.0,0.0,0.0,0.0,-5.66,2.28,0.0
20230203:0310,0.0,0.0,0.0,0.0,-6.32,2.34,0.0
20230203:0410,0.0,0.0,0.0,0.0,-6.52,2.48,0.0
20230203:0510,0.0,1.0,0.0,1.79,-6.31,2.48,0.0
20230203:0610,4.0,77.0,0.0,11.89,-5.88,2.55,0.0
20230203:0710,1.0,115.0,0.0,20.75,-4.31,2.76,0.0
20230203:0810,0.0,95.0,0.0,27.77,-1.2,3.72,0.0
20230203:0910,33.0,261.0,0.0,32.24,0.05,4.48,0.0
20230203:1010,28.0,266.0,0.0,33.52,1.07,4.76,0.0
20230203:1110,93.0,267.0,0.0,31.39,1.47,4.07,0.0
20230203:1210,234.01,166.0,0.0,26.2,1.66,3.59,0.0
20230203:1310,83.0,147.0,0.0,18.64,1.49,3.24,0.0
20230203:1410,0.0,17.0,0.0,9.41,0.68,1.72,0.0
20230203:1510,0.0,0.0,0.0,0.0,0.77,0.55,0.0
20230203:1610,0.0,0.0,0.0,0.0,-0.19,0.48,0.0
20230203:1710,0.0,0.0,0.0,0.0,-0.84,0.14,0.0
20230203:1810,0.0,0.0,0.0,0.0,-1.36,0.28,0.0
20230203:1910,0.0,0.0,0.0,0.0,-2.49,1.24,0.0
20230203:2010,0.0,0.0,0.0,0.0,-3.38,1.45,0.0
20230203:2110,0.0,0.0,0.0,0.0,-3.97,1.66,0.0
20230203:2210,0.0,0.0,0.0,0.0,-3.97,1.52,0.0
20230203:2310,0.0,0.0,0.0,0.0,-3.72,1.31,0.0
20230204:0010,0.0,0.0,0.0,0.0,-3.83,1.17,0.0
20230204:0110,0.0,0.0,0.0,0.0,-5.06,1.52,0.0
20230204:0210,0.0,0.0,0.0,0.0,-5.6,1.66,0.0
20230204:0310,0.0,0.0,0.0,0.0,-5.62,1.52,0.0
20230204:0410,0.0,0.0,0.0,0.0,-5.9,1.52,0.0
20230204:0510,0.0,2.0,0.0,1.97,-6.0,1.52,0.0
20230204:0610,2.0,74.0,0.0,12.09,-6.58,1.66,0.0
20230204:0710,2.0,125.0,0.0,20.98,-5.9,1.38,0.0
20230204:0810,0.0,147.0,0.0,28.03,-4.81,1.59,0.0
20230204:0910,0.0,130.0,0.0,32.53,-3.91,1.66,0.0
20230204:1010,0.0,123.0,0.0,33.81,-3.36,2.21,0.0
20230204:1110,9.0,223.0,0.0,31.68,-3.11,2.21,0.0
20230204:1210,0.0,119.0,0.0,26.48,-2.93,1.93,0.0
20230204:1310,1.0,103.0,0.0,18.9,-3.01,1.66,0.0
20230204:1410,0.0,22.0,0.0,9.65,-3.24,1.31,0.0
20230204:1510,0.0,0.0,0.0,0.0,-3.88,1.17,0.0
20230204:1610,0.0,0.0,0.0,0.0,-4.89,1.03,0.0
20230204:1710,0.0,0.0,0.0,0.0,-4.86,0.76,0.0
20230204:1810,0.0,0.0,0.0,0.0,-5.51,0.55,0.0
20230204:1910,0.0,0.0,0.0,0.0,-6.74,0.41,0.0
20230204:2010,0.0,0.0,0.0,0.0,-7.49,0.48,0.0
20230204:2110,0.0,0.0,0.0,0.0,-8.19,0.55,0.0
20230204:2210,0.0,0.0,0.0,0.0,-8.35,0.62,0.0
20230204:2310,0.0,0.0,0.0,0.0,-8.23,0.62,0.0
20230205:0010,0.0,0.0,0.0,0.0,-7.96,0.41,0.0
20230205:0110,0.0,0.0,0.0,0.0,-7.79,0.28,0.0
20230205:0210,0.0,0.0,0.0,0.0,-7.7,0.21,0.0
20230205:0310,0.0,0.0,0.0,0.0,-7.82,0.41,0.0
20230205:0410,0.0,0.0,0.0,0.0,-8.42,0.48,0.0
20230205:0510,0.0,1.0,0.0,2.15,-9.15,0.48,0.0
20230205:0610,3.0,77.0,0.0,12.3,-9.51,0.55,0.0
20230205:0710,51.0,177.0,0.0,21.21,-7.6,0.41,0.0
20230205:0810,119.0,235.0,0.0,28.3,-4.27,0.62,0.0
20230205:0910,134.0,274.0,0.0,32.81,-2.88,1.03,0.0
20230205:1010,72.0,290.0,0.0,34.12,-1.36,1.45,0.0
20230205:1110,98.0,272.0,0.0,31.98,-0.74,1.59,0.0
20230205:1210,156.0,207.0,0.0,26.76,-0.42,1.52,0.0
20230205:1310,101.0,147.0,0.0,19.16,-0.11,1.52,0.0
20230205:1410,13.0,71.0,0.0,9.89,-0.56,1.38,0.0
20230205:1510,0.0,0.0,0.0,0.0,-2.17,1.66,0.0
20230205:1610,0.0,0.0,0.0,0.0,-4.21,2.14,0.0
20230205:1710,0.0,0.0,0.0,0.0,-5.86,2.28,0.0
20230205:1810,0.0,0.0,0.0,0.0,-6.74,2.34,0.0
20230205:1910,0.0,0.0,0.0,0.0,-7.15,2.83,0.0
20230205:2010,0.0,0.0,0.0,0.0,-6.78,2.97,0.0
20230205:2110,0.0,0.0,0.0,0.0,-6.07,3.24,0.0
20230205:2210,0.0,0.0,0.0,0.0,-4.95,3.59,0.0
20230205:2310,0.0,0.0,0.0,0.0,-3.89,3.79,0.0
20230206:0010,0.0,0.0,0.0,0.0,-3.42,3.93,0.0
20230206:0110,0.0,0.0,0.0,0.0,-3.27,3.93,0.0
20230206:0210,0.0,0.0,0.0,0.0,-3.21,4.07,0.0
20230206:0310,0.0,0.0,0.0,0.0,-3.15,4.28,0.0
20230206:0410,0.0,0.0,0.0,0.0,-3.09,4.48,0.0
20230206:0510,0.0,2.0,0.0,2.34,-2.98,4.62,0.0
20230206:0610,0.0,31.0,0.0,12.51,-2.74,4.55,0.0
20230206:0710,0.0,0.0,0.0,0.0,-2.1,4.07,0.0
20230206:0810,0.0,70.0,0.0,28.57,-1.52,3.86,0.0
20230206:0910,0.0,93.0,0.0,33.11,-0.86,4.07,0.0
20230206:1010,0.0,84.0,0.0,34.42,-0.5,3.93,0.0
20230206:1110,0.0,149.0,0.0,32.28,-0.18,4.07,0.0
20230206:1210,0.0,85.0,0.0,27.04,-0.19,4.28,0.0
20230206:1310,0.0,33.0,0.0,19.42,-0.33,4.48,0.0
20230206:1410,0.0,46.0,0.0,10.13,-0.6,4.9,0.0
20230206:1510,0.0,0.0,0.0,0.0,-1.14,4.97,0.0
20230206:1610,0.0,0.0,0.0,0.0,-1.67,4.83,0.0
20230206:1710,0.0,0.0,0.0,0.0,-2.11,4.76,0.0
20230206:1810,0.0,0.0,0.0,0.0,-2.64,4.69,0.0
20230206:1910,0.0,0.0,0.0,0.0,-2.62,4.55,0.0
20230206:2010,0.0,0.0,0.0,0.0,-3.03,4.41,0.0
20230206:2110,0.0,0.0,0.0,0.0,-3.52,4.14,0.0
20230206:2210,0.0,0.0,0.0,0.0,-4.07,3.72,0.0
20230206:2310,0.0,0.0,0.0,0.0,-4.64,3.24,0.0
20230207:0010,0.0,0.0,0.0,0.0,-5.31,2.97,0.0
20230207:0110,0.0,0.0,0.0,0.0,-5.87,2.76,0.0
20230207:0210,0.0,0.0,0.0,0.0,-6.65,2.69,0.0
20230207:0310,0.0,0.0,0.0,0.0,-7.28,2.55,0.0
20230207:0410,0.0,0.0,0.0,0.0,-8.04,2.55,0.0
20230207:0510,0.0,2.0,0.0,2.54,-8.61,2.48,0.0
20230207:0610,0.0,62.0,0.0,12.73,-8.18,2.34,0.0
20230207:0710,6.0,147.0,0.0,21.7,-5.79,3.45,0.0
20230207:0810,27.0,231.0,0.0,28.84,-3.24,4.55,0.0
20230207:0910,127.0,282.0,0.0,33.41,-2.02,5.1,0.0
20230207:1010,12.0,251.0,0.0,34.73,-1.61,5.24,0.0
20230207:1110,17.0,247.0,0.0,32.59,-1.42,5.24,0.0
20230207:1210,62.0,233.0,0.0,27.33,-1.54,5.1,0.0
20230207:1310,19.0,153.0,0.0,19.68,-1.93,4.69,0.0
20230207:1410,0.0,38.0,0.0,10.37,-2.71,4.34,0.0
20230207:1510,0.0,0.0,0.0,0.0,-4.05,3.79,0.0
20230207:1610,0.0,0.0,0.0,0.0,-5.59,3.17,0.0
20230207:1710,0.0,0.0,0.0,0.0,-7.18,2.97,0.0
20230207:1810,0.0,0.0,0.0,0.0,-8.95,2.83,0.0
20230207:1910,0.0,0.0,0.0,0.0,-10.29,2.83,0.0
20230207:2010,0.0,0.0,0.0,0.0,-10.53,2.55,0.0
20230207:2110,0.0,0.0,0.0,0.0,-10.11,2.34,0.0
20230207:2210,0.0,0.0,0.0,0.0,-8.53,2.07,0.0
20230207:2310,0.0,0.0,0.0,0.0,-6.96,1.86,0.0
20230208:0010,0.0,0.0,0.0,0.0,-7.26,1.72,0.0
20230208:0110,0.0,0.0,0.0,0.0,-7.49,1.72,0.0
20230208:0210,0.0,0.0,0.0,0.0,-7.65,1.79,0.0
20230208:0310,0.0,0.0,0.0,0.0,-7.9,1.72,0.0
20230208:0410,0.0,0.0,0.0,0.0,-8.28,1.52,0.0
20230208:0510,0.0,14.0,0.0,2.74,-8.61,1.45,0.0
20230208:0610,152.01,56.0,0.0,12.95,-7.95,1.52,0.0
20230208:0710,313.01,75.0,0.0,21.95,-9.59,2.34,0.0
20230208:0810,449.01,83.0,0.0,29.12,-7.55,3.86,0.0
20230208:0910,468.01,122.0,0.0,33.71,-3.91,4.48,0.0
20230208:1010,498.01,119.0,0.0,35.05,-2.33,4.69,0.0
20230208:1110,362.01,175.0,0.0,32.89,-1.58,4.69,0.0
20230208:1210,0.0,55.0,0.0,27.62,-1.22,4.34,0.0
20230208:1310,6.0,138.0,0.0,19.95,-1.3,4.07,0.0
20230208:1410,0.0,52.0,0.0,10.61,-1.8,3.45,0.0
20230208:1510,0.0,0.0,0.0,0.0,-2.79,2.83,0.0
20230208:1610,0.0,0.0,0.0,0.0,-4.81,2.41,0.0
20230208:1710,0.0,0.0,0.0,0.0,-6.88,2.21,0.0
20230208:1810,0.0,0.0,0.0,0.0,-6.68,1.93,0.0
20230208:1910,0.0,0.0,0.0,0.0,-4.7,1.79,0.0
20230208:2010,0.0,0.0,0.0,0.0,-4.62,1.59,0.0
20230208:2110,0.0,0.0,0.0,0.0,-4.89,1.45,0.0
20230208:2210,0.0,0.0,0.0,0.0,-5.3,1.38,0.0
20230208:2310,0.0,0.0,0.0,0.0,-5.84,1.38,0.0
20230209:0010,0.0,0.0,0.0,0.0,-6.27,1.45,0.0
20230209:0110,0.0,0.0,0.0,0.0,-6.51,1.45,0.0
20230209:0210,0.0,0.0,0.0,0.0,-6.55,1.38,0.0
20230209:0310,0.0,0.0,0.0,0.0,-6.93,1.24,0.0
20230209:0410,0.0,0.0,0.0,0.0,-7.0,1.17,0.0
20230209:0510,0.0,5.0,0.0,2.95,-7.33,1.03,0.0
20230209:0610,39.0,103.0,0.0,13.18,-6.48,0.97,0.0
20230209:0710,52.0,186.0,0.0,22.2,-4.91,1.03,0.0
20230209:0810,147.0,237.0,0.0,29.4,-4.58,1.52,0.0
20230209:0910,41.0,279.0,0.0,34.02,-1.7,1.38,0.0
20230209:1010,10.0,250.0,0.0,35.37,-0.68,1.31,0.0
20230209:1110,0.0,164.0,0.0,33.21,-0.08,1.31,0.0
20230209:1210,15.0,209.0,0.0,27.91,0.26,1.24,0.0
20230209:1310,23.0,160.0,0.0,20.21,0.3,1.03,0.0
20230209:1410,5.0,71.0,0.0,10.85,0.07,1.17,0.0
20230209:1510,0.0,0.0,0.0,0.0,-0.41,0.83,0.0
20230209:1610,0.0,0.0,0.0,0.0,-0.85,0.69,0.0
20230209:1710,0.0,0.0,0.0,0.0,-1.75,0.62,0.0
20230209:1810,0.0,0.0,0.0,0.0,-2.46,0.55,0.0
20230209:1910,0.0,0.0,0.0,0.0,-3.7,0.0,0.0
20230209:2010,0.0,0.0,0.0,0.0,-4.37,0.0,0.0
20230209:2110,0.0,0.0,0.0,0.0,-5.11,0.07,0.0
20230209:2210,0.0,0.0,0.0,0.0,-5.69,0.21,0.0
20230209:2310,0.0,0.0,0.0,0.0,-6.11,0.34,0.0
20230210:0010,0.0,0.0,0.0,0.0,-6.49,0.48,0.0
20230210:0110,0.0,0.0,0.0,0.0,-6.75,0.55,0.0
20230210:0210,0.0,0.0,0.0,0.0,-6.95,0.69,0.0
20230210:0310,0.0,0.0,0.0,0.0,-6.96,0.76,0.0
20230210:0410,0.0,0.0,0.0,0.0,-6.9,0.83,0.0
20230210:0510,0.0,4.0,0.0,3.16,-6.98,0.76,0.0
20230210:0610,6.0,90.0,0.0,13.41,-5.92,0.76,0.0
20230210:0710,23.0,178.0,0.0,22.46,-3.57,0.9,0.0
20230210:0810,0.0,107.0,0.0,29.69,-3.61,1.59,0.0
20230210:0910,0.0,135.0,0.0,34.33,-1.22,2.0,0.0
20230210:1010,0.0,154.0,0.0,35.69,-0.35,2.14,0.0
20230210:1110,0.0,108.0,0.0,33.52,0.2,2.34,0.0
20230210:1210,0.0,63.0,0.0,28.2,0.48,2.55,0.0
20230210:1310,0.0,66.0,0.0,20.48,0.64,2.69,0.0
20230210:1410,0.0,31.0,0.0,11.09,0.43,2.41,0.0
20230210:1510,0.0,0.0,0.0,0.0,-0.68,1.86,0.0
20230210:1610,0.0,0.0,0.0,0.0,-1.56,1.45,0.0
20230210:1710,0.0,0.0,0.0,0.0,-1.85,1.31,0.0
20230210:1810,0.0,0.0,0.0,0.0,-1.74,1.1,0.0
20230210:1910,0.0,0.0,0.0,0.0,-2.85,0.69,0.0
20230210:2010,0.0,0.0,0.0,0.0,-3.63,0.48,0.0
20230210:2110,0.0,0.0,0.0,0.0,-4.25,0.41,0.0
20230210:2210,0.0,0.0,0.0,0.0,-4.84,0.34,0.0
20230210:2310,0.0,0.0,0.0,0.0,-5.32,0.34,0.0
20230211:0010,0.0,0.0,0.0,0.0,-5.63,0.34,0.0
20230211:0110,0.0,0.0,0.0,0.0,-6.0,0.41,0.0
20230211:0210,0.0,0.0,0.0,0.0,-6.16,0.41,0.0
20230211:0310,0.0,0.0,0.0,0.0,-6.34,0.55,0.0
20230211:0410,0.0,0.0,0.0,0.0,-6.27,0.83,0.0
20230211:0510,0.0,4.0,0.0,3.37,-6.3,1.03,0.0
20230211:0610,0.0,65.0,0.0,13.64,-5.19,1.1,0.0
20230211:0710,6.0,158.0,0.0,22.72,-2.95,1.52,0.0
20230211:0810,28.0,241.0,0.0,29.99,-3.53,2.28,0.0
20230211:0910,58.0,294.0,0.0,34.65,-0.59,2.21,0.0
20230211:1010,2.0,222.0,0.0,36.02,0.13,2.0,0.0
20230211:1110,17.0,254.0,0.0,33.84,0.79,1.66,0.0
20230211:1210,28.0,229.0,0.0,28.5,1.33,1.45,0.0
20230211:1310,109.0,162.0,0.0,20.75,1.29,1.31,0.0
20230211:1410,14.0,83.0,0.0,11.34,0.94,1.17,0.0
20230211:1510,0.0,0.0,0.0,0.0,0.73,0.9,0.0
20230211:1610,0.0,0.0,0.0,0.0,0.3,0.83,0.0
20230211:1710,0.0,0.0,0.0,0.0,-0.85,0.9,0.0
20230211:1810,0.0,0.0,0.0,0.0,-1.85,0.9,0.0
20230211:1910,0.0,0.0,0.0,0.0,-3.16,0.9,0.0
20230211:2010,0.0,0.0,0.0,0.0,-3.87,0.76,0.0
20230211:2110,0.0,0.0,0.0,0.0,-4.52,0.76,0.0
20230211:2210,0.0,0.0,0.0,0.0,-5.04,0.69,0.0
20230211:2310,0.0,0.0,0.0,0.0,-5.48,0.69,0.0
20230212:0010,0.0,0.0,0.0,0.0,-5.89,0.76,0.0
20230212:0110,0.0,0.0,0.0,0.0,-6.36,0.69,0.0
20230212:0210,0.0,0.0,0.0,0.0,-6.48,0.69,0.0
20230212:0310,0.0,0.0,0.0,0.0,-6.69,0.62,0.0
20230212:0410,0.0,0.0,0.0,0.0,-6.91,0.55,0.0
20230212:0510,0.0,5.0,0.0,3.59,-7.08,0.48,0.0
20230212:0610,3.0,87.0,0.0,13.89,-5.51,0.48,0.0
20230212:0710,9.0,165.0,0.0,22.99,-3.81,1.45,0.0
20230212:0810,18.0,231.0,0.0,30.28,-4.15,1.86,0.0
20230212:0910,66.0,297.0,0.0,34.98,-1.54,1.93,0.0
20230212:1010,252.01,267.0,0.0,36.35,-0.75,1.86,0.0
20230212:1110,263.01,240.0,0.0,34.16,-0.07,1.79,0.0
20230212:1210,240.01,193.0,0.0,28.79,0.39,1.79,0.0
20230212:1310,118.0,162.0,0.0,21.01,0.52,1.93,0.0
20230212:1410,49.0,86.0,0.0,11.58,0.29,2.28,0.0
20230212:1510,0.0,0.0,0.0,0.0,-1.3,2.28,0.0
20230212:1610,0.0,0.0,0.0,0.0,-3.82,2.14,0.0
20230212:1710,0.0,0.0,0.0,0.0,-4.92,1.79,0.0
20230212:1810,0.0,0.0,0.0,0.0,-4.13,1.45,0.0
20230212:1910,0.0,0.0,0.0,0.0,-4.74,1.31,0.0
20230212:2010,0.0,0.0,0.0,0.0,-5.08,1.1,0.0
20230212:2110,0.0,0.0,0.0,0.0,-5.3,1.03,0.0
20230212:2210,0.0,0.0,0.0,0.0,-5.51,1.1,0.0
20230212:2310,0.0,0.0,0.0,0.0,-5.6,1.03,0.0
20230213:0010,0.0,0.0,0.0,0.0,-5.79,1.03,0.0
20230213:0110,0.0,0.0,0.0,0.0,-5.59,0.97,0.0
20230213:0210,0.0,0.0,0.0,0.0,-5.73,0.97,0.0
20230213:0310,0.0,0.0,0.0,0.0,-5.57,0.9,0.0
20230213:0410,0.0,0.0,0.0,0.0,-5.52,0.97,0.0
20230213:0510,0.0,19.0,0.0,3.82,-5.61,1.1,0.0
20230213:0610,117.0,86.0,0.0,14.13,-4.42,1.03,0.0
20230213:0710,221.01,140.0,0.0,23.27,-2.53,1.38,0.0
20230213:0810,293.01,186.0,0.0,30.59,-1.96,2.55,0.0
20230213:0910,332.01,217.0,0.0,35.3,0.54,2.83,0.0
20230213:1010,370.01,211.0,0.0,36.69,1.31,2.76,0.0
20230213:1110,344.01,201.0,0.0,34.48,1.94,2.97,0.0
20230213:1210,247.01,192.0,0.0,29.09,2.25,3.24,0.0
20230213:1310,162.0,146.0,0.0,21.28,2.16,3.24,0.0
20230213:1410,59.0,85.0,0.0,11.83,1.65,3.1,0.0
20230213:1510,0.0,0.0,0.0,0.0,-0.58,2.55,0.0
20230213:1610,0.0,0.0,0.0,0.0,-3.57,2.62,0.0
20230213:1710,0.0,0.0,0.0,0.0,-5.33,2.41,0.0
20230213:1810,0.0,0.0,0.0,0.0,-3.72,1.93,0.0
20230213:1910,0.0,0.0,0.0,0.0,-2.11,1.52,0.0
20230213:2010,0.0,0.0,0.0,0.0,-2.54,1.38,0.0
20230213:2110,0.0,0.0,0.0,0.0,-2.9,1.31,0.0
20230213:2210,0.0,0.0,0.0,0.0,-3.28,1.03,0.0
20230213:2310,0.0,0.0,0.0,0.0,-3.63,0.9,0.0
20230214:0010,0.0,0.0,0.0,0.0,-3.97,0.83,0.0
20230214:0110,0.0,0.0,0.0,0.0,-4.39,0.76,0.0
20230214:0210,0.0,0.0,0.0,0.0,-4.65,0.48,0.0
20230214:0310,0.0,0.0,0.0,0.0,-4.89,0.14,0.0
20230214:0410,0.0,0.0,0.0,0.0,-5.15,0.21,0.0
20230214:0510,0.0,19.0,0.0,4.05,-5.38,0.34,0.0
20230214:0610,137.0,79.0,0.0,14.38,-4.0,0.34,0.0
20230214:0710,264.01,120.0,0.0,23.54,-2.83,1.17,0.0
20230214:0810,343.01,162.0,0.0,30.89,-2.77,1.79,0.0
20230214:0910,359.01,207.0,0.0,35.63,-0.08,2.21,0.0
20230214:1010,391.01,204.0,0.0,37.02,0.76,2.62,0.0
20230214:1110,342.01,207.0,0.0,34.81,1.36,2.9,0.0
20230214:1210,230.01,205.0,0.0,29.39,1.66,3.1,0.0
20230214:1310,129.0,163.0,0.0,21.55,1.63,3.31,0.0
20230214:1410,28.0,93.0,0.0,12.07,1.18,3.1,0.0
20230214:1510,0.0,0.0,0.0,0.0,-0.58,2.62,0.0
20230214:1610,0.0,0.0,0.0,0.0,-2.85,2.34,0.0
20230214:1710,0.0,0.0,0.0,0.0,-4.23,1.93,0.0
20230214:1810,0.0,0.0,0.0,0.0,-2.7,1.52,0.0
20230214:1910,0.0,0.0,0.0,0.0,-2.36,1.03,0.0
20230214:2010,0.0,0.0,0.0,0.0,-2.55,1.24,0.0
20230214:2110,0.0,0.0,0.0,0.0,-2.89,1.45,0.0
20230214:2210,0.0,0.0,0.0,0.0,-3.99,1.72,0.0
20230214:2310,0.0,0.0,0.0,0.0,-5.91,2.07,0.0
20230215:0010,0.0,0.0,0.0,0.0,-6.86,2.28,0.0
20230215:0110,0.0,0.0,0.0,0.0,-7.32,2.48,0.0
20230215:0210,0.0,0.0,0.0,0.0,-7.63,2.62,0.0
20230215:0310,0.0,0.0,0.0,0.0,-7.53,2.41,0.0
20230215:0410,0.0,0.0,0.0,0.0,-6.83,2.21,0.0
20230215:0510,0.0,12.0,0.0,4.28,-6.6,2.07,0.0
20230215:0610,4.0,96.0,0.0,14.64,-6.52,2.34,0.0
20230215:0710,28.0,191.0,0.0,23.83,-3.34,3.52,0.0
20230215:0810,92.0,266.0,0.0,31.21,-1.03,4.0,0.0
20230215:0910,141.0,300.0,0.0,35.97,0.37,4.34,0.0
20230215:1010,0.0,195.0,0.0,37.37,1.29,4.83,0.0
20230215:1110,37.0,284.0,0.0,35.14,1.85,5.03,0.0
20230215:1210,2.0,182.0,0.0,29.69,2.02,4.9,0.0
20230215:1310,78.0,179.0,0.0,21.83,2.1,4.9,0.0
20230215:1410,27.0,95.0,0.0,12.32,1.57,4.28,0.0
20230215:1510,0.0,1.0,0.0,1.76,0.17,3.38,0.0
20230215:1610,0.0,0.0,0.0,0.0,-2.31,2.62,0.0
20230215:1710,0.0,0.0,0.0,0.0,-4.94,2.55,0.0
20230215:1810,0.0,0.0,0.0,0.0,-5.68,2.41,0.0
20230215:1910,0.0,0.0,0.0,0.0,-5.88,2.41,0.0
20230215:2010,0.0,0.0,0.0,0.0,-5.93,2.34,0.0
20230215:2110,0.0,0.0,0.0,0.0,-6.03,2.28,0.0
20230215:2210,0.0,0.0,0.0,0.0,-6.43,2.28,0.0
20230215:2310,0.0,0.0,0.0,0.0,-6.98,2.34,0.0
20230216:0010,0.0,0.0,0.0,0.0,-7.03,2.34,0.0
20230216:0110,0.0,0.0,0.0,0.0,-7.38,2.48,0.0
20230216:0210,0.0,0.0,0.0,0.0,-6.93,2.28,0.0
20230216:0310,0.0,0.0,0.0,0.0,-6.39,2.07,0.0
20230216:0410,0.0,0.0,0.0,0.0,-6.62,2.21,0.0
20230216:0510,0.0,20.0,0.0,4.52,-6.18,1.93,0.0
20230216:0610,4.0,96.0,0.0,14.9,-6.82,2.48,0.0
20230216:0710,2.0,146.0,0.0,24.11,-3.52,3.52,0.0
20230216:0810,2.0,194.0,0.0,31.52,-1.2,3.66,0.0
20230216:0910,2.0,215.0,0.0,36.31,-0.12,3.72,0.0
20230216:1010,0.0,122.0,0.0,37.71,0.83,3.72,0.0
20230216:1110,9.0,247.0,0.0,35.47,1.5,3.79,0.0
20230216:1210,9.0,211.0,0.0,30.0,1.9,3.66,0.0
20230216:1310,6.0,149.0,0.0,22.1,2.09,3.45,0.0
20230216:1410,5.0,81.0,0.0,12.56,2.52,3.24,0.0
20230216:1510,0.0,1.0,0.0,1.98,1.64,2.69,0.0
20230216:1610,0.0,0.0,0.0,0.0,0.06,2.41,0.0
20230216:1710,0.0,0.0,0.0,0.0,-1.73,2.21,0.0
20230216:1810,0.0,0.0,0.0,0.0,-3.26,2.0,0.0
20230216:1910,0.0,0.0,0.0,0.0,-4.06,1.93,0.0
20230216:2010,0.0,0.0,0.0,0.0,-4.36,1.86,0.0
20230216:2110,0.0,0.0,0.0,0.0,-4.19,1.66,0.0
20230216:2210,0.0,0.0,0.0,0.0,-4.04,1.45,0.0
20230216:2310,0.0,0.0,0.0,0.0,-2.99,1.31,0.0
20230217:0010,0.0,0.0,0.0,0.0,-3.19,1.31,0.0
20230217:0110,0.0,0.0,0.0,0.0,-3.97,1.38,0.0
20230217:0210,0.0,0.0,0.0,0.0,-4.15,1.45,0.0
20230217:0310,0.0,0.0,0.0,0.0,-4.31,1.45,0.0
20230217:0410,0.0,0.0,0.0,0.0,-4.44,1.59,0.0
20230217:0510,0.0,23.0,0.0,4.76,-4.49,1.59,0.0
20230217:0610,154.01,78.0,0.0,15.16,-3.08,1.66,0.0
20230217:0710,281.01,119.0,0.0,24.4,-4.88,2.76,0.0
20230217:0810,379.01,150.0,0.0,31.84,0.18,3.24,0.0
20230217:0910,390.01,198.0,0.0,36.65,1.84,3.52,0.0
20230217:1010,423.01,194.0,0.0,38.06,3.19,3.72,0.0
20230217:1110,403.01,181.0,0.0,35.8,4.18,3.86,0.0
20230217:1210,281.01,187.0,0.0,30.3,4.72,3.79,0.0
20230217:1310,233.01,121.0,0.0,22.37,4.69,3.66,0.0
20230217:1410,130.0,62.0,0.0,12.8,4.14,3.17,0.0
20230217:1510,0.0,1.0,0.0,2.21,2.49,2.41,0.0
20230217:1610,0.0,0.0,0.0,0.0,0.29,2.14,0.0
20230217:1710,0.0,0.0,0.0,0.0,-1.82,1.86,0.0
20230217:1810,0.0,0.0,0.0,0.0,-2.45,1.72,0.0
20230217:1910,0.0,0.0,0.0,0.0,-3.38,1.66,0.0
20230217:2010,0.0,0.0,0.0,0.0,-3.36,1.59,0.0
20230217:2110,0.0,0.0,0.0,0.0,-3.27,1.52,0.0
20230217:2210,0.0,0.0,0.0,0.0,-3.18,1.52,0.0
20230217:2310,0.0,0.0,0.0,0.0,-3.16,1.59,0.0
20230218:0010,0.0,0.0,0.0,0.0,-3.26,1.59,0.0
20230218:0110,0.0,0.0,0.0,0.0,-2.96,1.59,0.0
20230218:0210,0.0,0.0,0.0,0.0,-2.9,1.52,0.0
20230218:0310,0.0,0.0,0.0,0.0,-2.89,1.45,0.0
20230218:0410,0.0,0.0,0.0,0.0,-3.3,1.45,0.0
20230218:0510,0.0,25.0,0.0,5.01,-3.38,1.45,0.0
20230218:0610,164.01,74.0,0.0,15.43,-1.42,1.31,0.0
20230218:0710,307.01,103.0,0.0,24.7,2.38,2.14,0.0
20230218:0810,395.01,139.0,0.0,32.16,4.72,2.83,0.0
20230218:0910,417.01,181.0,0.0,37.0,6.34,3.45,0.0
20230218:1010,477.01,160.0,0.0,38.41,7.38,3.93,0.0
20230218:1110,444.01,155.0,0.0,36.14,7.81,4.21,0.0
20230218:1210,320.01,165.0,0.0,30.6,7.9,4.21,0.0
20230218:1310,34.0,183.0,0.0,22.64,7.77,3.93,0.0
20230218:1410,43.0,100.0,0.0,13.05,7.1,2.97,0.0
20230218:1510,0.0,4.0,0.0,2.43,5.57,2.41,0.0
20230218:1610,0.0,0.0,0.0,0.0,3.27,2.34,0.0
20230218:1710,0.0,0.0,0.0,0.0,0.81,2.41,0.0
20230218:1810,0.0,0.0,0.0,0.0,-0.44,2.55,0.0
20230218:1910,0.0,0.0,0.0,0.0,-0.33,2.48,0.0
20230218:2010,0.0,0.0,0.0,0.0,0.12,2.48,0.0
20230218:2110,0.0,0.0,0.0,0.0,0.58,2.62,0.0
20230218:2210,0.0,0.0,0.0,0.0,0.54,2.69,0.0
20230218:2310,0.0,0.0,0.0,0.0,1.47,2.69,0.0
20230219:0010,0.0,0.0,0.0,0.0,1.33,2.62,0.0
20230219:0110,0.0,0.0,0.0,0.0,1.09,2.55,0.0
20230219:0210,0.0,0.0,0.0,0.0,0.36,2.48,0.0
20230219:0310,0.0,0.0,0.0,0.0,-0.09,2.41,0.0
20230219:0410,0.0,0.0,0.0,0.0,-0.51,2.41,0.0
20230219:0510,0.0,33.0,0.0,5.26,-0.64,2.41,0.0
20230219:0610,94.0,110.0,0.0,15.7,1.52,2.14,0.0
20230219:0710,212.01,157.0,0.0,25.0,5.6,2.97,0.0
20230219:0810,143.0,261.0,0.0,32.49,7.74,3.93,0.0
20230219:0910,266.01,261.0,0.0,37.34,9.33,4.34,0.0
20230219:1010,562.01,111.0,0.0,38.77,10.71,4.55,0.0
20230219:1110,503.01,120.0,0.0,36.47,11.61,4.69,0.0
20230219:1210,352.01,147.0,0.0,30.91,12.15,4.69,0.0
20230219:1310,262.01,105.0,0.0,22.92,12.29,4.55,0.0
20230219:1410,145.0,59.0,0.0,13.29,12.0,4.0,0.0
20230219:1510,0.0,9.0,0.0,2.65,10.58,2.9,0.0
20230219:1610,0.0,0.0,0.0,0.0,8.15,2.48,0.0
20230219:1710,0.0,0.0,0.0,0.0,5.52,2.48,0.0
20230219:1810,0.0,0.0,0.0,0.0,3.4,2.55,0.0
20230219:1910,0.0,0.0,0.0,0.0,2.77,2.48,0.0
20230219:2010,0.0,0.0,0.0,0.0,2.31,2.41,0.0
20230219:2110,0.0,0.0,0.0,0.0,2.04,2.28,0.0
20230219:2210,0.0,0.0,0.0,0.0,1.66,2.28,0.0
20230219:2310,0.0,0.0,0.0,0.0,1.44,2.21,0.0
20230220:0010,0.0,0.0,0.0,0.0,1.66,2.0,0.0
20230220:0110,0.0,0.0,0.0,0.0,1.73,1.86,0.0
20230220:0210,0.0,0.0,0.0,0.0,1.51,1.86,0.0
20230220:0310,0.0,0.0,0.0,0.0,1.32,1.86,0.0
20230220:0410,0.0,0.0,0.0,0.0,0.73,2.0,0.0
20230220:0510,0.0,30.0,0.0,5.52,0.16,2.28,0.0
20230220:0610,175.01,73.0,0.0,15.98,1.94,2.21,0.0
20230220:0710,3.0,155.0,0.0,25.3,6.07,2.62,0.0
20230220:0810,21.0,249.0,0.0,32.82,8.05,4.0,0.0
20230220:0910,0.0,183.0,0.0,37.7,8.88,4.9,0.0
20230220:1010,0.0,179.0,0.0,39.12,9.2,5.59,0.0
20230220:1110,0.0,98.0,0.0,36.81,8.66,6.62,0.0
20230220:1210,0.0,59.0,0.0,31.22,7.35,6.34,0.0
20230220:1310,0.0,91.0,0.0,23.19,5.8,4.55,0.0
20230220:1410,28.0,103.0,0.0,13.54,5.58,4.41,0.0
20230220:1510,0.0,2.0,0.0,2.88,4.9,3.72,0.0
20230220:1610,0.0,0.0,0.0,0.0,3.61,3.17,0.0
20230220:1710,0.0,0.0,0.0,0.0,2.45,2.62,0.0
20230220:1810,0.0,0.0,0.0,0.0,1.25,2.41,0.0
20230220:1910,0.0,0.0,0.0,0.0,-0.09,2.21,0.0
20230220:2010,0.0,0.0,0.0,0.0,-1.09,2.0,0.0
20230220:2110,0.0,0.0,0.0,0.0,-1.73,2.0,0.0
20230220:2210,0.0,0.0,0.0,0.0,-2.64,2.07,0.0
20230220:2310,0.0,0.0,0.0,0.0,-3.22,2.0,0.0
20230221:0010,0.0,0.0,0.0,0.0,-3.35,1.86,0.0
20230221:0110,0.0,0.0,0.0,0.0,-3.79,1.93,0.0
20230221:0210,0.0,0.0,0.0,0.0,-3.43,1.93,0.0
20230221:0310,0.0,0.0,0.0,0.0,-2.7,2.07,0.0
20230221:0410,0.0,0.0,0.0,0.0,-2.13,2.21,0.0
20230221:0510,0.0,12.0,0.0,5.78,-1.51,2.28,0.0
20230221:0610,0.0,57.0,0.0,16.26,-0.82,2.76,0.0
20230221:0710,52.0,212.0,0.0,25.61,0.82,2.83,0.0
20230221:0810,413.01,141.0,0.0,33.16,3.0,3.59,0.0
20230221:0910,484.01,154.0,0.0,38.06,5.18,4.21,0.0
20230221:1010,479.01,172.0,0.0,39.48,6.87,4.76,0.0
20230221:1110,539.01,112.0,0.0,37.15,7.98,5.1,0.0
20230221:1210,369.01,148.0,0.0,31.52,8.66,5.1,0.0
20230221:1310,262.01,115.0,0.0,23.46,8.89,4.83,0.0
20230221:1410,157.01,60.0,0.0,13.78,8.75,4.48,0.0
20230221:1510,0.0,9.0,0.0,3.1,7.78,3.38,0.0
20230221:1610,0.0,0.0,0.0,0.0,5.87,2.9,0.0
20230221:1710,0.0,0.0,0.0,0.0,3.98,2.69,0.0
20230221:1810,0.0,0.0,0.0,0.0,2.08,2.62,0.0
20230221:1910,0.0,0.0,0.0,0.0,1.16,2.34,0.0
20230221:2010,0.0,0.0,0.0,0.0,1.33,2.0,0.0
20230221:2110,0.0,0.0,0.0,0.0,1.19,1.93,0.0
20230221:2210,0.0,0.0,0.0,0.0,0.93,1.93,0.0
20230221:2310,0.0,0.0,0.0,0.0,0.34,2.0,0.0
20230222:0010,0.0,0.0,0.0,0.0,0.01,1.93,0.0
20230222:0110,0.0,0.0,0.0,0.0,0.28,1.79,0.0
20230222:0210,0.0,0.0,0.0,0.0,0.56,1.66,0.0
20230222:0310,0.0,0.0,0.0,0.0,0.74,1.52,0.0
20230222:0410,0.0,0.0,0.0,0.0,0.99,1.38,0.0
20230222:0510,0.0,38.0,0.0,6.04,1.62,1.17,0.0
20230222:0610,202.01,67.0,0.0,16.54,3.1,0.69,0.0
20230222:0710,371.01,82.0,0.0,25.92,5.89,1.24,0.0
20230222:0810,510.01,88.0,0.0,33.5,8.12,1.79,0.0
20230222:0910,584.01,97.0,0.0,38.42,9.65,2.34,0.0
20230222:1010,622.01,90.0,0.0,39.85,10.81,2.83,0.0
20230222:1110,553.01,105.0,0.0,37.5,11.63,3.31,0.0
20230222:1210,438.01,109.0,0.0,31.83,12.05,3.52,0.0
20230222:1310,262.01,117.0,0.0,23.73,11.95,3.45,0.0
20230222:1410,159.0,61.0,0.0,14.03,11.36,3.03,0.0
20230222:1510,0.0,6.0,0.0,3.33,9.88,2.07,0.0
20230222:1610,0.0,0.0,0.0,0.0,7.46,1.66,0.0
20230222:1710,0.0,0.0,0.0,0.0,6.2,1.38,0.0
20230222:1810,0.0,0.0,0.0,0.0,6.61,1.24,0.0
20230222:1910,0.0,0.0,0.0,0.0,6.97,1.17,0.0
20230222:2010,0.0,0.0,0.0,0.0,6.47,0.9,0.0
20230222:2110,0.0,0.0,0.0,0.0,5.88,0.83,0.0
20230222:2210,0.0,0.0,0.0,0.0,5.28,0.76,0.0
20230222:2310,0.0,0.0,0.0,0.0,4.58,0.76,0.0
20230223:0010,0.0,0.0,0.0,0.0,3.9,0.69,0.0
20230223:0110,0.0,0.0,0.0,0.0,3.4,0.55,0.0
20230223:0210,0.0,0.0,0.0,0.0,2.91,0.48,0.0
20230223:0310,0.0,0.0,0.0,0.0,2.53,0.48,0.0
20230223:0410,0.0,0.0,0.0,0.0,2.17,0.55,0.0
20230223:0510,0.0,40.0,0.0,6.31,1.96,0.55,0.0
20230223:0610,195.01,73.0,0.0,16.83,3.27,0.41,0.0
20230223:0710,351.01,95.0,0.0,26.23,6.48,0.55,0.0
20230223:0810,512.01,89.0,0.0,33.84,8.52,0.9,0.0
20230223:0910,571.01,107.0,0.0,38.78,9.75,1.38,0.0
20230223:1010,619.01,94.0,0.0,40.21,10.55,1.72,0.0
20230223:1110,424.01,182.0,0.0,37.84,11.09,2.21,0.0
20230223:1210,1.0,186.0,0.0,32.14,11.19,2.41,0.0
20230223:1310,77.0,196.0,0.0,24.01,11.21,2.41,0.0
20230223:1410,1.0,79.0,0.0,14.27,10.74,2.07,0.0
20230223:1510,0.0,7.0,0.0,3.55,9.86,1.45,0.0
20230223:1610,0.0,0.0,0.0,0.0,7.62,1.45,0.0
20230223:1710,0.0,0.0,0.0,0.0,5.76,1.66,0.0
20230223:1810,0.0,0.0,0.0,0.0,4.05,1.86,0.0
20230223:1910,0.0,0.0,0.0,0.0,3.8,1.86,0.0
20230223:2010,0.0,0.0,0.0,0.0,3.14,1.79,0.0
20230223:2110,0.0,0.0,0.0,0.0,2.6,1.72,0.0
20230223:2210,0.0,0.0,0.0,0.0,1.87,1.72,0.0
20230223:2310,0.0,0.0,0.0,0.0,0.62,1.86,0.0
20230224:0010,0.0,0.0,0.0,0.0,-0.32,1.93,0.0
20230224:0110,0.0,0.0,0.0,0.0,-1.06,1.93,0.0
20230224:0210,0.0,0.0,0.0,0.0,-1.59,1.86,0.0
20230224:0310,0.0,0.0,0.0,0.0,-1.93,1.79,0.0
20230224:0410,0.0,0.0,0.0,0.0,-2.05,1.66,0.0
20230224:0510,14.0,44.0,0.0,6.58,-2.13,1.59,0.0
20230224:0610,165.0,92.0,0.0,17.12,0.78,1.38,0.0
20230224:0710,315.01,119.0,0.0,26.55,4.23,1.24,0.0
20230224:0810,456.01,123.0,0.0,34.18,6.63,1.17,0.0
20230224:0910,523.01,138.0,0.0,39.14,8.51,1.52,0.0
20230224:1010,555.01,133.0,0.0,40.58,10.02,2.0,0.0
20230224:1110,447.01,173.0,0.0,38.18,11.16,2.48,0.0
20230224:1210,79.0,271.0,0.0,32.45,11.81,2.55,0.0
20230224:1310,59.0,200.0,0.0,24.28,11.87,2.55,0.0
20230224:1410,6.0,97.0,0.0,14.51,11.45,2.21,0.0
20230224:1510,0.0,15.0,0.0,3.77,10.3,1.24,0.0
20230224:1610,0.0,0.0,0.0,0.0,8.95,0.69,0.0
20230224:1710,0.0,0.0,0.0,0.0,8.2,0.62,0.0
20230224:1810,0.0,0.0,0.0,0.0,7.16,1.03,0.0
20230224:1910,0.0,0.0,0.0,0.0,5.28,1.38,0.0
20230224:2010,0.0,0.0,0.0,0.0,4.35,1.38,0.0
20230224:2110,0.0,0.0,0.0,0.0,4.19,1.31,0.0
20230224:2210,0.0,0.0,0.0,0.0,3.87,1.24,0.0
20230224:2310,0.0,0.0,0.0,0.0,3.33,1.24,0.0
20230225:0010,0.0,0.0,0.0,0.0,2.58,1.31,0.0
20230225:0110,0.0,0.0,0.0,0.0,1.72,1.38,0.0
20230225:0210,0.0,0.0,0.0,0.0,1.17,1.52,0.0
20230225:0310,0.0,0.0,0.0,0.0,1.17,1.45,0.0
20230225:0410,0.0,0.0,0.0,0.0,1.27,1.38,0.0
20230225:0510,0.0,20.0,0.0,6.85,1.54,1.31,0.0
20230225:0610,53.0,139.0,0.0,17.41,3.79,0.9,0.0
20230225:0710,302.01,131.0,0.0,26.87,6.76,1.52,0.0
20230225:0810,419.01,150.0,0.0,34.53,9.08,2.21,0.0
20230225:0910,556.01,122.0,0.0,39.51,10.73,2.76,0.0
20230225:1010,0.0,83.0,0.0,40.95,11.94,3.31,0.0
20230225:1110,0.0,100.0,0.0,38.53,12.81,4.21,0.0
20230225:1210,0.0,122.0,0.0,32.76,13.15,4.62,0.0
20230225:1310,285.01,112.0,0.0,24.55,13.34,4.9,0.0
20230225:1410,163.0,66.0,0.0,14.76,13.06,4.34,0.0
20230225:1510,2.0,18.61,0.0,3.99,11.78,2.76,0.0
20230225:1610,0.0,0.0,0.0,0.0,9.62,2.21,0.0
20230225:1710,0.0,0.0,0.0,0.0,6.93,2.21,0.0
20230225:1810,0.0,0.0,0.0,0.0,4.87,2.34,0.0
20230225:1910,0.0,0.0,0.0,0.0,3.8,2.62,0.0
20230225:2010,0.0,0.0,0.0,0.0,3.1,2.48,0.0
20230225:2110,0.0,0.0,0.0,0.0,2.8,2.28,0.0
20230225:2210,0.0,0.0,0.0,0.0,2.25,2.21,0.0
20230225:2310,0.0,0.0,0.0,0.0,1.6,2.21,0.0
20230226:0010,0.0,0.0,0.0,0.0,0.94,2.21,0.0
20230226:0110,0.0,0.0,0.0,0.0,0.52,2.21,0.0
20230226:0210,0.0,0.0,0.0,0.0,0.41,2.0,0.0
20230226:0310,0.0,0.0,0.0,0.0,0.43,1.86,0.0
20230226:0410,0.0,0.0,0.0,0.0,0.17,1.72,0.0
20230226:0510,24.0,47.0,0.0,7.13,-0.05,1.66,0.0
20230226:0610,200.01,81.0,0.0,17.71,2.55,1.38,0.0
20230226:0710,369.01,97.0,0.0,27.19,7.21,1.86,0.0
20230226:0810,480.01,119.0,0.0,34.88,9.29,2.83,0.0
20230226:0910,312.01,267.0,0.0,39.89,10.96,3.66,0.0
20230226:1010,539.01,154.0,0.0,41.32,12.26,4.07,0.0
20230226:1110,514.01,143.0,0.0,38.88,13.21,4.28,0.0
20230226:1210,313.01,196.0,0.0,33.07,13.83,4.41,0.0
20230226:1310,304.01,106.0,0.0,24.82,14.01,4.34,0.0
20230226:1410,112.0,95.0,0.0,15.0,13.69,3.93,0.0
20230226:1510,0.0,14.0,0.0,4.21,12.41,2.83,0.0
20230226:1610,0.0,0.0,0.0,0.0,10.16,2.14,0.0
20230226:1710,0.0,0.0,0.0,0.0,7.49,1.93,0.0
20230226:1810,0.0,0.0,0.0,0.0,6.75,1.66,0.0
20230226:1910,0.0,0.0,0.0,0.0,6.01,1.93,0.0
20230226:2010,0.0,0.0,0.0,0.0,4.79,2.0,0.0
20230226:2110,0.0,0.0,0.0,0.0,3.64,2.14,0.0
20230226:2210,0.0,0.0,0.0,0.0,3.0,2.07,0.0
20230226:2310,0.0,0.0,0.0,0.0,2.8,1.86,0.0
20230227:0010,0.0,0.0,0.0,0.0,2.61,1.79,0.0
20230227:0110,0.0,0.0,0.0,0.0,1.84,1.72,0.0
20230227:0210,0.0,0.0,0.0,0.0,2.04,1.59,0.0
20230227:0310,0.0,0.0,0.0,0.0,2.17,1.45,0.0
20230227:0410,0.0,0.0,0.0,0.0,2.44,1.24,0.0
20230227:0510,0.0,29.0,0.0,7.41,2.02,1.03,0.0
20230227:0610,13.0,131.0,0.0,18.01,3.22,0.97,0.0
20230227:0710,98.0,225.0,0.0,27.52,7.94,1.24,0.0
20230227:0810,50.0,286.0,0.0,35.24,10.45,1.79,0.0
20230227:0910,354.01,245.0,0.0,40.26,12.44,2.0,0.0
20230227:1010,315.01,279.0,0.0,41.69,14.02,2.07,0.0
20230227:1110,351.01,237.0,0.0,39.23,15.27,2.21,0.0
20230227:1210,440.01,121.0,0.0,33.38,16.03,2.34,0.0
20230227:1310,351.01,82.0,0.0,25.1,16.31,2.41,0.0
20230227:1410,22.0,116.0,0.0,15.24,16.12,2.34,0.0
20230227:1510,0.0,10.0,0.0,4.43,14.92,1.72,0.0
20230227:1610,0.0,0.0,0.0,0.0,12.14,1.38,0.0
20230227:1710,0.0,0.0,0.0,0.0,10.64,1.31,0.0
20230227:1810,0.0,0.0,0.0,0.0,9.6,1.31,0.0
20230227:1910,0.0,0.0,0.0,0.0,7.77,1.24,0.0
20230227:2010,0.0,0.0,0.0,0.0,7.53,1.03,0.0
20230227:2110,0.0,0.0,0.0,0.0,6.82,0.97,0.0
20230227:2210,0.0,0.0,0.0,0.0,6.39,0.97,0.0
20230227:2310,0.0,0.0,0.0,0.0,5.9,0.97,0.0
20230228:0010,0.0,0.0,0.0,0.0,5.46,0.83,0.0
20230228:0110,0.0,0.0,0.0,0.0,5.59,0.83,0.0
20230228:0210,0.0,0.0,0.0,0.0,5.95,0.97,0.0
20230228:0310,0.0,0.0,0.0,0.0,6.26,1.03,0.0
20230228:0410,0.0,0.0,0.0,0.0,6.7,0.48,0.0
20230228:0510,0.0,20.0,0.0,7.7,6.81,0.28,0.0
20230228:0610,0.0,41.0,0.0,18.31,7.25,0.21,0.0
20230228:0710,0.0,87.0,0.0,27.84,9.72,0.0,0.0
20230228:0810,207.0,264.0,0.0,35.59,12.6,0.14,0.0
20230228:0910,99.0,332.0,0.0,40.64,14.6,0.9,0.0
20230228:1010,114.0,343.0,0.0,42.07,15.96,1.45,0.0
20230228:1110,240.0,287.0,0.0,39.58,16.33,1.17,0.0
20230228:1210,27.0,257.0,0.0,33.69,16.31,0.83,0.0
20230228:1310,80.0,205.0,0.0,25.37,15.18,1.45,0.0
20230228:1410,39.0,119.0,0.0,15.48,13.91,0.69,0.0
20230228:1510,0.0,4.0,0.0,4.65,12.73,0.41,0.0
20230228:1610,0.0,0.0,0.0,0.0,10.55,1.17,0.0
20230228:1710,0.0,0.0,0.0,0.0,9.23,1.38,0.0
20230228:1810,0.0,0.0,0.0,0.0,8.14,1.52,0.0
20230228:1910,0.0,0.0,0.0,0.0,7.46,1.52,0.0
20230228:2010,0.0,0.0,0.0,0.0,7.04,1.52,0.0
20230228:2110,0.0,0.0,0.0,0.0,6.5,1.59,0.0
20230228:2210,0.0,0.0,0.0,0.0,6.11,1.72,0.0
20230228:2310,0.0,0.0,0.0,0.0,6.21,1.66,0.0
20230301:0010,0.0,0.0,0.0,0.0,6.22,1.59,0.0
20230301:0110,0.0,0.0,0.0,0.0,6.16,1.59,0.0
20230301:0210,0.0,0.0,0.0,0.0,6.03,1.52,0.0
20230301:0310,0.0,0.0,0.0,0.0,5.49,1.66,0.0
20230301:0410,0.0,0.0,0.0,0.0,5.24,1.59,0.0
20230301:0510,0.0,35.0,0.0,7.98,5.47,1.52,0.0
20230301:0610,0.0,28.0,0.0,18.62,6.75,1.59,0.0
20230301:0710,19.0,210.0,0.0,28.18,10.36,1.93,0.0
20230301:0810,21.0,264.0,0.0,35.95,12.62,2.07,0.0
20230301:0910,364.01,242.0,0.0,41.02,14.55,1.86,0.0
20230301:1010,340.01,267.0,0.0,42.45,15.96,1.93,0.0
20230301:1110,556.01,121.0,0.0,39.93,17.1,1.86,0.0
20230301:1210,482.01,104.0,0.0,34.0,17.65,1.86,0.0
20230301:1310,90.0,206.0,0.0,25.64,17.8,1.93,0.0
20230301:1410,93.0,107.0,0.0,15.72,17.55,1.79,0.0
20230301:1510,8.0,26.1,0.0,4.87,16.6,1.03,0.0
20230301:1610,0.0,0.0,0.0,0.0,14.22,1.1,0.0
20230301:1710,0.0,0.0,0.0,0.0,12.77,1.24,0.0
20230301:1810,0.0,0.0,0.0,0.0,12.08,1.17,0.0
20230301:1910,0.0,0.0,0.0,0.0,10.09,1.38,0.0
20230301:2010,0.0,0.0,0.0,0.0,8.94,1.45,0.0
20230301:2110,0.0,0.0,0.0,0.0,8.09,1.45,0.0
20230301:2210,0.0,0.0,0.0,0.0,7.25,1.45,0.0
20230301:2310,0.0,0.0,0.0,0.0,6.83,1.45,0.0
20230302:0010,0.0,0.0,0.0,0.0,6.5,1.45,0.0
20230302:0110,0.0,0.0,0.0,0.0,6.05,1.38,0.0
20230302:0210,0.0,0.0,0.0,0.0,5.68,1.38,0.0
20230302:0310,0.0,0.0,0.0,0.0,5.99,1.31,0.0
20230302:0410,0.0,0.0,0.0,0.0,6.01,1.03,0.0
20230302:0510,24.0,57.0,0.0,8.27,5.89,0.83,0.0
20230302:0610,5.0,122.0,0.0,18.93,7.37,0.41,0.0
20230302:0710,35.0,225.0,0.0,28.51,10.63,0.34,0.0
20230302:0810,131.0,295.0,0.0,36.32,12.68,0.34,0.0
20230302:0910,357.01,252.0,0.0,41.4,14.17,0.41,0.0
20230302:1010,528.01,168.0,0.0,42.83,15.23,0.69,0.0
20230302:1110,377.01,230.0,0.0,40.28,15.78,1.1,0.0
20230302:1210,494.01,103.0,0.0,34.31,15.99,1.45,0.0
20230302:1310,320.01,106.0,0.0,25.91,15.98,1.66,0.0
20230302:1410,175.0,73.0,0.0,15.96,15.68,2.07,0.0
20230302:1510,0.0,11.0,0.0,5.09,14.68,1.79,0.0
20230302:1610,0.0,0.0,0.0,0.0,12.73,0.83,0.0
20230302:1710,0.0,0.0,0.0,0.0,10.27,1.38,0.0
20230302:1810,0.0,0.0,0.0,0.0,7.9,2.48,0.0
20230302:1910,0.0,0.0,0.0,0.0,6.58,2.41,0.0
20230302:2010,0.0,0.0,0.0,0.0,5.9,2.21,0.0
20230302:2110,0.0,0.0,0.0,0.0,5.15,2.14,0.0
20230302:2210,0.0,0.0,0.0,0.0,4.63,1.93,0.0
20230302:2310,0.0,0.0,0.0,0.0,3.97,1.79,0.0
20230303:0010,0.0,0.0,0.0,0.0,3.68,1.66,0.0
20230303:0110,0.0,0.0,0.0,0.0,3.33,1.66,0.0
20230303:0210,0.0,0.0,0.0,0.0,3.19,1.52,0.0
20230303:0310,0.0,0.0,0.0,0.0,2.99,1.45,0.0
20230303:0410,0.0,0.0,0.0,0.0,2.76,1.24,0.0
20230303:0510,25.0,59.0,0.0,8.57,3.03,0.83,0.0
20230303:0610,157.0,117.0,0.0,19.24,5.21,0.69,0.0
20230303:0710,335.01,130.0,0.0,28.85,8.99,0.69,0.0
20230303:0810,468.01,139.0,0.0,36.68,11.33,0.76,0.0
20230303:0910,433.01,213.0,0.0,41.78,12.99,2.0,0.0
20230303:1010,512.01,181.0,0.0,43.21,13.97,3.03,0.0
20230303:1110,602.01,105.0,0.0,40.63,13.47,4.21,0.0
20230303:1210,469.01,118.0,0.0,34.62,13.79,4.07,0.0
20230303:1310,349.01,94.0,0.0,26.17,13.63,4.34,0.0
20230303:1410,141.0,91.0,0.0,16.19,13.07,4.41,0.0
20230303:1510,28.0,22.69,0.0,5.3,12.12,3.17,0.0
20230303:1610,0.0,0.0,0.0,0.0,10.74,2.14,0.0
20230303:1710,0.0,0.0,0.0,0.0,9.12,1.66,0.0
20230303:1810,0.0,0.0,0.0,0.0,8.05,1.38,0.0
20230303:1910,0.0,0.0,0.0,0.0,9.31,0.97,0.0
20230303:2010,0.0,0.0,0.0,0.0,8.41,0.9,0.0
20230303:2110,0.0,0.0,0.0,0.0,7.52,0.9,0.0
20230303:2210,0.0,0.0,0.0,0.0,6.66,1.1,0.0
20230303:2310,0.0,0.0,0.0,0.0,5.37,1.24,0.0
20230304:0010,0.0,0.0,0.0,0.0,4.37,1.31,0.0
20230304:0110,0.0,0.0,0.0,0.0,4.03,1.24,0.0
20230304:0210,0.0,0.0,0.0,0.0,3.27,1.31,0.0
20230304:0310,0.0,0.0,0.0,0.0,2.58,1.31,0.0
20230304:0410,0.0,0.0,0.0,0.0,2.29,1.17,0.0
20230304:0510,12.0,60.0,0.0,8.86,2.37,1.03,0.0
20230304:0610,209.0,94.0,0.0,19.55,4.79,1.03,0.0
20230304:0710,56.0,238.0,0.0,29.19,7.49,1.93,0.0
20230304:0810,17.0,266.0,0.0,37.05,8.93,2.9,0.0
20230304:0910,61.0,337.0,0.0,42.17,10.3,3.31,0.0
20230304:1010,518.01,182.0,0.0,43.59,11.44,3.59,0.0
20230304:1110,245.0,300.0,0.0,40.98,12.24,3.79,0.0
20230304:1210,281.01,226.0,0.0,34.93,12.02,4.0,0.0
20230304:1310,104.0,211.0,0.0,26.44,11.5,3.93,0.0
20230304:1410,23.0,124.0,0.0,16.43,11.08,3.66,0.0
20230304:1510,0.0,7.0,0.0,5.52,10.7,2.41,0.0
20230304:1610,0.0,0.0,0.0,0.0,9.67,1.03,0.0
20230304:1710,0.0,0.0,0.0,0.0,9.11,0.41,0.0
20230304:1810,0.0,0.0,0.0,0.0,7.65,1.93,0.0
20230304:1910,0.0,0.0,0.0,0.0,7.25,2.48,0.0
20230304:2010,0.0,0.0,0.0,0.0,6.88,2.48,0.0
20230304:2110,0.0,0.0,0.0,0.0,6.2,2.55,0.0
20230304:2210,0.0,0.0,0.0,0.0,5.96,2.62,0.0
20230304:2310,0.0,0.0,0.0,0.0,5.71,2.41,0.0
20230305:0010,0.0,0.0,0.0,0.0,5.36,2.28,0.0
20230305:0110,0.0,0.0,0.0,0.0,4.9,2.07,0.0
20230305:0210,0.0,0.0,0.0,0.0,4.69,1.93,0.0
20230305:0310,0.0,0.0,0.0,0.0,4.41,1.79,0.0
20230305:0410,0.0,0.0,0.0,0.0,4.19,1.66,0.0
20230305:0510,0.0,10.0,0.0,9.16,4.24,1.52,0.0
20230305:0610,0.0,54.0,0.0,19.87,6.48,1.52,0.0
20230305:0710,0.0,78.0,0.0,29.53,8.09,2.14,0.0
20230305:0810,34.0,287.0,0.0,37.42,9.27,2.83,0.0
20230305:0910,0.0,120.0,0.0,42.56,9.95,3.24,0.0
20230305:1010,15.0,302.0,0.0,43.97,10.29,3.24,0.0
20230305:1110,0.0,104.0,0.0,41.33,9.87,2.9,0.0
20230305:1210,0.0,52.0,0.0,35.23,9.26,2.83,0.0
20230305:1310,0.0,61.0,0.0,26.71,8.64,2.07,0.0
20230305:1410,0.0,62.0,0.0,16.66,8.12,1.03,0.0
20230305:1510,0.0,10.0,0.0,5.74,7.7,1.17,0.0
20230305:1610,0.0,0.0,0.0,0.0,7.07,1.1,0.0
20230305:1710,0.0,0.0,0.0,0.0,6.32,0.9,0.0
20230305:1810,0.0,0.0,0.0,0.0,5.69,0.9,0.0
20230305:1910,0.0,0.0,0.0,0.0,5.52,0.62,0.0
20230305:2010,0.0,0.0,0.0,0.0,5.36,0.62,0.0
20230305:2110,0.0,0.0,0.0,0.0,5.27,1.38,0.0
20230305:2210,0.0,0.0,0.0,0.0,5.0,2.83,0.0
20230305:2310,0.0,0.0,0.0,0.0,4.65,3.86,0.0
20230306:0010,0.0,0.0,0.0,0.0,4.15,4.21,0.0
20230306:0110,0.0,0.0,0.0,0.0,3.45,4.55,0.0
20230306:0210,0.0,0.0,0.0,0.0,2.95,4.07,0.0
20230306:0310,0.0,0.0,0.0,0.0,2.73,3.17,0.0
20230306:0410,0.0,0.0,0.0,0.0,2.36,2.9,0.0
20230306:0510,0.0,27.0,0.0,9.46,2.11,2.76,0.0
20230306:0610,0.0,44.0,0.0,20.19,2.14,3.17,0.0
20230306:0710,0.0,154.0,0.0,29.87,3.0,3.31,0.0
20230306:0810,188.0,294.0,0.0,37.79,4.99,3.86,0.0
20230306:0910,87.0,350.0,0.0,42.95,6.3,3.86,0.0
20230306:1010,414.01,252.0,0.0,44.36,7.07,3.93,0.0
20230306:1110,97.0,343.0,0.0,41.69,7.61,4.07,0.0
20230306:1210,0.0,118.0,0.0,35.54,8.05,4.14,0.0
20230306:1310,342.01,107.0,0.0,26.97,8.49,4.07,0.0
20230306:1410,175.0,83.0,0.0,16.9,8.29,3.72,0.0
20230306:1510,6.0,36.0,0.0,5.95,7.81,2.9,0.0
20230306:1610,0.0,0.0,0.0,0.0,6.54,2.0,0.0
20230306:1710,0.0,0.0,0.0,0.0,4.83,1.66,0.0
20230306:1810,0.0,0.0,0.0,0.0,3.53,1.52,0.0
20230306:1910,0.0,0.0,0.0,0.0,3.04,1.31,0.0
20230306:2010,0.0,0.0,0.0,0.0,2.25,1.38,0.0
20230306:2110,0.0,0.0,0.0,0.0,1.98,1.31,0.0
20230306:2210,0.0,0.0,0.0,0.0,1.88,1.24,0.0
20230306:2310,0.0,0.0,0.0,0.0,1.16,1.38,0.0
20230307:0010,0.0,0.0,0.0,0.0,0.8,1.52,0.0
20230307:0110,0.0,0.0,0.0,0.0,0.64,1.59,0.0
20230307:0210,0.0,0.0,0.0,0.0,0.5,1.59,0.0
20230307:0310,0.0,0.0,0.0,0.0,0.4,1.59,0.0
20230307:0410,0.0,0.0,0.0,0.0,0.44,1.52,0.0
20230307:0510,13.0,68.0,0.0,9.76,0.8,1.31,0.0
20230307:0610,73.0,163.0,0.0,20.51,3.7,1.45,0.0
20230307:0710,103.0,248.0,0.0,30.22,5.86,2.07,0.0
20230307:0810,186.0,299.0,0.0,38.16,7.57,3.66,0.0
20230307:0910,106.0,355.0,0.0,43.34,8.81,4.62,0.0
20230307:1010,178.0,356.0,0.0,44.75,10.02,4.76,0.0
20230307:1110,88.0,345.0,0.0,42.04,10.84,4.76,0.0
20230307:1210,240.0,256.0,0.0,35.85,10.83,4.28,0.0
20230307:1310,147.0,208.0,0.0,27.24,10.86,4.0,0.0
20230307:1410,41.0,134.0,0.0,17.13,10.35,3.31,0.0
20230307:1510,36.0,34.0,0.0,6.16,9.57,2.07,0.0
20230307:1610,0.0,0.0,0.0,0.0,8.04,1.17,0.0
20230307:1710,0.0,0.0,0.0,0.0,7.78,0.28,0.0
20230307:1810,0.0,0.0,0.0,0.0,6.84,0.21,0.0
20230307:1910,0.0,0.0,0.0,0.0,5.95,0.69,0.0
20230307:2010,0.0,0.0,0.0,0.0,5.31,1.1,0.0
20230307:2110,0.0,0.0,0.0,0.0,3.54,1.45,0.0
20230307:2210,0.0,0.0,0.0,0.0,2.43,1.72,0.0
20230307:2310,0.0,0.0,0.0,0.0,1.79,1.93,0.0
20230308:0010,0.0,0.0,0.0,0.0,1.56,1.86,0.0
20230308:0110,0.0,0.0,0.0,0.0,1.74,1.72,0.0
20230308:0210,0.0,0.0,0.0,0.0,2.31,1.52,0.0
20230308:0310,0.0,0.0,0.0,0.0,3.32,1.24,0.0
20230308:0410,0.0,0.0,0.0,0.0,3.13,1.1,0.0
20230308:0510,12.0,68.0,0.0,10.07,2.97,0.9,0.0
20230308:0610,244.0,90.0,0.0,20.83,4.26,0.69,0.0
20230308:0710,248.0,196.0,0.0,30.56,8.26,1.86,0.0
20230308:0810,477.01,153.0,0.0,38.53,9.86,3.45,0.0
20230308:0910,237.0,326.0,0.0,43.73,10.69,3.66,0.0
20230308:1010,65.0,358.0,0.0,45.13,11.5,3.24,0.0
20230308:1110,235.0,315.0,0.0,42.39,12.16,3.1,0.0
20230308:1210,238.0,257.0,0.0,36.15,12.66,2.97,0.0
20230308:1310,125.0,216.0,0.0,27.5,12.63,2.9,0.0
20230308:1410,56.0,135.0,0.0,17.36,12.3,2.55,0.0
20230308:1510,12.0,41.0,0.0,6.37,11.17,1.72,0.0
20230308:1610,0.0,0.0,0.0,0.0,9.94,1.38,0.0
20230308:1710,0.0,0.0,0.0,0.0,7.85,1.59,0.0
20230308:1810,0.0,0.0,0.0,0.0,6.52,1.59,0.0
20230308:1910,0.0,0.0,0.0,0.0,6.07,1.45,0.0
20230308:2010,0.0,0.0,0.0,0.0,5.32,1.45,0.0
20230308:2110,0.0,0.0,0.0,0.0,4.66,1.38,0.0
20230308:2210,0.0,0.0,0.0,0.0,4.46,1.31,0.0
20230308:2310,0.0,0.0,0.0,0.0,3.79,1.38,0.0
20230309:0010,0.0,0.0,0.0,0.0,3.39,1.45,0.0
20230309:0110,0.0,0.0,0.0,0.0,3.77,1.31,0.0
20230309:0210,0.0,0.0,0.0,0.0,4.37,1.17,0.0
20230309:0310,0.0,0.0,0.0,0.0,4.27,1.1,0.0
20230309:0410,0.0,0.0,0.0,0.0,4.1,1.17,0.0
20230309:0510,59.0,67.0,0.0,10.38,3.4,1.31,0.0
20230309:0610,255.0,88.0,0.0,21.16,5.58,1.31,0.0
20230309:0710,433.01,99.0,0.0,30.91,9.77,2.76,0.0
20230309:0810,346.01,231.0,0.0,38.91,11.19,4.21,0.0
20230309:0910,177.0,348.0,0.0,44.13,12.16,5.1,0.0
20230309:1010,354.01,289.0,0.0,45.52,13.01,5.38,0.0
20230309:1110,281.0,299.0,0.0,42.74,13.3,5.1,0.0
20230309:1210,307.01,227.0,0.0,36.46,13.21,4.9,0.0
20230309:1310,38.0,221.0,0.0,27.76,13.1,4.83,0.0
20230309:1410,83.0,130.0,0.0,17.59,12.94,4.55,0.0
20230309:1510,10.0,42.0,0.0,6.59,12.2,3.24,0.0
20230309:1610,0.0,0.0,0.0,0.0,10.66,2.21,0.0
20230309:1710,0.0,0.0,0.0,0.0,8.79,1.72,0.0
20230309:1810,0.0,0.0,0.0,0.0,7.41,1.79,0.0
20230309:1910,0.0,0.0,0.0,0.0,7.28,1.86,0.0
20230309:2010,0.0,0.0,0.0,0.0,6.42,2.07,0.0
20230309:2110,0.0,0.0,0.0,0.0,6.28,2.28,0.0
20230309:2210,0.0,0.0,0.0,0.0,5.95,2.41,0.0
20230309:2310,0.0,0.0,0.0,0.0,6.05,2.55,0.0
20230310:0010,0.0,0.0,0.0,0.0,6.01,2.69,0.0
20230310:0110,0.0,0.0,0.0,0.0,5.36,2.69,0.0
20230310:0210,0.0,0.0,0.0,0.0,4.82,2.69,0.0
20230310:0310,0.0,0.0,0.0,0.0,4.28,2.69,0.0
20230310:0410,0.0,0.0,0.0,0.0,3.8,2.55,0.0
20230310:0510,0.0,32.0,0.0,10.68,3.58,2.34,0.0
20230310:0610,22.0,162.0,0.0,21.48,7.24,2.76,0.0
20230310:0710,413.01,111.0,0.0,31.26,9.17,3.72,0.0
20230310:0810,491.01,149.0,0.0,39.29,10.51,4.07,0.0
20230310:0910,576.01,150.0,0.0,44.52,11.97,4.34,0.0
20230310:1010,529.01,193.0,0.0,45.91,13.03,4.55,0.0
20230310:1110,443.01,216.0,0.0,43.09,13.45,4.41,0.0
20230310:1210,301.01,230.0,0.0,36.76,13.54,4.21,0.0
20230310:1310,209.0,186.0,0.0,28.03,13.54,3.93,0.0
20230310:1410,30.0,137.0,0.0,17.82,13.38,2.62,0.0
20230310:1510,0.0,17.0,0.0,6.8,13.07,1.1,0.0
20230310:1610,0.0,0.0,0.0,0.0,11.83,1.17,0.0
20230310:1710,0.0,0.0,0.0,0.0,10.02,1.66,0.0
20230310:1810,0.0,0.0,0.0,0.0,8.91,2.0,0.0
20230310:1910,0.0,0.0,0.0,0.0,8.48,1.38,0.0
20230310:2010,0.0,0.0,0.0,0.0,7.54,2.0,0.0
20230310:2110,0.0,0.0,0.0,0.0,7.71,2.62,0.0
20230310:2210,0.0,0.0,0.0,0.0,7.94,2.83,0.0
20230310:2310,0.0,0.0,0.0,0.0,7.65,2.97,0.0
20230311:0010,0.0,0.0,0.0,0.0,7.61,2.97,0.0
20230311:0110,0.0,0.0,0.0,0.0,7.06,2.9,0.0
20230311:0210,0.0,0.0,0.0,0.0,6.25,2.83,0.0
20230311:0310,0.0,0.0,0.0,0.0,5.45,2.76,0.0
20230311:0410,0.0,0.0,0.0,0.0,4.94,2.76,0.0
20230311:0510,3.0,65.0,0.0,10.99,5.38,2.76,0.0
20230311:0610,2.0,125.0,0.0,21.81,7.95,3.03,0.0
20230311:0710,30.0,243.0,0.0,31.61,10.82,4.97,0.0
20230311:0810,12.0,270.0,0.0,39.67,12.38,5.59,0.0
20230311:0910,4.0,269.0,0.0,44.92,13.38,5.79,0.0
20230311:1010,0.0,186.0,0.0,46.3,14.6,5.93,0.0
20230311:1110,0.0,187.0,0.0,43.45,14.92,5.93,0.0
20230311:1210,0.0,58.0,0.0,37.06,15.08,6.14,0.0
20230311:1310,0.0,63.0,0.0,28.29,15.27,5.66,0.0
20230311:1410,0.0,46.0,0.0,18.05,15.04,6.0,0.0
20230311:1510,2.0,38.0,0.0,7.01,13.7,5.59,0.0
20230311:1610,0.0,0.0,0.0,0.0,11.69,5.38,0.0
20230311:1710,0.0,0.0,0.0,0.0,10.43,5.31,0.0
20230311:1810,0.0,0.0,0.0,0.0,9.41,4.83,0.0
20230311:1910,0.0,0.0,0.0,0.0,8.96,4.41,0.0
20230311:2010,0.0,0.0,0.0,0.0,8.08,4.62,0.0
20230311:2110,0.0,0.0,0.0,0.0,7.53,4.28,0.0
20230311:2210,0.0,0.0,0.0,0.0,7.32,3.93,0.0
20230311:2310,0.0,0.0,0.0,0.0,7.19,3.72,0.0
20230312:0010,0.0,0.0,0.0,0.0,6.99,3.59,0.0
20230312:0110,0.0,0.0,0.0,0.0,6.77,3.45,0.0
20230312:0210,0.0,0.0,0.0,0.0,6.75,3.52,0.0
20230312:0310,0.0,0.0,0.0,0.0,6.77,3.79,0.0
20230312:0410,0.0,0.0,0.0,0.0,6.79,4.0,0.0
20230312:0510,0.0,18.0,0.0,11.31,6.78,4.14,0.0
20230312:0610,0.0,41.0,0.0,22.14,6.81,4.07,0.0
20230312:0710,0.0,103.0,0.0,31.97,7.06,3.72,0.0
20230312:0810,28.0,297.0,0.0,40.05,7.37,3.1,0.0
20230312:0910,0.0,155.0,0.0,45.32,7.64,3.93,0.0
20230312:1010,0.0,142.0,0.0,46.69,7.48,3.72,0.0
20230312:1110,0.0,146.0,0.0,43.8,7.44,4.0,0.0
20230312:1210,0.0,188.0,0.0,37.37,7.39,3.72,0.0
20230312:1310,39.0,224.0,0.0,28.54,7.39,2.83,0.0
20230312:1410,7.0,121.0,0.0,18.28,7.44,2.48,0.0
20230312:1510,0.0,8.0,0.0,7.21,7.31,1.59,0.0
20230312:1610,0.0,0.0,0.0,0.0,6.79,1.24,0.0
20230312:1710,0.0,0.0,0.0,0.0,6.16,0.76,0.0
20230312:1810,0.0,0.0,0.0,0.0,5.6,0.83,0.0
20230312:1910,0.0,0.0,0.0,0.0,5.0,1.31,0.0
20230312:2010,0.0,0.0,0.0,0.0,4.97,1.72,0.0
20230312:2110,0.0,0.0,0.0,0.0,4.97,2.0,0.0
20230312:2210,0.0,0.0,0.0,0.0,4.75,2.07,0.0
20230312:2310,0.0,0.0,0.0,0.0,4.38,2.28,0.0
20230313:0010,0.0,0.0,0.0,0.0,3.86,2.62,0.0
20230313:0110,0.0,0.0,0.0,0.0,3.02,2.55,0.0
20230313:0210,0.0,0.0,0.0,0.0,2.07,2.41,0.0
20230313:0310,0.0,0.0,0.0,0.0,1.78,2.41,0.0
20230313:0410,0.0,0.0,0.0,0.0,1.76,2.69,0.0
20230313:0510,0.0,54.0,0.0,11.62,1.78,3.24,0.0
20230313:0610,0.0,75.0,0.0,22.47,2.35,4.28,0.0
20230313:0710,17.0,234.0,0.0,32.32,2.91,4.9,0.0
20230313:0810,3.0,241.0,0.0,40.43,3.15,4.76,0.0
20230313:0910,0.0,201.0,0.0,45.72,3.88,5.1,0.0
20230313:1010,0.0,181.0,0.0,47.08,4.12,5.1,0.0
20230313:1110,0.0,214.0,0.0,44.15,4.18,4.76,0.0
20230313:1210,0.0,177.0,0.0,37.67,3.95,4.55,0.0
20230313:1310,0.0,145.0,0.0,28.8,3.35,4.0,0.0
20230313:1410,2.0,105.0,0.0,18.5,2.83,3.24,0.0
20230313:1510,4.0,44.0,0.0,7.42,2.39,3.1,0.0
20230313:1610,0.0,0.0,0.0,0.0,1.65,2.55,0.0
20230313:1710,0.0,0.0,0.0,0.0,1.39,2.9,0.0
20230313:1810,0.0,0.0,0.0,0.0,1.17,2.76,0.0
20230313:1910,0.0,0.0,0.0,0.0,0.97,2.48,0.0
20230313:2010,0.0,0.0,0.0,0.0,0.71,2.76,0.0
20230313:2110,0.0,0.0,0.0,0.0,0.48,2.48,0.0
20230313:2210,0.0,0.0,0.0,0.0,0.35,2.62,0.0
20230313:2310,0.0,0.0,0.0,0.0,0.15,2.76,0.0
20230314:0010,0.0,0.0,0.0,0.0,-0.02,2.97,0.0
20230314:0110,0.0,0.0,0.0,0.0,-0.39,2.97,0.0
20230314:0210,0.0,0.0,0.0,0.0,-0.62,2.76,0.0
20230314:0310,0.0,0.0,0.0,0.0,-0.64,2.62,0.0
20230314:0410,0.0,0.0,0.0,0.0,-0.77,2.62,0.0
20230314:0510,6.0,78.0,0.0,11.93,-0.68,2.41,0.0
20230314:0610,8.0,155.0,0.0,22.8,-0.05,2.48,0.0
20230314:0710,89.0,268.0,0.0,32.68,0.83,2.9,0.0
20230314:0810,343.01,251.0,0.0,40.81,2.04,2.97,0.0
20230314:0910,28.0,336.0,0.0,46.12,3.41,2.83,0.0
20230314:1010,0.0,213.0,0.0,47.47,4.57,2.21,0.0
20230314:1110,2.0,247.0,0.0,44.5,5.7,1.79,0.0
20230314:1210,0.0,97.0,0.0,37.97,6.73,1.31,0.0
20230314:1310,0.0,99.0,0.0,29.06,7.32,1.1,0.0
20230314:1410,0.0,56.0,0.0,18.73,7.56,1.38,0.0
20230314:1510,0.0,8.0,0.0,7.63,7.46,0.41,0.0
20230314:1610,0.0,0.0,0.0,0.0,6.95,0.69,0.0
20230314:1710,0.0,0.0,0.0,0.0,5.39,0.9,0.0
20230314:1810,0.0,0.0,0.0,0.0,5.13,0.83,0.0
20230314:1910,0.0,0.0,0.0,0.0,4.04,0.9,0.0
20230314:2010,0.0,0.0,0.0,0.0,3.21,0.97,0.0
20230314:2110,0.0,0.0,0.0,0.0,2.74,0.97,0.0
20230314:2210,0.0,0.0,0.0,0.0,2.33,0.97,0.0
20230314:2310,0.0,0.0,0.0,0.0,1.79,1.03,0.0
20230315:0010,0.0,0.0,0.0,0.0,2.13,0.76,0.0
20230315:0110,0.0,0.0,0.0,0.0,2.19,0.62,0.0
20230315:0210,0.0,0.0,0.0,0.0,1.94,0.69,0.0
20230315:0310,0.0,0.0,0.0,0.0,1.62,0.62,0.0
20230315:0410,0.0,0.0,0.0,0.0,1.26,0.55,0.0
20230315:0510,4.0,76.0,0.0,12.25,1.39,0.21,0.0
20230315:0610,241.0,115.0,0.0,23.13,4.6,0.07,0.0
20230315:0710,363.01,158.0,0.0,33.03,6.1,0.21,0.0
20230315:0810,546.01,136.0,0.0,41.19,8.08,0.14,0.0
20230315:0910,191.0,361.0,0.0,46.52,9.85,0.34,0.0
20230315:1010,361.01,304.0,0.0,47.86,11.14,1.03,0.0
20230315:1110,649.01,114.0,0.0,44.85,11.85,1.66,0.0
20230315:1210,4.0,234.0,0.0,38.26,12.23,2.21,0.0
20230315:1310,177.0,213.0,0.0,29.31,11.96,2.14,0.0
20230315:1410,221.0,80.0,0.0,18.95,11.87,2.21,0.0
20230315:1510,14.0,52.0,0.0,7.83,11.42,1.72,0.0
20230315:1610,0.0,0.0,0.0,0.0,10.22,1.17,0.0
20230315:1710,0.0,0.0,0.0,0.0,8.74,1.03,0.0
20230315:1810,0.0,0.0,0.0,0.0,8.17,0.97,0.0
20230315:1910,0.0,0.0,0.0,0.0,7.63,0.97,0.0
20230315:2010,0.0,0.0,0.0,0.0,5.88,1.38,0.0
20230315:2110,0.0,0.0,0.0,0.0,5.29,1.24,0.0
20230315:2210,0.0,0.0,0.0,0.0,4.76,1.1,0.0
20230315:2310,0.0,0.0,0.0,0.0,3.92,1.1,0.0
20230316:0010,0.0,0.0,0.0,0.0,2.99,1.24,0.0
20230316:0110,0.0,0.0,0.0,0.0,2.78,1.24,0.0
20230316:0210,0.0,0.0,0.0,0.0,2.63,1.17,0.0
20230316:0310,0.0,0.0,0.0,0.0,2.53,1.17,0.0
20230316:0410,0.0,0.0,0.0,0.0,2.25,1.24,0.0
20230316:0510,51.0,90.0,0.0,12.57,3.33,1.03,0.0
20230316:0610,7.0,155.0,0.0,23.46,6.61,1.1,0.0
20230316:0710,24.0,251.0,0.0,33.39,8.44,1.66,0.0
20230316:0810,3.0,248.0,0.0,41.58,9.7,2.9,0.0
20230316:0910,42.0,354.0,0.0,46.92,10.49,3.31,0.0
20230316:1010,0.0,165.0,0.0,48.25,11.16,3.66,0.0
20230316:1110,0.0,167.0,0.0,45.2,11.67,3.86,0.0
20230316:1210,4.0,233.0,0.0,38.56,11.96,3.72,0.0
20230316:1310,75.0,241.0,0.0,29.56,10.58,3.86,0.0
20230316:1410,29.0,148.0,0.0,19.17,10.45,3.1,0.0
20230316:1510,16.0,55.0,0.0,8.04,10.08,1.66,0.0
20230316:1610,0.0,0.0,0.0,0.0,8.96,1.52,0.0
20230316:1710,0.0,0.0,0.0,0.0,7.21,1.24,0.0
20230316:1810,0.0,0.0,0.0,0.0,7.18,0.55,0.0
20230316:1910,0.0,0.0,0.0,0.0,6.59,0.83,0.0
20230316:2010,0.0,0.0,0.0,0.0,6.01,0.83,0.0
20230316:2110,0.0,0.0,0.0,0.0,5.15,1.1,0.0
20230316:2210,0.0,0.0,0.0,0.0,4.15,1.1,0.0
20230316:2310,0.0,0.0,0.0,0.0,3.52,1.1,0.0
20230317:0010,0.0,0.0,0.0,0.0,3.47,1.03,0.0
20230317:0110,0.0,0.0,0.0,0.0,2.55,1.03,0.0
20230317:0210,0.0,0.0,0.0,0.0,2.15,1.03,0.0
20230317:0310,0.0,0.0,0.0,0.0,2.15,0.76,0.0
20230317:0410,0.0,0.0,0.0,0.0,1.44,0.97,0.0
20230317:0510,0.0,30.0,0.0,12.88,2.09,1.1,0.0
20230317:0610,0.0,40.0,0.0,23.8,5.15,1.45,0.0
20230317:0710,0.0,95.0,0.0,33.74,7.47,1.45,0.0
20230317:0810,0.0,137.0,0.0,41.96,8.02,2.0,0.0
20230317:0910,0.0,134.0,0.0,47.32,7.99,2.41,0.0
20230317:1010,0.0,157.0,0.0,48.64,7.54,2.07,0.0
20230317:1110,0.0,183.0,0.0,45.54,8.07,2.76,0.0
20230317:1210,0.0,115.0,0.0,38.86,8.32,2.41,0.0
20230317:1310,43.0,236.0,0.0,29.81,8.63,1.86,0.0
20230317:1410,0.0,37.0,0.0,19.39,8.76,1.59,0.0
20230317:1510,0.0,15.0,0.0,8.24,8.2,0.97,0.0
20230317:1610,0.0,0.0,0.0,0.0,7.36,1.17,0.0
20230317:1710,0.0,0.0,0.0,0.0,6.67,1.03,0.0
20230317:1810,0.0,0.0,0.0,0.0,6.11,1.03,0.0
20230317:1910,0.0,0.0,0.0,0.0,5.71,1.31,0.0
20230317:2010,0.0,0.0,0.0,0.0,5.22,1.1,0.0
20230317:2110,0.0,0.0,0.0,0.0,4.92,0.97,0.0
20230317:2210,0.0,0.0,0.0,0.0,4.56,0.9,0.0
20230317:2310,0.0,0.0,0.0,0.0,4.35,0.9,0.0
20230318:0010,0.0,0.0,0.0,0.0,4.01,0.97,0.0
20230318:0110,0.0,0.0,0.0,0.0,3.88,0.9,0.0
20230318:0210,0.0,0.0,0.0,0.0,3.69,0.9,0.0
20230318:0310,0.0,0.0,0.0,0.0,3.64,0.9,0.0
20230318:0410,0.0,1.0,0.0,1.81,3.46,0.9,0.0
20230318:0510,3.0,77.0,0.0,13.2,3.63,1.1,0.0
20230318:0610,8.0,163.0,0.0,24.13,4.21,1.31,0.0
20230318:0710,0.0,150.0,0.0,34.1,5.83,1.72,0.0
20230318:0810,0.0,206.0,0.0,42.34,7.25,1.59,0.0
20230318:0910,49.0,364.0,0.0,47.72,7.87,0.9,0.0
20230318:1010,1.0,260.0,0.0,49.03,8.72,1.1,0.0
20230318:1110,134.0,367.0,0.0,45.89,9.43,1.45,0.0
20230318:1210,352.01,228.0,0.0,39.15,9.57,1.66,0.0
20230318:1310,0.0,58.0,0.0,30.06,9.55,2.0,0.0
20230318:1410,0.0,27.0,0.0,19.61,8.59,2.48,0.0
20230318:1510,4.0,50.0,0.0,8.44,7.33,2.41,0.0
20230318:1610,0.0,0.0,0.0,0.0,6.67,1.59,0.0
20230318:1710,0.0,0.0,0.0,0.0,5.76,1.72,0.0
20230318:1810,0.0,0.0,0.0,0.0,4.9,2.14,0.0
20230318:1910,0.0,0.0,0.0,0.0,5.56,2.34,0.0
20230318:2010,0.0,0.0,0.0,0.0,5.42,2.41,0.0
20230318:2110,0.0,0.0,0.0,0.0,5.31,2.69,0.0
20230318:2210,0.0,0.0,0.0,0.0,5.0,2.83,0.0
20230318:2310,0.0,0.0,0.0,0.0,4.51,2.69,0.0
20230319:0010,0.0,0.0,0.0,0.0,4.07,2.55,0.0
20230319:0110,0.0,0.0,0.0,0.0,3.47,2.41,0.0
20230319:0210,0.0,0.0,0.0,0.0,3.31,2.41,0.0
20230319:0310,0.0,0.0,0.0,0.0,2.99,2.41,0.0
20230319:0410,0.0,1.0,0.0,2.13,2.74,2.14,0.0
20230319:0510,0.0,22.0,0.0,13.52,3.27,1.86,0.0
20230319:0610,0.0,57.0,0.0,24.46,4.32,2.55,0.0
20230319:0710,0.0,93.0,0.0,34.46,5.24,4.41,0.0
20230319:0810,0.0,161.0,0.0,42.73,5.57,5.31,0.0
20230319:0910,0.0,148.0,0.0,48.12,6.32,5.59,0.0
20230319:1010,0.0,249.0,0.0,49.42,6.31,4.69,0.0
20230319:1110,0.0,153.0,0.0,46.24,6.9,5.24,0.0
20230319:1210,0.0,129.0,0.0,39.44,7.24,4.97,0.0
20230319:1310,2.0,177.0,0.0,30.31,7.18,4.34,0.0
20230319:1410,0.0,35.0,0.0,19.83,6.65,3.66,0.0
20230319:1510,0.0,10.0,0.0,8.64,6.22,3.66,0.0
20230319:1610,0.0,0.0,0.0,0.0,5.57,3.79,0.0
20230319:1710,0.0,0.0,0.0,0.0,4.97,3.59,0.0
20230319:1810,0.0,0.0,0.0,0.0,4.64,3.45,0.0
20230319:1910,0.0,0.0,0.0,0.0,5.2,3.86,0.0
20230319:2010,0.0,0.0,0.0,0.0,5.09,3.59,0.0
20230319:2110,0.0,0.0,0.0,0.0,4.8,3.31,0.0
20230319:2210,0.0,0.0,0.0,0.0,4.47,2.97,0.0
20230319:2310,0.0,0.0,0.0,0.0,4.01,2.62,0.0
20230320:0010,0.0,0.0,0.0,0.0,3.88,2.41,0.0
20230320:0110,0.0,0.0,0.0,0.0,3.26,2.14,0.0
20230320:0210,0.0,0.0,0.0,0.0,2.71,2.0,0.0
20230320:0310,0.0,0.0,0.0,0.0,2.6,1.72,0.0
20230320:0410,0.0,8.0,0.0,2.44,1.72,1.52,0.0
20230320:0510,133.0,69.0,0.0,13.84,2.29,1.1,0.0
20230320:0610,326.0,90.0,0.0,24.8,4.68,1.38,0.0
20230320:0710,466.01,120.0,0.0,34.82,6.65,3.03,0.0
20230320:0810,636.01,108.0,0.0,43.11,8.67,4.07,0.0
20230320:0910,701.01,119.0,0.0,48.53,10.02,3.79,0.0
20230320:1010,729.01,114.0,0.0,49.81,11.11,3.93,0.0
20230320:1110,599.01,159.0,0.0,46.58,11.67,3.93,0.0
20230320:1210,136.0,321.0,0.0,39.73,11.97,3.86,0.0
20230320:1310,189.0,222.0,0.0,30.55,11.7,3.72,0.0
20230320:1410,213.0,96.0,0.0,20.04,11.05,3.38,0.0
20230320:1510,38.0,59.0,0.0,8.84,10.13,2.69,0.0
20230320:1610,0.0,0.0,0.0,0.0,8.3,2.21,0.0
20230320:1710,0.0,0.0,0.0,0.0,6.37,1.86,0.0
20230320:1810,0.0,0.0,0.0,0.0,4.39,1.45,0.0
20230320:1910,0.0,0.0,0.0,0.0,3.79,1.59,0.0
20230320:2010,0.0,0.0,0.0,0.0,4.49,1.17,0.0
20230320:2110,0.0,0.0,0.0,0.0,3.83,0.97,0.0
20230320:2210,0.0,0.0,0.0,0.0,3.03,0.97,0.0
20230320:2310,0.0,0.0,0.0,0.0,2.34,0.9,0.0
20230321:0010,0.0,0.0,0.0,0.0,1.69,0.83,0.0
20230321:0110,0.0,0.0,0.0,0.0,1.05,0.69,0.0
20230321:0210,0.0,0.0,0.0,0.0,0.5,0.62,0.0
20230321:0310,0.0,0.0,0.0,0.0,0.17,0.55,0.0
20230321:0410,0.0,8.0,0.0,2.75,0.04,0.55,0.0
20230321:0510,123.0,79.0,0.0,14.16,0.88,0.55,0.0
20230321:0610,332.0,93.0,0.0,25.13,4.26,0.83,0.0
20230321:0710,0.0,0.0,0.0,0.0,6.72,0.34,0.0
20230321:0810,0.0,0.0,0.0,0.0,8.47,0.28,0.0
20230321:0910,628.01,169.0,0.0,48.93,9.93,0.69,0.0
20230321:1010,747.01,113.0,0.0,50.2,11.15,1.17,0.0
20230321:1110,715.01,102.0,0.0,46.92,12.11,1.66,0.0
20230321:1210,602.01,102.0,0.0,40.02,12.73,1.79,0.0
20230321:1310,431.01,101.0,0.0,30.8,12.98,1.59,0.0
20230321:1410,87.0,158.0,0.0,20.26,12.95,1.59,0.0
20230321:1510,3.0,53.0,0.0,9.04,12.33,1.59,0.0
20230321:1610,0.0,0.0,0.0,0.0,10.77,1.59,0.0
20230321:1710,0.0,0.0,0.0,0.0,8.36,1.24,0.0
20230321:1810,0.0,0.0,0.0,0.0,8.47,0.9,0.0
20230321:1910,0.0,0.0,0.0,0.0,8.29,0.9,0.0
20230321:2010,0.0,0.0,0.0,0.0,7.52,0.55,0.0
20230321:2110,0.0,0.0,0.0,0.0,6.77,0.83,0.0
20230321:2210,0.0,0.0,0.0,0.0,6.19,0.83,0.0
20230321:2310,0.0,0.0,0.0,0.0,5.63,0.69,0.0
20230322:0010,0.0,0.0,0.0,0.0,5.02,0.69,0.0
20230322:0110,0.0,0.0,0.0,0.0,4.62,0.69,0.0
20230322:0210,0.0,0.0,0.0,0.0,4.13,0.69,0.0
20230322:0310,0.0,0.0,0.0,0.0,3.8,0.48,0.0
20230322:0410,0.0,3.0,0.0,3.07,3.51,0.76,0.0
20230322:0510,0.0,70.0,0.0,14.48,4.04,0.9,0.0
20230322:0610,0.0,122.0,0.0,25.47,7.4,0.97,0.0
20230322:0710,0.0,0.0,0.0,0.0,9.38,1.1,0.0
20230322:0810,13.0,295.0,0.0,43.88,11.03,1.45,0.0
20230322:0910,1.0,266.0,0.0,49.33,12.31,2.07,0.0
20230322:1010,0.0,242.0,0.0,50.59,13.01,2.14,0.0
20230322:1110,0.0,149.0,0.0,47.27,13.1,2.07,0.0
20230322:1210,0.0,135.0,0.0,40.31,12.86,2.14,0.0
20230322:1310,51.0,250.0,0.0,31.04,12.66,2.0,0.0
20230322:1410,24.0,155.0,0.0,20.47,12.14,1.45,0.0
20230322:1510,4.0,54.0,0.0,9.24,11.54,0.76,0.0
20230322:1610,0.0,0.0,0.0,0.0,10.6,0.28,0.0
20230322:1710,0.0,0.0,0.0,0.0,9.74,0.14,0.0
20230322:1810,0.0,0.0,0.0,0.0,8.92,0.34,0.0
20230322:1910,0.0,0.0,0.0,0.0,8.1,0.76,0.0
20230322:2010,0.0,0.0,0.0,0.0,7.5,0.41,0.0
20230322:2110,0.0,0.0,0.0,0.0,6.89,0.69,0.0
20230322:2210,0.0,0.0,0.0,0.0,5.49,1.1,0.0
20230322:2310,0.0,0.0,0.0,0.0,4.85,1.24,0.0
20230323:0010,0.0,0.0,0.0,0.0,4.86,1.17,0.0
20230323:0110,0.0,0.0,0.0,0.0,4.73,1.38,0.0
20230323:0210,0.0,0.0,0.0,0.0,5.1,1.66,0.0
20230323:0310,0.0,0.0,0.0,0.0,5.25,2.07,0.0
20230323:0410,0.0,4.0,0.0,3.38,5.17,1.93,0.0
20230323:0510,3.0,86.0,0.0,14.8,5.25,1.59,0.0
20230323:0610,0.0,55.0,0.0,25.8,5.54,1.59,0.0
20230323:0710,0.0,120.0,0.0,35.89,6.84,1.86,0.0
20230323:0810,1.0,240.0,0.0,44.27,7.72,1.93,0.0
20230323:0910,0.0,229.0,0.0,49.73,8.41,2.69,0.0
20230323:1010,0.0,161.0,0.0,50.97,9.36,2.76,0.0
20230323:1110,0.0,124.0,0.0,47.61,9.74,2.76,0.0
20230323:1210,0.0,175.0,0.0,40.59,9.98,2.69,0.0
20230323:1310,0.0,109.0,0.0,31.28,10.23,2.69,0.0
20230323:1410,113.0,149.0,0.0,20.68,10.2,2.69,0.0
20230323:1510,14.0,65.0,0.0,9.43,9.5,2.41,0.0
20230323:1610,0.0,0.0,0.0,0.0,8.34,1.52,0.0
20230323:1710,0.0,0.0,0.0,0.0,7.08,0.83,0.0
20230323:1810,0.0,0.0,0.0,0.0,6.81,0.69,0.0
20230323:1910,0.0,0.0,0.0,0.0,5.72,0.69,0.0
20230323:2010,0.0,0.0,0.0,0.0,5.12,0.76,0.0
20230323:2110,0.0,0.0,0.0,0.0,4.62,0.69,0.0
20230323:2210,0.0,0.0,0.0,0.0,4.18,0.62,0.0
20230323:2310,0.0,0.0,0.0,0.0,3.78,0.55,0.0
20230324:0010,0.0,0.0,0.0,0.0,3.43,0.48,0.0
20230324:0110,0.0,0.0,0.0,0.0,3.12,0.28,0.0
20230324:0210,0.0,0.0,0.0,0.0,2.86,0.14,0.0
20230324:0310,0.0,0.0,0.0,0.0,2.69,0.14,0.0
20230324:0410,0.0,12.0,0.0,3.69,2.23,0.14,0.0
20230324:0510,87.0,103.0,0.0,15.12,3.04,0.21,0.0
20230324:0610,247.0,146.0,0.0,26.13,5.78,0.48,0.0
20230324:0710,425.01,157.0,0.0,36.24,7.74,0.48,0.0
20230324:0810,254.0,324.0,0.0,44.65,9.11,0.55,0.0
20230324:0910,452.01,276.0,0.0,50.14,10.05,0.9,0.0
20230324:1010,463.01,280.0,0.0,51.36,10.87,1.1,0.0
20230324:1110,423.01,273.0,0.0,47.95,11.26,1.24,0.0
20230324:1210,167.0,322.0,0.0,40.87,11.61,1.31,0.0
20230324:1310,285.0,185.0,0.0,31.52,11.7,1.45,0.0
20230324:1410,256.0,84.0,0.0,20.89,11.79,1.72,0.0
20230324:1510,15.0,67.0,0.0,9.63,11.48,1.72,0.0
20230324:1610,0.0,0.0,0.0,0.0,10.55,1.31,0.0
20230324:1710,0.0,0.0,0.0,0.0,8.96,0.9,0.0
20230324:1810,0.0,0.0,0.0,0.0,8.75,0.62,0.0
20230324:1910,0.0,0.0,0.0,0.0,7.52,0.28,0.0
20230324:2010,0.0,0.0,0.0,0.0,6.95,0.28,0.0
20230324:2110,0.0,0.0,0.0,0.0,6.29,0.62,0.0
20230324:2210,0.0,0.0,0.0,0.0,5.68,0.9,0.0
20230324:2310,0.0,0.0,0.0,0.0,4.57,1.1,0.0
20230325:0010,0.0,0.0,0.0,0.0,3.52,1.31,0.0
20230325:0110,0.0,0.0,0.0,0.0,2.68,1.45,0.0
20230325:0210,0.0,0.0,0.0,0.0,2.11,1.45,0.0
20230325:0310,0.0,0.0,0.0,0.0,1.54,1.31,0.0
20230325:0410,0.0,16.0,0.0,4.0,1.39,1.17,0.0
20230325:0510,136.0,85.0,0.0,15.43,2.47,0.83,0.0
20230325:0610,326.0,107.0,0.0,26.47,6.16,1.03,0.0
20230325:0710,502.01,118.0,0.0,36.6,8.77,0.9,0.0
20230325:0810,633.01,126.0,0.0,45.04,10.65,0.62,0.0
20230325:0910,702.01,134.0,0.0,50.54,12.14,0.62,0.0
20230325:1010,699.01,145.0,0.0,51.75,12.99,0.62,0.0
20230325:1110,644.01,147.0,0.0,48.28,13.28,0.69,0.0
20230325:1210,605.01,106.0,0.0,41.15,13.49,1.03,0.0
20230325:1310,417.01,115.0,0.0,31.76,13.43,1.24,0.0
20230325:1410,246.0,91.0,0.0,21.1,13.51,1.03,0.0
20230325:1510,50.0,64.0,0.0,9.82,13.02,0.76,0.0
20230325:1610,0.0,0.0,0.0,0.0,11.6,0.76,0.0
20230325:1710,0.0,0.0,0.0,0.0,10.57,0.76,0.0
20230325:1810,0.0,0.0,0.0,0.0,9.54,0.69,0.0
20230325:1910,0.0,0.0,0.0,0.0,8.76,0.76,0.0
20230325:2010,0.0,0.0,0.0,0.0,7.97,0.48,0.0
20230325:2110,0.0,0.0,0.0,0.0,7.24,0.55,0.0
20230325:2210,0.0,0.0,0.0,0.0,6.6,0.48,0.0
20230325:2310,0.0,0.0,0.0,0.0,6.16,0.55,0.0
20230326:0010,0.0,0.0,0.0,0.0,5.8,0.62,0.0
20230326:0110,0.0,0.0,0.0,0.0,5.46,0.69,0.0
20230326:0210,0.0,0.0,0.0,0.0,5.15,0.69,0.0
20230326:0310,0.0,0.0,0.0,0.0,4.86,0.83,0.0
20230326:0410,0.0,17.0,0.0,4.32,4.51,0.9,0.0
20230326:0510,130.0,90.0,0.0,15.75,5.15,0.69,0.0
20230326:0610,306.0,119.0,0.0,26.8,9.27,0.9,0.0
20230326:0710,309.0,228.0,0.0,36.95,11.09,1.38,0.0
20230326:0810,544.01,178.0,0.0,45.42,12.7,1.93,0.0
20230326:0910,358.0,329.0,0.0,50.94,13.99,2.48,0.0
20230326:1010,75.0,401.0,0.0,52.13,14.7,3.1,0.0
20230326:1110,188.0,376.0,0.0,48.62,15.04,4.07,0.0
20230326:1210,145.0,331.0,0.0,41.43,14.48,4.14,0.0
20230326:1310,294.0,184.0,0.0,31.99,14.22,4.14,0.0
20230326:1410,28.0,163.0,0.0,21.31,13.88,3.93,0.0
20230326:1510,10.0,66.0,0.0,10.02,13.04,3.1,0.0
20230326:1610,0.0,0.0,0.0,0.0,11.45,2.55,0.0
20230326:1710,0.0,0.0,0.0,0.0,9.94,2.14,0.0
20230326:1810,0.0,0.0,0.0,0.0,8.36,2.0,0.0
20230326:1910,0.0,0.0,0.0,0.0,7.57,1.59,0.0
20230326:2010,0.0,0.0,0.0,0.0,6.12,1.93,0.0
20230326:2110,0.0,0.0,0.0,0.0,5.26,2.0,0.0
20230326:2210,0.0,0.0,0.0,0.0,4.54,2.0,0.0
20230326:2310,0.0,0.0,0.0,0.0,4.45,1.52,0.0
20230327:0010,0.0,0.0,0.0,0.0,5.12,1.1,0.0
20230327:0110,0.0,0.0,0.0,0.0,4.58,0.9,0.0
20230327:0210,0.0,0.0,0.0,0.0,4.03,0.69,0.0
20230327:0310,0.0,0.0,0.0,0.0,3.58,0.48,0.0
20230327:0410,0.0,24.0,0.0,4.63,3.1,0.21,0.0
20230327:0510,149.0,85.0,0.0,16.07,3.83,0.21,0.0
20230327:0610,345.0,104.0,0.0,27.13,5.5,0.34,0.0
20230327:0710,513.01,118.0,0.0,37.31,8.26,1.24,0.0
20230327:0810,670.01,112.0,0.0,45.8,10.55,2.0,0.0
20230327:0910,712.01,134.0,0.0,51.34,12.36,2.76,0.0
20230327:1010,373.0,336.0,0.0,52.52,13.68,3.24,0.0
20230327:1110,302.0,341.0,0.0,48.95,14.65,3.45,0.0
20230327:1210,274.0,292.0,0.0,41.71,15.41,3.52,0.0
20230327:1310,188.0,238.0,0.0,32.22,15.98,3.86,0.0
20230327:1410,239.0,98.0,0.0,21.51,16.27,4.41,0.0
20230327:1510,74.0,58.0,0.0,10.21,15.61,2.41,0.0
20230327:1610,0.0,0.0,0.0,0.0,14.46,1.03,0.0
20230327:1710,0.0,0.0,0.0,0.0,12.08,1.93,0.0
20230327:1810,0.0,0.0,0.0,0.0,9.79,2.21,0.0
20230327:1910,0.0,0.0,0.0,0.0,8.4,2.48,0.0
20230327:2010,0.0,0.0,0.0,0.0,7.99,3.17,0.0
20230327:2110,0.0,0.0,0.0,0.0,7.79,3.52,0.0
20230327:2210,0.0,0.0,0.0,0.0,7.36,3.45,0.0
20230327:2310,0.0,0.0,0.0,0.0,6.86,3.45,0.0
20230328:0010,0.0,0.0,0.0,0.0,6.4,3.38,0.0
20230328:0110,0.0,0.0,0.0,0.0,6.03,3.38,0.0
20230328:0210,0.0,0.0,0.0,0.0,5.68,3.24,0.0
20230328:0310,0.0,0.0,0.0,0.0,5.32,3.03,0.0
20230328:0410,0.0,4.0,0.0,4.94,4.88,2.9,0.0
20230328:0510,0.0,42.0,0.0,16.39,6.54,2.55,0.0
20230328:0610,0.0,39.0,0.0,27.46,8.72,3.72,0.0
20230328:0710,0.0,65.0,0.0,37.66,8.88,3.59,0.0
20230328:0810,1.0,246.0,0.0,46.18,10.18,5.03,0.0
20230328:0910,243.0,381.0,0.0,51.74,9.68,6.21,0.0
20230328:1010,26.0,367.0,0.0,52.9,9.69,4.9,0.0
20230328:1110,0.0,167.0,0.0,49.28,11.74,5.66,0.0
20230328:1210,0.0,159.0,0.0,41.99,10.61,6.14,0.0
20230328:1310,0.0,133.0,0.0,32.45,11.28,6.55,0.0
20230328:1410,42.0,170.0,0.0,21.72,8.64,5.38,0.0
20230328:1510,5.0,63.0,0.0,10.4,8.37,3.31,0.0
20230328:1610,0.0,0.0,0.0,0.0,7.21,4.28,0.0
20230328:1710,0.0,0.0,0.0,0.0,5.94,3.66,0.0
20230328:1810,0.0,0.0,0.0,0.0,5.56,3.24,0.0
20230328:1910,0.0,0.0,0.0,0.0,5.17,3.03,0.0
20230328:2010,0.0,0.0,0.0,0.0,4.71,2.48,0.0
20230328:2110,0.0,0.0,0.0,0.0,4.46,2.21,0.0
20230328:2210,0.0,0.0,0.0,0.0,4.05,1.59,0.0
20230328:2310,0.0,0.0,0.0,0.0,3.73,1.31,0.0
20230329:0010,0.0,0.0,0.0,0.0,2.98,1.52,0.0
20230329:0110,0.0,0.0,0.0,0.0,2.15,1.72,0.0
20230329:0210,0.0,0.0,0.0,0.0,1.68,1.93,0.0
20230329:0310,0.0,0.0,0.0,0.0,1.32,2.41,0.0
20230329:0410,0.0,8.0,0.0,5.25,1.04,3.17,0.0
20230329:0510,0.0,70.0,0.0,16.7,0.99,3.52,0.0
20230329:0610,0.0,55.0,0.0,27.79,1.11,4.48,0.0
20230329:0710,0.0,108.0,0.0,38.01,1.31,4.69,0.0
20230329:0810,0.0,120.0,0.0,46.56,1.22,5.03,0.0
20230329:0910,0.0,169.0,0.0,52.13,1.38,5.17,0.0
20230329:1010,4.0,311.0,0.0,53.28,1.86,5.38,0.0
20230329:1110,17.0,338.0,0.0,49.61,2.08,5.38,0.0
20230329:1210,17.0,297.0,0.0,42.26,2.13,5.38,0.0
20230329:1310,28.0,251.0,0.0,32.68,1.66,5.1,0.0
20230329:1410,8.0,149.0,0.0,21.92,1.05,4.97,0.0
20230329:1510,7.0,70.0,0.0,10.59,0.09,4.21,0.0
20230329:1610,0.0,0.0,0.0,0.0,-0.78,3.03,0.0
20230329:1710,0.0,0.0,0.0,0.0,-1.28,2.34,0.0
20230329:1810,0.0,0.0,0.0,0.0,-1.67,2.14,0.0
20230329:1910,0.0,0.0,0.0,0.0,-2.14,2.28,0.0
20230329:2010,0.0,0.0,0.0,0.0,-2.94,1.86,0.0
20230329:2110,0.0,0.0,0.0,0.0,-4.0,1.72,0.0
20230329:2210,0.0,0.0,0.0,0.0,-4.95,1.79,0.0
20230329:2310,0.0,0.0,0.0,0.0,-5.41,2.07,0.0
20230330:0010,0.0,0.0,0.0,0.0,-5.67,2.14,0.0
20230330:0110,0.0,0.0,0.0,0.0,-5.82,2.14,0.0
20230330:0210,0.0,0.0,0.0,0.0,-6.05,2.07,0.0
20230330:0310,0.0,0.0,0.0,0.0,-6.2,2.07,0.0
20230330:0410,0.0,31.0,0.0,5.56,-6.1,2.07,0.0
20230330:0510,149.0,100.0,0.0,17.01,-3.88,3.24,0.0
20230330:0610,259.0,169.0,0.0,28.12,-2.55,4.21,0.0
20230330:0710,30.0,294.0,0.0,38.36,-1.33,3.79,0.0
20230330:0810,117.0,383.0,0.0,46.94,-0.35,4.0,0.0
20230330:0910,219.0,406.0,0.0,52.53,0.65,4.28,0.0
20230330:1010,180.0,423.0,0.0,53.66,1.4,4.07,0.0
20230330:1110,0.0,130.0,0.0,49.94,2.12,3.86,0.0
20230330:1210,0.0,63.0,0.0,42.53,2.28,3.86,0.0
20230330:1310,0.0,99.0,0.0,32.91,1.9,3.72,0.0
20230330:1410,234.0,114.0,0.0,22.12,0.26,4.21,0.0
20230330:1510,94.0,57.0,0.0,10.78,-0.41,4.34,0.0
20230330:1610,0.0,0.0,0.0,0.0,-1.31,3.17,0.0
20230330:1710,0.0,0.0,0.0,0.0,-2.16,2.69,0.0
20230330:1810,0.0,0.0,0.0,0.0,-3.14,2.41,0.0
20230330:1910,0.0,0.0,0.0,0.0,-4.09,1.93,0.0
20230330:2010,0.0,0.0,0.0,0.0,-5.04,1.79,0.0
20230330:2110,0.0,0.0,0.0,0.0,-5.23,1.66,0.0
20230330:2210,0.0,0.0,0.0,0.0,-5.38,1.59,0.0
20230330:2310,0.0,0.0,0.0,0.0,-5.42,1.45,0.0
20230331:0010,0.0,0.0,0.0,0.0,-5.61,1.45,0.0
20230331:0110,0.0,0.0,0.0,0.0,-5.92,1.31,0.0
20230331:0210,0.0,0.0,0.0,0.0,-6.14,1.31,0.0
20230331:0310,0.0,0.0,0.0,0.0,-6.25,1.31,0.0
20230331:0410,0.0,30.0,0.0,5.87,-6.16,1.24,0.0
20230331:0510,184.0,83.0,0.0,17.33,-3.93,1.45,0.0
20230331:0610,361.0,112.0,0.0,28.44,-2.45,2.21,0.0
20230331:0710,508.01,139.0,0.0,38.71,-0.16,2.69,0.0
20230331:0810,687.01,120.0,0.0,47.31,1.56,2.83,0.0
20230331:0910,745.01,134.0,0.0,52.93,3.17,2.34,0.0
20230331:1010,759.01,135.0,0.0,54.04,4.63,2.69,0.0
20230331:1110,739.01,116.0,0.0,50.27,5.73,3.52,0.0
20230331:1210,649.01,101.0,0.0,42.8,6.34,3.59,0.0
20230331:1310,448.01,115.0,0.0,33.14,6.58,3.24,0.0
20230331:1410,280.0,89.0,0.0,22.32,6.55,3.17,0.0
20230331:1510,48.0,77.0,0.0,10.97,6.1,2.97,0.0
20230331:1610,0.0,0.0,0.0,0.0,4.9,2.0,0.0
20230331:1710,0.0,0.0,0.0,0.0,3.6,1.72,0.0
20230331:1810,0.0,0.0,0.0,0.0,2.26,1.59,0.0
20230331:1910,0.0,0.0,0.0,0.0,2.11,1.52,0.0
20230331:2010,0.0,0.0,0.0,0.0,2.34,1.52,0.0
20230331:2110,0.0,0.0,0.0,0.0,2.39,1.59,0.0
20230331:2210,0.0,0.0,0.0,0.0,2.27,1.59,0.0
20230331:2310,0.0,0.0,0.0,0.0,1.64,1.59,0.0
20230401:0010,0.0,0.0,0.0,0.0,1.61,1.38,0.0
20230401:0110,0.0,0.0,0.0,0.0,1.46,1.31,0.0
20230401:0210,0.0,0.0,0.0,0.0,2.26,0.83,0.0
20230401:0310,0.0,0.0,0.0,0.0,1.84,1.03,0.0
20230401:0410,0.0,37.0,0.0,6.18,0.83,1.17,0.0
20230401:0510,164.0,94.0,0.0,17.64,1.98,1.03,0.0
20230401:0610,342.0,123.0,0.0,28.77,5.75,1.59,0.0
20230401:0710,490.01,147.0,0.0,39.06,8.04,2.55,0.0
20230401:0810,628.01,151.0,0.0,47.69,10.02,3.24,0.0
20230401:0910,328.0,360.0,0.0,53.32,11.59,3.45,0.0
20230401:1010,367.0,350.0,0.0,54.42,13.15,3.86,0.0
20230401:1110,561.01,215.0,0.0,50.59,14.08,4.14,0.0
20230401:1210,323.0,278.0,0.0,43.06,14.37,3.79,0.0
20230401:1310,338.0,174.0,0.0,33.36,14.54,3.86,0.0
20230401:1410,17.0,163.0,0.0,22.52,14.17,3.1,0.0
20230401:1510,25.0,80.0,0.0,11.16,13.66,2.34,0.0
20230401:1610,0.0,0.0,0.0,0.0,12.3,1.66,0.0
20230401:1710,0.0,0.0,0.0,0.0,10.36,1.72,0.0
20230401:1810,0.0,0.0,0.0,0.0,8.18,2.0,0.0
20230401:1910,0.0,0.0,0.0,0.0,6.79,1.79,0.0
20230401:2010,0.0,0.0,0.0,0.0,5.64,2.34,0.0
20230401:2110,0.0,0.0,0.0,0.0,5.58,3.17,0.0
20230401:2210,0.0,0.0,0.0,0.0,5.82,3.66,0.0
20230401:2310,0.0,0.0,0.0,0.0,5.79,3.66,0.0
20230402:0010,0.0,0.0,0.0,0.0,5.73,3.52,0.0
20230402:0110,0.0,0.0,0.0,0.0,5.56,3.38,0.0
20230402:0210,0.0,0.0,0.0,0.0,5.49,3.17,0.0
20230402:0310,0.0,0.0,0.0,0.0,5.46,3.03,0.0
20230402:0410,0.0,32.0,0.0,6.49,5.02,2.83,0.0
20230402:0510,0.0,39.0,0.0,17.95,6.38,2.55,0.0
20230402:0610,137.0,221.0,0.0,29.09,8.73,3.24,0.0
20230402:0710,84.0,315.0,0.0,39.4,11.14,3.86,0.0
20230402:0810,57.0,365.0,0.0,48.06,12.59,5.1,0.0
20230402:0910,69.0,404.0,0.0,53.71,13.71,5.66,0.0
20230402:1010,347.0,357.0,0.0,54.8,14.19,5.72,0.0
20230402:1110,85.0,392.0,0.0,50.91,14.31,5.66,0.0
20230402:1210,0.0,93.0,0.0,43.33,14.51,5.45,0.0
20230402:1310,0.0,48.0,0.0,33.58,14.48,5.24,0.0
20230402:1410,5.0,142.0,0.0,22.72,14.2,4.62,0.0
20230402:1510,0.0,18.0,0.0,11.34,13.59,3.79,0.0
20230402:1610,0.0,0.0,0.0,0.0,11.78,3.86,0.0
20230402:1710,0.0,0.0,0.0,0.0,9.97,2.41,0.0
20230402:1810,0.0,0.0,0.0,0.0,9.15,1.24,0.0
20230402:1910,0.0,0.0,0.0,0.0,7.98,2.07,0.0
20230402:2010,0.0,0.0,0.0,0.0,7.19,1.72,0.0
20230402:2110,0.0,0.0,0.0,0.0,7.13,1.72,0.0
20230402:2210,0.0,0.0,0.0,0.0,7.1,1.79,0.0
20230402:2310,0.0,0.0,0.0,0.0,7.06,1.86,0.0
20230403:0010,0.0,0.0,0.0,0.0,7.15,2.0,0.0
20230403:0110,0.0,0.0,0.0,0.0,7.28,2.0,0.0
20230403:0210,0.0,0.0,0.0,0.0,7.3,2.0,0.0
20230403:0310,0.0,0.0,0.0,0.0,7.25,1.93,0.0
20230403:0410,0.0,6.0,0.0,6.79,7.15,1.86,0.0
20230403:0510,0.0,52.0,0.0,18.26,8.25,1.66,0.0
20230403:0610,120.0,230.0,0.0,29.41,10.1,2.21,0.0
20230403:0710,267.0,272.0,0.0,39.75,12.19,2.34,0.0
20230403:0810,641.01,148.0,0.0,48.44,14.15,3.1,0.0
20230403:0910,696.01,162.0,0.0,54.11,15.64,3.45,0.0
20230403:1010,678.01,179.0,0.0,55.17,16.84,3.72,0.0
20230403:1110,688.01,145.0,0.0,51.23,17.69,3.79,0.0
20230403:1210,542.01,159.0,0.0,43.59,18.06,3.38,0.0
20230403:1310,278.0,209.0,0.0,33.8,18.13,2.9,0.0
20230403:1410,2.0,132.0,0.0,22.91,17.92,2.14,0.0
20230403:1510,0.0,50.0,0.0,11.53,17.16,0.83,0.0
20230403:1610,0.0,0.0,0.0,0.0,16.08,0.41,0.0
20230403:1710,0.0,0.0,0.0,0.0,13.07,1.38,0.0
20230403:1810,0.0,0.0,0.0,0.0,11.15,1.66,0.0
20230403:1910,0.0,0.0,0.0,0.0,10.94,1.52,0.0
20230403:2010,0.0,0.0,0.0,0.0,10.12,1.45,0.0
20230403:2110,0.0,0.0,0.0,0.0,9.64,1.45,0.0
20230403:2210,0.0,0.0,0.0,0.0,9.95,1.24,0.0
20230403:2310,0.0,0.0,0.0,0.0,8.84,1.31,0.0
20230404:0010,0.0,0.0,0.0,0.0,6.87,1.59,0.0
20230404:0110,0.0,0.0,0.0,0.0,5.76,1.72,0.0
20230404:0210,0.0,0.0,0.0,0.0,5.17,1.86,0.0
20230404:0310,0.0,0.0,0.0,0.0,4.86,1.93,0.0
20230404:0410,0.0,19.0,0.0,7.09,5.0,1.93,0.0
20230404:0510,13.0,130.0,0.0,18.56,7.17,1.86,0.0
20230404:0610,30.0,228.0,0.0,29.73,11.98,2.41,0.0
20230404:0710,131.0,322.0,0.0,40.09,14.31,4.14,0.0
20230404:0810,54.0,371.0,0.0,48.8,16.1,5.17,0.0
20230404:0910,139.0,423.0,0.0,54.5,17.5,5.79,0.0
20230404:1010,693.01,178.0,0.0,55.54,18.54,6.14,0.0
20230404:1110,99.0,403.0,0.0,51.55,19.21,6.14,0.0
20230404:1210,0.0,210.0,0.0,43.85,19.47,6.14,0.0
20230404:1310,0.0,49.0,0.0,34.02,17.45,5.79,0.0
20230404:1410,55.0,184.0,0.0,23.11,13.61,2.14,0.0
20230404:1510,0.0,46.0,0.0,11.71,12.67,1.24,0.0
20230404:1610,0.0,0.0,0.0,0.0,11.74,2.21,0.0
20230404:1710,0.0,0.0,0.0,0.0,10.88,2.69,0.0
20230404:1810,0.0,0.0,0.0,0.0,10.26,2.41,0.0
20230404:1910,0.0,0.0,0.0,0.0,9.51,0.55,0.0
20230404:2010,0.0,0.0,0.0,0.0,8.04,1.03,0.0
20230404:2110,0.0,0.0,0.0,0.0,6.22,1.66,0.0
20230404:2210,0.0,0.0,0.0,0.0,5.18,2.07,0.0
20230404:2310,0.0,0.0,0.0,0.0,4.63,2.07,0.0
20230405:0010,0.0,0.0,0.0,0.0,4.31,2.14,0.0
20230405:0110,0.0,0.0,0.0,0.0,3.91,2.0,0.0
20230405:0210,0.0,0.0,0.0,0.0,3.59,2.07,0.0
20230405:0310,0.0,0.0,0.0,0.0,3.59,2.14,0.0
20230405:0410,0.0,7.0,0.0,7.4,3.61,2.07,0.0
20230405:0510,31.0,144.0,0.0,18.87,6.59,2.14,0.0
20230405:0610,0.0,143.0,0.0,30.04,8.37,3.1,0.0
20230405:0710,75.0,322.0,0.0,40.42,10.23,4.69,0.0
20230405:0810,6.0,293.0,0.0,49.17,11.26,4.28,0.0
20230405:0910,295.0,382.0,0.0,54.88,12.23,4.14,0.0
20230405:1010,166.0,424.0,0.0,55.91,12.86,4.28,0.0
20230405:1110,471.01,274.0,0.0,51.87,12.82,4.41,0.0
20230405:1210,374.0,259.0,0.0,44.11,12.14,4.69,0.0
20230405:1310,0.0,159.0,0.0,34.24,12.02,4.34,0.0
20230405:1410,0.0,40.0,0.0,23.3,10.9,3.66,0.0
20230405:1510,0.0,14.0,0.0,11.9,9.51,3.03,0.0
20230405:1610,0.0,0.0,0.0,0.0,8.69,1.59,0.0
20230405:1710,0.0,0.0,0.0,0.0,7.78,1.45,0.0
20230405:1810,0.0,0.0,0.0,0.0,6.65,1.86,0.0
20230405:1910,0.0,0.0,0.0,0.0,5.73,1.59,0.0
20230405:2010,0.0,0.0,0.0,0.0,4.86,1.72,0.0
20230405:2110,0.0,0.0,0.0,0.0,4.68,1.93,0.0
20230405:2210,0.0,0.0,0.0,0.0,4.74,1.59,0.0
20230405:2310,0.0,0.0,0.0,0.0,4.35,1.59,0.0
20230406:0010,0.0,0.0,0.0,0.0,4.46,1.86,0.0
20230406:0110,0.0,0.0,0.0,0.0,3.81,1.66,0.0
20230406:0210,0.0,0.0,0.0,0.0,3.02,1.59,0.0
20230406:0310,0.0,0.0,0.0,0.0,2.63,1.66,0.0
20230406:0410,0.0,11.0,0.0,7.69,2.32,1.86,0.0
20230406:0510,30.0,146.0,0.0,19.17,4.6,3.38,0.0
20230406:0610,121.0,241.0,0.0,30.36,5.57,3.86,0.0
20230406:0710,83.0,329.0,0.0,40.76,7.0,3.86,0.0
20230406:0810,123.0,392.0,0.0,49.54,8.33,3.93,0.0
20230406:0910,94.0,425.0,0.0,55.27,9.51,4.07,0.0
20230406:1010,65.0,419.0,0.0,56.28,10.43,4.28,0.0
20230406:1110,239.0,387.0,0.0,52.18,11.13,4.41,0.0
20230406:1210,166.0,349.0,0.0,44.36,11.38,4.28,0.0
20230406:1310,96.0,280.0,0.0,34.45,11.56,3.86,0.0
20230406:1410,253.0,113.0,0.0,23.49,11.4,3.1,0.0
20230406:1510,28.0,88.0,0.0,12.08,10.7,2.28,0.0
20230406:1610,0.0,0.0,0.0,0.0,9.92,0.69,0.0
20230406:1710,0.0,0.0,0.0,0.0,9.21,0.34,0.0
20230406:1810,0.0,0.0,0.0,0.0,7.75,0.97,0.0
20230406:1910,0.0,0.0,0.0,0.0,6.56,0.76,0.0
20230406:2010,0.0,0.0,0.0,0.0,5.68,0.76,0.0
20230406:2110,0.0,0.0,0.0,0.0,5.2,0.76,0.0
20230406:2210,0.0,0.0,0.0,0.0,4.82,0.97,0.0
20230406:2310,0.0,0.0,0.0,0.0,4.67,1.1,0.0
20230407:0010,0.0,0.0,0.0,0.0,4.71,1.38,0.0
20230407:0110,0.0,0.0,0.0,0.0,4.4,1.79,0.0
20230407:0210,0.0,0.0,0.0,0.0,3.96,1.72,0.0
20230407:0310,0.0,0.0,0.0,0.0,3.46,1.79,0.0
20230407:0410,29.0,52.0,0.0,7.99,2.97,1.72,0.0
20230407:0510,0.0,57.0,0.0,19.47,4.59,2.14,0.0
20230407:0610,0.0,118.0,0.0,30.67,5.75,2.55,0.0
20230407:0710,0.0,146.0,0.0,41.09,7.51,2.62,0.0
20230407:0810,22.0,345.0,0.0,49.9,8.51,2.9,0.0
20230407:0910,87.0,424.0,0.0,55.65,9.33,3.17,0.0
20230407:1010,0.0,171.0,0.0,56.65,9.74,3.24,0.0
20230407:1110,584.01,219.0,0.0,52.49,10.06,3.38,0.0
20230407:1210,249.0,325.0,0.0,44.61,9.84,3.31,0.0
20230407:1310,0.0,50.0,0.0,34.66,9.88,3.66,0.0
20230407:1410,101.0,183.0,0.0,23.68,8.77,3.66,0.0
20230407:1510,0.0,24.0,0.0,12.26,7.76,2.97,0.0
20230407:1610,0.0,0.0,0.0,0.0,7.09,2.07,0.0
20230407:1710,0.0,0.0,0.0,0.0,6.28,1.45,0.0
20230407:1810,0.0,0.0,0.0,0.0,4.99,1.24,0.0
20230407:1910,0.0,0.0,0.0,0.0,3.68,1.45,0.0
20230407:2010,0.0,0.0,0.0,0.0,3.59,1.17,0.0
20230407:2110,0.0,0.0,0.0,0.0,3.72,0.97,0.0
20230407:2210,0.0,0.0,0.0,0.0,3.19,0.83,0.0
20230407:2310,0.0,0.0,0.0,0.0,2.64,0.62,0.0
20230408:0010,0.0,0.0,0.0,0.0,2.23,0.62,0.0
20230408:0110,0.0,0.0,0.0,0.0,1.87,0.55,0.0
20230408:0210,0.0,0.0,0.0,0.0,1.43,0.48,0.0
20230408:0310,0.0,0.0,0.0,0.0,1.09,0.48,0.0
20230408:0410,54.0,47.0,0.0,8.29,0.8,0.41,0.0
20230408:0510,199.0,102.0,0.0,19.77,2.35,0.69,0.0
20230408:0610,347.0,148.0,0.0,30.98,4.93,0.9,0.0
20230408:0710,538.01,149.0,0.0,41.42,6.61,0.62,0.0
20230408:0810,629.01,178.0,0.0,50.26,8.24,1.31,0.0
20230408:0910,683.01,194.0,0.0,56.03,9.62,1.86,0.0
20230408:1010,763.01,155.0,0.0,57.01,11.27,2.34,0.0
20230408:1110,761.01,126.0,0.0,52.8,12.34,2.48,0.0
20230408:1210,331.0,296.0,0.0,44.86,13.12,2.62,0.0
20230408:1310,445.0,135.0,0.0,34.88,13.26,2.41,0.0
20230408:1410,165.0,164.0,0.0,23.87,13.21,2.07,0.0
20230408:1510,20.0,91.0,0.0,12.44,12.49,1.38,0.0
20230408:1610,0.0,0.0,0.0,0.0,11.18,0.69,0.0
20230408:1710,0.0,0.0,0.0,0.0,9.89,0.14,0.0
20230408:1810,0.0,0.0,0.0,0.0,8.96,0.48,0.0
20230408:1910,0.0,0.0,0.0,0.0,7.66,0.76,0.0
20230408:2010,0.0,0.0,0.0,0.0,6.86,0.76,0.0
20230408:2110,0.0,0.0,0.0,0.0,6.15,0.76,0.0
20230408:2210,0.0,0.0,0.0,0.0,5.57,0.83,0.0
20230408:2310,0.0,0.0,0.0,0.0,5.12,0.76,0.0
20230409:0010,0.0,0.0,0.0,0.0,4.56,1.03,0.0
20230409:0110,0.0,0.0,0.0,0.0,3.3,1.24,0.0
20230409:0210,0.0,0.0,0.0,0.0,2.85,1.38,0.0
20230409:0310,0.0,0.0,0.0,0.0,2.88,1.45,0.0
20230409:0410,44.0,53.0,0.0,8.58,2.87,1.52,0.0
20230409:0510,184.0,109.0,0.0,20.06,5.82,1.45,0.0
20230409:0610,310.0,166.0,0.0,31.28,8.83,1.72,0.0
20230409:0710,284.0,283.0,0.0,41.75,10.45,2.21,0.0
20230409:0810,288.0,355.0,0.0,50.62,11.98,2.41,0.0
20230409:0910,522.01,282.0,0.0,56.41,13.22,2.41,0.0
20230409:1010,419.0,344.0,0.0,57.37,14.06,2.34,0.0
20230409:1110,19.0,352.0,0.0,53.1,14.26,2.55,0.0
20230409:1210,14.0,300.0,0.0,45.11,14.29,2.28,0.0
20230409:1310,0.0,115.0,0.0,35.08,14.23,1.86,0.0
20230409:1410,1.0,133.0,0.0,24.06,13.84,1.38,0.0
20230409:1510,3.0,71.0,0.0,12.62,13.47,0.97,0.0
20230409:1610,0.0,0.0,0.0,0.0,12.76,0.69,0.0
20230409:1710,0.0,0.0,0.0,0.0,11.62,0.69,0.0
20230409:1810,0.0,0.0,0.0,0.0,10.34,0.97,0.0
20230409:1910,0.0,0.0,0.0,0.0,9.0,1.38,0.0
20230409:2010,0.0,0.0,0.0,0.0,8.4,1.38,0.0
20230409:2110,0.0,0.0,0.0,0.0,7.21,1.45,0.0
20230409:2210,0.0,0.0,0.0,0.0,7.14,1.17,0.0
20230409:2310,0.0,0.0,0.0,0.0,7.24,0.97,0.0
20230410:0010,0.0,0.0,0.0,0.0,7.06,0.9,0.0
20230410:0110,0.0,0.0,0.0,0.0,6.11,0.97,0.0
20230410:0210,0.0,0.0,0.0,0.0,5.25,1.17,0.0
20230410:0310,0.0,0.0,0.0,0.0,4.83,1.31,0.0
20230410:0410,0.0,9.0,0.0,8.87,4.59,1.38,0.0
20230410:0510,0.0,27.0,0.0,20.35,7.56,1.24,0.0
20230410:0610,0.0,158.0,0.0,31.59,9.74,1.52,0.0
20230410:0710,0.0,169.0,0.0,42.08,10.42,1.38,0.0
20230410:0810,0.0,124.0,0.0,50.97,12.11,1.72,0.0
20230410:0910,0.0,116.0,0.0,56.79,13.46,2.0,0.0
20230410:1010,0.0,171.0,0.0,57.73,14.1,1.52,0.0
20230410:1110,0.0,166.0,0.0,53.4,12.83,1.93,0.0
20230410:1210,28.0,325.0,0.0,45.36,11.5,3.86,0.0
20230410:1310,0.0,60.0,0.0,35.29,10.5,2.62,0.0
20230410:1410,0.0,40.0,0.0,24.24,10.77,1.31,0.0
20230410:1510,17.0,89.0,0.0,12.8,10.68,0.83,0.0
20230410:1610,0.0,0.0,0.0,0.0,10.21,0.41,0.0
20230410:1710,0.0,0.0,0.0,0.0,8.87,0.69,0.0
20230410:1810,0.0,0.0,0.0,0.0,8.48,0.55,0.0
20230410:1910,0.0,0.0,0.0,0.0,7.84,2.55,0.0
20230410:2010,0.0,0.0,0.0,0.0,6.96,2.34,0.0
20230410:2110,0.0,0.0,0.0,0.0,6.19,2.28,0.0
20230410:2210,0.0,0.0,0.0,0.0,5.64,2.21,0.0
20230410:2310,0.0,0.0,0.0,0.0,5.25,2.07,0.0
20230411:0010,0.0,0.0,0.0,0.0,4.63,1.79,0.0
20230411:0110,0.0,0.0,0.0,0.0,4.48,1.45,0.0
20230411:0210,0.0,0.0,0.0,0.0,4.31,1.24,0.0
20230411:0310,0.0,0.0,0.0,0.0,4.17,1.17,0.0
20230411:0410,0.0,10.0,0.0,9.16,4.17,1.31,0.0
20230411:0510,2.0,117.0,0.0,20.64,4.41,1.72,0.0
20230411:0610,2.0,182.0,0.0,31.89,4.87,1.79,0.0
20230411:0710,143.0,337.0,0.0,42.4,7.37,1.52,0.0
20230411:0810,118.0,401.0,0.0,51.32,8.43,2.07,0.0
20230411:0910,100.0,434.0,0.0,57.17,9.69,2.69,0.0
20230411:1010,22.0,382.0,0.0,58.09,10.69,3.17,0.0
20230411:1110,18.0,353.0,0.0,53.7,11.53,3.17,0.0
20230411:1210,155.0,359.0,0.0,45.6,11.91,2.9,0.0
20230411:1310,0.0,51.0,0.0,35.5,11.94,2.62,0.0
20230411:1410,0.0,50.0,0.0,24.43,11.79,2.48,0.0
20230411:1510,0.0,58.0,0.0,12.98,10.93,2.28,0.0
20230411:1610,0.0,0.0,0.0,0.0,9.95,1.52,0.0
20230411:1710,0.0,0.0,0.0,0.0,8.75,1.17,0.0
20230411:1810,0.0,0.0,0.0,0.0,7.04,1.17,0.0
20230411:1910,0.0,0.0,0.0,0.0,5.86,1.31,0.0
20230411:2010,0.0,0.0,0.0,0.0,5.38,1.17,0.0
20230411:2110,0.0,0.0,0.0,0.0,4.55,1.31,0.0
20230411:2210,0.0,0.0,0.0,0.0,4.18,1.52,0.0
20230411:2310,0.0,0.0,0.0,0.0,3.96,1.72,0.0
20230412:0010,0.0,0.0,0.0,0.0,3.33,1.79,0.0
20230412:0110,0.0,0.0,0.0,0.0,2.54,1.86,0.0
20230412:0210,0.0,0.0,0.0,0.0,1.74,1.93,0.0
20230412:0310,0.0,0.0,0.0,0.0,0.98,1.86,0.0
20230412:0410,0.0,39.0,0.0,9.44,0.92,1.59,0.0
20230412:0510,224.0,100.0,0.0,20.93,3.07,2.21,0.0
20230412:0610,330.0,166.0,0.0,32.18,4.77,2.76,0.0
20230412:0710,300.0,285.0,0.0,42.72,6.56,2.69,0.0
20230412:0810,418.0,303.0,0.0,51.67,8.06,3.45,0.0
20230412:0910,368.0,370.0,0.0,57.54,8.82,3.86,0.0
20230412:1010,255.0,420.0,0.0,58.44,9.9,4.07,0.0
20230412:1110,152.0,416.0,0.0,54.0,10.33,4.69,0.0
20230412:1210,538.01,185.0,0.0,45.84,10.59,4.69,0.0
20230412:1310,63.0,286.0,0.0,35.7,10.73,4.48,0.0
20230412:1410,0.0,34.0,0.0,24.61,10.65,4.14,0.0
20230412:1510,3.0,77.0,0.0,13.16,9.55,3.86,0.0
20230412:1610,0.0,3.0,0.0,1.72,8.38,3.17,0.0
20230412:1710,0.0,0.0,0.0,0.0,7.19,2.69,0.0
20230412:1810,0.0,0.0,0.0,0.0,6.18,2.14,0.0
20230412:1910,0.0,0.0,0.0,0.0,4.82,2.14,0.0
20230412:2010,0.0,0.0,0.0,0.0,3.76,2.0,0.0
20230412:2110,0.0,0.0,0.0,0.0,2.9,1.93,0.0
20230412:2210,0.0,0.0,0.0,0.0,2.77,1.93,0.0
20230412:2310,0.0,0.0,0.0,0.0,2.43,1.93,0.0
20230413:0010,0.0,0.0,0.0,0.0,2.68,2.0,0.0
20230413:0110,0.0,0.0,0.0,0.0,2.61,2.0,0.0
20230413:0210,0.0,0.0,0.0,0.0,2.46,1.93,0.0
20230413:0310,0.0,0.0,0.0,0.0,2.51,1.79,0.0
20230413:0410,0.0,11.0,0.0,9.73,2.6,2.07,0.0
20230413:0510,6.0,135.0,0.0,21.21,3.82,3.17,0.0
20230413:0610,338.0,165.0,0.0,32.48,5.11,3.66,0.0
20230413:0710,154.0,340.0,0.0,43.03,6.5,3.93,0.0
20230413:0810,412.0,309.0,0.0,52.02,7.92,3.93,0.0
20230413:0910,146.0,440.0,0.0,57.91,9.22,4.21,0.0
20230413:1010,175.0,441.0,0.0,58.79,10.21,4.48,0.0
20230413:1110,2.0,283.0,0.0,54.3,10.71,4.69,0.0
20230413:1210,591.01,156.0,0.0,46.08,10.92,4.9,0.0
20230413:1310,10.0,238.0,0.0,35.9,11.0,4.97,0.0
20230413:1410,289.0,108.0,0.0,24.8,10.8,4.97,0.0
20230413:1510,27.0,97.0,0.0,13.34,10.27,4.28,0.0
20230413:1610,0.0,1.0,0.0,1.9,9.32,2.9,0.0
20230413:1710,0.0,0.0,0.0,0.0,8.02,2.0,0.0
20230413:1810,0.0,0.0,0.0,0.0,6.57,1.24,0.0
20230413:1910,0.0,0.0,0.0,0.0,7.32,0.55,0.0
20230413:2010,0.0,0.0,0.0,0.0,6.52,0.76,0.0
20230413:2110,0.0,0.0,0.0,0.0,5.68,0.97,0.0
20230413:2210,0.0,0.0,0.0,0.0,5.14,1.1,0.0
20230413:2310,0.0,0.0,0.0,0.0,4.99,0.97,0.0
20230414:0010,0.0,0.0,0.0,0.0,4.89,0.9,0.0
20230414:0110,0.0,0.0,0.0,0.0,4.68,0.97,0.0
20230414:0210,0.0,0.0,0.0,0.0,4.1,1.17,0.0
20230414:0310,0.0,0.0,0.0,0.0,2.82,1.45,0.0
20230414:0410,68.0,58.0,0.0,10.01,2.4,1.52,0.0
20230414:0510,230.0,102.0,0.0,21.49,5.73,1.52,0.0
20230414:0610,423.0,121.0,0.0,32.77,9.7,2.41,0.0
20230414:0710,559.01,149.0,0.0,43.34,11.44,3.59,0.0
20230414:0810,699.01,148.0,0.0,52.36,12.96,4.0,0.0
20230414:0910,770.01,152.0,0.0,58.27,14.32,4.14,0.0
20230414:1010,780.01,152.0,0.0,59.14,15.49,4.14,0.0
20230414:1110,756.01,134.0,0.0,54.59,16.41,4.07,0.0
20230414:1210,656.01,123.0,0.0,46.32,17.03,3.93,0.0
20230414:1310,483.0,122.0,0.0,36.1,17.32,3.79,0.0
20230414:1410,299.0,105.0,0.0,24.98,17.21,3.59,0.0
20230414:1510,102.0,79.0,0.0,13.51,16.7,2.41,0.0
20230414:1610,0.0,3.0,0.0,2.08,15.7,0.48,0.0
20230414:1710,0.0,0.0,0.0,0.0,14.53,0.62,0.0
20230414:1810,0.0,0.0,0.0,0.0,13.18,0.9,0.0
20230414:1910,0.0,0.0,0.0,0.0,12.12,0.9,0.0
20230414:2010,0.0,0.0,0.0,0.0,10.61,1.31,0.0
20230414:2110,0.0,0.0,0.0,0.0,8.67,1.59,0.0
20230414:2210,0.0,0.0,0.0,0.0,7.61,1.72,0.0
20230414:2310,0.0,0.0,0.0,0.0,7.36,1.66,0.0
20230415:0010,0.0,0.0,0.0,0.0,7.46,1.45,0.0
20230415:0110,0.0,0.0,0.0,0.0,7.34,1.38,0.0
20230415:0210,0.0,0.0,0.0,0.0,6.43,1.45,0.0
20230415:0310,0.0,0.0,0.0,0.0,5.62,1.45,0.0
20230415:0410,72.0,58.0,0.0,10.28,5.26,1.31,0.0
20230415:0510,223.0,106.0,0.0,21.77,8.05,0.97,0.0
20230415:0610,403.0,131.0,0.0,33.06,12.57,1.38,0.0
20230415:0710,531.0,163.0,0.0,43.65,14.75,1.93,0.0
20230415:0810,675.01,159.0,0.0,52.7,16.45,2.48,0.0
20230415:0910,754.01,158.0,0.0,58.64,17.73,3.1,0.0
20230415:1010,742.01,170.0,0.0,59.49,18.58,3.17,0.0
20230415:1110,646.01,193.0,0.0,54.88,19.12,2.97,0.0
20230415:1210,645.01,127.0,0.0,46.55,19.47,2.69,0.0
20230415:1310,369.0,183.0,0.0,36.3,19.48,2.34,0.0
20230415:1410,284.0,112.0,0.0,25.16,19.23,2.0,0.0
20230415:1510,59.0,97.0,0.0,13.69,18.62,1.24,0.0
20230415:1610,0.0,4.0,0.0,2.26,17.34,0.34,0.0
20230415:1710,0.0,0.0,0.0,0.0,16.08,0.34,0.0
20230415:1810,0.0,0.0,0.0,0.0,14.86,0.69,0.0
20230415:1910,0.0,0.0,0.0,0.0,14.61,0.14,0.0
20230415:2010,0.0,0.0,0.0,0.0,13.84,0.07,0.0
20230415:2110,0.0,0.0,0.0,0.0,13.11,0.14,0.0
20230415:2210,0.0,0.0,0.0,0.0,12.41,0.34,0.0
20230415:2310,0.0,0.0,0.0,0.0,11.61,0.21,0.0
20230416:0010,0.0,0.0,0.0,0.0,10.75,0.34,0.0
20230416:0110,0.0,0.0,0.0,0.0,10.03,0.55,0.0
20230416:0210,0.0,0.0,0.0,0.0,9.21,0.9,0.0
20230416:0310,0.0,0.0,0.0,0.0,7.41,1.38,0.0
20230416:0410,31.0,73.0,0.0,10.56,7.58,1.38,0.0
20230416:0510,102.0,164.0,0.0,22.04,10.18,1.03,0.0
20230416:0610,304.0,187.0,0.0,33.34,13.59,1.31,0.0
20230416:0710,330.0,276.0,0.0,43.96,16.28,1.59,0.0
20230416:0810,268.0,374.0,0.0,53.03,17.92,1.72,0.0
20230416:0910,491.0,311.0,0.0,59.0,19.04,2.14,0.0
20230416:1010,408.0,359.0,0.0,59.83,19.68,2.41,0.0
20230416:1110,0.0,113.0,0.0,55.16,19.49,2.76,0.0
20230416:1210,0.0,66.0,0.0,46.78,18.52,1.93,0.0
20230416:1310,347.0,196.0,0.0,36.49,17.58,2.28,0.0
20230416:1410,0.0,100.0,0.0,25.34,14.76,3.59,0.0
20230416:1510,0.0,53.0,0.0,13.86,12.69,1.31,0.0
20230416:1610,0.0,5.0,0.0,2.45,12.1,0.9,0.0
20230416:1710,0.0,0.0,0.0,0.0,11.22,0.76,0.0
20230416:1810,0.0,0.0,0.0,0.0,10.59,0.34,0.0
20230416:1910,0.0,0.0,0.0,0.0,10.88,1.24,0.0
20230416:2010,0.0,0.0,0.0,0.0,9.9,1.31,0.0
20230416:2110,0.0,0.0,0.0,0.0,8.93,1.38,0.0
20230416:2210,0.0,0.0,0.0,0.0,7.97,1.45,0.0
20230416:2310,0.0,0.0,0.0,0.0,7.32,1.45,0.0
20230417:0010,0.0,0.0,0.0,0.0,7.02,1.38,0.0
20230417:0110,0.0,0.0,0.0,0.0,6.83,1.31,0.0
20230417:0210,0.0,0.0,0.0,0.0,6.61,1.24,0.0
20230417:0310,0.0,0.0,0.0,0.0,6.31,1.31,0.0
20230417:0410,12.0,72.0,0.0,10.83,6.41,1.24,0.0
20230417:0510,20.0,162.0,0.0,22.31,9.33,1.31,0.0
20230417:0610,130.0,263.0,0.0,33.62,12.7,1.66,0.0
20230417:0710,57.0,340.0,0.0,44.26,14.9,2.07,0.0
20230417:0810,82.0,404.0,0.0,53.37,16.85,2.9,0.0
20230417:0910,227.0,429.0,0.0,59.36,18.37,3.31,0.0
20230417:1010,58.0,428.0,0.0,60.18,19.57,3.52,0.0
20230417:1110,185.0,415.0,0.0,55.45,18.54,4.76,0.0
20230417:1210,0.0,133.0,0.0,47.01,17.53,2.48,0.0
20230417:1310,14.0,252.0,0.0,36.69,18.15,0.97,0.0
20230417:1410,106.0,196.0,0.0,25.51,17.43,2.62,0.0
20230417:1510,31.0,103.0,0.0,14.04,16.14,0.62,0.0
20230417:1610,1.0,8.86,0.0,2.63,15.24,1.45,0.0
20230417:1710,0.0,0.0,0.0,0.0,13.52,0.97,0.0
20230417:1810,0.0,0.0,0.0,0.0,12.06,1.17,0.0
20230417:1910,0.0,0.0,0.0,0.0,12.1,1.24,0.0
20230417:2010,0.0,0.0,0.0,0.0,11.1,1.31,0.0
20230417:2110,0.0,0.0,0.0,0.0,10.04,1.38,0.0
20230417:2210,0.0,0.0,0.0,0.0,9.23,1.52,0.0
20230417:2310,0.0,0.0,0.0,0.0,9.0,1.45,0.0
20230418:0010,0.0,0.0,0.0,0.0,8.65,1.45,0.0
20230418:0110,0.0,0.0,0.0,0.0,8.09,1.59,0.0
20230418:0210,0.0,0.0,0.0,0.0,8.02,1.52,0.0
20230418:0310,0.0,0.0,0.0,0.0,8.03,1.45,0.0
20230418:0410,0.0,12.0,0.0,11.09,8.22,1.31,0.0
20230418:0510,17.0,162.0,0.0,22.58,10.52,1.24,0.0
20230418:0610,408.0,135.0,0.0,33.89,13.94,1.52,0.0
20230418:0710,45.0,335.0,0.0,44.55,16.73,3.1,0.0
20230418:0810,315.0,361.0,0.0,53.69,18.2,4.14,0.0
20230418:0910,128.0,444.0,0.0,59.71,19.16,5.1,0.0
20230418:1010,471.0,332.0,0.0,60.51,18.53,5.86,0.0
20230418:1110,85.0,417.0,0.0,55.73,18.85,5.38,0.0
20230418:1210,209.0,353.0,0.0,47.24,19.27,5.38,0.0
20230418:1310,484.0,125.0,0.0,36.88,19.51,5.03,0.0
20230418:1410,2.0,142.0,0.0,25.69,19.11,5.03,0.0
20230418:1510,0.0,17.0,0.0,14.21,16.9,2.28,0.0
20230418:1610,0.0,5.0,0.0,2.81,15.88,0.55,0.0
20230418:1710,0.0,0.0,0.0,0.0,12.79,2.41,0.0
20230418:1810,0.0,0.0,0.0,0.0,11.5,0.34,0.0
20230418:1910,0.0,0.0,0.0,0.0,9.69,1.24,0.0
20230418:2010,0.0,0.0,0.0,0.0,8.26,1.52,0.0
20230418:2110,0.0,0.0,0.0,0.0,7.4,1.52,0.0
20230418:2210,0.0,0.0,0.0,0.0,7.0,1.38,0.0
20230418:2310,0.0,0.0,0.0,0.0,6.61,1.45,0.0
20230419:0010,0.0,0.0,0.0,0.0,6.38,1.38,0.0
20230419:0110,0.0,0.0,0.0,0.0,6.2,1.45,0.0
20230419:0210,0.0,0.0,0.0,0.0,5.75,1.52,0.0
20230419:0310,0.0,0.0,0.0,0.0,5.65,1.38,0.0
20230419:0410,48.0,78.0,0.0,11.35,6.39,1.03,0.0
20230419:0510,210.0,125.0,0.0,22.84,9.47,0.76,0.0
20230419:0610,342.0,176.0,0.0,34.17,12.36,0.62,0.0
20230419:0710,536.0,171.0,0.0,44.84,14.47,0.21,0.0
20230419:0810,457.0,295.0,0.0,54.02,15.95,1.31,0.0
20230419:0910,333.0,395.0,0.0,60.06,16.91,2.76,0.0
20230419:1010,212.0,441.0,0.0,60.85,17.15,3.72,0.0
20230419:1110,216.0,412.0,0.0,56.0,17.18,3.52,0.0
20230419:1210,623.01,145.0,0.0,47.46,17.34,3.66,0.0
20230419:1310,139.0,290.0,0.0,37.07,15.42,3.86,0.0
20230419:1410,0.0,60.0,0.0,25.86,15.05,3.52,0.0
20230419:1510,48.0,105.0,0.0,14.38,14.51,2.69,0.0
20230419:1610,0.0,2.0,0.0,2.99,13.58,1.86,0.0
20230419:1710,0.0,0.0,0.0,0.0,12.26,1.52,0.0
20230419:1810,0.0,0.0,0.0,0.0,10.7,1.66,0.0
20230419:1910,0.0,0.0,0.0,0.0,9.43,1.45,0.0
20230419:2010,0.0,0.0,0.0,0.0,9.8,0.97,0.0
20230419:2110,0.0,0.0,0.0,0.0,9.46,0.28,0.0
20230419:2210,0.0,0.0,0.0,0.0,8.57,0.69,0.0
20230419:2310,0.0,0.0,0.0,0.0,7.84,0.62,0.0
20230420:0010,0.0,0.0,0.0,0.0,7.07,0.83,0.0
20230420:0110,0.0,0.0,0.0,0.0,5.92,1.03,0.0
20230420:0210,0.0,0.0,0.0,0.0,5.21,1.17,0.0
20230420:0310,0.0,0.0,0.0,0.0,5.17,1.31,0.0
20230420:0410,14.0,80.0,0.0,11.61,5.49,1.24,0.0
20230420:0510,53.0,182.0,0.0,23.1,7.24,1.45,0.0
20230420:0610,50.0,271.0,0.0,34.43,8.48,1.45,0.0
20230420:0710,170.0,349.0,0.0,45.13,10.07,2.34,0.0
20230420:0810,199.0,406.0,0.0,54.34,11.47,2.83,0.0
20230420:0910,103.0,447.0,0.0,60.41,12.1,3.38,0.0
20230420:1010,45.0,423.0,0.0,61.18,12.41,3.59,0.0
20230420:1110,0.0,168.0,0.0,56.28,13.02,3.86,0.0
20230420:1210,0.0,203.0,0.0,47.68,13.19,4.07,0.0
20230420:1310,2.0,213.0,0.0,37.26,11.56,4.41,0.0
20230420:1410,155.0,184.0,0.0,26.04,10.92,4.14,0.0
20230420:1510,0.0,42.0,0.0,14.55,10.78,3.45,0.0
20230420:1610,0.0,11.0,0.0,3.17,10.25,2.69,0.0
20230420:1710,0.0,0.0,0.0,0.0,9.06,1.79,0.0
20230420:1810,0.0,0.0,0.0,0.0,7.54,1.24,0.0
20230420:1910,0.0,0.0,0.0,0.0,8.44,0.83,0.0
20230420:2010,0.0,0.0,0.0,0.0,7.74,0.69,0.0
20230420:2110,0.0,0.0,0.0,0.0,7.0,0.62,0.0
20230420:2210,0.0,0.0,0.0,0.0,6.33,0.76,0.0
20230420:2310,0.0,0.0,0.0,0.0,5.72,0.9,0.0
20230421:0010,0.0,0.0,0.0,0.0,4.47,1.17,0.0
20230421:0110,0.0,0.0,0.0,0.0,3.34,1.38,0.0
20230421:0210,0.0,0.0,0.0,0.0,2.99,1.38,0.0
20230421:0310,0.0,0.0,0.0,0.0,3.24,1.24,0.0
20230421:0410,11.0,81.0,0.0,11.87,3.58,1.03,0.0
20230421:0510,0.0,98.0,0.0,23.36,6.51,1.45,0.0
20230421:0610,21.0,251.0,0.0,34.7,8.45,2.97,0.0
20230421:0710,42.0,340.0,0.0,45.42,9.53,3.52,0.0
20230421:0810,190.0,411.0,0.0,54.65,10.45,3.72,0.0
20230421:0910,339.0,399.0,0.0,60.75,11.49,3.79,0.0
20230421:1010,504.0,324.0,0.0,61.51,12.28,3.79,0.0
20230421:1110,480.0,304.0,0.0,56.55,12.99,3.93,0.0
20230421:1210,409.0,273.0,0.0,47.9,13.57,4.14,0.0
20230421:1310,440.0,155.0,0.0,37.45,13.7,4.07,0.0
20230421:1410,288.0,121.0,0.0,26.21,13.35,3.86,0.0
20230421:1510,41.0,109.0,0.0,14.72,12.42,3.38,0.0
20230421:1610,0.0,2.0,0.0,3.35,11.63,2.21,0.0
20230421:1710,0.0,0.0,0.0,0.0,10.38,1.72,0.0
20230421:1810,0.0,0.0,0.0,0.0,8.96,1.38,0.0
20230421:1910,0.0,0.0,0.0,0.0,7.85,1.59,0.0
20230421:2010,0.0,0.0,0.0,0.0,6.67,1.86,0.0
20230421:2110,0.0,0.0,0.0,0.0,5.77,2.0,0.0
20230421:2210,0.0,0.0,0.0,0.0,5.44,1.86,0.0
20230421:2310,0.0,0.0,0.0,0.0,5.16,1.79,0.0
20230422:0010,0.0,0.0,0.0,0.0,4.45,1.79,0.0
20230422:0110,0.0,0.0,0.0,0.0,3.8,1.79,0.0
20230422:0210,0.0,0.0,0.0,0.0,3.06,1.86,0.0
20230422:0310,0.0,0.0,0.0,0.0,2.87,1.72,0.0
20230422:0410,67.0,79.0,0.0,12.12,3.79,1.31,0.0
20230422:0510,233.0,122.0,0.0,23.61,7.02,1.45,0.0
20230422:0610,251.0,233.0,0.0,34.96,8.78,2.55,0.0
20230422:0710,285.0,315.0,0.0,45.69,10.12,2.34,0.0
20230422:0810,440.0,314.0,0.0,54.96,11.46,2.62,0.0
20230422:0910,422.0,364.0,0.0,61.09,12.46,2.76,0.0
20230422:1010,455.0,352.0,0.0,61.83,13.04,2.55,0.0
20230422:1110,634.01,218.0,0.0,56.82,13.77,2.21,0.0
20230422:1210,18.0,326.0,0.0,48.12,14.28,2.0,0.0
20230422:1310,435.0,161.0,0.0,37.63,14.48,1.86,0.0
20230422:1410,145.0,193.0,0.0,26.38,14.42,1.59,0.0
20230422:1510,78.0,102.0,0.0,14.89,14.1,1.31,0.0
20230422:1610,1.0,15.81,0.0,3.52,13.31,0.97,0.0
20230422:1710,0.0,0.0,0.0,0.0,11.79,0.76,0.0
20230422:1810,0.0,0.0,0.0,0.0,11.26,0.55,0.0
20230422:1910,0.0,0.0,0.0,0.0,8.63,1.45,0.0
20230422:2010,0.0,0.0,0.0,0.0,6.98,1.66,0.0
20230422:2110,0.0,0.0,0.0,0.0,6.13,1.66,0.0
20230422:2210,0.0,0.0,0.0,0.0,5.67,1.52,0.0
20230422:2310,0.0,0.0,0.0,0.0,5.24,1.52,0.0
20230423:0010,0.0,0.0,0.0,0.0,4.72,1.59,0.0
20230423:0110,0.0,0.0,0.0,0.0,4.36,1.66,0.0
20230423:0210,0.0,0.0,0.0,0.0,4.03,1.72,0.0
20230423:0310,0.0,0.0,0.0,0.0,3.85,1.66,0.0
20230423:0410,0.0,14.0,0.0,12.37,4.44,1.38,0.0
20230423:0510,0.0,80.0,0.0,23.86,7.47,1.45,0.0
20230423:0610,0.0,144.0,0.0,35.21,9.3,1.66,0.0
20230423:0710,76.0,357.0,0.0,45.97,11.41,2.0,0.0
20230423:0810,1.0,284.0,0.0,55.27,12.48,1.86,0.0
20230423:0910,0.0,92.0,0.0,61.43,13.03,1.45,0.0
20230423:1010,0.0,215.0,0.0,62.16,13.69,1.1,0.0
20230423:1110,0.0,188.0,0.0,57.08,13.95,0.28,0.0
20230423:1210,524.0,208.0,0.0,48.33,13.92,0.9,0.0
20230423:1310,45.0,290.0,0.0,37.82,12.77,1.52,0.0
20230423:1410,130.0,197.0,0.0,26.55,11.1,1.38,0.0
20230423:1510,0.0,50.0,0.0,15.06,10.45,1.86,0.0
20230423:1610,0.0,3.0,0.0,3.7,9.98,1.72,0.0
20230423:1710,0.0,0.0,0.0,0.0,9.19,1.72,0.0
20230423:1810,0.0,0.0,0.0,0.0,8.3,1.72,0.0
20230423:1910,0.0,0.0,0.0,0.0,6.88,1.38,0.0
20230423:2010,0.0,0.0,0.0,0.0,6.07,1.38,0.0
20230423:2110,0.0,0.0,0.0,0.0,5.62,1.31,0.0
20230423:2210,0.0,0.0,0.0,0.0,5.62,1.17,0.0
20230423:2310,0.0,0.0,0.0,0.0,5.26,1.17,0.0
20230424:0010,0.0,0.0,0.0,0.0,4.92,1.1,0.0
20230424:0110,0.0,0.0,0.0,0.0,5.03,1.1,0.0
20230424:0210,0.0,0.0,0.0,0.0,4.67,1.17,0.0
20230424:0310,0.0,0.0,0.0,0.0,4.24,1.17,0.0
20230424:0410,0.0,45.0,0.0,12.61,4.75,1.03,0.0
20230424:0510,193.0,150.0,0.0,24.1,6.5,1.52,0.0
20230424:0610,445.0,135.0,0.0,35.46,7.65,1.79,0.0
20230424:0710,603.0,150.0,0.0,46.24,9.29,2.62,0.0
20230424:0810,722.01,159.0,0.0,55.57,10.64,3.31,0.0
20230424:0910,741.01,190.0,0.0,61.76,11.64,3.79,0.0
20230424:1010,549.0,309.0,0.0,62.47,12.64,4.0,0.0
20230424:1110,160.0,435.0,0.0,57.35,13.61,4.07,0.0
20230424:1210,677.01,130.0,0.0,48.54,14.06,4.14,0.0
20230424:1310,489.0,137.0,0.0,38.0,14.22,4.21,0.0
20230424:1410,334.0,105.0,0.0,26.72,14.21,4.28,0.0
20230424:1510,84.0,104.0,0.0,15.23,13.83,3.72,0.0
20230424:1610,1.0,15.82,0.0,3.88,12.76,2.34,0.0
20230424:1710,0.0,0.0,0.0,0.0,11.04,1.66,0.0
20230424:1810,0.0,0.0,0.0,0.0,10.22,1.03,0.0
20230424:1910,0.0,0.0,0.0,0.0,9.91,0.48,0.0
20230424:2010,0.0,0.0,0.0,0.0,8.87,0.55,0.0
20230424:2110,0.0,0.0,0.0,0.0,7.92,0.41,0.0
20230424:2210,0.0,0.0,0.0,0.0,7.02,0.34,0.0
20230424:2310,0.0,0.0,0.0,0.0,6.37,0.28,0.0
20230425:0010,0.0,0.0,0.0,0.0,5.87,0.21,0.0
20230425:0110,0.0,0.0,0.0,0.0,5.47,0.21,0.0
20230425:0210,0.0,0.0,0.0,0.0,5.28,0.14,0.0
20230425:0310,0.0,0.0,0.0,0.0,5.13,0.28,0.0
20230425:0410,110.0,68.0,0.0,12.85,5.22,0.28,0.0
20230425:0510,256.0,117.0,0.0,24.34,8.13,0.34,0.0
20230425:0610,214.0,255.0,0.0,35.71,11.7,0.76,0.0
20230425:0710,396.0,268.0,0.0,46.5,13.02,1.93,0.0
20230425:0810,263.0,398.0,0.0,55.87,14.26,2.62,0.0
20230425:0910,110.0,456.0,0.0,62.09,15.35,2.97,0.0
20230425:1010,226.0,448.0,0.0,62.79,16.19,3.45,0.0
20230425:1110,170.0,432.0,0.0,57.61,16.78,3.52,0.0
20230425:1210,416.0,276.0,0.0,48.75,16.93,3.45,0.0
20230425:1310,505.0,128.0,0.0,38.18,17.0,2.9,0.0
20230425:1410,327.0,109.0,0.0,26.89,16.58,2.14,0.0
20230425:1510,4.0,94.0,0.0,15.4,15.31,1.86,0.0
20230425:1610,15.0,17.7,0.0,4.05,13.84,1.66,0.0
20230425:1710,0.0,0.0,0.0,0.0,12.35,1.79,0.0
20230425:1810,0.0,0.0,0.0,0.0,10.9,1.72,0.0
20230425:1910,0.0,0.0,0.0,0.0,9.29,1.03,0.0
20230425:2010,0.0,0.0,0.0,0.0,8.06,1.24,0.0
20230425:2110,0.0,0.0,0.0,0.0,7.19,1.31,0.0
20230425:2210,0.0,0.0,0.0,0.0,6.35,1.38,0.0
20230425:2310,0.0,0.0,0.0,0.0,6.1,1.38,0.0
20230426:0010,0.0,0.0,0.0,0.0,5.99,1.45,0.0
20230426:0110,0.0,0.0,0.0,0.0,6.03,1.52,0.0
20230426:0210,0.0,0.0,0.0,0.0,6.17,1.45,0.0
20230426:0310,0.0,1.0,0.0,1.83,7.27,0.9,0.0
20230426:0410,100.0,74.0,0.0,13.09,7.44,0.41,0.0
20230426:0510,0.0,71.0,0.0,24.57,9.54,0.55,0.0
20230426:0610,207.0,257.0,0.0,35.95,11.63,1.17,0.0
20230426:0710,417.0,254.0,0.0,46.76,13.7,2.62,0.0
20230426:0810,191.0,416.0,0.0,56.16,14.96,4.07,0.0
20230426:0910,235.0,440.0,0.0,62.41,16.04,4.41,0.0
20230426:1010,138.0,458.0,0.0,63.1,16.88,4.62,0.0
20230426:1110,124.0,432.0,0.0,57.86,17.52,4.76,0.0
20230426:1210,117.0,380.0,0.0,48.96,17.87,4.69,0.0
20230426:1310,213.0,276.0,0.0,38.36,17.84,4.48,0.0
20230426:1410,200.0,173.0,0.0,27.05,17.45,3.93,0.0
20230426:1510,28.0,115.0,0.0,15.56,15.21,3.79,0.0
20230426:1610,7.0,20.45,0.0,4.23,14.1,2.55,0.0
20230426:1710,0.0,0.0,0.0,0.0,13.01,2.28,0.0
20230426:1810,0.0,0.0,0.0,0.0,11.95,2.14,0.0
20230426:1910,0.0,0.0,0.0,0.0,11.24,2.34,0.0
20230426:2010,0.0,0.0,0.0,0.0,10.25,2.41,0.0
20230426:2110,0.0,0.0,0.0,0.0,8.89,2.14,0.0
20230426:2210,0.0,0.0,0.0,0.0,7.95,1.86,0.0
20230426:2310,0.0,0.0,0.0,0.0,7.41,1.86,0.0
20230427:0010,0.0,0.0,0.0,0.0,7.01,1.72,0.0
20230427:0110,0.0,0.0,0.0,0.0,6.74,1.59,0.0
20230427:0210,0.0,0.0,0.0,0.0,6.73,1.45,0.0
20230427:0310,0.0,1.0,0.0,2.07,6.53,1.31,0.0
20230427:0410,0.0,21.0,0.0,13.32,7.09,1.17,0.0
20230427:0510,45.0,193.0,0.0,24.8,9.1,1.45,0.0
20230427:0610,15.0,247.0,0.0,36.19,10.12,2.14,0.0
20230427:0710,112.0,366.0,0.0,47.02,10.47,2.55,0.0
20230427:0810,4.0,312.0,0.0,56.45,10.95,2.83,0.0
20230427:0910,17.0,382.0,0.0,62.73,12.1,2.9,0.0
20230427:1010,0.0,133.0,0.0,63.41,12.35,3.31,0.0
20230427:1110,0.0,157.0,0.0,58.11,12.15,4.21,0.0
20230427:1210,0.0,165.0,0.0,49.17,11.43,3.86,0.0
20230427:1310,2.0,215.0,0.0,38.54,11.84,2.69,0.0
20230427:1410,6.0,173.0,0.0,27.22,12.07,2.34,0.0
20230427:1510,97.0,102.0,0.0,15.73,12.17,1.86,0.0
20230427:1610,14.0,20.76,0.0,4.4,11.38,1.31,0.0
20230427:1710,0.0,0.0,0.0,0.0,9.5,1.66,0.0
20230427:1810,0.0,0.0,0.0,0.0,8.53,1.31,0.0
20230427:1910,0.0,0.0,0.0,0.0,7.52,1.45,0.0
20230427:2010,0.0,0.0,0.0,0.0,6.82,1.66,0.0
20230427:2110,0.0,0.0,0.0,0.0,6.27,1.86,0.0
20230427:2210,0.0,0.0,0.0,0.0,6.04,1.86,0.0
20230427:2310,0.0,0.0,0.0,0.0,5.59,1.72,0.0
20230428:0010,0.0,0.0,0.0,0.0,5.46,1.72,0.0
20230428:0110,0.0,0.0,0.0,0.0,5.17,1.72,0.0
20230428:0210,0.0,0.0,0.0,0.0,4.9,1.66,0.0
20230428:0310,0.0,1.0,0.0,2.3,4.58,1.59,0.0
20230428:0410,0.0,16.0,0.0,13.55,4.82,1.52,0.0
20230428:0510,0.0,66.0,0.0,25.02,5.96,2.76,0.0
20230428:0610,1.0,196.0,0.0,36.42,7.13,3.86,0.0
20230428:0710,179.0,362.0,0.0,47.27,7.74,4.48,0.0
20230428:0810,18.0,365.0,0.0,56.73,8.4,4.34,0.0
20230428:0910,25.0,403.0,0.0,63.04,9.5,4.14,0.0
20230428:1010,0.0,187.0,0.0,63.71,10.21,4.14,0.0
20230428:1110,0.0,148.0,0.0,58.36,10.64,4.41,0.0
20230428:1210,0.0,156.0,0.0,49.37,10.82,4.9,0.0
20230428:1310,0.0,123.0,0.0,38.71,10.85,5.24,0.0
20230428:1410,1.0,148.0,0.0,27.38,10.38,5.1,0.0
20230428:1510,4.0,96.0,0.0,15.89,9.33,4.83,0.0
20230428:1610,1.0,20.8,0.0,4.58,7.87,4.21,0.0
20230428:1710,0.0,0.0,0.0,0.0,6.34,4.0,0.0
20230428:1810,0.0,0.0,0.0,0.0,5.1,3.59,0.0
20230428:1910,0.0,0.0,0.0,0.0,3.92,3.31,0.0
20230428:2010,0.0,0.0,0.0,0.0,3.05,2.62,0.0
20230428:2110,0.0,0.0,0.0,0.0,2.51,2.14,0.0
20230428:2210,0.0,0.0,0.0,0.0,2.04,1.79,0.0
20230428:2310,0.0,0.0,0.0,0.0,1.49,1.66,0.0
20230429:0010,0.0,0.0,0.0,0.0,1.13,1.52,0.0
20230429:0110,0.0,0.0,0.0,0.0,0.95,1.45,0.0
20230429:0210,0.0,0.0,0.0,0.0,0.87,1.31,0.0
20230429:0310,0.0,2.0,0.0,2.53,0.85,1.24,0.0
20230429:0410,0.0,17.0,0.0,13.77,1.75,1.17,0.0
20230429:0510,57.0,200.0,0.0,25.24,3.34,1.52,0.0
20230429:0610,142.0,287.0,0.0,36.64,5.1,2.76,0.0
20230429:0710,54.0,360.0,0.0,47.51,7.05,3.24,0.0
20230429:0810,28.0,385.0,0.0,57.01,8.33,3.03,0.0
20230429:0910,33.0,417.0,0.0,63.36,9.29,3.03,0.0
20230429:1010,1.0,302.0,0.0,64.01,9.72,3.24,0.0
20230429:1110,33.0,398.0,0.0,58.61,10.06,3.45,0.0
20230429:1210,2.0,268.0,0.0,49.57,10.18,3.59,0.0
20230429:1310,0.0,177.0,0.0,38.88,9.99,3.79,0.0
20230429:1410,0.0,49.0,0.0,27.55,9.76,3.86,0.0
20230429:1510,0.0,56.0,0.0,16.06,9.21,3.72,0.0
20230429:1610,2.0,22.59,0.0,4.75,8.29,2.83,0.0
20230429:1710,0.0,0.0,0.0,0.0,7.28,2.41,0.0
20230429:1810,0.0,0.0,0.0,0.0,6.25,2.14,0.0
20230429:1910,0.0,0.0,0.0,0.0,4.99,2.14,0.0
20230429:2010,0.0,0.0,0.0,0.0,4.19,1.93,0.0
20230429:2110,0.0,0.0,0.0,0.0,3.51,1.79,0.0
20230429:2210,0.0,0.0,0.0,0.0,2.66,1.72,0.0
20230429:2310,0.0,0.0,0.0,0.0,1.97,1.72,0.0
20230430:0010,0.0,0.0,0.0,0.0,1.65,1.66,0.0
20230430:0110,0.0,0.0,0.0,0.0,0.98,1.59,0.0
20230430:0210,0.0,0.0,0.0,0.0,0.67,1.52,0.0
20230430:0310,0.0,2.0,0.0,2.76,0.47,1.45,0.0
20230430:0410,0.0,17.0,0.0,13.99,1.48,1.45,0.0
20230430:0510,0.0,58.0,0.0,25.46,3.12,2.21,0.0
20230430:0610,53.0,288.0,0.0,36.87,4.4,2.55,0.0
20230430:0710,71.0,367.0,0.0,47.75,6.14,2.83,0.0
20230430:0810,43.0,403.0,0.0,57.28,7.04,2.9,0.0
20230430:0910,150.0,464.0,0.0,63.66,8.25,3.31,0.0
20230430:1010,17.0,392.0,0.0,64.31,9.16,3.79,0.0
20230430:1110,5.0,329.0,0.0,58.85,9.97,4.07,0.0
20230430:1210,0.0,177.0,0.0,49.76,10.15,4.21,0.0
20230430:1310,0.0,127.0,0.0,39.06,10.21,4.34,0.0
20230430:1410,45.0,216.0,0.0,27.71,10.2,4.28,0.0
20230430:1510,0.0,55.0,0.0,16.22,9.85,3.59,0.0
20230430:1610,18.0,22.8,0.0,4.92,9.31,2.48,0.0
20230430:1710,0.0,0.0,0.0,0.0,8.07,1.66,0.0
20230430:1810,0.0,0.0,0.0,0.0,6.09,1.52,0.0
20230430:1910,0.0,0.0,0.0,0.0,5.21,1.72,0.0
20230430:2010,0.0,0.0,0.0,0.0,4.67,1.66,0.0
20230430:2110,0.0,0.0,0.0,0.0,4.18,1.59,0.0
20230430:2210,0.0,0.0,0.0,0.0,3.88,1.52,0.0
20230430:2310,0.0,0.0,0.0,0.0,3.85,1.45,0.0
20230501:0010,0.0,0.0,0.0,0.0,4.18,1.24,0.0
20230501:0110,0.0,0.0,0.0,0.0,3.78,1.03,0.0
20230501:0210,0.0,0.0,0.0,0.0,3.44,0.83,0.0
20230501:0310,0.0,3.0,0.0,2.98,3.04,0.62,0.0
20230501:0410,73.0,99.0,0.0,14.2,3.2,0.28,0.0
20230501:0510,303.0,109.0,0.0,25.67,6.1,0.41,0.0
20230501:0610,497.0,123.0,0.0,37.08,8.0,1.1,0.0
20230501:0710,618.0,155.0,0.0,47.99,9.19,2.14,0.0
20230501:0810,707.01,181.0,0.0,57.55,10.47,2.21,0.0
20230501:0910,819.01,157.0,0.0,63.96,11.77,2.55,0.0
20230501:1010,641.01,268.0,0.0,64.6,12.85,2.9,0.0
20230501:1110,759.01,161.0,0.0,59.09,13.79,3.24,0.0
20230501:1210,687.0,135.0,0.0,49.96,14.53,3.52,0.0
20230501:1310,177.0,302.0,0.0,39.23,14.74,3.66,0.0
20230501:1410,177.0,196.0,0.0,27.87,14.38,3.38,0.0
20230501:1510,148.0,87.0,0.0,16.38,14.09,2.9,0.0
20230501:1610,24.0,21.58,0.0,5.09,13.0,1.66,0.0
20230501:1710,0.0,0.0,0.0,0.0,10.79,1.45,0.0
20230501:1810,0.0,0.0,0.0,0.0,8.04,2.07,0.0
20230501:1910,0.0,0.0,0.0,0.0,6.67,2.34,0.0
20230501:2010,0.0,0.0,0.0,0.0,5.29,2.21,0.0
20230501:2110,0.0,0.0,0.0,0.0,4.59,2.0,0.0
20230501:2210,0.0,0.0,0.0,0.0,4.22,1.72,0.0
20230501:2310,0.0,0.0,0.0,0.0,4.51,1.38,0.0
20230502:0010,0.0,0.0,0.0,0.0,5.25,1.03,0.0
20230502:0110,0.0,0.0,0.0,0.0,4.64,0.9,0.0
20230502:0210,0.0,0.0,0.0,0.0,4.05,1.03,0.0
20230502:0310,0.0,5.0,0.0,3.2,2.67,1.31,0.0
20230502:0410,117.0,83.0,0.0,14.41,3.17,1.03,0.0
20230502:0510,336.0,97.0,0.0,25.88,6.68,1.24,0.0
20230502:0610,521.0,115.0,0.0,37.29,9.23,1.79,0.0
20230502:0710,0.0,0.0,0.0,0.0,11.1,1.66,0.0
20230502:0810,776.01,147.0,0.0,57.81,12.42,0.97,0.0
20230502:0910,865.01,138.0,0.0,64.26,13.47,0.55,0.0
20230502:1010,883.01,131.0,0.0,64.89,14.45,0.97,0.0
20230502:1110,854.01,114.0,0.0,59.33,15.23,1.31,0.0
20230502:1210,734.0,114.0,0.0,50.15,15.82,1.45,0.0
20230502:1310,566.0,111.0,0.0,39.39,16.18,1.52,0.0
20230502:1410,372.0,100.0,0.0,28.03,16.26,1.72,0.0
20230502:1510,157.0,86.0,0.0,16.54,16.01,1.66,0.0
20230502:1610,19.0,25.38,0.0,5.26,15.14,1.17,0.0
20230502:1710,0.0,0.0,0.0,0.0,13.23,0.9,0.0
20230502:1810,0.0,0.0,0.0,0.0,11.94,1.1,0.0
20230502:1910,0.0,0.0,0.0,0.0,11.98,0.83,0.0
20230502:2010,0.0,0.0,0.0,0.0,10.88,0.97,0.0
20230502:2110,0.0,0.0,0.0,0.0,9.87,0.97,0.0
20230502:2210,0.0,0.0,0.0,0.0,9.02,1.1,0.0
20230502:2310,0.0,0.0,0.0,0.0,7.27,1.38,0.0
20230503:0010,0.0,0.0,0.0,0.0,5.78,1.66,0.0
20230503:0110,0.0,0.0,0.0,0.0,5.01,1.66,0.0
20230503:0210,0.0,0.0,0.0,0.0,3.86,1.72,0.0
20230503:0310,0.0,5.0,0.0,3.42,3.25,1.66,0.0
20230503:0410,41.0,111.0,0.0,14.61,5.01,1.03,0.0
20230503:0510,74.0,210.0,0.0,26.08,8.32,0.97,0.0
20230503:0610,483.0,136.0,0.0,37.5,11.15,0.9,0.0
20230503:0710,648.0,146.0,0.0,48.44,13.42,0.9,0.0
20230503:0810,777.01,148.0,0.0,58.06,15.19,0.76,0.0
20230503:0910,855.01,144.0,0.0,64.55,16.67,0.97,0.0
20230503:1010,860.01,145.0,0.0,65.18,17.9,1.24,0.0
20230503:1110,836.01,125.0,0.0,59.56,18.76,1.17,0.0
20230503:1210,735.0,114.0,0.0,50.34,19.32,1.03,0.0
20230503:1310,568.0,111.0,0.0,39.56,19.57,1.03,0.0
20230503:1410,374.0,100.0,0.0,28.18,19.5,0.97,0.0
20230503:1510,124.0,104.0,0.0,16.7,19.15,0.83,0.0
20230503:1610,9.0,30.67,0.0,5.43,18.32,0.41,0.0
20230503:1710,0.0,0.0,0.0,0.0,16.9,0.76,0.0
20230503:1810,0.0,0.0,0.0,0.0,14.47,1.24,0.0
20230503:1910,0.0,0.0,0.0,0.0,14.58,1.17,0.0
20230503:2010,0.0,0.0,0.0,0.0,13.18,1.17,0.0
20230503:2110,0.0,0.0,0.0,0.0,11.92,1.17,0.0
20230503:2210,0.0,0.0,0.0,0.0,10.1,1.31,0.0
20230503:2310,0.0,0.0,0.0,0.0,8.79,1.31,0.0
20230504:0010,0.0,0.0,0.0,0.0,8.2,1.24,0.0
20230504:0110,0.0,0.0,0.0,0.0,7.43,1.31,0.0
20230504:0210,0.0,0.0,0.0,0.0,7.09,1.31,0.0
20230504:0310,0.0,3.0,0.0,3.62,6.94,1.31,0.0
20230504:0410,20.0,107.0,0.0,14.81,7.52,1.24,0.0
20230504:0510,283.0,123.0,0.0,26.27,9.83,0.9,0.0
20230504:0610,225.0,268.0,0.0,37.7,13.24,1.03,0.0
20230504:0710,11.0,311.0,0.0,48.66,15.15,1.31,0.0
20230504:0810,173.0,433.0,0.0,58.31,16.47,2.21,0.0
20230504:0910,0.0,294.0,0.0,64.84,17.41,2.34,0.0
20230504:1010,425.0,383.0,0.0,65.46,17.82,2.0,0.0
20230504:1110,212.0,433.0,0.0,59.79,17.95,1.66,0.0
20230504:1210,716.0,118.0,0.0,50.53,18.52,1.86,0.0
20230504:1310,439.0,177.0,0.0,39.72,18.78,2.14,0.0
20230504:1410,355.0,107.0,0.0,28.34,18.9,2.28,0.0
20230504:1510,63.0,125.0,0.0,16.86,18.61,2.07,0.0
20230504:1610,1.0,24.81,0.0,5.6,17.57,1.31,0.0
20230504:1710,0.0,0.0,0.0,0.0,15.61,1.03,0.0
20230504:1810,0.0,0.0,0.0,0.0,15.2,0.83,0.0
20230504:1910,0.0,0.0,0.0,0.0,15.24,0.48,0.0
20230504:2010,0.0,0.0,0.0,0.0,14.44,0.21,0.0
20230504:2110,0.0,0.0,0.0,0.0,13.64,0.14,0.0
20230504:2210,0.0,0.0,0.0,0.0,12.81,0.28,0.0
20230504:2310,0.0,0.0,0.0,0.0,12.07,0.69,0.0
20230505:0010,0.0,0.0,0.0,0.0,11.61,0.9,0.0
20230505:0110,0.0,0.0,0.0,0.0,11.26,1.03,0.0
20230505:0210,0.0,0.0,0.0,0.0,9.97,1.38,0.0
20230505:0310,0.0,3.0,0.0,3.83,7.94,1.79,0.0
20230505:0410,2.0,84.0,0.0,15.01,8.46,1.72,0.0
20230505:0510,144.0,190.0,0.0,26.46,12.48,1.52,0.0
20230505:0610,22.0,269.0,0.0,37.9,15.01,1.52,0.0
20230505:0710,295.0,328.0,0.0,48.87,17.94,3.24,0.0
20230505:0810,155.0,432.0,0.0,58.56,19.72,3.86,0.0
20230505:0910,565.0,301.0,0.0,65.12,21.0,4.0,0.0
20230505:1010,312.0,428.0,0.0,65.73,21.95,3.72,0.0
20230505:1110,248.0,420.0,0.0,60.02,22.38,3.24,0.0
20230505:1210,54.0,374.0,0.0,50.71,22.47,2.76,0.0
20230505:1310,253.0,271.0,0.0,39.89,22.47,2.48,0.0
20230505:1410,1.0,153.0,0.0,28.5,21.76,2.41,0.0
20230505:1510,0.0,24.0,0.0,17.02,20.8,1.66,0.0
20230505:1610,4.0,31.0,0.0,5.77,19.14,1.45,0.0
20230505:1710,0.0,0.0,0.0,0.0,17.57,2.97,0.0
20230505:1810,0.0,0.0,0.0,0.0,16.41,4.07,0.0
20230505:1910,0.0,0.0,0.0,0.0,15.73,4.0,0.0
20230505:2010,0.0,0.0,0.0,0.0,14.71,4.07,0.0
20230505:2110,0.0,0.0,0.0,0.0,13.95,4.28,0.0
20230505:2210,0.0,0.0,0.0,0.0,13.18,4.28,0.0
20230505:2310,0.0,0.0,0.0,0.0,12.58,4.0,0.0
20230506:0010,0.0,0.0,0.0,0.0,11.97,3.59,0.0
20230506:0110,0.0,0.0,0.0,0.0,11.05,3.17,0.0
20230506:0210,0.0,0.0,0.0,0.0,10.27,3.31,0.0
20230506:0310,0.0,22.0,0.0,4.03,9.67,3.59,0.0
20230506:0410,87.0,101.0,0.0,15.19,10.2,3.31,0.0
20230506:0510,299.0,116.0,0.0,26.65,12.21,3.38,0.0
20230506:0610,464.0,143.0,0.0,38.09,14.28,3.93,0.0
20230506:0710,581.0,178.0,0.0,49.08,16.77,3.86,0.0
20230506:0810,454.0,326.0,0.0,58.8,18.43,3.79,0.0
20230506:0910,788.01,171.0,0.0,65.4,19.62,3.38,0.0
20230506:1010,804.01,165.0,0.0,66.01,20.43,2.97,0.0
20230506:1110,771.01,152.0,0.0,60.24,21.02,2.69,0.0
20230506:1210,380.0,306.0,0.0,50.9,21.35,2.41,0.0
20230506:1310,533.0,125.0,0.0,40.05,21.24,2.0,0.0
20230506:1410,328.0,121.0,0.0,28.65,21.2,1.79,0.0
20230506:1510,23.0,125.0,0.0,17.17,19.52,0.41,0.0
20230506:1610,29.0,33.0,0.0,5.94,16.55,1.86,0.0
20230506:1710,0.0,0.0,0.0,0.0,13.56,2.48,0.0
20230506:1810,0.0,0.0,0.0,0.0,12.06,2.07,0.0
20230506:1910,0.0,0.0,0.0,0.0,11.8,2.07,0.0
20230506:2010,0.0,0.0,0.0,0.0,10.87,2.14,0.0
20230506:2110,0.0,0.0,0.0,0.0,10.19,1.86,0.0
20230506:2210,0.0,0.0,0.0,0.0,9.73,1.72,0.0
20230506:2310,0.0,0.0,0.0,0.0,8.97,1.72,0.0
20230507:0010,0.0,0.0,0.0,0.0,8.41,1.59,0.0
20230507:0110,0.0,0.0,0.0,0.0,8.08,1.38,0.0
20230507:0210,0.0,0.0,0.0,0.0,7.59,1.52,0.0
20230507:0310,0.0,3.0,0.0,4.22,7.08,1.52,0.0
20230507:0410,0.0,30.0,0.0,15.38,8.46,1.38,0.0
20230507:0510,0.0,57.0,0.0,26.83,10.27,1.66,0.0
20230507:0610,44.0,289.0,0.0,38.28,11.64,1.93,0.0
20230507:0710,72.0,372.0,0.0,49.28,13.25,2.55,0.0
20230507:0810,149.0,434.0,0.0,59.03,13.61,2.55,0.0
20230507:0910,35.0,422.0,0.0,65.67,14.0,2.69,0.0
20230507:1010,56.0,444.0,0.0,66.28,14.98,2.69,0.0
20230507:1110,0.0,218.0,0.0,60.46,15.84,3.24,0.0
20230507:1210,4.0,286.0,0.0,51.08,16.65,3.66,0.0
20230507:1310,296.0,253.0,0.0,40.21,16.6,4.0,0.0
20230507:1410,66.0,226.0,0.0,28.8,15.19,4.34,0.0
20230507:1510,1.0,92.0,0.0,17.33,14.22,4.28,0.0
20230507:1610,4.0,33.0,0.0,6.1,13.47,3.72,0.0
20230507:1710,0.0,0.0,0.0,0.0,12.14,3.31,0.0
20230507:1810,0.0,0.0,0.0,0.0,11.05,3.1,0.0
20230507:1910,0.0,0.0,0.0,0.0,10.17,2.28,0.0
20230507:2010,0.0,0.0,0.0,0.0,9.42,2.07,0.0
20230507:2110,0.0,0.0,0.0,0.0,8.95,1.86,0.0
20230507:2210,0.0,0.0,0.0,0.0,8.2,1.66,0.0
20230507:2310,0.0,0.0,0.0,0.0,7.81,1.45,0.0
20230508:0010,0.0,0.0,0.0,0.0,7.47,1.45,0.0
20230508:0110,0.0,0.0,0.0,0.0,7.22,1.45,0.0
20230508:0210,0.0,0.0,0.0,0.0,6.89,1.38,0.0
20230508:0310,0.0,3.0,0.0,4.41,7.06,1.31,0.0
20230508:0410,96.0,100.0,0.0,15.56,8.38,1.24,0.0
20230508:0510,57.0,212.0,0.0,27.01,10.3,2.69,0.0
20230508:0610,214.0,274.0,0.0,38.46,11.85,2.9,0.0
20230508:0710,164.0,375.0,0.0,49.48,12.83,2.34,0.0
20230508:0810,101.0,433.0,0.0,59.26,13.86,2.07,0.0
20230508:0910,337.0,417.0,0.0,65.94,14.79,1.86,0.0
20230508:1010,0.0,207.0,0.0,66.54,15.44,2.0,0.0
20230508:1110,657.0,218.0,0.0,60.68,15.87,2.07,0.0
20230508:1210,279.0,351.0,0.0,51.25,16.08,2.0,0.0
20230508:1310,18.0,278.0,0.0,40.36,16.46,1.86,0.0
20230508:1410,119.0,220.0,0.0,28.95,16.97,1.79,0.0
20230508:1510,48.0,130.0,0.0,17.48,16.9,1.72,0.0
20230508:1610,0.0,8.0,0.0,6.26,16.27,1.17,0.0
20230508:1710,0.0,0.0,0.0,0.0,14.58,0.83,0.0
20230508:1810,0.0,0.0,0.0,0.0,13.19,1.03,0.0
20230508:1910,0.0,0.0,0.0,0.0,12.18,1.45,0.0
20230508:2010,0.0,0.0,0.0,0.0,10.79,1.59,0.0
20230508:2110,0.0,0.0,0.0,0.0,10.51,1.38,0.0
20230508:2210,0.0,0.0,0.0,0.0,10.04,1.24,0.0
20230508:2310,0.0,0.0,0.0,0.0,9.32,1.24,0.0
20230509:0010,0.0,0.0,0.0,0.0,9.77,0.9,0.0
20230509:0110,0.0,0.0,0.0,0.0,9.19,0.76,0.0
20230509:0210,0.0,0.0,0.0,0.0,8.75,0.9,0.0
20230509:0310,0.0,15.0,0.0,4.6,8.26,0.97,0.0
20230509:0410,116.0,92.0,0.0,15.73,8.87,0.69,0.0
20230509:0510,296.0,121.0,0.0,27.18,11.72,0.97,0.0
20230509:0610,464.0,144.0,0.0,38.63,13.63,0.9,0.0
20230509:0710,509.0,221.0,0.0,49.67,14.96,1.03,0.0
20230509:0810,252.0,413.0,0.0,59.48,16.41,2.0,0.0
20230509:0910,137.0,467.0,0.0,66.2,17.43,2.55,0.0
20230509:1010,199.0,463.0,0.0,66.8,17.87,2.83,0.0
20230509:1110,73.0,432.0,0.0,60.89,18.36,2.83,0.0
20230509:1210,395.0,298.0,0.0,51.43,18.58,2.62,0.0
20230509:1310,55.0,310.0,0.0,40.52,18.89,2.69,0.0
20230509:1410,0.0,40.0,0.0,29.1,18.59,2.48,0.0
20230509:1510,115.0,112.0,0.0,17.63,18.33,2.07,0.0
20230509:1610,14.0,40.0,0.0,6.43,17.35,1.38,0.0
20230509:1710,0.0,0.0,0.0,0.0,15.39,2.48,0.0
20230509:1810,0.0,0.0,0.0,0.0,13.31,3.17,0.0
20230509:1910,0.0,0.0,0.0,0.0,11.92,2.48,0.0
20230509:2010,0.0,0.0,0.0,0.0,10.83,2.14,0.0
20230509:2110,0.0,0.0,0.0,0.0,9.85,1.86,0.0
20230509:2210,0.0,0.0,0.0,0.0,8.97,1.66,0.0
20230509:2310,0.0,0.0,0.0,0.0,8.31,1.66,0.0
20230510:0010,0.0,0.0,0.0,0.0,7.79,1.59,0.0
20230510:0110,0.0,0.0,0.0,0.0,7.26,1.52,0.0
20230510:0210,0.0,0.0,0.0,0.0,7.22,1.52,0.0
20230510:0310,0.0,4.0,0.0,4.78,7.06,1.52,0.0
20230510:0410,0.0,47.0,0.0,15.9,8.68,1.59,0.0
20230510:0510,3.0,156.0,0.0,27.34,10.08,1.93,0.0
20230510:0610,16.0,262.0,0.0,38.8,11.38,1.79,0.0
20230510:0710,188.0,368.0,0.0,49.85,12.15,1.72,0.0
20230510:0810,134.0,434.0,0.0,59.7,13.06,1.52,0.0
20230510:0910,140.0,465.0,0.0,66.45,13.29,1.66,0.0
20230510:1010,179.0,463.0,0.0,67.05,13.27,1.93,0.0
20230510:1110,127.0,441.0,0.0,61.1,13.78,2.62,0.0
20230510:1210,57.0,375.0,0.0,51.6,14.37,2.83,0.0
20230510:1310,57.0,310.0,0.0,40.67,14.57,2.76,0.0
20230510:1410,174.0,201.0,0.0,29.25,14.46,3.1,0.0
20230510:1510,19.0,126.0,0.0,17.79,14.29,3.03,0.0
20230510:1610,1.0,30.0,0.0,6.59,13.42,2.62,0.0
20230510:1710,0.0,0.0,0.0,0.0,12.33,2.07,0.0
20230510:1810,0.0,0.0,0.0,0.0,11.47,2.07,0.0
20230510:1910,0.0,0.0,0.0,0.0,11.18,1.79,0.0
20230510:2010,0.0,0.0,0.0,0.0,10.94,2.14,0.0
20230510:2110,0.0,0.0,0.0,0.0,10.53,2.48,0.0
20230510:2210,0.0,0.0,0.0,0.0,9.93,2.41,0.0
20230510:2310,0.0,0.0,0.0,0.0,9.05,2.0,0.0
20230511:0010,0.0,0.0,0.0,0.0,8.44,1.72,0.0
20230511:0110,0.0,0.0,0.0,0.0,7.93,1.59,0.0
20230511:0210,0.0,0.0,0.0,0.0,7.47,1.52,0.0
20230511:0310,0.0,4.0,0.0,4.95,7.46,1.45,0.0
20230511:0410,0.0,26.0,0.0,16.07,8.07,2.07,0.0
20230511:0510,23.0,200.0,0.0,27.5,9.15,2.34,0.0
20230511:0610,198.0,281.0,0.0,38.96,10.75,2.48,0.0
20230511:0710,53.0,365.0,0.0,50.03,13.02,2.14,0.0
20230511:0810,81.0,429.0,0.0,59.91,14.47,1.93,0.0
20230511:0910,47.0,435.0,0.0,66.7,15.67,1.45,0.0
20230511:1010,35.0,425.0,0.0,67.31,16.23,1.24,0.0
20230511:1110,33.0,400.0,0.0,61.31,16.74,1.24,0.0
20230511:1210,256.0,359.0,0.0,51.77,16.98,1.59,0.0
20230511:1310,291.0,257.0,0.0,40.83,16.64,2.34,0.0
20230511:1410,132.0,217.0,0.0,29.4,15.75,3.03,0.0
20230511:1510,85.0,125.0,0.0,17.93,15.2,3.38,0.0
20230511:1610,6.0,39.0,0.0,6.75,14.34,3.24,0.0
20230511:1710,0.0,0.0,0.0,0.0,12.88,2.9,0.0
20230511:1810,0.0,0.0,0.0,0.0,11.69,2.55,0.0
20230511:1910,0.0,0.0,0.0,0.0,11.74,2.62,0.0
20230511:2010,0.0,0.0,0.0,0.0,10.6,2.69,0.0
20230511:2110,0.0,0.0,0.0,0.0,9.92,2.62,0.0
20230511:2210,0.0,0.0,0.0,0.0,9.23,2.48,0.0
20230511:2310,0.0,0.0,0.0,0.0,8.79,2.34,0.0
20230512:0010,0.0,0.0,0.0,0.0,8.35,2.28,0.0
20230512:0110,0.0,0.0,0.0,0.0,8.23,2.28,0.0
20230512:0210,0.0,0.0,0.0,0.0,7.92,2.14,0.0
20230512:0310,0.0,5.0,0.0,5.12,7.63,2.0,0.0
20230512:0410,0.0,32.0,0.0,16.23,7.74,2.21,0.0
20230512:0510,0.0,111.0,0.0,27.66,8.46,2.69,0.0
20230512:0610,0.0,58.0,0.0,39.12,10.21,2.9,0.0
20230512:0710,0.0,154.0,0.0,50.21,12.91,2.97,0.0
20230512:0810,144.0,436.0,0.0,60.11,14.61,2.9,0.0
20230512:0910,475.0,351.0,0.0,66.95,16.28,2.62,0.0
20230512:1010,191.0,464.0,0.0,67.55,17.39,2.21,0.0
20230512:1110,731.0,169.0,0.0,61.51,18.03,1.72,0.0
20230512:1210,291.0,346.0,0.0,51.94,18.26,1.59,0.0
20230512:1310,95.0,317.0,0.0,40.98,17.62,1.24,0.0
20230512:1410,10.0,193.0,0.0,29.54,18.1,1.86,0.0
20230512:1510,21.0,130.0,0.0,18.08,16.69,2.21,0.0
20230512:1610,1.0,29.0,0.0,6.9,14.84,1.79,0.0
20230512:1710,0.0,0.0,0.0,0.0,14.05,1.79,0.0
20230512:1810,0.0,0.0,0.0,0.0,13.34,1.79,0.0
20230512:1910,0.0,0.0,0.0,0.0,12.4,1.52,0.0
20230512:2010,0.0,0.0,0.0,0.0,11.5,1.45,0.0
20230512:2110,0.0,0.0,0.0,0.0,10.6,1.66,0.0
20230512:2210,0.0,0.0,0.0,0.0,10.01,1.66,0.0
20230512:2310,0.0,0.0,0.0,0.0,9.3,1.45,0.0
20230513:0010,0.0,0.0,0.0,0.0,9.4,1.1,0.0
20230513:0110,0.0,0.0,0.0,0.0,9.34,1.03,0.0
20230513:0210,0.0,0.0,0.0,0.0,8.81,1.1,0.0
20230513:0310,0.0,5.0,0.0,5.28,8.32,1.17,0.0
20230513:0410,0.0,46.0,0.0,16.38,9.76,1.03,0.0
20230513:0510,112.0,211.0,0.0,27.81,11.3,1.38,0.0
20230513:0610,198.0,286.0,0.0,39.28,12.43,1.72,0.0
20230513:0710,129.0,384.0,0.0,50.37,13.36,2.62,0.0
20230513:0810,196.0,432.0,0.0,60.31,14.3,2.83,0.0
20230513:0910,138.0,470.0,0.0,67.19,15.58,2.76,0.0
20230513:1010,51.0,444.0,0.0,67.79,16.94,2.76,0.0
20230513:1110,617.0,246.0,0.0,61.71,18.12,3.1,0.0
20230513:1210,511.0,239.0,0.0,52.1,18.86,3.31,0.0
20230513:1310,539.0,126.0,0.0,41.12,19.21,3.03,0.0
20230513:1410,364.0,111.0,0.0,29.69,19.12,2.83,0.0
20230513:1510,176.0,89.0,0.0,18.23,18.85,2.83,0.0
20230513:1610,31.0,42.0,0.0,7.06,17.69,2.0,0.0
20230513:1710,0.0,0.0,0.0,0.0,15.5,1.52,0.0
20230513:1810,0.0,0.0,0.0,0.0,12.91,1.86,0.0
20230513:1910,0.0,0.0,0.0,0.0,12.48,1.24,0.0
20230513:2010,0.0,0.0,0.0,0.0,12.16,1.1,0.0
20230513:2110,0.0,0.0,0.0,0.0,11.61,0.97,0.0
20230513:2210,0.0,0.0,0.0,0.0,10.71,0.9,0.0
20230513:2310,0.0,0.0,0.0,0.0,9.69,1.03,0.0
20230514:0010,0.0,0.0,0.0,0.0,8.81,1.03,0.0
20230514:0110,0.0,0.0,0.0,0.0,7.8,1.1,0.0
20230514:0210,0.0,0.0,0.0,0.0,7.58,1.03,0.0
20230514:0310,0.0,9.0,0.0,5.44,7.02,1.03,0.0
20230514:0410,19.0,119.0,0.0,16.53,7.87,0.83,0.0
20230514:0510,231.0,166.0,0.0,27.95,10.61,1.38,0.0
20230514:0610,473.0,149.0,0.0,39.42,12.44,1.72,0.0
20230514:0710,646.0,150.0,0.0,50.53,14.49,1.86,0.0
20230514:0810,740.0,167.0,0.0,60.5,15.59,1.31,0.0
20230514:0910,834.01,153.0,0.0,67.42,16.71,1.03,0.0
20230514:1010,827.01,160.0,0.0,68.03,17.56,1.03,0.0
20230514:1110,450.0,344.0,0.0,61.91,18.74,1.45,0.0
20230514:1210,388.0,310.0,0.0,52.27,19.33,1.86,0.0
20230514:1310,541.0,129.0,0.0,41.27,19.71,2.34,0.0
20230514:1410,363.0,114.0,0.0,29.83,19.76,2.34,0.0
20230514:1510,0.0,38.0,0.0,18.38,19.45,2.0,0.0
20230514:1610,36.0,42.0,0.0,7.21,18.54,1.38,0.0
20230514:1710,0.0,0.0,0.0,0.0,16.49,0.97,0.0
20230514:1810,0.0,0.0,0.0,0.0,14.95,1.1,0.0
20230514:1910,0.0,0.0,0.0,0.0,13.61,1.38,0.0
20230514:2010,0.0,0.0,0.0,0.0,11.83,1.59,0.0
20230514:2110,0.0,0.0,0.0,0.0,11.05,1.59,0.0
20230514:2210,0.0,0.0,0.0,0.0,9.99,1.72,0.0
20230514:2310,0.0,0.0,0.0,0.0,9.27,1.79,0.0
20230515:0010,0.0,0.0,0.0,0.0,9.64,1.38,0.0
20230515:0110,0.0,0.0,0.0,0.0,8.92,1.52,0.0
20230515:0210,0.0,0.0,0.0,0.0,8.4,1.38,0.0
20230515:0310,0.0,5.0,0.0,5.6,7.64,1.52,0.0
20230515:0410,0.0,68.0,0.0,16.67,8.77,1.24,0.0
20230515:0510,0.0,132.0,0.0,28.09,11.91,1.52,0.0
20230515:0610,9.0,250.0,0.0,39.57,13.61,1.52,0.0
20230515:0710,323.0,326.0,0.0,50.69,15.52,1.45,0.0
20230515:0810,718.0,175.0,0.0,60.68,17.14,1.59,0.0
20230515:0910,811.01,162.0,0.0,67.65,18.37,0.76,0.0
20230515:1010,805.01,167.0,0.0,68.26,19.49,0.76,0.0
20230515:1110,676.0,210.0,0.0,62.1,20.36,1.03,0.0
20230515:1210,629.0,168.0,0.0,52.43,20.99,1.17,0.0
20230515:1310,431.0,188.0,0.0,41.42,21.39,1.38,0.0
20230515:1410,348.0,120.0,0.0,29.97,21.37,1.45,0.0
20230515:1510,163.0,97.0,0.0,18.52,21.05,1.93,0.0
20230515:1610,17.0,47.0,0.0,7.37,20.24,1.86,0.0
20230515:1710,0.0,0.0,0.0,0.0,18.41,1.45,0.0
20230515:1810,0.0,0.0,0.0,0.0,17.09,1.03,0.0
20230515:1910,0.0,0.0,0.0,0.0,16.51,1.52,0.0
20230515:2010,0.0,0.0,0.0,0.0,15.75,1.45,0.0
20230515:2110,0.0,0.0,0.0,0.0,15.62,1.24,0.0
20230515:2210,0.0,0.0,0.0,0.0,15.71,1.1,0.0
20230515:2310,0.0,0.0,0.0,0.0,14.4,1.17,0.0
20230516:0010,0.0,0.0,0.0,0.0,13.18,1.24,0.0
20230516:0110,0.0,0.0,0.0,0.0,12.51,1.24,0.0
20230516:0210,0.0,0.0,0.0,0.0,12.16,1.24,0.0
20230516:0310,0.0,21.0,0.0,5.75,11.54,1.24,0.0
20230516:0410,21.0,121.0,0.0,16.81,12.11,0.97,0.0
20230516:0510,280.0,139.0,0.0,28.23,15.52,1.24,0.0
20230516:0610,401.0,189.0,0.0,39.7,17.62,1.31,0.0
20230516:0710,619.0,161.0,0.0,50.84,18.86,1.03,0.0
20230516:0810,716.0,176.0,0.0,60.86,20.25,0.9,0.0
20230516:0910,775.01,181.0,0.0,67.87,21.51,0.76,0.0
20230516:1010,793.01,173.0,0.0,68.49,22.57,0.83,0.0
20230516:1110,804.0,136.0,0.0,62.29,23.52,0.97,0.0
20230516:1210,693.0,134.0,0.0,52.58,24.13,0.97,0.0
20230516:1310,559.0,118.0,0.0,41.56,24.44,0.76,0.0
20230516:1410,348.0,121.0,0.0,30.11,24.52,0.69,0.0
20230516:1510,179.0,91.0,0.0,18.66,24.32,0.9,0.0
20230516:1610,37.0,44.0,0.0,7.52,23.55,0.69,0.0
20230516:1710,0.0,0.0,0.0,0.0,21.67,0.9,0.0
20230516:1810,0.0,0.0,0.0,0.0,19.58,1.17,0.0
20230516:1910,0.0,0.0,0.0,0.0,19.91,0.9,0.0
20230516:2010,0.0,0.0,0.0,0.0,18.73,0.97,0.0
20230516:2110,0.0,0.0,0.0,0.0,17.6,0.97,0.0
20230516:2210,0.0,0.0,0.0,0.0,16.62,0.97,0.0
20230516:2310,0.0,0.0,0.0,0.0,15.83,1.03,0.0
20230517:0010,0.0,0.0,0.0,0.0,14.85,1.1,0.0
20230517:0110,0.0,0.0,0.0,0.0,14.17,1.1,0.0
20230517:0210,0.0,0.0,0.0,0.0,13.93,1.1,0.0
20230517:0310,0.0,7.0,0.0,5.89,12.8,1.24,0.0
20230517:0410,143.0,91.0,0.0,16.95,13.7,1.24,0.0
20230517:0510,244.0,160.0,0.0,28.36,17.72,1.38,0.0
20230517:0610,237.0,274.0,0.0,39.83,20.29,1.59,0.0
20230517:0710,578.0,188.0,0.0,50.98,22.07,0.55,0.0
20230517:0810,706.0,185.0,0.0,61.03,23.37,0.62,0.0
20230517:0910,750.0,198.0,0.0,68.08,24.34,1.1,0.0
20230517:1010,317.0,433.0,0.0,68.71,25.28,1.79,0.0
20230517:1110,475.0,328.0,0.0,62.48,25.76,2.21,0.0
20230517:1210,428.0,288.0,0.0,52.74,25.93,2.69,0.0
20230517:1310,0.0,99.0,0.0,41.7,23.17,4.62,0.0
20230517:1410,0.0,41.0,0.0,30.24,19.61,4.21,0.0
20230517:1510,0.0,32.0,0.0,18.8,18.95,2.14,0.0
20230517:1610,2.0,40.0,0.0,7.67,18.52,1.17,0.0
20230517:1710,0.0,0.0,0.0,0.0,17.48,1.03,0.0
20230517:1810,0.0,0.0,0.0,0.0,15.63,0.55,0.0
20230517:1910,0.0,0.0,0.0,0.0,14.06,1.24,0.0
20230517:2010,0.0,0.0,0.0,0.0,13.27,1.1,0.0
20230517:2110,0.0,0.0,0.0,0.0,12.79,0.83,0.0
20230517:2210,0.0,0.0,0.0,0.0,12.38,0.69,0.0
20230517:2310,0.0,0.0,0.0,0.0,12.66,0.62,0.0
20230518:0010,0.0,0.0,0.0,0.0,12.38,0.41,0.0
20230518:0110,0.0,0.0,0.0,0.0,12.31,0.34,0.0
20230518:0210,0.0,0.0,0.0,0.0,12.3,0.14,0.0
20230518:0310,0.0,23.0,0.0,6.03,12.25,0.14,0.0
20230518:0410,90.0,117.0,0.0,17.07,12.31,0.62,0.0
20230518:0510,297.0,133.0,0.0,28.48,13.23,0.76,0.0
20230518:0610,399.0,194.0,0.0,39.96,14.82,0.83,0.0
20230518:0710,173.0,381.0,0.0,51.12,15.94,0.76,0.0
20230518:0810,459.0,330.0,0.0,61.2,17.66,1.45,0.0
20230518:0910,767.0,190.0,0.0,68.29,18.98,1.72,0.0
20230518:1010,786.01,181.0,0.0,68.93,19.78,1.79,0.0
20230518:1110,694.0,203.0,0.0,62.66,19.56,2.07,0.0
20230518:1210,264.0,365.0,0.0,52.89,19.56,2.62,0.0
20230518:1310,157.0,317.0,0.0,41.84,18.39,3.1,0.0
20230518:1410,231.0,187.0,0.0,30.38,17.92,2.21,0.0
20230518:1510,0.0,90.0,0.0,18.94,17.06,2.55,0.0
20230518:1610,7.0,47.0,0.0,7.82,14.99,2.83,0.0
20230518:1710,0.0,0.0,0.0,0.0,13.88,1.59,0.0
20230518:1810,0.0,0.0,0.0,0.0,12.83,1.17,0.0
20230518:1910,0.0,0.0,0.0,0.0,12.57,1.45,0.0
20230518:2010,0.0,0.0,0.0,0.0,11.28,1.38,0.0
20230518:2110,0.0,0.0,0.0,0.0,10.23,1.52,0.0
20230518:2210,0.0,0.0,0.0,0.0,9.51,1.66,0.0
20230518:2310,0.0,0.0,0.0,0.0,9.06,1.72,0.0
20230519:0010,0.0,0.0,0.0,0.0,8.56,1.72,0.0
20230519:0110,0.0,0.0,0.0,0.0,8.38,1.66,0.0
20230519:0210,0.0,0.0,0.0,0.0,8.41,1.52,0.0
20230519:0310,0.0,6.0,0.0,6.16,8.58,1.31,0.0
20230519:0410,0.0,21.0,0.0,17.2,10.08,1.72,0.0
20230519:0510,0.0,101.0,0.0,28.6,11.04,1.45,0.0
20230519:0610,34.0,293.0,0.0,40.08,12.37,1.66,0.0
20230519:0710,16.0,330.0,0.0,51.25,13.66,1.86,0.0
20230519:0810,115.0,442.0,0.0,61.36,14.61,2.14,0.0
20230519:0910,48.0,442.0,0.0,68.49,15.47,2.34,0.0
20230519:1010,4.0,343.0,0.0,69.14,16.07,2.62,0.0
20230519:1110,321.0,403.0,0.0,62.83,16.22,2.69,0.0
20230519:1210,0.0,222.0,0.0,53.04,16.3,2.76,0.0
20230519:1310,1.0,221.0,0.0,41.97,16.64,3.03,0.0
20230519:1410,350.0,124.0,0.0,30.51,16.55,2.9,0.0
20230519:1510,173.0,98.0,0.0,19.08,16.13,2.69,0.0
20230519:1610,37.0,48.0,0.0,7.96,15.4,2.41,0.0
20230519:1710,0.0,0.0,0.0,0.0,14.15,2.21,0.0
20230519:1810,0.0,0.0,0.0,0.0,12.99,1.79,0.0
20230519:1910,0.0,0.0,0.0,0.0,11.67,1.31,0.0
20230519:2010,0.0,0.0,0.0,0.0,10.75,1.24,0.0
20230519:2110,0.0,0.0,0.0,0.0,10.16,1.31,0.0
20230519:2210,0.0,0.0,0.0,0.0,9.43,1.31,0.0
20230519:2310,0.0,0.0,0.0,0.0,8.84,1.31,0.0
20230520:0010,0.0,0.0,0.0,0.0,8.37,1.31,0.0
20230520:0110,0.0,0.0,0.0,0.0,8.01,1.24,0.0
20230520:0210,0.0,0.0,0.0,0.0,8.0,1.24,0.0
20230520:0310,0.0,6.0,0.0,6.29,7.97,1.1,0.0
20230520:0410,0.0,28.0,0.0,17.32,9.43,1.03,0.0
20230520:0510,0.0,54.0,0.0,28.71,10.85,1.1,0.0
20230520:0610,81.0,312.0,0.0,40.19,12.33,1.24,0.0
20230520:0710,224.0,368.0,0.0,51.38,13.84,0.76,0.0
20230520:0810,52.0,420.0,0.0,61.51,15.39,0.62,0.0
20230520:0910,0.0,188.0,0.0,68.69,16.37,0.76,0.0
20230520:1010,21.0,406.0,0.0,69.35,16.71,0.69,0.0
20230520:1110,778.0,153.0,0.0,63.01,16.84,0.76,0.0
20230520:1210,457.0,274.0,0.0,53.19,16.7,1.17,0.0
20230520:1310,322.0,253.0,0.0,42.11,15.11,1.52,0.0
20230520:1410,0.0,134.0,0.0,30.64,14.03,2.0,0.0
20230520:1510,0.0,24.0,0.0,19.21,13.92,1.59,0.0
20230520:1610,0.0,25.0,0.0,8.1,13.63,1.24,0.0
20230520:1710,0.0,0.0,0.0,0.0,13.09,1.45,0.0
20230520:1810,0.0,0.0,0.0,0.0,12.32,1.31,0.0
20230520:1910,0.0,0.0,0.0,0.0,11.84,1.17,0.0
20230520:2010,0.0,0.0,0.0,0.0,11.59,1.03,0.0
20230520:2110,0.0,0.0,0.0,0.0,10.65,1.17,0.0
20230520:2210,0.0,0.0,0.0,0.0,10.17,1.31,0.0
20230520:2310,0.0,0.0,0.0,0.0,9.99,1.31,0.0
20230521:0010,0.0,0.0,0.0,0.0,10.22,0.83,0.0
20230521:0110,0.0,0.0,0.0,0.0,10.3,0.69,0.0
20230521:0210,0.0,0.0,0.0,0.0,10.18,0.28,0.0
20230521:0310,0.0,6.0,0.0,6.41,9.91,0.34,0.0
20230521:0410,0.0,22.0,0.0,17.43,10.61,0.62,0.0
20230521:0510,0.0,119.0,0.0,28.82,11.65,0.48,0.0
20230521:0610,192.0,294.0,0.0,40.3,12.92,0.69,0.0
20230521:0710,47.0,369.0,0.0,51.5,14.22,0.0,0.0
20230521:0810,4.0,324.0,0.0,61.66,15.93,0.48,0.0
20230521:0910,195.0,468.0,0.0,68.88,17.24,0.9,0.0
20230521:1010,76.0,463.0,0.0,69.55,18.19,1.17,0.0
20230521:1110,254.0,428.0,0.0,63.18,18.78,1.52,0.0
20230521:1210,0.0,188.0,0.0,53.33,19.12,2.07,0.0
20230521:1310,60.0,321.0,0.0,42.24,19.04,2.55,0.0
20230521:1410,87.0,239.0,0.0,30.77,18.19,2.97,0.0
20230521:1510,132.0,121.0,0.0,19.35,17.14,2.07,0.0
20230521:1610,11.0,53.0,0.0,8.25,16.65,1.52,0.0
20230521:1710,0.0,0.0,0.0,0.0,15.68,1.17,0.0
20230521:1810,0.0,0.0,0.0,0.0,14.81,0.55,0.0
20230521:1910,0.0,0.0,0.0,0.0,14.41,0.21,0.0
20230521:2010,0.0,0.0,0.0,0.0,13.64,0.62,0.0
20230521:2110,0.0,0.0,0.0,0.0,11.8,1.17,0.0
20230521:2210,0.0,0.0,0.0,0.0,10.79,1.31,0.0
20230521:2310,0.0,0.0,0.0,0.0,10.66,1.24,0.0
20230522:0010,0.0,0.0,0.0,0.0,11.37,0.83,0.0
20230522:0110,0.0,0.0,0.0,0.0,11.21,0.48,0.0
20230522:0210,0.0,0.0,0.0,0.0,10.78,0.28,0.0
20230522:0310,0.0,6.0,0.0,6.53,10.25,0.34,0.0
20230522:0410,80.0,123.0,0.0,17.54,10.65,0.48,0.0
20230522:0510,275.0,148.0,0.0,28.92,13.48,0.62,0.0
20230522:0610,427.0,178.0,0.0,40.41,15.51,0.48,0.0
20230522:0710,460.0,259.0,0.0,51.62,16.87,0.41,0.0
20230522:0810,203.0,433.0,0.0,61.8,18.15,0.21,0.0
20230522:0910,16.0,394.0,0.0,69.06,19.14,0.28,0.0
20230522:1010,129.0,474.0,0.0,69.75,20.0,0.55,0.0
20230522:1110,219.0,437.0,0.0,63.35,20.1,0.55,0.0
20230522:1210,0.0,94.0,0.0,53.47,19.49,1.03,0.0
20230522:1310,0.0,80.0,0.0,42.37,17.94,1.93,0.0
20230522:1410,0.0,42.0,0.0,30.9,16.04,1.72,0.0
20230522:1510,0.0,39.0,0.0,19.48,15.34,0.28,0.0
20230522:1610,7.0,50.0,0.0,8.39,15.38,1.17,0.0
20230522:1710,0.0,0.0,0.0,0.0,14.78,0.83,0.0
20230522:1810,0.0,0.0,0.0,0.0,13.87,0.55,0.0
20230522:1910,0.0,0.0,0.0,0.0,13.27,1.52,0.0
20230522:2010,0.0,0.0,0.0,0.0,12.76,1.66,0.0
20230522:2110,0.0,0.0,0.0,0.0,12.18,1.52,0.0
20230522:2210,0.0,0.0,0.0,0.0,11.5,1.24,0.0
20230522:2310,0.0,0.0,0.0,0.0,10.82,1.24,0.0
20230523:0010,0.0,0.0,0.0,0.0,10.58,1.03,0.0
20230523:0110,0.0,0.0,0.0,0.0,10.93,0.69,0.0
20230523:0210,0.0,0.0,0.0,0.0,10.62,0.55,0.0
20230523:0310,0.0,6.0,0.0,6.64,10.13,0.62,0.0
20230523:0410,0.0,22.0,0.0,17.64,11.38,0.83,0.0
20230523:0510,0.0,51.0,0.0,29.02,12.74,1.1,0.0
20230523:0610,0.0,142.0,0.0,40.5,14.15,0.97,0.0
20230523:0710,0.0,221.0,0.0,51.72,16.4,0.9,0.0
20230523:0810,79.0,435.0,0.0,61.94,17.77,1.52,0.0
20230523:0910,3.0,331.0,0.0,69.24,18.25,1.93,0.0
20230523:1010,0.0,134.0,0.0,69.94,18.17,2.07,0.0
20230523:1110,0.0,156.0,0.0,63.51,18.51,2.97,0.0
20230523:1210,53.0,382.0,0.0,53.61,18.3,2.97,0.0
20230523:1310,0.0,170.0,0.0,42.5,16.65,2.14,0.0
20230523:1410,48.0,236.0,0.0,31.03,16.51,1.79,0.0
20230523:1510,0.0,34.0,0.0,19.61,16.07,0.83,0.0
20230523:1610,0.0,27.0,0.0,8.52,14.99,1.38,0.0
20230523:1710,0.0,0.0,0.0,0.0,13.7,1.72,0.0
20230523:1810,0.0,0.0,0.0,0.0,12.84,1.03,0.0
20230523:1910,0.0,0.0,0.0,0.0,12.9,0.9,0.0
20230523:2010,0.0,0.0,0.0,0.0,12.06,0.83,0.0
20230523:2110,0.0,0.0,0.0,0.0,11.59,0.69,0.0
20230523:2210,0.0,0.0,0.0,0.0,11.01,0.9,0.0
20230523:2310,0.0,0.0,0.0,0.0,10.61,0.9,0.0
20230524:0010,0.0,0.0,0.0,0.0,10.26,0.9,0.0
20230524:0110,0.0,0.0,0.0,0.0,9.92,0.9,0.0
20230524:0210,0.0,0.0,0.0,0.0,9.67,0.9,0.0
20230524:0310,0.0,10.0,0.0,6.75,9.53,0.76,0.0
20230524:0410,16.0,125.0,0.0,17.73,10.94,0.41,0.0
20230524:0510,261.0,158.0,0.0,29.11,12.91,0.41,0.0
20230524:0610,126.0,313.0,0.0,40.6,13.95,0.28,0.0
20230524:0710,98.0,389.0,0.0,51.83,16.51,1.59,0.0
20230524:0810,210.0,434.0,0.0,62.07,17.57,1.66,0.0
20230524:0910,208.0,466.0,0.0,69.41,18.57,2.14,0.0
20230524:1010,0.0,163.0,0.0,70.13,18.92,2.34,0.0
20230524:1110,56.0,430.0,0.0,63.67,18.7,2.07,0.0
20230524:1210,226.0,382.0,0.0,53.75,18.4,2.07,0.0
20230524:1310,539.0,136.0,0.0,42.62,18.16,2.21,0.0
20230524:1410,237.0,190.0,0.0,31.15,18.33,1.66,0.0
20230524:1510,68.0,146.0,0.0,19.73,17.74,1.17,0.0
20230524:1610,50.0,50.0,0.0,8.66,16.84,1.24,0.0
20230524:1710,0.0,0.0,0.0,0.0,15.37,0.21,0.0
20230524:1810,0.0,0.0,0.0,0.0,13.45,0.83,0.0
20230524:1910,0.0,0.0,0.0,0.0,14.32,0.21,0.0
20230524:2010,0.0,0.0,0.0,0.0,13.49,0.69,0.0
20230524:2110,0.0,0.0,0.0,0.0,12.27,0.9,0.0
20230524:2210,0.0,0.0,0.0,0.0,11.56,1.03,0.0
20230524:2310,0.0,0.0,0.0,0.0,10.93,1.17,0.0
20230525:0010,0.0,0.0,0.0,0.0,10.79,1.03,0.0
20230525:0110,0.0,0.0,0.0,0.0,10.25,1.03,0.0
20230525:0210,0.0,0.0,0.0,0.0,9.31,1.03,0.0
20230525:0310,0.0,6.0,0.0,6.85,8.83,1.1,0.0
20230525:0410,0.0,33.0,0.0,17.83,10.61,0.97,0.0
20230525:0510,7.0,184.0,0.0,29.2,13.4,1.24,0.0
20230525:0610,323.0,239.0,0.0,40.69,15.7,1.52,0.0
20230525:0710,352.0,318.0,0.0,51.92,16.93,1.1,0.0
20230525:0810,544.0,286.0,0.0,62.19,18.0,0.34,0.0
20230525:0910,102.0,471.0,0.0,69.57,18.87,0.21,0.0
20230525:1010,150.0,477.0,0.0,70.31,19.37,0.55,0.0
20230525:1110,3.0,326.0,0.0,63.82,19.52,0.76,0.0
20230525:1210,0.0,127.0,0.0,53.88,19.58,1.1,0.0
20230525:1310,0.0,63.0,0.0,42.75,19.67,0.97,0.0
20230525:1410,0.0,63.0,0.0,31.27,19.08,1.17,0.0
20230525:1510,7.0,125.0,0.0,19.86,17.08,1.59,0.0
20230525:1610,26.0,57.0,0.0,8.79,16.34,1.66,0.0
20230525:1710,0.0,0.0,0.0,0.0,15.43,1.31,0.0
20230525:1810,0.0,0.0,0.0,0.0,14.39,1.03,0.0
20230525:1910,0.0,0.0,0.0,0.0,13.18,1.24,0.0
20230525:2010,0.0,0.0,0.0,0.0,13.32,0.83,0.0
20230525:2110,0.0,0.0,0.0,0.0,12.92,0.83,0.0
20230525:2210,0.0,0.0,0.0,0.0,11.85,0.9,0.0
20230525:2310,0.0,0.0,0.0,0.0,11.05,1.03,0.0
20230526:0010,0.0,0.0,0.0,0.0,10.62,0.9,0.0
20230526:0110,0.0,0.0,0.0,0.0,10.49,0.69,0.0
20230526:0210,0.0,0.0,0.0,0.0,9.92,0.62,0.0
20230526:0310,0.0,15.0,0.0,6.94,9.46,0.69,0.0
20230526:0410,157.0,94.0,0.0,17.91,11.05,0.76,0.0
20230526:0510,257.0,162.0,0.0,29.28,13.7,1.03,0.0
20230526:0610,478.0,152.0,0.0,40.77,15.93,1.1,0.0
20230526:0710,574.0,196.0,0.0,52.02,17.61,0.69,0.0
20230526:0810,0.0,186.0,0.0,62.3,18.71,0.62,0.0
20230526:0910,293.0,443.0,0.0,69.73,19.65,0.83,0.0
20230526:1010,0.0,237.0,0.0,70.49,20.04,1.24,0.0
20230526:1110,45.0,423.0,0.0,63.98,19.79,1.86,0.0
20230526:1210,472.0,270.0,0.0,54.01,19.67,1.72,0.0
20230526:1310,0.0,68.0,0.0,42.87,19.71,2.0,0.0
20230526:1410,0.0,50.0,0.0,31.39,19.62,2.21,0.0
20230526:1510,0.0,25.0,0.0,19.98,17.6,1.24,0.0
20230526:1610,9.0,56.0,0.0,8.92,16.95,0.28,0.0
20230526:1710,0.0,0.0,0.0,0.0,15.86,0.76,0.0
20230526:1810,0.0,0.0,0.0,0.0,14.62,1.1,0.0
20230526:1910,0.0,0.0,0.0,0.0,13.86,0.97,0.0
20230526:2010,0.0,0.0,0.0,0.0,13.03,0.62,0.0
20230526:2110,0.0,0.0,0.0,0.0,12.69,0.07,0.0
20230526:2210,0.0,0.0,0.0,0.0,12.16,0.28,0.0
20230526:2310,0.0,0.0,0.0,0.0,11.64,0.48,0.0
20230527:0010,0.0,0.0,0.0,0.0,11.44,0.34,0.0
20230527:0110,0.0,0.0,0.0,0.0,10.33,0.34,0.0
20230527:0210,0.0,0.0,0.0,0.0,9.46,0.41,0.0
20230527:0310,8.0,43.0,0.0,7.03,9.09,0.48,0.0
20230527:0410,169.0,89.0,0.0,17.99,11.08,0.48,0.0
20230527:0510,330.0,122.0,0.0,29.36,13.71,0.41,0.0
20230527:0610,492.0,144.0,0.0,40.84,15.89,0.48,0.0
20230527:0710,647.0,152.0,0.0,52.1,17.97,0.76,0.0
20230527:0810,697.0,194.0,0.0,62.41,19.21,0.83,0.0
20230527:0910,675.0,249.0,0.0,69.88,20.21,0.83,0.0
20230527:1010,438.0,383.0,0.0,70.66,20.76,0.83,0.0
20230527:1110,500.0,320.0,0.0,64.12,21.2,0.9,0.0
20230527:1210,302.0,354.0,0.0,54.14,21.6,1.24,0.0
20230527:1310,300.0,269.0,0.0,42.99,21.71,1.66,0.0
20230527:1410,40.0,237.0,0.0,31.51,21.1,1.86,0.0
20230527:1510,10.0,131.0,0.0,20.1,18.92,0.97,0.0
20230527:1610,6.0,54.0,0.0,9.05,16.8,1.72,0.0
20230527:1710,0.0,0.0,0.0,0.0,15.36,2.69,0.0
20230527:1810,0.0,0.0,0.0,0.0,14.39,2.34,0.0
20230527:1910,0.0,0.0,0.0,0.0,14.47,2.14,0.0
20230527:2010,0.0,0.0,0.0,0.0,13.76,1.72,0.0
20230527:2110,0.0,0.0,0.0,0.0,12.87,1.79,0.0
20230527:2210,0.0,0.0,0.0,0.0,12.28,1.79,0.0
20230527:2310,0.0,0.0,0.0,0.0,12.02,2.14,0.0
20230528:0010,0.0,0.0,0.0,0.0,11.62,2.28,0.0
20230528:0110,0.0,0.0,0.0,0.0,11.33,2.07,0.0
20230528:0210,0.0,0.0,0.0,0.0,10.7,2.14,0.0
20230528:0310,0.0,8.0,0.0,7.12,10.55,2.07,0.0
20230528:0410,0.0,62.0,0.0,18.07,12.77,1.86,0.0
20230528:0510,333.0,122.0,0.0,29.43,15.5,1.93,0.0
20230528:0610,471.0,158.0,0.0,40.92,17.81,2.07,0.0
20230528:0710,308.0,340.0,0.0,52.18,19.11,3.45,0.0
20230528:0810,7.0,343.0,0.0,62.52,20.16,3.86,0.0
20230528:0910,22.0,411.0,0.0,70.03,20.52,4.14,0.0
20230528:1010,80.0,468.0,0.0,70.83,20.63,4.07,0.0
20230528:1110,114.0,452.0,0.0,64.27,20.55,3.79,0.0
20230528:1210,319.0,349.0,0.0,54.27,20.71,3.52,0.0
20230528:1310,131.0,329.0,0.0,43.11,20.9,3.72,0.0
20230528:1410,71.0,246.0,0.0,31.63,20.44,3.45,0.0
20230528:1510,99.0,142.0,0.0,20.22,19.38,2.69,0.0
20230528:1610,20.0,61.0,0.0,9.17,17.84,1.66,0.0
20230528:1710,0.0,0.0,0.0,0.0,16.48,0.34,0.0
20230528:1810,0.0,0.0,0.0,0.0,15.31,1.03,0.0
20230528:1910,0.0,0.0,0.0,0.0,15.37,0.28,0.0
20230528:2010,0.0,0.0,0.0,0.0,14.66,0.62,0.0
20230528:2110,0.0,0.0,0.0,0.0,14.1,0.41,0.0
20230528:2210,0.0,0.0,0.0,0.0,13.31,0.69,0.0
20230528:2310,0.0,0.0,0.0,0.0,12.04,0.9,0.0
20230529:0010,0.0,0.0,0.0,0.0,11.25,1.24,0.0
20230529:0110,0.0,0.0,0.0,0.0,11.02,1.38,0.0
20230529:0210,0.0,0.0,0.0,0.0,10.88,1.45,0.0
20230529:0310,0.0,27.0,0.0,7.2,10.94,1.38,0.0
20230529:0410,100.0,122.0,0.0,18.14,12.76,1.1,0.0
20230529:0510,272.0,154.0,0.0,29.49,14.66,1.17,0.0
20230529:0610,441.0,174.0,0.0,40.98,16.03,1.17,0.0
20230529:0710,174.0,384.0,0.0,52.26,17.88,2.07,0.0
20230529:0810,565.0,273.0,0.0,62.61,18.95,2.21,0.0
20230529:0910,284.0,445.0,0.0,70.16,20.16,2.48,0.0
20230529:1010,140.0,476.0,0.0,70.99,20.71,2.9,0.0
20230529:1110,65.0,436.0,0.0,64.41,20.59,3.03,0.0
20230529:1210,629.0,177.0,0.0,54.39,21.03,2.9,0.0
20230529:1310,0.0,165.0,0.0,43.22,21.11,2.62,0.0
20230529:1410,180.0,220.0,0.0,31.74,20.76,2.21,0.0
20230529:1510,81.0,148.0,0.0,20.34,18.94,1.86,0.0
20230529:1610,0.0,10.0,0.0,9.29,17.7,0.48,0.0
20230529:1710,0.0,0.0,0.0,0.0,16.57,1.17,0.0
20230529:1810,0.0,0.0,0.0,0.0,15.34,1.1,0.0
20230529:1910,0.0,0.0,0.0,0.0,14.17,1.59,0.0
20230529:2010,0.0,0.0,0.0,0.0,13.7,0.97,0.0
20230529:2110,0.0,0.0,0.0,0.0,13.82,0.21,0.0
20230529:2210,0.0,0.0,0.0,0.0,12.63,0.97,0.0
20230529:2310,0.0,0.0,0.0,0.0,12.34,0.97,0.0
20230530:0010,0.0,0.0,0.0,0.0,12.1,0.83,0.0
20230530:0110,0.0,0.0,0.0,0.0,11.65,0.83,0.0
20230530:0210,0.0,0.0,0.0,0.0,11.33,0.76,0.0
20230530:0310,0.0,7.0,0.0,7.27,10.8,0.83,0.0
20230530:0410,0.0,23.0,0.0,18.21,12.24,0.76,0.0
20230530:0510,0.0,90.0,0.0,29.55,14.13,0.9,0.0
20230530:0610,12.0,266.0,0.0,41.04,15.44,1.17,0.0
20230530:0710,59.0,378.0,0.0,52.33,15.93,2.0,0.0
20230530:0810,18.0,375.0,0.0,62.7,16.85,2.62,0.0
20230530:0910,0.0,230.0,0.0,70.3,16.96,2.69,0.0
20230530:1010,0.0,111.0,0.0,71.14,17.61,3.03,0.0
20230530:1110,0.0,229.0,0.0,64.54,17.7,3.31,0.0
20230530:1210,0.0,73.0,0.0,54.51,17.19,3.03,0.0
20230530:1310,0.0,121.0,0.0,43.33,17.25,2.9,0.0
20230530:1410,0.0,89.0,0.0,31.85,17.1,2.9,0.0
20230530:1510,0.0,26.0,0.0,20.45,16.0,1.72,0.0
20230530:1610,0.0,10.0,0.0,9.41,15.34,1.1,0.0
20230530:1710,0.0,0.0,0.0,0.0,14.15,1.38,0.0
20230530:1810,0.0,0.0,0.0,0.0,13.34,1.17,0.0
20230530:1910,0.0,0.0,0.0,0.0,13.22,1.45,0.0
20230530:2010,0.0,0.0,0.0,0.0,12.39,1.31,0.0
20230530:2110,0.0,0.0,0.0,0.0,11.81,1.1,0.0
20230530:2210,0.0,0.0,0.0,0.0,11.32,1.1,0.0
20230530:2310,0.0,0.0,0.0,0.0,11.28,0.9,0.0
20230531:0010,0.0,0.0,0.0,0.0,11.51,0.55,0.0
20230531:0110,0.0,0.0,0.0,0.0,11.38,0.55,0.0
20230531:0210,0.0,0.0,0.0,0.0,11.03,0.62,0.0
20230531:0310,0.0,8.0,0.0,7.34,10.82,0.62,0.0
20230531:0410,26.0,133.0,0.0,18.27,11.82,0.76,0.0
20230531:0510,165.0,207.0,0.0,29.61,13.38,0.97,0.0
20230531:0610,266.0,268.0,0.0,41.1,15.06,1.1,0.0
20230531:0710,219.0,373.0,0.0,52.39,16.52,1.38,0.0
20230531:0810,257.0,421.0,0.0,62.79,17.72,1.24,0.0
20230531:0910,241.0,459.0,0.0,70.42,18.7,1.1,0.0
20230531:1010,4.0,345.0,0.0,71.29,19.1,1.52,0.0
20230531:1110,51.0,427.0,0.0,64.67,19.75,2.0,0.0
20230531:1210,0.0,115.0,0.0,54.62,20.14,2.28,0.0
20230531:1310,47.0,320.0,0.0,43.44,19.93,1.93,0.0
20230531:1410,330.0,146.0,0.0,31.96,19.54,2.34,0.0
20230531:1510,69.0,152.0,0.0,20.56,17.99,2.41,0.0
20230531:1610,56.0,55.0,0.0,9.53,17.16,1.52,0.0
20230531:1710,0.0,0.0,0.0,0.0,16.45,1.1,0.0
20230531:1810,0.0,0.0,0.0,0.0,15.29,1.59,0.0
20230531:1910,0.0,0.0,0.0,0.0,14.3,1.72,0.0
20230531:2010,0.0,0.0,0.0,0.0,13.18,1.31,0.0
20230531:2110,0.0,0.0,0.0,0.0,12.64,1.24,0.0
20230531:2210,0.0,0.0,0.0,0.0,12.05,1.17,0.0
20230531:2310,0.0,0.0,0.0,0.0,11.53,1.17,0.0
20230601:0010,0.0,0.0,0.0,0.0,10.72,1.31,0.0
20230601:0110,0.0,0.0,0.0,0.0,10.11,1.38,0.0
20230601:0210,0.0,0.0,0.0,0.0,9.87,1.31,0.0
20230601:0310,0.0,7.0,0.0,7.41,9.99,1.1,0.0
20230601:0410,0.0,23.0,0.0,18.32,11.63,0.9,0.0
20230601:0510,0.0,113.0,0.0,29.66,14.12,1.1,0.0
20230601:0610,161.0,308.0,0.0,41.15,15.84,1.03,0.0
20230601:0710,239.0,366.0,0.0,52.45,17.04,0.97,0.0
20230601:0810,301.0,405.0,0.0,62.87,18.4,0.34,0.0
20230601:0910,123.0,474.0,0.0,70.54,19.43,0.28,0.0
20230601:1010,0.0,138.0,0.0,71.43,20.2,0.69,0.0
20230601:1110,116.0,453.0,0.0,64.8,20.35,1.1,0.0
20230601:1210,210.0,389.0,0.0,54.74,19.97,1.45,0.0
20230601:1310,0.0,164.0,0.0,43.55,19.56,0.97,0.0
20230601:1410,0.0,44.0,0.0,32.06,19.55,0.07,0.0
20230601:1510,13.0,141.0,0.0,20.67,19.64,0.9,0.0
20230601:1610,0.0,10.0,0.0,9.64,19.15,0.9,0.0
20230601:1710,0.0,0.0,0.0,0.0,18.26,1.1,0.0
20230601:1810,0.0,0.0,0.0,0.0,16.62,1.03,0.0
20230601:1910,0.0,0.0,0.0,0.0,15.35,0.62,0.0
20230601:2010,0.0,0.0,0.0,0.0,14.99,0.41,0.0
20230601:2110,0.0,0.0,0.0,0.0,14.53,0.14,0.0
20230601:2210,0.0,0.0,0.0,0.0,13.95,0.07,0.0
20230601:2310,0.0,0.0,0.0,0.0,13.48,0.21,0.0
20230602:0010,0.0,0.0,0.0,0.0,12.9,0.48,0.0
20230602:0110,0.0,0.0,0.0,0.0,12.67,0.14,0.0
20230602:0210,0.0,0.0,0.0,0.0,12.36,0.62,0.0
20230602:0310,3.0,42.0,0.0,7.47,11.63,0.76,0.0
20230602:0410,156.0,98.0,0.0,18.37,12.84,0.48,0.0
20230602:0510,373.0,101.0,0.0,29.71,15.36,0.83,0.0
20230602:0610,487.0,147.0,0.0,41.2,17.11,1.24,0.0
20230602:0710,659.0,143.0,0.0,52.5,18.77,1.38,0.0
20230602:0810,463.0,330.0,0.0,62.94,19.67,1.31,0.0
20230602:0910,255.0,455.0,0.0,70.65,20.58,1.52,0.0
20230602:1010,58.0,456.0,0.0,71.57,21.33,1.79,0.0
20230602:1110,443.0,351.0,0.0,64.93,21.81,1.86,0.0
20230602:1210,573.0,213.0,0.0,54.85,22.16,1.86,0.0
20230602:1310,23.0,299.0,0.0,43.65,22.44,2.21,0.0
20230602:1410,10.0,208.0,0.0,32.17,21.76,2.83,0.0
20230602:1510,30.0,153.0,0.0,20.78,18.9,2.97,0.0
20230602:1610,33.0,64.0,0.0,9.76,17.46,1.79,0.0
20230602:1710,0.0,0.0,0.0,0.0,16.71,0.28,0.0
20230602:1810,0.0,0.0,0.0,0.0,15.92,0.9,0.0
20230602:1910,0.0,0.0,0.0,0.0,15.84,1.1,0.0
20230602:2010,0.0,0.0,0.0,0.0,15.04,1.1,0.0
20230602:2110,0.0,0.0,0.0,0.0,14.09,1.17,0.0
20230602:2210,0.0,0.0,0.0,0.0,13.18,1.31,0.0
20230602:2310,0.0,0.0,0.0,0.0,12.41,1.45,0.0
20230603:0010,0.0,0.0,0.0,0.0,11.93,1.59,0.0
20230603:0110,0.0,0.0,0.0,0.0,12.05,1.52,0.0
20230603:0210,0.0,0.0,0.0,0.0,12.97,0.97,0.0
20230603:0310,4.0,43.0,0.0,7.52,12.39,1.03,0.0
20230603:0410,80.0,130.0,0.0,18.42,12.92,1.03,0.0
20230603:0510,144.0,214.0,0.0,29.75,14.3,1.86,0.0
20230603:0610,39.0,301.0,0.0,41.24,15.84,2.34,0.0
20230603:0710,58.0,378.0,0.0,52.55,20.15,2.07,0.0
20230603:0810,97.0,440.0,0.0,63.0,21.2,2.41,0.0
20230603:0910,464.0,365.0,0.0,70.75,21.68,2.34,0.0
20230603:1010,0.0,101.0,0.0,71.7,21.72,2.0,0.0
20230603:1110,0.0,83.0,0.0,65.05,21.91,1.45,0.0
20230603:1210,0.0,74.0,0.0,54.95,21.47,0.9,0.0
20230603:1310,0.0,61.0,0.0,43.75,21.03,0.9,0.0
20230603:1410,0.0,147.0,0.0,32.27,18.04,2.21,0.0
20230603:1510,161.0,120.0,0.0,20.88,16.99,0.97,0.0
20230603:1610,4.0,57.0,0.0,9.86,16.46,1.59,0.0
20230603:1710,0.0,0.0,0.0,0.0,15.84,0.34,0.0
20230603:1810,0.0,0.0,0.0,0.0,14.98,0.55,0.0
20230603:1910,0.0,0.0,0.0,0.0,14.31,1.24,0.0
20230603:2010,0.0,0.0,0.0,0.0,13.36,1.03,0.0
20230603:2110,0.0,0.0,0.0,0.0,13.23,0.69,0.0
20230603:2210,0.0,0.0,0.0,0.0,12.85,0.9,0.0
20230603:2310,0.0,0.0,0.0,0.0,13.0,1.1,0.0
20230604:0010,0.0,0.0,0.0,0.0,12.79,1.17,0.0
20230604:0110,0.0,0.0,0.0,0.0,12.71,1.1,0.0
20230604:0210,0.0,0.0,0.0,0.0,12.61,1.17,0.0
20230604:0310,0.0,7.0,0.0,7.57,12.53,1.38,0.0
20230604:0410,0.0,56.0,0.0,18.46,12.87,1.52,0.0
20230604:0510,0.0,90.0,0.0,29.78,13.54,1.52,0.0
20230604:0610,160.0,307.0,0.0,41.27,14.43,1.66,0.0
20230604:0710,113.0,389.0,0.0,52.59,15.57,1.59,0.0
20230604:0810,156.0,443.0,0.0,63.06,16.36,2.07,0.0
20230604:0910,186.0,470.0,0.0,70.85,17.21,2.07,0.0
20230604:1010,0.0,207.0,0.0,71.82,18.12,2.34,0.0
20230604:1110,0.0,96.0,0.0,65.16,17.77,2.28,0.0
20230604:1210,0.0,145.0,0.0,55.06,17.67,2.97,0.0
20230604:1310,0.0,119.0,0.0,43.85,17.26,2.48,0.0
20230604:1410,75.0,249.0,0.0,32.37,17.53,2.48,0.0
20230604:1510,57.0,157.0,0.0,20.98,17.06,2.97,0.0
20230604:1610,14.0,66.0,0.0,9.97,15.74,2.21,0.0
20230604:1710,0.0,0.0,0.0,0.0,15.07,2.0,0.0
20230604:1810,0.0,0.0,0.0,0.0,14.57,2.28,0.0
20230604:1910,0.0,0.0,0.0,0.0,14.15,2.9,0.0
20230604:2010,0.0,0.0,0.0,0.0,14.1,2.55,0.0
20230604:2110,0.0,0.0,0.0,0.0,13.79,2.28,0.0
20230604:2210,0.0,0.0,0.0,0.0,13.32,2.07,0.0
20230604:2310,0.0,0.0,0.0,0.0,13.23,2.07,0.0
20230605:0010,0.0,0.0,0.0,0.0,13.03,2.0,0.0
20230605:0110,0.0,0.0,0.0,0.0,12.93,1.93,0.0
20230605:0210,0.0,0.0,0.0,0.0,12.95,1.93,0.0
20230605:0310,0.0,8.0,0.0,7.61,12.97,2.07,0.0
20230605:0410,0.0,24.0,0.0,18.5,13.46,2.14,0.0
20230605:0510,0.0,66.0,0.0,29.82,14.14,3.45,0.0
20230605:0610,0.0,125.0,0.0,41.31,14.93,4.14,0.0
20230605:0710,15.0,331.0,0.0,52.63,15.37,4.76,0.0
20230605:0810,19.0,382.0,0.0,63.12,15.86,4.48,0.0
20230605:0910,175.0,471.0,0.0,70.94,16.67,4.41,0.0
20230605:1010,557.0,319.0,0.0,71.94,17.89,4.14,0.0
20230605:1110,0.0,164.0,0.0,65.27,18.53,4.21,0.0
20230605:1210,0.0,108.0,0.0,55.16,19.21,4.55,0.0
20230605:1310,0.0,175.0,0.0,43.95,18.9,5.1,0.0
20230605:1410,145.0,237.0,0.0,32.46,18.55,4.69,0.0
20230605:1510,81.0,154.0,0.0,21.08,17.98,4.55,0.0
20230605:1610,17.0,67.0,0.0,10.07,17.12,3.38,0.0
20230605:1710,0.0,0.0,0.0,0.0,16.22,3.03,0.0
20230605:1810,0.0,0.0,0.0,0.0,15.11,2.69,0.0
20230605:1910,0.0,0.0,0.0,0.0,14.48,2.83,0.0
20230605:2010,0.0,0.0,0.0,0.0,13.79,2.62,0.0
20230605:2110,0.0,0.0,0.0,0.0,13.35,2.28,0.0
20230605:2210,0.0,0.0,0.0,0.0,12.82,2.14,0.0
20230605:2310,0.0,0.0,0.0,0.0,12.53,2.14,0.0
20230606:0010,0.0,0.0,0.0,0.0,12.65,1.93,0.0
20230606:0110,0.0,0.0,0.0,0.0,12.63,1.86,0.0
20230606:0210,0.0,0.0,0.0,0.0,12.1,1.93,0.0
20230606:0310,0.0,8.0,0.0,7.65,12.0,1.93,0.0
20230606:0410,0.0,26.0,0.0,18.53,12.86,2.0,0.0
20230606:0510,366.0,106.0,0.0,29.84,14.43,2.9,0.0
20230606:0610,128.0,316.0,0.0,41.33,16.02,3.66,0.0
20230606:0710,0.0,0.0,0.0,0.0,17.68,3.52,0.0
20230606:0810,562.0,277.0,0.0,63.17,18.57,3.59,0.0
20230606:0910,227.0,465.0,0.0,71.02,19.27,3.52,0.0
20230606:1010,184.0,476.0,0.0,72.06,19.9,3.38,0.0
20230606:1110,318.0,411.0,0.0,65.38,20.33,3.24,0.0
20230606:1210,690.0,145.0,0.0,55.26,20.48,3.03,0.0
20230606:1310,524.0,151.0,0.0,44.04,20.57,2.9,0.0
20230606:1410,413.0,106.0,0.0,32.55,20.32,2.83,0.0
20230606:1510,228.0,90.0,0.0,21.17,20.12,2.9,0.0
20230606:1610,78.0,52.0,0.0,10.17,19.5,2.14,0.0
20230606:1710,0.0,0.0,0.0,0.0,18.4,1.86,0.0
20230606:1810,0.0,0.0,0.0,0.0,17.13,1.86,0.0
20230606:1910,0.0,0.0,0.0,0.0,15.77,1.93,0.0
20230606:2010,0.0,0.0,0.0,0.0,14.44,2.0,0.0
20230606:2110,0.0,0.0,0.0,0.0,13.46,2.0,0.0
20230606:2210,0.0,0.0,0.0,0.0,12.53,1.86,0.0
20230606:2310,0.0,0.0,0.0,0.0,11.77,1.72,0.0
20230607:0010,0.0,0.0,0.0,0.0,11.05,1.59,0.0
20230607:0110,0.0,0.0,0.0,0.0,10.32,1.59,0.0
20230607:0210,0.0,0.0,0.0,0.0,9.81,1.59,0.0
20230607:0310,47.0,43.0,0.0,7.68,9.65,1.45,0.0
20230607:0410,197.0,82.0,0.0,18.55,11.97,1.17,0.0
20230607:0510,371.0,106.0,0.0,29.87,14.68,1.59,0.0
20230607:0610,570.0,108.0,0.0,41.35,16.5,1.86,0.0
20230607:0710,684.0,137.0,0.0,52.69,18.03,1.38,0.0
20230607:0810,786.0,148.0,0.0,63.21,19.62,1.72,0.0
20230607:0910,883.0,132.0,0.0,71.1,20.91,1.59,0.0
20230607:1010,878.0,139.0,0.0,72.16,21.88,1.24,0.0
20230607:1110,892.0,101.0,0.0,65.48,22.69,1.1,0.0
20230607:1210,781.0,102.0,0.0,55.35,23.28,1.03,0.0
20230607:1310,603.0,113.0,0.0,44.13,23.66,1.1,0.0
20230607:1410,419.0,107.0,0.0,32.64,23.74,1.24,0.0
20230607:1510,244.0,85.0,0.0,21.27,23.56,1.45,0.0
20230607:1610,72.0,56.0,0.0,10.26,22.83,1.24,0.0
20230607:1710,0.0,0.0,0.0,0.0,21.17,1.38,0.0
20230607:1810,0.0,0.0,0.0,0.0,18.46,1.52,0.0
20230607:1910,0.0,0.0,0.0,0.0,18.81,1.17,0.0
20230607:2010,0.0,0.0,0.0,0.0,18.39,1.03,0.0
20230607:2110,0.0,0.0,0.0,0.0,17.25,1.03,0.0
20230607:2210,0.0,0.0,0.0,0.0,15.66,1.1,0.0
20230607:2310,0.0,0.0,0.0,0.0,14.03,1.24,0.0
20230608:0010,0.0,0.0,0.0,0.0,12.95,1.38,0.0
20230608:0110,0.0,0.0,0.0,0.0,12.41,1.52,0.0
20230608:0210,0.0,0.0,0.0,0.0,11.98,1.66,0.0
20230608:0310,47.0,43.0,0.0,7.71,11.9,1.59,0.0
20230608:0410,201.0,80.0,0.0,18.58,13.95,1.1,0.0
20230608:0510,354.0,114.0,0.0,29.88,17.75,1.24,0.0
20230608:0610,545.0,121.0,0.0,41.37,19.79,1.31,0.0
20230608:0710,652.0,153.0,0.0,52.71,21.68,1.45,0.0
20230608:0810,642.0,235.0,0.0,63.25,22.93,1.52,0.0
20230608:0910,555.0,326.0,0.0,71.17,23.9,1.31,0.0
20230608:1010,448.0,387.0,0.0,72.26,24.53,1.17,0.0
20230608:1110,621.0,261.0,0.0,65.58,24.97,1.17,0.0
20230608:1210,414.0,313.0,0.0,55.44,25.32,1.31,0.0
20230608:1310,514.0,163.0,0.0,44.22,25.5,1.52,0.0
20230608:1410,362.0,139.0,0.0,32.73,25.55,1.93,0.0
20230608:1510,48.0,162.0,0.0,21.35,25.26,2.0,0.0
20230608:1610,23.0,71.0,0.0,10.35,24.46,1.03,0.0
20230608:1710,0.0,0.0,0.0,0.0,23.18,0.62,0.0
20230608:1810,0.0,0.0,0.0,0.0,22.21,0.28,0.0
20230608:1910,0.0,0.0,0.0,0.0,19.34,1.45,0.0
20230608:2010,0.0,0.0,0.0,0.0,17.94,1.52,0.0
20230608:2110,0.0,0.0,0.0,0.0,16.78,1.66,0.0
20230608:2210,0.0,0.0,0.0,0.0,15.83,1.72,0.0
20230608:2310,0.0,0.0,0.0,0.0,15.03,1.72,0.0
20230609:0010,0.0,0.0,0.0,0.0,14.44,1.79,0.0
20230609:0110,0.0,0.0,0.0,0.0,13.92,1.86,0.0
20230609:0210,0.0,0.0,0.0,0.0,13.19,2.0,0.0
20230609:0310,0.0,8.0,0.0,7.73,13.06,1.93,0.0
20230609:0410,0.0,24.0,0.0,18.59,15.23,1.45,0.0
20230609:0510,0.0,41.0,0.0,29.9,18.98,1.17,0.0
20230609:0610,0.0,76.0,0.0,41.38,20.64,0.76,0.0
20230609:0710,518.0,228.0,0.0,52.72,21.86,1.72,0.0
20230609:0810,777.0,144.0,0.0,63.28,22.96,0.97,0.0
20230609:0910,839.0,147.0,0.0,71.23,23.69,0.41,0.0
20230609:1010,794.0,178.0,0.0,72.36,24.03,0.41,0.0
20230609:1110,538.0,301.0,0.0,65.67,24.35,1.03,0.0
20230609:1210,25.0,362.0,0.0,55.53,24.48,1.66,0.0
20230609:1310,15.0,289.0,0.0,44.3,23.83,2.07,0.0
20230609:1410,0.0,136.0,0.0,32.82,22.42,2.9,0.0
20230609:1510,5.0,131.0,0.0,21.44,21.4,2.83,0.0
20230609:1610,0.0,11.0,0.0,10.44,20.79,2.0,0.0
20230609:1710,0.0,0.0,0.0,0.0,19.83,1.17,0.0
20230609:1810,0.0,0.0,0.0,0.0,18.12,1.1,0.0
20230609:1910,0.0,0.0,0.0,0.0,17.09,1.59,0.0
20230609:2010,0.0,0.0,0.0,0.0,16.25,1.38,0.0
20230609:2110,0.0,0.0,0.0,0.0,15.64,1.38,0.0
20230609:2210,0.0,0.0,0.0,0.0,14.84,1.45,0.0
20230609:2310,0.0,0.0,0.0,0.0,14.12,1.52,0.0
20230610:0010,0.0,0.0,0.0,0.0,13.7,1.38,0.0
20230610:0110,0.0,0.0,0.0,0.0,13.41,1.24,0.0
20230610:0210,0.0,0.0,0.0,0.0,13.04,1.24,0.0
20230610:0310,41.0,45.0,0.0,7.75,12.81,1.17,0.0
20230610:0410,187.0,84.0,0.0,18.6,14.69,1.03,0.0
20230610:0510,347.0,113.0,0.0,29.9,16.5,1.1,0.0
20230610:0610,439.0,174.0,0.0,41.39,17.71,1.1,0.0
20230610:0710,672.0,135.0,0.0,52.74,19.93,1.03,0.0
20230610:0810,784.0,140.0,0.0,63.3,20.93,1.03,0.0
20230610:0910,663.0,253.0,0.0,71.29,22.19,1.31,0.0
20230610:1010,270.0,453.0,0.0,72.45,22.92,1.38,0.0
20230610:1110,27.0,402.0,0.0,65.76,23.48,1.17,0.0
20230610:1210,0.0,121.0,0.0,55.61,23.9,1.17,0.0
20230610:1310,0.0,61.0,0.0,44.38,23.75,1.31,0.0
20230610:1410,49.0,249.0,0.0,32.9,23.83,1.59,0.0
20230610:1510,220.0,95.0,0.0,21.52,23.27,1.17,0.0
20230610:1610,17.0,70.0,0.0,10.53,22.68,0.97,0.0
20230610:1710,0.0,0.0,0.0,0.0,21.08,1.52,0.0
20230610:1810,0.0,0.0,0.0,0.0,18.74,1.86,0.0
20230610:1910,0.0,0.0,0.0,0.0,17.77,1.17,0.0
20230610:2010,0.0,0.0,0.0,0.0,16.93,1.17,0.0
20230610:2110,0.0,0.0,0.0,0.0,15.74,1.31,0.0
20230610:2210,0.0,0.0,0.0,0.0,15.12,1.31,0.0
20230610:2310,0.0,0.0,0.0,0.0,14.89,1.17,0.0
20230611:0010,0.0,0.0,0.0,0.0,14.43,1.17,0.0
20230611:0110,0.0,0.0,0.0,0.0,14.16,1.24,0.0
20230611:0210,0.0,0.0,0.0,0.0,13.78,1.17,0.0
20230611:0310,0.0,8.0,0.0,7.76,13.72,1.1,0.0
20230611:0410,10.0,122.0,0.0,18.61,15.06,0.76,0.0
20230611:0510,51.0,227.0,0.0,29.91,17.97,0.76,0.0
20230611:0610,347.0,226.0,0.0,41.39,19.67,0.48,0.0
20230611:0710,343.0,320.0,0.0,52.74,20.74,0.69,0.0
20230611:0810,71.0,433.0,0.0,63.32,21.72,0.41,0.0
20230611:0910,394.0,399.0,0.0,71.34,22.64,0.48,0.0
20230611:1010,343.0,425.0,0.0,72.53,22.89,0.69,0.0
20230611:1110,4.0,334.0,0.0,65.85,22.72,1.24,0.0
20230611:1210,0.0,90.0,0.0,55.69,21.71,1.59,0.0
20230611:1310,0.0,61.0,0.0,44.46,21.47,1.17,0.0
20230611:1410,0.0,122.0,0.0,32.97,21.56,0.62,0.0
20230611:1510,0.0,38.0,0.0,21.6,20.11,0.41,0.0
20230611:1610,0.0,12.0,0.0,10.61,19.21,0.83,0.0
20230611:1710,0.0,0.0,0.0,0.0,17.62,0.55,0.0
20230611:1810,0.0,0.0,0.0,0.0,16.69,0.48,0.0
20230611:1910,0.0,0.0,0.0,0.0,15.77,0.76,0.0
20230611:2010,0.0,0.0,0.0,0.0,15.64,0.55,0.0
20230611:2110,0.0,0.0,0.0,0.0,15.06,0.28,0.0
20230611:2210,0.0,0.0,0.0,0.0,14.45,0.28,0.0
20230611:2310,0.0,0.0,0.0,0.0,14.02,0.07,0.0
20230612:0010,0.0,0.0,0.0,0.0,13.31,0.14,0.0
20230612:0110,0.0,0.0,0.0,0.0,13.02,0.34,0.0
20230612:0210,0.0,0.0,0.0,0.0,12.82,0.55,0.0
20230612:0310,0.0,8.0,0.0,7.77,12.91,0.62,0.0
20230612:0410,14.0,129.0,0.0,18.61,13.77,0.69,0.0
20230612:0510,121.0,223.0,0.0,29.91,15.16,0.69,0.0
20230612:0610,23.0,285.0,0.0,41.39,16.66,0.69,0.0
20230612:0710,83.0,387.0,0.0,52.75,18.2,0.34,0.0
20230612:0810,270.0,416.0,0.0,63.34,19.51,0.21,0.0
20230612:0910,0.0,0.0,0.0,0.0,20.46,0.55,0.0
20230612:1010,823.0,159.0,0.0,72.6,21.28,0.97,0.0
20230612:1110,763.0,164.0,0.0,65.93,21.38,1.03,0.0
20230612:1210,587.0,208.0,0.0,55.77,21.94,1.17,0.0
20230612:1310,426.0,211.0,0.0,44.54,22.32,1.24,0.0
20230612:1410,130.0,246.0,0.0,33.05,22.26,1.1,0.0
20230612:1510,84.0,158.0,0.0,21.68,22.02,0.9,0.0
20230612:1610,0.0,12.0,0.0,10.69,21.01,1.45,0.0
20230612:1710,0.0,0.0,0.0,0.0,19.68,1.03,0.0
20230612:1810,0.0,0.0,0.0,0.0,18.24,1.03,0.0
20230612:1910,0.0,0.0,0.0,0.0,16.99,0.83,0.0
20230612:2010,0.0,0.0,0.0,0.0,16.21,0.83,0.0
20230612:2110,0.0,0.0,0.0,0.0,15.41,1.03,0.0
20230612:2210,0.0,0.0,0.0,0.0,14.76,1.03,0.0
20230612:2310,0.0,0.0,0.0,0.0,14.23,1.03,0.0
20230613:0010,0.0,0.0,0.0,0.0,13.81,1.17,0.0
20230613:0110,0.0,0.0,0.0,0.0,13.32,1.31,0.0
20230613:0210,0.0,0.0,0.0,0.0,13.25,1.45,0.0
20230613:0310,0.0,8.0,0.0,7.78,12.97,1.45,0.0
20230613:0410,0.0,51.0,0.0,18.61,14.73,1.38,0.0
20230613:0510,28.0,218.0,0.0,29.9,16.24,1.72,0.0
20230613:0610,274.0,264.0,0.0,41.39,17.68,1.59,0.0
20230613:0710,292.0,344.0,0.0,52.74,18.79,0.62,0.0
20230613:0810,68.0,432.0,0.0,63.35,19.83,0.28,0.0
20230613:0910,32.0,428.0,0.0,71.42,20.66,0.76,0.0
20230613:1010,89.0,471.0,0.0,72.67,21.41,1.45,0.0
20230613:1110,0.0,182.0,0.0,66.0,21.65,1.86,0.0
20230613:1210,0.0,147.0,0.0,55.84,22.06,2.34,0.0
20230613:1310,64.0,334.0,0.0,44.61,21.91,2.48,0.0
20230613:1410,123.0,249.0,0.0,33.12,20.94,2.14,0.0
20230613:1510,240.0,88.0,0.0,21.75,20.33,2.0,0.0
20230613:1610,0.0,29.0,0.0,10.76,19.92,2.0,0.0
20230613:1710,0.0,0.0,0.0,0.0,18.93,1.72,0.0
20230613:1810,0.0,0.0,0.0,0.0,17.48,1.66,0.0
20230613:1910,0.0,0.0,0.0,0.0,16.42,0.9,0.0
20230613:2010,0.0,0.0,0.0,0.0,16.44,0.48,0.0
20230613:2110,0.0,0.0,0.0,0.0,15.3,0.83,0.0
20230613:2210,0.0,0.0,0.0,0.0,14.53,1.17,0.0
20230613:2310,0.0,0.0,0.0,0.0,14.04,1.31,0.0
20230614:0010,0.0,0.0,0.0,0.0,13.88,1.17,0.0
20230614:0110,0.0,0.0,0.0,0.0,13.61,1.17,0.0
20230614:0210,0.0,0.0,0.0,0.0,13.05,1.31,0.0
20230614:0310,5.0,45.0,0.0,7.77,13.07,1.24,0.0
20230614:0410,0.0,24.0,0.0,18.61,14.78,1.1,0.0
20230614:0510,0.0,50.0,0.0,29.89,16.2,1.45,0.0
20230614:0610,0.0,127.0,0.0,41.38,17.27,1.03,0.0
20230614:0710,22.0,345.0,0.0,52.74,18.54,0.9,0.0
20230614:0810,341.0,388.0,0.0,63.35,19.49,0.83,0.0
20230614:0910,0.0,301.0,0.0,71.45,20.54,1.1,0.0
20230614:1010,0.0,113.0,0.0,72.74,21.34,1.59,0.0
20230614:1110,0.0,119.0,0.0,66.07,21.61,1.93,0.0
20230614:1210,0.0,126.0,0.0,55.91,21.99,2.28,0.0
20230614:1310,47.0,327.0,0.0,44.68,22.2,2.28,0.0
20230614:1410,142.0,244.0,0.0,33.19,22.25,2.55,0.0
20230614:1510,223.0,96.0,0.0,21.82,22.16,2.48,0.0
20230614:1610,75.0,59.0,0.0,10.83,21.42,2.14,0.0
20230614:1710,0.0,0.0,0.0,0.0,19.99,2.41,0.0
20230614:1810,0.0,0.0,0.0,0.0,18.35,2.83,0.0
20230614:1910,0.0,0.0,0.0,0.0,17.25,2.69,0.0
20230614:2010,0.0,0.0,0.0,0.0,16.17,2.34,0.0
20230614:2110,0.0,0.0,0.0,0.0,15.16,2.14,0.0
20230614:2210,0.0,0.0,0.0,0.0,14.51,1.93,0.0
20230614:2310,0.0,0.0,0.0,0.0,13.56,1.79,0.0
20230615:0010,0.0,0.0,0.0,0.0,12.93,1.59,0.0
20230615:0110,0.0,0.0,0.0,0.0,12.57,1.45,0.0
20230615:0210,0.0,0.0,0.0,0.0,12.42,1.24,0.0
20230615:0310,52.0,42.0,0.0,7.77,12.14,1.24,0.0
20230615:0410,188.0,85.0,0.0,18.59,13.91,0.97,0.0
20230615:0510,363.0,109.0,0.0,29.88,15.94,0.9,0.0
20230615:0610,573.0,105.0,0.0,41.36,17.7,0.62,0.0
20230615:0710,698.0,127.0,0.0,52.73,18.96,1.79,0.0
20230615:0810,792.0,143.0,0.0,63.35,20.42,1.79,0.0
20230615:0910,855.0,146.0,0.0,71.47,21.7,1.59,0.0
20230615:1010,864.0,145.0,0.0,72.79,22.8,1.59,0.0
20230615:1110,827.0,137.0,0.0,66.14,23.72,1.66,0.0
20230615:1210,765.0,113.0,0.0,55.98,24.34,1.72,0.0
20230615:1310,529.0,158.0,0.0,44.74,24.65,1.66,0.0
20230615:1410,237.0,211.0,0.0,33.25,24.76,1.52,0.0
20230615:1510,84.0,163.0,0.0,21.88,24.55,1.45,0.0
20230615:1610,31.0,75.0,0.0,10.89,23.87,0.9,0.0
20230615:1710,0.0,0.0,0.0,0.0,22.4,0.41,0.0
20230615:1810,0.0,0.0,0.0,0.0,21.41,0.21,0.0
20230615:1910,0.0,0.0,0.0,0.0,20.02,0.62,0.0
20230615:2010,0.0,0.0,0.0,0.0,18.83,0.83,0.0
20230615:2110,0.0,0.0,0.0,0.0,17.78,0.9,0.0
20230615:2210,0.0,0.0,0.0,0.0,16.89,0.9,0.0
20230615:2310,0.0,0.0,0.0,0.0,16.2,0.9,0.0
20230616:0010,0.0,0.0,0.0,0.0,15.8,0.83,0.0
20230616:0110,0.0,0.0,0.0,0.0,15.62,0.9,0.0
20230616:0210,0.0,0.0,0.0,0.0,15.25,0.97,0.0
20230616:0310,0.0,8.0,0.0,7.76,14.81,1.03,0.0
20230616:0410,156.0,100.0,0.0,18.58,15.39,0.76,0.0
20230616:0510,311.0,135.0,0.0,29.86,18.74,0.9,0.0
20230616:0610,543.0,117.0,0.0,41.34,20.7,0.9,0.0
20230616:0710,680.0,133.0,0.0,52.71,22.03,1.31,0.0
20230616:0810,782.0,144.0,0.0,63.34,23.45,1.52,0.0
20230616:0910,596.0,297.0,0.0,71.48,24.51,1.72,0.0
20230616:1010,444.0,384.0,0.0,72.84,25.35,2.07,0.0
20230616:1110,615.0,262.0,0.0,66.2,25.92,2.41,0.0
20230616:1210,394.0,321.0,0.0,56.04,26.13,2.34,0.0
20230616:1310,226.0,314.0,0.0,44.8,26.18,2.14,0.0
20230616:1410,219.0,217.0,0.0,33.31,26.36,2.14,0.0
20230616:1510,253.0,85.0,0.0,21.94,25.81,1.86,0.0
20230616:1610,7.0,68.0,0.0,10.96,24.27,1.66,0.0
20230616:1710,0.0,0.0,0.0,0.0,21.93,1.66,0.0
20230616:1810,0.0,0.0,0.0,0.0,20.77,0.48,0.0
20230616:1910,0.0,0.0,0.0,0.0,21.54,0.69,0.0
20230616:2010,0.0,0.0,0.0,0.0,20.48,0.83,0.0
20230616:2110,0.0,0.0,0.0,0.0,19.63,0.62,0.0
20230616:2210,0.0,0.0,0.0,0.0,18.85,0.62,0.0
20230616:2310,0.0,0.0,0.0,0.0,18.03,0.69,0.0
20230617:0010,0.0,0.0,0.0,0.0,17.28,0.76,0.0
20230617:0110,0.0,0.0,0.0,0.0,16.51,0.9,0.0
20230617:0210,0.0,0.0,0.0,0.0,15.83,0.97,0.0
20230617:0310,0.0,17.0,0.0,7.74,15.27,0.97,0.0
20230617:0410,70.0,134.0,0.0,18.56,15.87,0.69,0.0
20230617:0510,230.0,177.0,0.0,29.84,20.18,0.97,0.0
20230617:0610,425.0,183.0,0.0,41.32,22.23,1.31,0.0
20230617:0710,600.0,177.0,0.0,52.69,23.53,1.93,0.0
20230617:0810,728.0,172.0,0.0,63.33,24.62,2.48,0.0
20230617:0910,772.0,187.0,0.0,71.49,25.48,2.83,0.0
20230617:1010,721.0,225.0,0.0,72.88,25.95,3.24,0.0
20230617:1110,789.0,151.0,0.0,66.26,26.27,3.45,0.0
20230617:1210,702.0,141.0,0.0,56.1,26.56,3.52,0.0
20230617:1310,99.0,341.0,0.0,44.86,25.33,3.38,0.0
20230617:1410,143.0,245.0,0.0,33.37,24.13,3.1,0.0
20230617:1510,199.0,111.0,0.0,22.0,24.13,2.07,0.0
20230617:1610,21.0,76.0,0.0,11.01,22.66,1.79,0.0
20230617:1710,0.0,0.0,0.0,0.0,20.81,2.07,0.0
20230617:1810,0.0,0.0,0.0,0.0,19.17,1.1,0.0
20230617:1910,0.0,0.0,0.0,0.0,18.36,0.76,0.0
20230617:2010,0.0,0.0,0.0,0.0,16.36,1.24,0.0
20230617:2110,0.0,0.0,0.0,0.0,15.03,1.52,0.0
20230617:2210,0.0,0.0,0.0,0.0,14.2,1.59,0.0
20230617:2310,0.0,0.0,0.0,0.0,14.05,2.0,0.0
20230618:0010,0.0,0.0,0.0,0.0,13.94,1.86,0.0
20230618:0110,0.0,0.0,0.0,0.0,14.01,1.72,0.0
20230618:0210,0.0,0.0,0.0,0.0,14.29,2.0,0.0
20230618:0310,0.0,8.0,0.0,7.72,14.48,1.52,0.0
20230618:0410,31.0,136.0,0.0,18.54,15.19,1.72,0.0
20230618:0510,24.0,214.0,0.0,29.81,16.45,2.14,0.0
20230618:0610,170.0,304.0,0.0,41.3,17.2,2.41,0.0
20230618:0710,395.0,295.0,0.0,52.67,17.58,1.66,0.0
20230618:0810,394.0,363.0,0.0,63.31,19.31,1.79,0.0
20230618:0910,510.0,342.0,0.0,71.5,20.26,2.21,0.0
20230618:1010,440.0,384.0,0.0,72.92,21.04,2.48,0.0
20230618:1110,335.0,404.0,0.0,66.31,21.59,2.69,0.0
20230618:1210,365.0,334.0,0.0,56.15,22.08,2.69,0.0
20230618:1310,35.0,319.0,0.0,44.92,21.84,2.34,0.0
20230618:1410,95.0,257.0,0.0,33.43,21.54,2.21,0.0
20230618:1510,233.0,94.0,0.0,22.06,21.09,2.21,0.0
20230618:1610,1.0,52.0,0.0,11.07,19.9,1.59,0.0
20230618:1710,0.0,0.0,0.0,0.0,19.23,1.1,0.0
20230618:1810,0.0,0.0,0.0,0.0,18.05,1.17,0.0
20230618:1910,0.0,0.0,0.0,0.0,17.2,1.79,0.0
20230618:2010,0.0,0.0,0.0,0.0,16.2,1.86,0.0
20230618:2110,0.0,0.0,0.0,0.0,15.7,1.86,0.0
20230618:2210,0.0,0.0,0.0,0.0,15.1,2.0,0.0
20230618:2310,0.0,0.0,0.0,0.0,14.84,1.72,0.0
20230619:0010,0.0,0.0,0.0,0.0,14.31,1.38,0.0
20230619:0110,0.0,0.0,0.0,0.0,13.43,1.38,0.0
20230619:0210,0.0,0.0,0.0,0.0,13.49,1.38,0.0
20230619:0310,0.0,8.0,0.0,7.7,13.74,1.17,0.0
20230619:0410,0.0,23.0,0.0,18.51,14.22,1.59,0.0
20230619:0510,0.0,41.0,0.0,29.78,14.63,1.86,0.0
20230619:0610,0.0,65.0,0.0,41.27,15.29,1.52,0.0
20230619:0710,0.0,94.0,0.0,52.64,16.17,1.03,0.0
20230619:0810,0.0,154.0,0.0,63.29,16.79,1.1,0.0
20230619:0910,0.0,149.0,0.0,71.49,17.48,1.17,0.0
20230619:1010,0.0,260.0,0.0,72.95,17.61,1.38,0.0
20230619:1110,39.0,420.0,0.0,66.35,18.33,2.0,0.0
20230619:1210,371.0,328.0,0.0,56.2,20.01,2.55,0.0
20230619:1310,265.0,295.0,0.0,44.97,20.12,2.9,0.0
20230619:1410,46.0,251.0,0.0,33.48,20.26,3.45,0.0
20230619:1510,0.0,29.0,0.0,22.11,19.28,3.1,0.0
20230619:1610,7.0,69.0,0.0,11.12,19.07,2.34,0.0
20230619:1710,0.0,0.0,0.0,0.0,18.39,2.07,0.0
20230619:1810,0.0,0.0,0.0,0.0,17.1,2.07,0.0
20230619:1910,0.0,0.0,0.0,0.0,15.87,2.0,0.0
20230619:2010,0.0,0.0,0.0,0.0,14.88,1.93,0.0
20230619:2110,0.0,0.0,0.0,0.0,13.86,1.79,0.0
20230619:2210,0.0,0.0,0.0,0.0,13.21,1.59,0.0
20230619:2310,0.0,0.0,0.0,0.0,12.72,1.66,0.0
20230620:0010,0.0,0.0,0.0,0.0,12.36,1.66,0.0
20230620:0110,0.0,0.0,0.0,0.0,12.0,1.66,0.0
20230620:0210,0.0,0.0,0.0,0.0,11.69,1.72,0.0
20230620:0310,0.0,11.0,0.0,7.67,11.91,1.59,0.0
20230620:0410,0.0,26.0,0.0,18.48,13.97,2.21,0.0
20230620:0510,0.0,51.0,0.0,29.75,15.28,2.55,0.0
20230620:0610,20.0,280.0,0.0,41.23,16.61,2.83,0.0
20230620:0710,17.0,332.0,0.0,52.61,17.44,3.03,0.0
20230620:0810,0.0,275.0,0.0,63.26,18.56,3.24,0.0
20230620:0910,58.0,451.0,0.0,71.49,19.75,3.38,0.0
20230620:1010,513.0,345.0,0.0,72.97,20.15,3.59,0.0
20230620:1110,749.0,174.0,0.0,66.39,20.59,4.07,0.0
20230620:1210,22.0,358.0,0.0,56.25,18.87,3.03,0.0
20230620:1310,207.0,319.0,0.0,45.01,19.39,3.45,0.0
20230620:1410,44.0,251.0,0.0,33.53,19.35,3.59,0.0
20230620:1510,23.0,159.0,0.0,22.15,19.26,3.52,0.0
20230620:1610,44.0,74.0,0.0,11.16,18.82,3.24,0.0
20230620:1710,0.0,0.0,0.0,0.0,17.73,2.48,0.0
20230620:1810,0.0,0.0,0.0,0.0,16.34,2.07,0.0
20230620:1910,0.0,0.0,0.0,0.0,15.83,2.21,0.0
20230620:2010,0.0,0.0,0.0,0.0,15.03,1.72,0.0
20230620:2110,0.0,0.0,0.0,0.0,13.96,1.59,0.0
20230620:2210,0.0,0.0,0.0,0.0,13.51,1.52,0.0
20230620:2310,0.0,0.0,0.0,0.0,12.95,1.52,0.0
20230621:0010,0.0,0.0,0.0,0.0,13.05,1.52,0.0
20230621:0110,0.0,0.0,0.0,0.0,13.26,1.45,0.0
20230621:0210,0.0,0.0,0.0,0.0,12.75,1.38,0.0
20230621:0310,0.0,8.0,0.0,7.63,12.5,1.24,0.0
20230621:0410,0.0,23.0,0.0,18.44,14.1,1.17,0.0
20230621:0510,0.0,53.0,0.0,29.71,15.62,1.45,0.0
20230621:0610,0.0,151.0,0.0,41.19,17.06,1.86,0.0
20230621:0710,35.0,360.0,0.0,52.57,17.64,1.66,0.0
20230621:0810,0.0,271.0,0.0,63.23,18.53,1.52,0.0
20230621:0910,233.0,462.0,0.0,71.47,19.11,1.45,0.0
20230621:1010,115.0,478.0,0.0,72.99,19.41,1.52,0.0
20230621:1110,0.0,111.0,0.0,66.43,19.92,1.66,0.0
20230621:1210,0.0,122.0,0.0,56.29,20.43,1.86,0.0
20230621:1310,376.0,244.0,0.0,45.06,21.04,2.28,0.0
20230621:1410,426.0,107.0,0.0,33.57,21.23,2.9,0.0
20230621:1510,113.0,154.0,0.0,22.2,20.95,3.17,0.0
20230621:1610,30.0,77.0,0.0,11.2,20.29,2.41,0.0
20230621:1710,0.0,0.0,0.0,0.0,19.19,2.07,0.0
20230621:1810,0.0,0.0,0.0,0.0,17.73,2.21,0.0
20230621:1910,0.0,0.0,0.0,0.0,16.51,2.21,0.0
20230621:2010,0.0,0.0,0.0,0.0,15.33,2.28,0.0
20230621:2110,0.0,0.0,0.0,0.0,14.09,2.21,0.0
20230621:2210,0.0,0.0,0.0,0.0,13.32,2.07,0.0
20230621:2310,0.0,0.0,0.0,0.0,12.69,2.0,0.0
20230622:0010,0.0,0.0,0.0,0.0,12.39,1.93,0.0
20230622:0110,0.0,0.0,0.0,0.0,11.84,1.72,0.0
20230622:0210,0.0,0.0,0.0,0.0,11.55,1.59,0.0
20230622:0310,4.0,45.0,0.0,7.59,11.26,1.52,0.0
20230622:0410,152.0,102.0,0.0,18.4,13.37,1.52,0.0
20230622:0510,332.0,123.0,0.0,29.67,15.34,1.79,0.0
20230622:0610,518.0,131.0,0.0,41.15,17.03,2.14,0.0
20230622:0710,568.0,202.0,0.0,52.53,18.58,2.97,0.0
20230622:0810,741.0,171.0,0.0,63.2,19.8,3.45,0.0
20230622:0910,842.0,152.0,0.0,71.45,20.8,3.59,0.0
20230622:1010,559.0,329.0,0.0,73.0,21.67,3.52,0.0
20230622:1110,434.0,366.0,0.0,66.46,22.21,3.45,0.0
20230622:1210,624.0,197.0,0.0,56.32,22.79,3.45,0.0
20230622:1310,375.0,250.0,0.0,45.1,22.88,3.45,0.0
20230622:1410,359.0,148.0,0.0,33.61,22.86,3.52,0.0
20230622:1510,122.0,154.0,0.0,22.24,22.48,3.72,0.0
20230622:1610,59.0,71.0,0.0,11.24,21.51,2.76,0.0
20230622:1710,0.0,0.0,0.0,0.0,19.99,2.21,0.0
20230622:1810,0.0,0.0,0.0,0.0,18.1,2.07,0.0
20230622:1910,0.0,0.0,0.0,0.0,16.58,2.21,0.0
20230622:2010,0.0,0.0,0.0,0.0,15.17,2.14,0.0
20230622:2110,0.0,0.0,0.0,0.0,14.05,2.14,0.0
20230622:2210,0.0,0.0,0.0,0.0,13.33,2.21,0.0
20230622:2310,0.0,0.0,0.0,0.0,12.69,2.14,0.0
20230623:0010,0.0,0.0,0.0,0.0,12.24,1.86,0.0
20230623:0110,0.0,0.0,0.0,0.0,12.15,1.59,0.0
20230623:0210,0.0,0.0,0.0,0.0,11.63,1.45,0.0
20230623:0310,17.0,50.0,0.0,7.55,11.15,1.38,0.0
20230623:0410,171.0,93.0,0.0,18.36,13.38,1.31,0.0
20230623:0510,339.0,122.0,0.0,29.63,16.03,1.79,0.0
20230623:0610,511.0,139.0,0.0,41.11,17.97,2.41,0.0
20230623:0710,644.0,160.0,0.0,52.48,19.36,2.83,0.0
20230623:0810,696.0,205.0,0.0,63.16,20.72,2.9,0.0
20230623:0910,829.0,165.0,0.0,71.42,21.94,2.9,0.0
20230623:1010,888.0,138.0,0.0,73.0,22.99,2.69,0.0
20230623:1110,852.0,130.0,0.0,66.49,23.81,2.69,0.0
20230623:1210,781.0,111.0,0.0,56.36,24.44,2.76,0.0
20230623:1310,622.0,113.0,0.0,45.13,24.75,2.83,0.0
20230623:1410,433.0,111.0,0.0,33.64,24.74,2.83,0.0
20230623:1510,243.0,96.0,0.0,22.27,24.38,2.69,0.0
20230623:1610,39.0,78.0,0.0,11.27,23.51,2.0,0.0
20230623:1710,0.0,0.0,0.0,0.0,21.6,1.72,0.0
20230623:1810,0.0,0.0,0.0,0.0,18.63,1.79,0.0
20230623:1910,0.0,0.0,0.0,0.0,17.41,1.86,0.0
20230623:2010,0.0,0.0,0.0,0.0,16.25,1.86,0.0
20230623:2110,0.0,0.0,0.0,0.0,15.56,1.79,0.0
20230623:2210,0.0,0.0,0.0,0.0,15.24,1.59,0.0
20230623:2310,0.0,0.0,0.0,0.0,15.06,1.38,0.0
20230624:0010,0.0,0.0,0.0,0.0,14.77,1.31,0.0
20230624:0110,0.0,0.0,0.0,0.0,14.66,1.17,0.0
20230624:0210,0.0,0.0,0.0,0.0,14.27,1.1,0.0
20230624:0310,40.0,45.0,0.0,7.5,13.53,1.17,0.0
20230624:0410,199.0,80.0,0.0,18.31,14.24,0.9,0.0
20230624:0510,369.0,107.0,0.0,29.58,17.75,1.17,0.0
20230624:0610,553.0,118.0,0.0,41.06,19.58,1.31,0.0
20230624:0710,720.0,120.0,0.0,52.44,20.22,1.38,0.0
20230624:0810,818.0,135.0,0.0,63.11,21.84,1.31,0.0
20230624:0910,874.0,143.0,0.0,71.38,23.23,1.31,0.0
20230624:1010,884.0,143.0,0.0,73.0,24.4,1.24,0.0
20230624:1110,848.0,136.0,0.0,66.5,25.25,1.1,0.0
20230624:1210,768.0,121.0,0.0,56.39,25.83,0.76,0.0
20230624:1310,629.0,112.0,0.0,45.16,26.19,0.69,0.0
20230624:1410,433.0,113.0,0.0,33.68,26.31,0.69,0.0
20230624:1510,251.0,94.0,0.0,22.3,26.12,0.97,0.0
20230624:1610,40.0,79.0,0.0,11.3,25.34,0.9,0.0
20230624:1710,0.0,0.0,0.0,0.0,23.17,1.1,0.0
20230624:1810,0.0,0.0,0.0,0.0,21.12,1.24,0.0
20230624:1910,0.0,0.0,0.0,0.0,20.83,1.17,0.0
20230624:2010,0.0,0.0,0.0,0.0,20.11,0.97,0.0
20230624:2110,0.0,0.0,0.0,0.0,19.12,0.97,0.0
20230624:2210,0.0,0.0,0.0,0.0,18.24,1.03,0.0
20230624:2310,0.0,0.0,0.0,0.0,17.54,0.97,0.0
20230625:0010,0.0,0.0,0.0,0.0,16.97,0.97,0.0
20230625:0110,0.0,0.0,0.0,0.0,16.6,1.1,0.0
20230625:0210,0.0,0.0,0.0,0.0,16.22,1.17,0.0
20230625:0310,49.0,41.0,0.0,7.45,15.9,1.03,0.0
20230625:0410,200.0,78.0,0.0,18.26,16.93,0.76,0.0
20230625:0510,368.0,105.0,0.0,29.53,19.92,0.83,0.0
20230625:0610,546.0,118.0,0.0,41.01,22.31,0.9,0.0
20230625:0710,693.0,131.0,0.0,52.38,23.1,0.41,0.0
20230625:0810,809.0,136.0,0.0,63.06,24.34,0.48,0.0
20230625:0910,853.0,150.0,0.0,71.34,25.36,0.41,0.0
20230625:1010,863.0,150.0,0.0,72.98,26.25,0.21,0.0
20230625:1110,839.0,137.0,0.0,66.52,26.97,0.21,0.0
20230625:1210,760.0,122.0,0.0,56.41,27.54,0.41,0.0
20230625:1310,613.0,118.0,0.0,45.19,27.89,0.41,0.0
20230625:1410,433.0,111.0,0.0,33.7,27.94,0.28,0.0
20230625:1510,240.0,98.0,0.0,22.33,27.79,0.21,0.0
20230625:1610,37.0,79.0,0.0,11.32,26.98,0.62,0.0
20230625:1710,0.0,0.0,0.0,0.0,24.74,1.03,0.0
20230625:1810,0.0,0.0,0.0,0.0,23.61,0.97,0.0
20230625:1910,0.0,0.0,0.0,0.0,23.09,0.9,0.0
20230625:2010,0.0,0.0,0.0,0.0,22.09,0.41,0.0
20230625:2110,0.0,0.0,0.0,0.0,20.91,0.55,0.0
20230625:2210,0.0,0.0,0.0,0.0,19.76,0.97,0.0
20230625:2310,0.0,0.0,0.0,0.0,17.73,1.31,0.0
20230626:0010,0.0,0.0,0.0,0.0,16.08,1.45,0.0
20230626:0110,0.0,0.0,0.0,0.0,15.5,1.38,0.0
20230626:0210,0.0,0.0,0.0,0.0,15.38,1.31,0.0
20230626:0310,19.0,48.0,0.0,7.4,15.81,1.1,0.0
20230626:0410,174.0,87.0,0.0,18.2,17.43,0.83,0.0
20230626:0510,342.0,114.0,0.0,29.47,20.69,0.83,0.0
20230626:0610,510.0,131.0,0.0,40.95,23.03,0.48,0.0
20230626:0710,667.0,138.0,0.0,52.33,24.77,0.41,0.0
20230626:0810,791.0,138.0,0.0,63.01,26.07,0.97,0.0
20230626:0910,450.0,376.0,0.0,71.3,27.2,1.59,0.0
20230626:1010,42.0,446.0,0.0,72.97,27.81,2.14,0.0
20230626:1110,594.0,276.0,0.0,66.53,28.29,2.55,0.0
20230626:1210,670.0,165.0,0.0,56.43,28.39,2.9,0.0
20230626:1310,0.0,90.0,0.0,45.21,28.31,2.97,0.0
20230626:1410,0.0,47.0,0.0,33.73,26.63,3.86,0.0
20230626:1510,0.0,30.0,0.0,22.35,24.01,3.17,0.0
20230626:1610,33.0,78.0,0.0,11.34,23.46,2.0,0.0
20230626:1710,0.0,0.0,0.0,0.0,22.49,1.86,0.0
20230626:1810,0.0,0.0,0.0,0.0,20.88,1.66,0.0
20230626:1910,0.0,0.0,0.0,0.0,19.15,2.28,0.0
20230626:2010,0.0,0.0,0.0,0.0,17.42,1.79,0.0
20230626:2110,0.0,0.0,0.0,0.0,16.24,1.66,0.0
20230626:2210,0.0,0.0,0.0,0.0,15.46,1.52,0.0
20230626:2310,0.0,0.0,0.0,0.0,14.73,1.45,0.0
20230627:0010,0.0,0.0,0.0,0.0,14.1,1.45,0.0
20230627:0110,0.0,0.0,0.0,0.0,13.48,1.45,0.0
20230627:0210,0.0,0.0,0.0,0.0,12.88,1.38,0.0
20230627:0310,16.0,48.0,0.0,7.34,12.71,1.31,0.0
20230627:0410,149.0,98.0,0.0,18.14,15.17,1.31,0.0
20230627:0510,332.0,117.0,0.0,29.41,17.37,1.79,0.0
20230627:0610,504.0,132.0,0.0,40.89,19.2,2.07,0.0
20230627:0710,669.0,134.0,0.0,52.27,20.96,2.0,0.0
20230627:0810,773.0,144.0,0.0,62.95,22.19,1.66,0.0
20230627:0910,838.0,147.0,0.0,71.24,23.27,1.31,0.0
20230627:1010,837.0,153.0,0.0,72.94,23.98,1.24,0.0
20230627:1110,793.0,151.0,0.0,66.53,24.56,1.31,0.0
20230627:1210,717.0,136.0,0.0,56.45,25.08,1.31,0.0
20230627:1310,535.0,152.0,0.0,45.23,25.36,1.24,0.0
20230627:1410,428.0,108.0,0.0,33.75,25.38,1.38,0.0
20230627:1510,235.0,97.0,0.0,22.37,25.21,1.93,0.0
20230627:1610,0.0,44.0,0.0,11.36,24.57,2.07,0.0
20230627:1710,0.0,0.0,0.0,0.0,23.04,2.14,0.0
20230627:1810,0.0,0.0,0.0,0.0,21.18,2.21,0.0
20230627:1910,0.0,0.0,0.0,0.0,19.48,2.41,0.0
20230627:2010,0.0,0.0,0.0,0.0,18.1,2.14,0.0
20230627:2110,0.0,0.0,0.0,0.0,16.94,2.0,0.0
20230627:2210,0.0,0.0,0.0,0.0,16.1,2.0,0.0
20230627:2310,0.0,0.0,0.0,0.0,15.51,2.07,0.0
20230628:0010,0.0,0.0,0.0,0.0,15.09,2.0,0.0
20230628:0110,0.0,0.0,0.0,0.0,14.6,2.0,0.0
20230628:0210,0.0,0.0,0.0,0.0,14.12,1.93,0.0
20230628:0310,0.0,7.0,0.0,7.28,13.93,1.79,0.0
20230628:0410,0.0,23.0,0.0,18.08,16.23,1.72,0.0
20230628:0510,195.0,188.0,0.0,29.35,18.55,2.07,0.0
20230628:0610,482.0,140.0,0.0,40.83,20.3,2.0,0.0
20230628:0710,624.0,154.0,0.0,52.21,21.78,1.59,0.0
20230628:0810,704.0,180.0,0.0,62.88,23.12,1.24,0.0
20230628:0910,472.0,357.0,0.0,71.19,24.09,1.38,0.0
20230628:1010,641.0,269.0,0.0,72.91,24.83,1.45,0.0
20230628:1110,285.0,422.0,0.0,66.53,25.47,1.59,0.0
20230628:1210,315.0,356.0,0.0,56.46,26.06,1.86,0.0
20230628:1310,0.0,153.0,0.0,45.25,26.32,2.07,0.0
20230628:1410,151.0,245.0,0.0,33.76,26.22,2.07,0.0
20230628:1510,231.0,98.0,0.0,22.38,25.08,1.66,0.0
20230628:1610,0.0,28.0,0.0,11.37,23.82,0.48,0.0
20230628:1710,0.0,0.0,0.0,0.0,22.85,0.76,0.0
20230628:1810,0.0,0.0,0.0,0.0,21.52,0.62,0.0
20230628:1910,0.0,0.0,0.0,0.0,19.98,0.97,0.0
20230628:2010,0.0,0.0,0.0,0.0,19.98,0.55,0.0
20230628:2110,0.0,0.0,0.0,0.0,19.04,0.76,0.0
20230628:2210,0.0,0.0,0.0,0.0,17.56,1.24,0.0
20230628:2310,0.0,0.0,0.0,0.0,17.5,0.97,0.0
20230629:0010,0.0,0.0,0.0,0.0,17.46,0.83,0.0
20230629:0110,0.0,0.0,0.0,0.0,16.28,1.1,0.0
20230629:0210,0.0,0.0,0.0,0.0,15.64,1.17,0.0
20230629:0310,0.0,21.0,0.0,7.21,15.31,1.17,0.0
20230629:0410,78.0,127.0,0.0,18.01,17.13,1.1,0.0
20230629:0510,289.0,140.0,0.0,29.28,18.76,1.24,0.0
20230629:0610,487.0,140.0,0.0,40.76,20.43,1.52,0.0
20230629:0710,650.0,143.0,0.0,52.14,22.47,2.62,0.0
20230629:0810,772.0,144.0,0.0,62.82,24.0,3.24,0.0
20230629:0910,815.0,158.0,0.0,71.12,25.1,3.59,0.0
20230629:1010,837.0,153.0,0.0,72.87,26.07,3.86,0.0
20230629:1110,793.0,151.0,0.0,66.52,26.76,3.93,0.0
20230629:1210,595.0,209.0,0.0,56.46,27.14,3.93,0.0
20230629:1310,570.0,133.0,0.0,45.26,27.35,4.07,0.0
20230629:1410,367.0,141.0,0.0,33.77,26.87,4.48,0.0
20230629:1510,111.0,157.0,0.0,22.39,25.41,4.34,0.0
20230629:1610,31.0,79.0,0.0,11.37,23.69,3.93,0.0
20230629:1710,0.0,0.0,0.0,0.0,21.84,3.1,0.0
20230629:1810,0.0,0.0,0.0,0.0,20.35,2.69,0.0
20230629:1910,0.0,0.0,0.0,0.0,18.99,2.48,0.0
20230629:2010,0.0,0.0,0.0,0.0,17.64,2.0,0.0
20230629:2110,0.0,0.0,0.0,0.0,16.42,1.66,0.0
20230629:2210,0.0,0.0,0.0,0.0,15.58,1.45,0.0
20230629:2310,0.0,0.0,0.0,0.0,15.08,1.38,0.0
20230630:0010,0.0,0.0,0.0,0.0,14.49,1.31,0.0
20230630:0110,0.0,0.0,0.0,0.0,14.16,1.17,0.0
20230630:0210,0.0,0.0,0.0,0.0,13.97,1.1,0.0
20230630:0310,0.0,7.0,0.0,7.14,13.96,0.97,0.0
20230630:0410,42.0,134.0,0.0,17.94,15.59,1.03,0.0
20230630:0510,29.0,216.0,0.0,29.21,16.95,1.31,0.0
20230630:0610,135.0,311.0,0.0,40.69,18.44,1.93,0.0
20230630:0710,323.0,331.0,0.0,52.07,19.53,2.34,0.0
20230630:0810,507.0,307.0,0.0,62.74,20.7,2.48,0.0
20230630:0910,550.0,324.0,0.0,71.05,21.89,2.48,0.0
20230630:1010,696.0,246.0,0.0,72.82,22.89,2.69,0.0
20230630:1110,0.0,0.0,0.0,0.0,23.8,2.76,0.0
20230630:1210,604.0,209.0,0.0,56.46,24.34,2.76,0.0
20230630:1310,274.0,300.0,0.0,45.26,24.64,2.76,0.0
20230630:1410,292.0,187.0,0.0,33.78,24.54,2.76,0.0
20230630:1510,210.0,113.0,0.0,22.39,24.01,2.9,0.0
20230630:1610,32.0,79.0,0.0,11.37,22.93,3.1,0.0
20230630:1710,0.0,0.0,0.0,0.0,21.02,3.31,0.0
20230630:1810,0.0,0.0,0.0,0.0,18.97,3.24,0.0
20230630:1910,0.0,0.0,0.0,0.0,17.71,2.41,0.0
20230630:2010,0.0,0.0,0.0,0.0,16.09,2.21,0.0
20230630:2110,0.0,0.0,0.0,0.0,14.63,2.07,0.0
20230630:2210,0.0,0.0,0.0,0.0,13.51,1.93,0.0
20230630:2310,0.0,0.0,0.0,0.0,12.7,1.93,0.0
20230701:0010,0.0,0.0,0.0,0.0,12.26,1.86,0.0
20230701:0110,0.0,0.0,0.0,0.0,11.95,1.72,0.0
20230701:0210,0.0,0.0,0.0,0.0,11.62,1.66,0.0
20230701:0310,41.0,40.0,0.0,7.06,11.49,1.59,0.0
20230701:0410,189.0,79.0,0.0,17.87,13.88,1.52,0.0
20230701:0510,364.0,103.0,0.0,29.14,16.79,1.86,0.0
20230701:0610,529.0,123.0,0.0,40.62,18.62,2.0,0.0
20230701:0710,621.0,168.0,0.0,52.0,20.07,1.52,0.0
20230701:0810,664.0,220.0,0.0,62.67,21.59,1.03,0.0
20230701:0910,759.0,205.0,0.0,70.98,22.96,0.69,0.0
20230701:1010,800.0,187.0,0.0,72.77,24.12,0.48,0.0
20230701:1110,701.0,219.0,0.0,66.49,25.04,0.55,0.0
20230701:1210,669.0,173.0,0.0,56.46,25.73,0.62,0.0
20230701:1310,595.0,127.0,0.0,45.26,26.16,0.69,0.0
20230701:1410,402.0,127.0,0.0,33.78,26.33,0.62,0.0
20230701:1510,239.0,99.0,0.0,22.39,26.16,0.55,0.0
20230701:1610,40.0,79.0,0.0,11.37,25.72,0.69,0.0
20230701:1710,0.0,0.0,0.0,0.0,24.07,0.9,0.0
20230701:1810,0.0,0.0,0.0,0.0,22.44,1.03,0.0
20230701:1910,0.0,0.0,0.0,0.0,22.0,1.03,0.0
20230701:2010,0.0,0.0,0.0,0.0,19.67,1.31,0.0
20230701:2110,0.0,0.0,0.0,0.0,17.75,1.52,0.0
20230701:2210,0.0,0.0,0.0,0.0,16.74,1.52,0.0
20230701:2310,0.0,0.0,0.0,0.0,16.13,1.38,0.0
20230702:0010,0.0,0.0,0.0,0.0,15.36,1.45,0.0
20230702:0110,0.0,0.0,0.0,0.0,14.66,1.52,0.0
20230702:0210,0.0,0.0,0.0,0.0,14.19,1.45,0.0
20230702:0310,38.0,40.0,0.0,6.99,14.26,1.31,0.0
20230702:0410,182.0,81.0,0.0,17.79,16.02,0.9,0.0
20230702:0510,356.0,106.0,0.0,29.07,20.06,1.03,0.0
20230702:0610,511.0,131.0,0.0,40.55,22.52,1.17,0.0
20230702:0710,671.0,137.0,0.0,51.92,23.78,2.0,0.0
20230702:0810,797.0,137.0,0.0,62.59,25.48,2.69,0.0
20230702:0910,842.0,151.0,0.0,70.89,26.85,2.97,0.0
20230702:1010,841.0,159.0,0.0,72.71,27.94,3.1,0.0
20230702:1110,831.0,138.0,0.0,66.46,28.77,3.17,0.0
20230702:1210,743.0,129.0,0.0,56.45,29.34,3.17,0.0
20230702:1310,592.0,128.0,0.0,45.26,29.62,3.17,0.0
20230702:1410,406.0,124.0,0.0,33.78,29.7,3.1,0.0
20230702:1510,234.0,100.0,0.0,22.39,29.47,2.9,0.0
20230702:1610,35.0,79.0,0.0,11.36,28.61,2.0,0.0
20230702:1710,0.0,0.0,0.0,0.0,26.34,1.45,0.0
20230702:1810,0.0,0.0,0.0,0.0,23.77,1.52,0.0
20230702:1910,0.0,0.0,0.0,0.0,21.64,1.93,0.0
20230702:2010,0.0,0.0,0.0,0.0,20.59,1.66,0.0
20230702:2110,0.0,0.0,0.0,0.0,20.33,1.31,0.0
20230702:2210,0.0,0.0,0.0,0.0,20.54,0.97,0.0
20230702:2310,0.0,0.0,0.0,0.0,19.78,0.83,0.0
20230703:0010,0.0,0.0,0.0,0.0,19.17,0.76,0.0
20230703:0110,0.0,0.0,0.0,0.0,18.92,0.83,0.0
20230703:0210,0.0,0.0,0.0,0.0,18.48,0.9,0.0
20230703:0310,2.0,36.0,0.0,6.9,18.22,0.97,0.0
20230703:0410,100.0,117.0,0.0,17.71,19.28,0.69,0.0
20230703:0510,285.0,140.0,0.0,28.99,22.59,0.9,0.0
20230703:0610,456.0,156.0,0.0,40.47,25.18,1.03,0.0
20230703:0710,637.0,148.0,0.0,51.84,26.62,0.83,0.0
20230703:0810,748.0,156.0,0.0,62.51,28.05,1.03,0.0
20230703:0910,784.0,177.0,0.0,70.81,29.07,1.59,0.0
20230703:1010,765.0,197.0,0.0,72.65,29.77,2.0,0.0
20230703:1110,303.0,419.0,0.0,66.43,30.38,2.14,0.0
20230703:1210,62.0,399.0,0.0,56.43,30.84,2.21,0.0
20230703:1310,90.0,343.0,0.0,45.25,30.8,1.93,0.0
20230703:1410,149.0,248.0,0.0,33.77,30.47,0.62,0.0
20230703:1510,233.0,98.0,0.0,22.38,29.73,0.41,0.0
20230703:1610,42.0,77.0,0.0,11.34,26.55,1.72,0.0
20230703:1710,0.0,0.0,0.0,0.0,23.72,0.48,0.0
20230703:1810,0.0,0.0,0.0,0.0,22.12,2.0,0.0
20230703:1910,0.0,0.0,0.0,0.0,22.92,1.17,0.0
20230703:2010,0.0,0.0,0.0,0.0,20.89,1.59,0.0
20230703:2110,0.0,0.0,0.0,0.0,19.54,1.72,0.0
20230703:2210,0.0,0.0,0.0,0.0,18.84,1.59,0.0
20230703:2310,0.0,0.0,0.0,0.0,18.35,1.38,0.0
20230704:0010,0.0,0.0,0.0,0.0,18.01,1.31,0.0
20230704:0110,0.0,0.0,0.0,0.0,17.17,1.38,0.0
20230704:0210,0.0,0.0,0.0,0.0,16.83,1.59,0.0
20230704:0310,0.0,26.0,0.0,6.82,17.01,1.52,0.0
20230704:0410,173.0,81.0,0.0,17.63,18.72,1.03,0.0
20230704:0510,362.0,97.0,0.0,28.91,22.34,1.31,0.0
20230704:0610,443.0,162.0,0.0,40.39,24.61,1.72,0.0
20230704:0710,650.0,139.0,0.0,51.76,26.08,1.72,0.0
20230704:0810,764.0,145.0,0.0,62.42,27.44,1.45,0.0
20230704:0910,819.0,154.0,0.0,70.71,28.15,1.03,0.0
20230704:1010,820.0,160.0,0.0,72.57,28.82,0.83,0.0
20230704:1110,788.0,152.0,0.0,66.39,29.21,0.83,0.0
20230704:1210,723.0,131.0,0.0,56.42,29.77,0.97,0.0
20230704:1310,532.0,154.0,0.0,45.24,30.14,0.97,0.0
20230704:1410,273.0,193.0,0.0,33.76,30.17,1.45,0.0
20230704:1510,215.0,107.0,0.0,22.36,29.81,2.48,0.0
20230704:1610,3.0,63.0,0.0,11.32,28.71,2.97,0.0
20230704:1710,0.0,0.0,0.0,0.0,27.11,3.17,0.0
20230704:1810,0.0,0.0,0.0,0.0,25.57,3.1,0.0
20230704:1910,0.0,0.0,0.0,0.0,24.1,2.69,0.0
20230704:2010,0.0,0.0,0.0,0.0,22.57,2.48,0.0
20230704:2110,0.0,0.0,0.0,0.0,21.28,2.48,0.0
20230704:2210,0.0,0.0,0.0,0.0,20.13,2.41,0.0
20230704:2310,0.0,0.0,0.0,0.0,19.07,2.28,0.0
20230705:0010,0.0,0.0,0.0,0.0,18.09,2.21,0.0
20230705:0110,0.0,0.0,0.0,0.0,17.3,2.14,0.0
20230705:0210,0.0,0.0,0.0,0.0,16.55,2.14,0.0
20230705:0310,8.0,42.0,0.0,6.73,16.14,2.0,0.0
20230705:0410,120.0,107.0,0.0,17.54,18.22,1.66,0.0
20230705:0510,308.0,125.0,0.0,28.82,22.39,1.93,0.0
20230705:0610,482.0,140.0,0.0,40.31,24.74,2.55,0.0
20230705:0710,0.0,0.0,0.0,0.0,26.65,2.83,0.0
20230705:0810,759.0,150.0,0.0,62.33,28.33,2.97,0.0
20230705:0910,814.0,159.0,0.0,70.61,29.61,2.97,0.0
20230705:1010,837.0,153.0,0.0,72.49,30.56,2.83,0.0
20230705:1110,794.0,151.0,0.0,66.35,31.19,2.69,0.0
20230705:1210,709.0,141.0,0.0,56.39,31.64,2.55,0.0
20230705:1310,564.0,137.0,0.0,45.22,31.83,2.62,0.0
20230705:1410,383.0,133.0,0.0,33.74,31.8,2.83,0.0
20230705:1510,222.0,104.0,0.0,22.34,31.41,2.97,0.0
20230705:1610,36.0,78.0,0.0,11.3,30.44,2.41,0.0
20230705:1710,0.0,0.0,0.0,0.0,28.41,2.41,0.0
20230705:1810,0.0,0.0,0.0,0.0,26.06,2.97,0.0
20230705:1910,0.0,0.0,0.0,0.0,24.34,2.97,0.0
20230705:2010,0.0,0.0,0.0,0.0,23.01,3.17,0.0
20230705:2110,0.0,0.0,0.0,0.0,21.84,3.03,0.0
20230705:2210,0.0,0.0,0.0,0.0,20.7,2.76,0.0
20230705:2310,0.0,0.0,0.0,0.0,19.41,2.34,0.0
20230706:0010,0.0,0.0,0.0,0.0,18.16,2.14,0.0
20230706:0110,0.0,0.0,0.0,0.0,17.38,2.0,0.0
20230706:0210,0.0,0.0,0.0,0.0,16.93,1.86,0.0
20230706:0310,15.0,43.0,0.0,6.64,16.68,1.72,0.0
20230706:0410,154.0,90.0,0.0,17.45,18.48,1.38,0.0
20230706:0510,335.0,111.0,0.0,28.74,22.82,1.79,0.0
20230706:0610,506.0,127.0,0.0,40.22,24.99,2.48,0.0
20230706:0710,666.0,133.0,0.0,51.59,26.66,2.9,0.0
20230706:0810,773.0,143.0,0.0,62.23,28.32,2.62,0.0
20230706:0910,828.0,153.0,0.0,70.51,29.7,2.55,0.0
20230706:1010,841.0,152.0,0.0,72.4,30.73,2.41,0.0
20230706:1110,797.0,151.0,0.0,66.3,31.41,2.21,0.0
20230706:1210,693.0,151.0,0.0,56.36,31.94,2.07,0.0
20230706:1310,559.0,141.0,0.0,45.2,32.11,1.93,0.0
20230706:1410,410.0,119.0,0.0,33.72,31.93,2.48,0.0
20230706:1510,0.0,107.0,0.0,22.32,30.95,3.52,0.0
20230706:1610,2.0,58.0,0.0,11.27,29.11,4.28,0.0
20230706:1710,0.0,0.0,0.0,0.0,26.91,4.14,0.0
20230706:1810,0.0,0.0,0.0,0.0,24.93,3.38,0.0
20230706:1910,0.0,0.0,0.0,0.0,23.79,2.55,0.0
20230706:2010,0.0,0.0,0.0,0.0,22.18,2.21,0.0
20230706:2110,0.0,0.0,0.0,0.0,20.63,2.07,0.0
20230706:2210,0.0,0.0,0.0,0.0,19.39,1.93,0.0
20230706:2310,0.0,0.0,0.0,0.0,18.3,1.79,0.0
20230707:0010,0.0,0.0,0.0,0.0,17.45,1.66,0.0
20230707:0110,0.0,0.0,0.0,0.0,16.84,1.52,0.0
20230707:0210,0.0,0.0,0.0,0.0,16.48,1.31,0.0
20230707:0310,0.0,6.0,0.0,6.54,16.25,1.17,0.0
20230707:0410,0.0,22.0,0.0,17.36,17.82,1.1,0.0
20230707:0510,6.0,178.0,0.0,28.65,21.21,1.31,0.0
20230707:0610,50.0,298.0,0.0,40.13,23.51,1.66,0.0
20230707:0710,32.0,350.0,0.0,51.49,25.52,2.76,0.0
20230707:0810,37.0,403.0,0.0,62.13,27.16,2.9,0.0
20230707:0910,51.0,443.0,0.0,70.4,28.59,2.9,0.0
20230707:1010,8.0,367.0,0.0,72.31,29.67,2.97,0.0
20230707:1110,29.0,405.0,0.0,66.24,30.43,3.1,0.0
20230707:1210,51.0,389.0,0.0,56.33,30.57,3.59,0.0
20230707:1310,286.0,288.0,0.0,45.18,29.56,4.62,0.0
20230707:1410,369.0,137.0,0.0,33.7,28.23,5.24,0.0
20230707:1510,231.0,97.0,0.0,22.29,27.38,4.97,0.0
20230707:1610,32.0,77.0,0.0,11.23,26.24,4.14,0.0
20230707:1710,0.0,0.0,0.0,0.0,24.85,3.31,0.0
20230707:1810,0.0,0.0,0.0,0.0,23.28,2.97,0.0
20230707:1910,0.0,0.0,0.0,0.0,22.54,2.9,0.0
20230707:2010,0.0,0.0,0.0,0.0,21.3,2.41,0.0
20230707:2110,0.0,0.0,0.0,0.0,20.03,1.86,0.0
20230707:2210,0.0,0.0,0.0,0.0,18.85,1.59,0.0
20230707:2310,0.0,0.0,0.0,0.0,18.25,1.38,0.0
20230708:0010,0.0,0.0,0.0,0.0,17.67,1.31,0.0
20230708:0110,0.0,0.0,0.0,0.0,16.7,1.38,0.0
20230708:0210,0.0,0.0,0.0,0.0,16.16,1.38,0.0
20230708:0310,0.0,34.0,0.0,6.44,15.97,1.24,0.0
20230708:0410,101.0,111.0,0.0,17.27,17.8,1.03,0.0
20230708:0510,282.0,135.0,0.0,28.56,20.58,1.45,0.0
20230708:0610,446.0,156.0,0.0,40.04,22.3,2.0,0.0
20230708:0710,581.0,176.0,0.0,51.4,23.75,2.07,0.0
20230708:0810,578.0,254.0,0.0,62.03,24.93,2.28,0.0
20230708:0910,523.0,328.0,0.0,70.29,25.88,2.69,0.0
20230708:1010,32.0,428.0,0.0,72.21,26.28,2.97,0.0
20230708:1110,0.0,167.0,0.0,66.18,27.03,3.1,0.0
20230708:1210,0.0,108.0,0.0,56.29,27.25,3.31,0.0
20230708:1310,0.0,99.0,0.0,45.14,26.34,3.79,0.0
20230708:1410,14.0,227.0,0.0,33.67,24.31,3.93,0.0
20230708:1510,234.0,96.0,0.0,22.26,24.19,3.79,0.0
20230708:1610,3.0,64.0,0.0,11.19,23.61,3.38,0.0
20230708:1710,0.0,0.0,0.0,0.0,22.62,2.83,0.0
20230708:1810,0.0,0.0,0.0,0.0,21.31,2.62,0.0
20230708:1910,0.0,0.0,0.0,0.0,17.61,2.62,0.0
20230708:2010,0.0,0.0,0.0,0.0,16.66,1.38,0.0
20230708:2110,0.0,0.0,0.0,0.0,16.08,0.97,0.0
20230708:2210,0.0,0.0,0.0,0.0,15.81,1.38,0.0
20230708:2310,0.0,0.0,0.0,0.0,15.46,1.52,0.0
20230709:0010,0.0,0.0,0.0,0.0,15.04,1.59,0.0
20230709:0110,0.0,0.0,0.0,0.0,14.75,1.66,0.0
20230709:0210,0.0,0.0,0.0,0.0,14.67,1.72,0.0
20230709:0310,0.0,6.0,0.0,6.34,14.73,1.86,0.0
20230709:0410,0.0,62.0,0.0,17.17,15.36,2.76,0.0
20230709:0510,0.0,123.0,0.0,28.46,16.33,3.17,0.0
20230709:0610,0.0,166.0,0.0,39.95,17.74,4.34,0.0
20230709:0710,80.0,376.0,0.0,51.3,18.64,4.69,0.0
20230709:0810,209.0,424.0,0.0,61.92,19.41,4.83,0.0
20230709:0910,57.0,445.0,0.0,70.17,20.24,4.9,0.0
20230709:1010,28.0,421.0,0.0,72.1,20.64,4.83,0.0
20230709:1110,0.0,251.0,0.0,66.11,21.25,4.83,0.0
20230709:1210,0.0,247.0,0.0,56.24,21.44,4.9,0.0
20230709:1310,57.0,332.0,0.0,45.11,21.63,5.17,0.0
20230709:1410,17.0,230.0,0.0,33.63,20.43,5.38,0.0
20230709:1510,0.0,73.0,0.0,22.22,19.31,4.55,0.0
20230709:1610,0.0,15.0,0.0,11.15,18.91,4.21,0.0
20230709:1710,0.0,0.0,0.0,0.0,18.15,3.66,0.0
20230709:1810,0.0,0.0,0.0,0.0,17.52,3.45,0.0
20230709:1910,0.0,0.0,0.0,0.0,15.52,2.21,0.0
20230709:2010,0.0,0.0,0.0,0.0,15.28,2.14,0.0
20230709:2110,0.0,0.0,0.0,0.0,14.95,2.0,0.0
20230709:2210,0.0,0.0,0.0,0.0,14.68,2.07,0.0
20230709:2310,0.0,0.0,0.0,0.0,14.68,2.07,0.0
20230710:0010,0.0,0.0,0.0,0.0,14.68,2.07,0.0
20230710:0110,0.0,0.0,0.0,0.0,14.71,1.93,0.0
20230710:0210,0.0,0.0,0.0,0.0,14.59,2.0,0.0
20230710:0310,0.0,6.0,0.0,6.23,14.58,2.07,0.0
20230710:0410,0.0,21.0,0.0,17.07,15.2,2.55,0.0
20230710:0510,36.0,213.0,0.0,28.36,15.98,3.52,0.0
20230710:0610,214.0,279.0,0.0,39.85,17.34,4.34,0.0
20230710:0710,14.0,321.0,0.0,51.2,18.87,4.48,0.0
20230710:0810,436.0,337.0,0.0,61.81,20.45,4.69,0.0
20230710:0910,754.0,195.0,0.0,70.04,21.61,4.55,0.0
20230710:1010,337.0,430.0,0.0,71.99,22.79,4.62,0.0
20230710:1110,320.0,412.0,0.0,66.04,23.42,4.83,0.0
20230710:1210,297.0,367.0,0.0,56.19,23.82,5.1,0.0
20230710:1310,216.0,320.0,0.0,45.06,23.64,5.38,0.0
20230710:1410,375.0,137.0,0.0,33.59,22.93,5.38,0.0
20230710:1510,143.0,144.0,0.0,22.18,21.9,5.24,0.0
20230710:1610,33.0,77.0,0.0,11.1,20.65,4.83,0.0
20230710:1710,0.0,0.0,0.0,0.0,19.18,3.79,0.0
20230710:1810,0.0,0.0,0.0,0.0,17.57,3.38,0.0
20230710:1910,0.0,0.0,0.0,0.0,16.48,2.97,0.0
20230710:2010,0.0,0.0,0.0,0.0,15.41,2.34,0.0
20230710:2110,0.0,0.0,0.0,0.0,14.04,1.72,0.0
20230710:2210,0.0,0.0,0.0,0.0,13.49,1.31,0.0
20230710:2310,0.0,0.0,0.0,0.0,13.96,1.03,0.0
20230711:0010,0.0,0.0,0.0,0.0,13.75,0.97,0.0
20230711:0110,0.0,0.0,0.0,0.0,13.41,0.76,0.0
20230711:0210,0.0,0.0,0.0,0.0,12.99,0.55,0.0
20230711:0310,0.0,36.0,0.0,6.13,12.62,0.34,0.0
20230711:0410,118.0,103.0,0.0,16.97,13.75,0.21,0.0
20230711:0510,300.0,127.0,0.0,28.26,16.15,0.97,0.0
20230711:0610,483.0,138.0,0.0,39.75,17.86,2.07,0.0
20230711:0710,640.0,146.0,0.0,51.1,19.46,1.72,0.0
20230711:0810,741.0,161.0,0.0,61.7,21.05,2.07,0.0
20230711:0910,792.0,175.0,0.0,69.91,22.41,2.83,0.0
20230711:1010,773.0,196.0,0.0,71.87,23.06,2.97,0.0
20230711:1110,633.0,254.0,0.0,65.95,23.48,3.1,0.0
20230711:1210,347.0,349.0,0.0,56.13,23.92,3.31,0.0
20230711:1310,273.0,300.0,0.0,45.02,24.54,3.38,0.0
20230711:1410,327.0,168.0,0.0,33.54,24.32,3.17,0.0
20230711:1510,18.0,158.0,0.0,22.13,24.06,3.1,0.0
20230711:1610,7.0,70.0,0.0,11.04,23.38,2.83,0.0
20230711:1710,0.0,0.0,0.0,0.0,21.87,2.41,0.0
20230711:1810,0.0,0.0,0.0,0.0,19.93,2.28,0.0
20230711:1910,0.0,0.0,0.0,0.0,18.61,2.0,0.0
20230711:2010,0.0,0.0,0.0,0.0,17.11,1.66,0.0
20230711:2110,0.0,0.0,0.0,0.0,16.73,1.38,0.0
20230711:2210,0.0,0.0,0.0,0.0,17.43,0.97,0.0
20230711:2310,0.0,0.0,0.0,0.0,16.78,0.55,0.0
20230712:0010,0.0,0.0,0.0,0.0,16.11,0.41,0.0
20230712:0110,0.0,0.0,0.0,0.0,15.45,0.41,0.0
20230712:0210,0.0,0.0,0.0,0.0,14.97,0.14,0.0
20230712:0310,0.0,20.0,0.0,6.01,14.58,0.21,0.0
20230712:0410,74.0,119.0,0.0,16.86,15.52,0.21,0.0
20230712:0510,244.0,155.0,0.0,28.16,18.77,0.55,0.0
20230712:0610,440.0,161.0,0.0,39.65,20.96,0.97,0.0
20230712:0710,598.0,168.0,0.0,50.99,22.4,1.17,0.0
20230712:0810,733.0,162.0,0.0,61.58,23.97,1.59,0.0
20230712:0910,812.0,158.0,0.0,69.78,25.27,1.93,0.0
20230712:1010,781.0,186.0,0.0,71.74,26.39,2.34,0.0
20230712:1110,428.0,363.0,0.0,65.87,27.15,2.83,0.0
20230712:1210,312.0,361.0,0.0,56.07,27.71,3.03,0.0
20230712:1310,188.0,329.0,0.0,44.97,28.09,3.1,0.0
20230712:1410,166.0,242.0,0.0,33.49,28.03,3.03,0.0
20230712:1510,208.0,110.0,0.0,22.07,27.76,2.9,0.0
20230712:1610,33.0,76.0,0.0,10.98,26.99,2.55,0.0
20230712:1710,0.0,0.0,0.0,0.0,25.17,2.48,0.0
20230712:1810,0.0,0.0,0.0,0.0,22.95,2.76,0.0
20230712:1910,0.0,0.0,0.0,0.0,21.7,2.76,0.0
20230712:2010,0.0,0.0,0.0,0.0,19.95,2.28,0.0
20230712:2110,0.0,0.0,0.0,0.0,18.27,1.93,0.0
20230712:2210,0.0,0.0,0.0,0.0,17.37,1.59,0.0
20230712:2310,0.0,0.0,0.0,0.0,17.17,1.31,0.0
20230713:0010,0.0,0.0,0.0,0.0,16.15,1.24,0.0
20230713:0110,0.0,0.0,0.0,0.0,15.43,1.31,0.0
20230713:0210,0.0,0.0,0.0,0.0,14.54,1.24,0.0
20230713:0310,0.0,16.0,0.0,5.9,13.74,1.24,0.0
20230713:0410,87.0,115.0,0.0,16.75,15.29,1.03,0.0
20230713:0510,300.0,126.0,0.0,28.06,19.43,1.45,0.0
20230713:0610,492.0,132.0,0.0,39.54,22.06,1.72,0.0
20230713:0710,650.0,141.0,0.0,50.89,24.18,1.17,0.0
20230713:0810,767.0,147.0,0.0,61.46,25.72,0.83,0.0
20230713:0910,835.0,151.0,0.0,69.64,27.15,0.83,0.0
20230713:1010,848.0,152.0,0.0,71.61,28.41,0.97,0.0
20230713:1110,795.0,155.0,0.0,65.77,29.48,1.31,0.0
20230713:1210,701.0,150.0,0.0,56.0,30.3,1.52,0.0
20230713:1310,566.0,139.0,0.0,44.91,30.8,1.66,0.0
20230713:1410,389.0,132.0,0.0,33.44,30.99,2.07,0.0
20230713:1510,230.0,100.0,0.0,22.02,30.75,2.41,0.0
20230713:1610,36.0,76.0,0.0,10.92,29.83,2.41,0.0
20230713:1710,0.0,0.0,0.0,0.0,27.72,2.62,0.0
20230713:1810,0.0,0.0,0.0,0.0,25.14,2.62,0.0
20230713:1910,0.0,0.0,0.0,0.0,22.91,2.48,0.0
20230713:2010,0.0,0.0,0.0,0.0,20.61,2.0,0.0
20230713:2110,0.0,0.0,0.0,0.0,19.53,1.79,0.0
20230713:2210,0.0,0.0,0.0,0.0,18.61,1.79,0.0
20230713:2310,0.0,0.0,0.0,0.0,17.91,1.79,0.0
20230714:0010,0.0,0.0,0.0,0.0,17.3,1.86,0.0
20230714:0110,0.0,0.0,0.0,0.0,16.89,1.79,0.0
20230714:0210,0.0,0.0,0.0,0.0,16.77,1.66,0.0
20230714:0310,0.0,34.0,0.0,5.78,17.83,1.31,0.0
20230714:0410,134.0,92.0,0.0,16.64,19.39,0.76,0.0
20230714:0510,316.0,113.0,0.0,27.95,22.21,0.9,0.0
20230714:0610,490.0,130.0,0.0,39.44,24.81,1.31,0.0
20230714:0710,649.0,138.0,0.0,50.78,26.47,1.72,0.0
20230714:0810,746.0,154.0,0.0,61.34,28.18,1.72,0.0
20230714:0910,824.0,152.0,0.0,69.49,29.62,1.59,0.0
20230714:1010,838.0,152.0,0.0,71.47,30.94,1.59,0.0
20230714:1110,784.0,156.0,0.0,65.67,32.14,2.0,0.0
20230714:1210,680.0,157.0,0.0,55.93,33.1,2.83,0.0
20230714:1310,557.0,140.0,0.0,44.85,33.6,3.52,0.0
20230714:1410,413.0,115.0,0.0,33.38,33.53,4.14,0.0
20230714:1510,212.0,107.0,0.0,21.95,32.8,4.48,0.0
20230714:1610,74.0,62.0,0.0,10.85,31.35,3.93,0.0
20230714:1710,0.0,0.0,0.0,0.0,29.06,3.72,0.0
20230714:1810,0.0,0.0,0.0,0.0,26.79,3.45,0.0
20230714:1910,0.0,0.0,0.0,0.0,25.4,2.83,0.0
20230714:2010,0.0,0.0,0.0,0.0,23.45,2.21,0.0
20230714:2110,0.0,0.0,0.0,0.0,21.68,2.0,0.0
20230714:2210,0.0,0.0,0.0,0.0,20.36,1.86,0.0
20230714:2310,0.0,0.0,0.0,0.0,19.65,1.79,0.0
20230715:0010,0.0,0.0,0.0,0.0,19.05,1.72,0.0
20230715:0110,0.0,0.0,0.0,0.0,18.47,1.79,0.0
20230715:0210,0.0,0.0,0.0,0.0,18.01,1.72,0.0
20230715:0310,0.0,26.0,0.0,5.66,17.8,1.66,0.0
20230715:0410,94.0,109.0,0.0,16.53,19.35,1.38,0.0
20230715:0510,275.0,135.0,0.0,27.84,23.47,2.0,0.0
20230715:0610,464.0,143.0,0.0,39.33,25.33,2.9,0.0
20230715:0710,630.0,146.0,0.0,50.66,26.92,3.38,0.0
20230715:0810,691.0,187.0,0.0,61.21,28.23,3.52,0.0
20230715:0910,739.0,203.0,0.0,69.34,29.31,3.66,0.0
20230715:1010,836.0,153.0,0.0,71.32,30.15,3.66,0.0
20230715:1110,783.0,156.0,0.0,65.57,30.75,3.72,0.0
20230715:1210,690.0,151.0,0.0,55.85,31.1,3.86,0.0
20230715:1310,386.0,240.0,0.0,44.78,31.06,4.07,0.0
20230715:1410,374.0,136.0,0.0,33.31,30.54,4.28,0.0
20230715:1510,223.0,100.0,0.0,21.88,29.52,4.41,0.0
20230715:1610,75.0,60.0,0.0,10.77,27.87,4.41,0.0
20230715:1710,0.0,0.0,0.0,0.0,25.75,4.28,0.0
20230715:1810,0.0,0.0,0.0,0.0,23.61,3.86,0.0
20230715:1910,0.0,0.0,0.0,0.0,22.06,3.66,0.0
20230715:2010,0.0,0.0,0.0,0.0,20.74,2.9,0.0
20230715:2110,0.0,0.0,0.0,0.0,19.59,2.48,0.0
20230715:2210,0.0,0.0,0.0,0.0,18.43,2.34,0.0
20230715:2310,0.0,0.0,0.0,0.0,17.27,2.21,0.0
20230716:0010,0.0,0.0,0.0,0.0,16.33,2.14,0.0
20230716:0110,0.0,0.0,0.0,0.0,15.44,2.0,0.0
20230716:0210,0.0,0.0,0.0,0.0,14.6,1.93,0.0
20230716:0310,0.0,31.0,0.0,5.54,13.98,1.86,0.0
20230716:0410,135.0,90.0,0.0,16.42,16.05,1.86,0.0
20230716:0510,327.0,108.0,0.0,27.73,18.72,2.48,0.0
20230716:0610,501.0,125.0,0.0,39.22,20.56,2.76,0.0
20230716:0710,656.0,136.0,0.0,50.55,22.42,2.9,0.0
20230716:0810,753.0,153.0,0.0,61.08,24.16,2.83,0.0
20230716:0910,832.0,151.0,0.0,69.19,25.75,2.83,0.0
20230716:1010,846.0,152.0,0.0,71.17,27.17,3.03,0.0
20230716:1110,779.0,164.0,0.0,65.45,28.29,3.24,0.0
20230716:1210,687.0,157.0,0.0,55.76,29.08,3.45,0.0
20230716:1310,554.0,145.0,0.0,44.7,29.46,3.66,0.0
20230716:1410,387.0,131.0,0.0,33.24,29.45,3.72,0.0
20230716:1510,227.0,100.0,0.0,21.81,28.98,3.72,0.0
20230716:1610,80.0,58.0,0.0,10.69,28.0,3.66,0.0
20230716:1710,0.0,0.0,0.0,0.0,26.17,3.31,0.0
20230716:1810,0.0,0.0,0.0,0.0,24.09,3.38,0.0
20230716:1910,0.0,0.0,0.0,0.0,22.71,2.9,0.0
20230716:2010,0.0,0.0,0.0,0.0,21.33,3.03,0.0
20230716:2110,0.0,0.0,0.0,0.0,20.15,3.17,0.0
20230716:2210,0.0,0.0,0.0,0.0,19.1,3.1,0.0
20230716:2310,0.0,0.0,0.0,0.0,18.09,2.83,0.0
20230717:0010,0.0,0.0,0.0,0.0,17.16,2.62,0.0
20230717:0110,0.0,0.0,0.0,0.0,16.22,2.41,0.0
20230717:0210,0.0,0.0,0.0,0.0,15.37,2.21,0.0
20230717:0310,0.0,31.0,0.0,5.42,14.52,2.0,0.0
20230717:0410,133.0,90.0,0.0,16.3,16.18,2.0,0.0
20230717:0510,320.0,110.0,0.0,27.62,18.27,2.9,0.0
20230717:0610,491.0,129.0,0.0,39.11,20.09,3.1,0.0
20230717:0710,644.0,141.0,0.0,50.43,21.9,3.17,0.0
20230717:0810,750.0,154.0,0.0,60.95,23.76,3.1,0.0
20230717:0910,818.0,157.0,0.0,69.03,25.43,3.1,0.0
20230717:1010,832.0,158.0,0.0,71.01,26.89,3.03,0.0
20230717:1110,790.0,155.0,0.0,65.33,28.08,2.97,0.0
20230717:1210,685.0,157.0,0.0,55.67,28.97,2.97,0.0
20230717:1310,531.0,158.0,0.0,44.63,29.49,3.03,0.0
20230717:1410,370.0,140.0,0.0,33.17,29.59,3.03,0.0
20230717:1510,217.0,104.0,0.0,21.73,29.32,3.03,0.0
20230717:1610,78.0,58.0,0.0,10.6,28.61,2.97,0.0
20230717:1710,0.0,0.0,0.0,0.0,27.0,2.48,0.0
20230717:1810,0.0,0.0,0.0,0.0,24.93,2.76,0.0
20230717:1910,0.0,0.0,0.0,0.0,22.9,2.97,0.0
20230717:2010,0.0,0.0,0.0,0.0,21.33,3.24,0.0
20230717:2110,0.0,0.0,0.0,0.0,19.94,3.1,0.0
20230717:2210,0.0,0.0,0.0,0.0,18.62,2.62,0.0
20230717:2310,0.0,0.0,0.0,0.0,17.36,2.34,0.0
20230718:0010,0.0,0.0,0.0,0.0,16.15,2.14,0.0
20230718:0110,0.0,0.0,0.0,0.0,15.06,2.0,0.0
20230718:0210,0.0,0.0,0.0,0.0,14.2,1.93,0.0
20230718:0310,0.0,32.0,0.0,5.29,13.51,1.86,0.0
20230718:0410,159.0,77.0,0.0,16.18,15.42,1.79,0.0
20230718:0510,331.0,105.0,0.0,27.5,18.5,2.48,0.0
20230718:0610,501.0,125.0,0.0,38.99,20.5,2.83,0.0
20230718:0710,657.0,136.0,0.0,50.31,22.23,3.17,0.0
20230718:0810,766.0,147.0,0.0,60.81,24.08,2.97,0.0
20230718:0910,824.0,157.0,0.0,68.86,25.75,2.69,0.0
20230718:1010,824.0,166.0,0.0,70.84,27.21,2.48,0.0
20230718:1110,768.0,172.0,0.0,65.21,28.46,2.55,0.0
20230718:1210,664.0,173.0,0.0,55.58,29.41,2.76,0.0
20230718:1310,536.0,157.0,0.0,44.54,29.95,2.9,0.0
20230718:1410,381.0,135.0,0.0,33.09,30.06,2.97,0.0
20230718:1510,223.0,101.0,0.0,21.65,29.73,3.1,0.0
20230718:1610,78.0,58.0,0.0,10.51,28.85,2.97,0.0
20230718:1710,0.0,0.0,0.0,0.0,27.02,2.55,0.0
20230718:1810,0.0,0.0,0.0,0.0,24.79,2.83,0.0
20230718:1910,0.0,0.0,0.0,0.0,22.62,2.69,0.0
20230718:2010,0.0,0.0,0.0,0.0,21.05,2.76,0.0
20230718:2110,0.0,0.0,0.0,0.0,19.73,2.69,0.0
20230718:2210,0.0,0.0,0.0,0.0,18.43,2.41,0.0
20230718:2310,0.0,0.0,0.0,0.0,17.09,2.07,0.0
20230719:0010,0.0,0.0,0.0,0.0,16.01,1.93,0.0
20230719:0110,0.0,0.0,0.0,0.0,15.33,1.79,0.0
20230719:0210,0.0,0.0,0.0,0.0,14.75,1.72,0.0
20230719:0310,0.0,32.0,0.0,5.16,14.3,1.66,0.0
20230719:0410,159.0,76.0,0.0,16.06,15.55,1.52,0.0
20230719:0510,338.0,100.0,0.0,27.39,19.25,2.28,0.0
20230719:0610,499.0,125.0,0.0,38.88,21.32,3.1,0.0
20230719:0710,655.0,136.0,0.0,50.18,22.58,3.72,0.0
20230719:0810,764.0,147.0,0.0,60.67,24.21,3.45,0.0
20230719:0910,834.0,150.0,0.0,68.7,25.75,3.38,0.0
20230719:1010,837.01,157.0,0.0,70.67,27.14,3.59,0.0
20230719:1110,766.0,173.0,0.0,65.07,28.3,3.79,0.0
20230719:1210,676.0,164.0,0.0,55.47,29.14,3.86,0.0
20230719:1310,534.0,157.0,0.0,44.45,29.6,3.86,0.0
20230719:1410,372.0,139.0,0.0,33.0,29.71,3.79,0.0
20230719:1510,218.0,103.0,0.0,21.56,29.44,3.66,0.0
20230719:1610,72.0,60.0,0.0,10.41,28.63,3.24,0.0
20230719:1710,0.0,0.0,0.0,0.0,26.9,2.48,0.0
20230719:1810,0.0,0.0,0.0,0.0,24.78,2.62,0.0
20230719:1910,0.0,0.0,0.0,0.0,23.21,2.69,0.0
20230719:2010,0.0,0.0,0.0,0.0,21.64,2.69,0.0
20230719:2110,0.0,0.0,0.0,0.0,20.26,2.55,0.0
20230719:2210,0.0,0.0,0.0,0.0,19.01,2.41,0.0
20230719:2310,0.0,0.0,0.0,0.0,17.87,2.21,0.0
20230720:0010,0.0,0.0,0.0,0.0,16.88,2.0,0.0
20230720:0110,0.0,0.0,0.0,0.0,16.16,1.79,0.0
20230720:0210,0.0,0.0,0.0,0.0,15.81,1.66,0.0
20230720:0310,0.0,29.0,0.0,5.03,15.33,1.52,0.0
20230720:0410,131.0,86.0,0.0,15.93,16.68,1.24,0.0
20230720:0510,315.0,108.0,0.0,27.27,20.21,1.79,0.0
20230720:0610,488.0,126.0,0.0,38.76,22.17,2.14,0.0
20230720:0710,625.0,145.0,0.0,50.06,23.44,1.79,0.0
20230720:0810,740.0,154.0,0.0,60.52,25.23,1.86,0.0
20230720:0910,808.0,158.0,0.0,68.52,26.86,1.66,0.0
20230720:1010,808.0,167.0,0.0,70.49,28.26,1.38,0.0
20230720:1110,780.0,156.0,0.0,64.93,29.4,0.97,0.0
20230720:1210,676.0,157.0,0.0,55.36,30.34,0.9,0.0
20230720:1310,543.0,145.0,0.0,44.36,31.0,0.9,0.0
20230720:1410,377.0,131.0,0.0,32.91,31.31,0.9,0.0
20230720:1510,214.0,102.0,0.0,21.46,31.24,0.83,0.0
20230720:1610,68.0,59.0,0.0,10.31,30.85,0.97,0.0
20230720:1710,0.0,0.0,0.0,0.0,29.49,0.83,0.0
20230720:1810,0.0,0.0,0.0,0.0,26.47,1.52,0.0
20230720:1910,0.0,0.0,0.0,0.0,24.3,2.21,0.0
20230720:2010,0.0,0.0,0.0,0.0,22.53,2.21,0.0
20230720:2110,0.0,0.0,0.0,0.0,21.21,1.86,0.0
20230720:2210,0.0,0.0,0.0,0.0,20.49,1.66,0.0
20230720:2310,0.0,0.0,0.0,0.0,19.62,1.66,0.0
20230721:0010,0.0,0.0,0.0,0.0,18.92,1.66,0.0
20230721:0110,0.0,0.0,0.0,0.0,18.51,1.59,0.0
20230721:0210,0.0,0.0,0.0,0.0,18.53,1.38,0.0
20230721:0310,0.0,17.0,0.0,4.89,18.52,1.24,0.0
20230721:0410,104.0,96.0,0.0,15.81,19.95,0.83,0.0
20230721:0510,282.0,122.0,0.0,27.15,23.01,0.97,0.0
20230721:0610,457.0,137.0,0.0,38.64,25.65,1.45,0.0
20230721:0710,613.0,147.0,0.0,49.93,27.27,1.24,0.0
20230721:0810,716.0,161.0,0.0,60.38,28.61,1.17,0.0
20230721:0910,795.0,159.0,0.0,68.34,29.87,1.24,0.0
20230721:1010,796.0,167.0,0.0,70.3,30.61,1.52,0.0
20230721:1110,590.0,267.0,0.0,64.79,31.16,2.0,0.0
20230721:1210,145.0,404.0,0.0,55.25,31.73,2.34,0.0
20230721:1310,28.0,308.0,0.0,44.26,31.97,2.69,0.0
20230721:1410,0.0,66.0,0.0,32.81,31.75,2.83,0.0
20230721:1510,0.0,43.0,0.0,21.36,31.37,2.97,0.0
20230721:1610,0.0,20.0,0.0,10.2,30.29,3.31,0.0
20230721:1710,0.0,0.0,0.0,0.0,28.35,3.59,0.0
20230721:1810,0.0,0.0,0.0,0.0,26.21,3.59,0.0
20230721:1910,0.0,0.0,0.0,0.0,24.57,2.55,0.0
20230721:2010,0.0,0.0,0.0,0.0,23.35,2.14,0.0
20230721:2110,0.0,0.0,0.0,0.0,22.22,2.21,0.0
20230721:2210,0.0,0.0,0.0,0.0,21.19,2.14,0.0
20230721:2310,0.0,0.0,0.0,0.0,20.18,2.07,0.0
20230722:0010,0.0,0.0,0.0,0.0,19.27,2.0,0.0
20230722:0110,0.0,0.0,0.0,0.0,18.46,1.93,0.0
20230722:0210,0.0,0.0,0.0,0.0,17.79,1.79,0.0
20230722:0310,0.0,7.0,0.0,4.76,17.16,1.72,0.0
20230722:0410,94.0,100.0,0.0,15.68,18.71,1.52,0.0
20230722:0510,277.0,124.0,0.0,27.03,22.05,1.93,0.0
20230722:0610,458.0,137.0,0.0,38.52,24.2,2.0,0.0
20230722:0710,605.0,152.0,0.0,49.8,26.44,1.45,0.0
20230722:0810,718.0,162.0,0.0,60.23,27.94,0.97,0.0
20230722:0910,785.0,166.0,0.0,68.16,29.4,1.72,0.0
20230722:1010,784.0,176.0,0.0,70.11,30.67,2.28,0.0
20230722:1110,758.0,164.0,0.0,64.64,31.73,2.55,0.0
20230722:1210,642.0,173.0,0.0,55.13,32.52,2.83,0.0
20230722:1310,515.0,158.0,0.0,44.15,32.98,3.17,0.0
20230722:1410,69.0,254.0,0.0,32.71,32.98,3.59,0.0
20230722:1510,135.0,138.0,0.0,21.26,32.37,4.14,0.0
20230722:1610,66.0,58.0,0.0,10.09,30.9,4.41,0.0
20230722:1710,0.0,0.0,0.0,0.0,28.71,4.28,0.0
20230722:1810,0.0,0.0,0.0,0.0,26.55,3.59,0.0
20230722:1910,0.0,0.0,0.0,0.0,25.09,2.34,0.0
20230722:2010,0.0,0.0,0.0,0.0,22.95,1.86,0.0
20230722:2110,0.0,0.0,0.0,0.0,21.35,1.59,0.0
20230722:2210,0.0,0.0,0.0,0.0,20.61,1.45,0.0
20230722:2310,0.0,0.0,0.0,0.0,19.97,1.38,0.0
20230723:0010,0.0,0.0,0.0,0.0,19.27,1.38,0.0
20230723:0110,0.0,0.0,0.0,0.0,19.13,1.24,0.0
20230723:0210,0.0,0.0,0.0,0.0,18.75,1.24,0.0
20230723:0310,0.0,22.0,0.0,4.62,18.75,1.1,0.0
20230723:0410,119.0,87.0,0.0,15.55,19.77,0.69,0.0
20230723:0510,297.0,111.0,0.0,26.9,23.04,0.9,0.0
20230723:0610,470.0,130.0,0.0,38.39,25.76,1.72,0.0
20230723:0710,603.0,152.0,0.0,49.67,27.4,1.66,0.0
20230723:0810,716.0,162.0,0.0,60.07,29.04,2.07,0.0
20230723:0910,783.0,166.0,0.0,67.97,30.37,2.28,0.0
20230723:1010,797.01,167.0,0.0,69.92,31.55,2.41,0.0
20230723:1110,742.0,173.0,0.0,64.48,32.37,2.9,0.0
20230723:1210,585.0,207.0,0.0,55.0,33.03,3.52,0.0
20230723:1310,290.0,281.0,0.0,44.04,33.18,3.93,0.0
20230723:1410,112.0,250.0,0.0,32.6,32.68,4.28,0.0
20230723:1510,191.0,110.0,0.0,21.14,31.43,4.34,0.0
20230723:1610,56.0,61.0,0.0,9.97,30.27,4.0,0.0
20230723:1710,0.0,0.0,0.0,0.0,28.8,3.59,0.0
20230723:1810,0.0,0.0,0.0,0.0,27.12,3.52,0.0
20230723:1910,0.0,0.0,0.0,0.0,25.52,3.66,0.0
20230723:2010,0.0,0.0,0.0,0.0,24.11,3.17,0.0
20230723:2110,0.0,0.0,0.0,0.0,22.83,2.48,0.0
20230723:2210,0.0,0.0,0.0,0.0,21.58,2.14,0.0
20230723:2310,0.0,0.0,0.0,0.0,20.48,2.07,0.0
20230724:0010,0.0,0.0,0.0,0.0,19.57,2.0,0.0
20230724:0110,0.0,0.0,0.0,0.0,18.74,2.0,0.0
20230724:0210,0.0,0.0,0.0,0.0,18.21,2.0,0.0
20230724:0310,0.0,4.0,0.0,4.48,18.03,2.21,0.0
20230724:0410,38.0,113.0,0.0,15.42,19.35,3.1,0.0
20230724:0510,172.0,176.0,0.0,26.78,20.24,3.66,0.0
20230724:0610,399.0,170.0,0.0,38.27,21.81,3.93,0.0
20230724:0710,536.0,193.0,0.0,49.53,24.13,3.66,0.0
20230724:0810,559.0,257.0,0.0,59.92,25.31,3.38,0.0
20230724:0910,425.0,373.0,0.0,67.78,26.66,3.45,0.0
20230724:1010,598.0,289.0,0.0,69.71,27.9,3.52,0.0
20230724:1110,567.0,280.0,0.0,64.31,28.83,3.79,0.0
20230724:1210,413.0,304.0,0.0,54.87,29.25,4.21,0.0
20230724:1310,493.0,169.0,0.0,43.92,29.27,4.55,0.0
20230724:1410,333.0,151.0,0.0,32.49,28.87,4.97,0.0
20230724:1510,205.0,101.0,0.0,21.03,27.79,5.1,0.0
20230724:1610,65.0,56.0,0.0,9.85,26.35,4.9,0.0
20230724:1710,0.0,0.0,0.0,0.0,24.69,4.28,0.0
20230724:1810,0.0,0.0,0.0,0.0,23.02,4.14,0.0
20230724:1910,0.0,0.0,0.0,0.0,21.54,3.93,0.0
20230724:2010,0.0,0.0,0.0,0.0,20.4,3.38,0.0
20230724:2110,0.0,0.0,0.0,0.0,19.41,2.76,0.0
20230724:2210,0.0,0.0,0.0,0.0,18.47,2.34,0.0
20230724:2310,0.0,0.0,0.0,0.0,17.37,2.0,0.0
20230725:0010,0.0,0.0,0.0,0.0,16.24,1.72,0.0
20230725:0110,0.0,0.0,0.0,0.0,15.31,1.52,0.0
20230725:0210,0.0,0.0,0.0,0.0,14.67,1.38,0.0
20230725:0310,0.0,20.0,0.0,4.34,14.38,1.24,0.0
20230725:0410,123.0,86.0,0.0,15.29,15.29,1.1,0.0
20230725:0510,295.0,115.0,0.0,26.65,17.94,1.38,0.0
20230725:0610,477.0,130.0,0.0,38.14,19.79,1.17,0.0
20230725:0710,630.0,144.0,0.0,49.4,21.7,1.86,0.0
20230725:0810,735.0,159.0,0.0,59.76,23.53,1.86,0.0
20230725:0910,817.01,156.0,0.0,67.58,25.32,2.0,0.0
20230725:1010,817.01,165.0,0.0,69.51,26.9,2.07,0.0
20230725:1110,761.0,172.0,0.0,64.14,28.17,2.0,0.0
20230725:1210,670.0,164.0,0.0,54.73,29.13,1.93,0.0
20230725:1310,528.0,156.0,0.0,43.8,29.75,1.86,0.0
20230725:1410,372.0,134.0,0.0,32.37,29.99,2.07,0.0
20230725:1510,210.0,101.0,0.0,20.91,29.89,2.28,0.0
20230725:1610,65.0,57.0,0.0,9.72,29.32,2.21,0.0
20230725:1710,0.0,0.0,0.0,0.0,27.87,1.79,0.0
20230725:1810,0.0,0.0,0.0,0.0,25.54,1.93,0.0
20230725:1910,0.0,0.0,0.0,0.0,23.03,1.79,0.0
20230725:2010,0.0,0.0,0.0,0.0,21.4,1.79,0.0
20230725:2110,0.0,0.0,0.0,0.0,20.27,1.79,0.0
20230725:2210,0.0,0.0,0.0,0.0,19.47,1.66,0.0
20230725:2310,0.0,0.0,0.0,0.0,18.67,1.59,0.0
20230726:0010,0.0,0.0,0.0,0.0,18.23,1.45,0.0
20230726:0110,0.0,0.0,0.0,0.0,17.92,1.38,0.0
20230726:0210,0.0,0.0,0.0,0.0,17.8,1.24,0.0
20230726:0310,0.0,19.0,0.0,4.19,17.85,1.03,0.0
20230726:0410,109.0,90.0,0.0,15.15,18.57,0.69,0.0
20230726:0510,289.0,115.0,0.0,26.52,21.2,0.76,0.0
20230726:0610,469.0,131.0,0.0,38.01,23.54,0.48,0.0
20230726:0710,610.0,151.0,0.0,49.26,25.28,0.41,0.0
20230726:0810,712.0,168.0,0.0,59.6,27.3,0.21,0.0
20230726:0910,793.01,165.0,0.0,67.38,29.05,0.21,0.0
20230726:1010,792.01,176.0,0.0,69.29,30.53,0.34,0.0
20230726:1110,766.0,163.0,0.0,63.96,31.79,0.76,0.0
20230726:1210,674.0,156.0,0.0,54.59,32.79,1.03,0.0
20230726:1310,540.0,144.0,0.0,43.67,33.47,1.24,0.0
20230726:1410,365.0,134.0,0.0,32.24,33.82,1.59,0.0
20230726:1510,200.0,104.0,0.0,20.78,33.74,1.86,0.0
20230726:1610,61.0,56.0,0.0,9.58,33.14,2.14,0.0
20230726:1710,0.0,0.0,0.0,0.0,31.28,2.21,0.0
20230726:1810,0.0,0.0,0.0,0.0,28.84,2.14,0.0
20230726:1910,0.0,0.0,0.0,0.0,26.17,1.93,0.0
20230726:2010,0.0,0.0,0.0,0.0,24.66,1.86,0.0
20230726:2110,0.0,0.0,0.0,0.0,23.86,1.66,0.0
20230726:2210,0.0,0.0,0.0,0.0,23.14,1.52,0.0
20230726:2310,0.0,0.0,0.0,0.0,22.27,1.52,0.0
20230727:0010,0.0,0.0,0.0,0.0,21.84,1.45,0.0
20230727:0110,0.0,0.0,0.0,0.0,21.79,1.38,0.0
20230727:0210,0.0,0.0,0.0,0.0,21.3,1.31,0.0
20230727:0310,0.0,3.0,0.0,4.04,20.23,1.38,0.0
20230727:0410,24.0,109.0,0.0,15.02,20.85,1.17,0.0
20230727:0510,178.0,171.0,0.0,26.39,25.29,1.31,0.0
20230727:0610,368.0,186.0,0.0,37.88,29.26,2.14,0.0
20230727:0710,528.0,196.0,0.0,49.12,30.54,2.21,0.0
20230727:0810,636.0,210.0,0.0,59.43,32.57,2.9,0.0
20230727:0910,738.0,194.0,0.0,67.18,34.03,3.59,0.0
20230727:1010,375.0,404.0,0.0,69.07,34.8,3.93,0.0
20230727:1110,4.0,326.0,0.0,63.78,35.38,4.28,0.0
20230727:1210,602.0,195.0,0.0,54.44,35.18,4.55,0.0
20230727:1310,491.0,169.0,0.0,43.54,33.76,4.34,0.0
20230727:1410,98.0,249.0,0.0,32.12,32.04,4.07,0.0
20230727:1510,0.0,34.0,0.0,20.65,31.79,2.83,0.0
20230727:1610,46.0,60.0,0.0,9.44,31.37,1.86,0.0
20230727:1710,0.0,0.0,0.0,0.0,29.56,1.38,0.0
20230727:1810,0.0,0.0,0.0,0.0,26.84,1.59,0.0
20230727:1910,0.0,0.0,0.0,0.0,25.52,3.93,0.0
20230727:2010,0.0,0.0,0.0,0.0,23.56,3.86,0.0
20230727:2110,0.0,0.0,0.0,0.0,22.01,3.72,0.0
20230727:2210,0.0,0.0,0.0,0.0,20.86,4.0,0.0
20230727:2310,0.0,0.0,0.0,0.0,19.79,4.28,0.0
20230728:0010,0.0,0.0,0.0,0.0,18.62,4.41,0.0
20230728:0110,0.0,0.0,0.0,0.0,17.23,4.28,0.0
20230728:0210,0.0,0.0,0.0,0.0,16.1,3.72,0.0
20230728:0310,0.0,19.0,0.0,3.9,15.31,3.17,0.0
20230728:0410,118.0,83.0,0.0,14.88,15.44,3.38,0.0
20230728:0510,320.0,98.0,0.0,26.26,16.51,3.24,0.0
20230728:0610,482.0,124.0,0.0,37.75,18.02,3.03,0.0
20230728:0710,631.0,139.0,0.0,48.97,19.97,2.76,0.0
20230728:0810,728.0,159.0,0.0,59.26,21.67,2.48,0.0
20230728:0910,810.01,156.0,0.0,66.97,23.22,2.28,0.0
20230728:1010,810.01,166.0,0.0,68.85,24.63,2.14,0.0
20230728:1110,740.0,181.0,0.0,63.59,25.79,2.07,0.0
20230728:1210,663.0,164.0,0.0,54.28,26.69,2.0,0.0
20230728:1310,521.0,156.0,0.0,43.4,27.19,1.72,0.0
20230728:1410,358.0,137.0,0.0,31.98,27.36,1.38,0.0
20230728:1510,207.0,98.0,0.0,20.51,27.25,1.31,0.0
20230728:1610,65.0,52.0,0.0,9.3,26.76,1.59,0.0
20230728:1710,0.0,0.0,0.0,0.0,25.49,2.14,0.0
20230728:1810,0.0,0.0,0.0,0.0,23.42,2.97,0.0
20230728:1910,0.0,0.0,0.0,0.0,21.84,2.97,0.0
20230728:2010,0.0,0.0,0.0,0.0,20.14,2.55,0.0
20230728:2110,0.0,0.0,0.0,0.0,18.75,2.21,0.0
20230728:2210,0.0,0.0,0.0,0.0,17.49,2.07,0.0
20230728:2310,0.0,0.0,0.0,0.0,16.52,2.21,0.0
20230729:0010,0.0,0.0,0.0,0.0,15.82,2.28,0.0
20230729:0110,0.0,0.0,0.0,0.0,15.13,2.21,0.0
20230729:0210,0.0,0.0,0.0,0.0,14.48,2.21,0.0
20230729:0310,0.0,20.0,0.0,3.75,13.91,2.14,0.0
20230729:0410,134.0,73.0,0.0,14.74,15.29,2.21,0.0
20230729:0510,305.0,103.0,0.0,26.13,17.3,2.62,0.0
20230729:0610,475.0,124.0,0.0,37.61,19.41,2.62,0.0
20230729:0710,615.0,144.0,0.0,48.83,21.86,2.41,0.0
20230729:0810,720.0,160.0,0.0,59.09,23.82,1.93,0.0
20230729:0910,801.01,157.0,0.0,66.76,25.41,1.52,0.0
20230729:1010,802.01,166.0,0.0,68.62,26.81,1.38,0.0
20230729:1110,732.0,181.0,0.0,63.39,27.95,1.31,0.0
20230729:1210,631.0,179.0,0.0,54.12,28.82,1.38,0.0
20230729:1310,514.0,156.0,0.0,43.25,29.36,1.38,0.0
20230729:1410,366.0,129.0,0.0,31.84,29.51,1.38,0.0
20230729:1510,206.0,96.0,0.0,20.37,29.35,1.38,0.0
20230729:1610,62.0,52.0,0.0,9.15,28.86,1.66,0.0
20230729:1710,0.0,0.0,0.0,0.0,27.45,1.79,0.0
20230729:1810,0.0,0.0,0.0,0.0,25.25,2.41,0.0
20230729:1910,0.0,0.0,0.0,0.0,22.9,2.69,0.0
20230729:2010,0.0,0.0,0.0,0.0,21.34,2.76,0.0
20230729:2110,0.0,0.0,0.0,0.0,20.14,2.9,0.0
20230729:2210,0.0,0.0,0.0,0.0,19.07,2.76,0.0
20230729:2310,0.0,0.0,0.0,0.0,18.0,2.48,0.0
20230730:0010,0.0,0.0,0.0,0.0,17.0,2.34,0.0
20230730:0110,0.0,0.0,0.0,0.0,16.05,2.14,0.0
20230730:0210,0.0,0.0,0.0,0.0,15.15,1.86,0.0
20230730:0310,0.0,15.0,0.0,3.6,14.51,1.72,0.0
20230730:0410,127.0,74.0,0.0,14.6,15.66,1.52,0.0
20230730:0510,293.0,106.0,0.0,25.99,18.86,2.14,0.0
20230730:0610,464.0,127.0,0.0,37.48,20.8,2.55,0.0
20230730:0710,610.0,144.0,0.0,48.68,22.46,2.55,0.0
20230730:0810,726.0,153.0,0.0,58.92,24.19,2.28,0.0
20230730:0910,796.01,156.0,0.0,66.54,25.82,2.21,0.0
20230730:1010,781.01,176.0,0.0,68.38,27.26,2.14,0.0
20230730:1110,741.0,172.0,0.0,63.19,28.41,2.21,0.0
20230730:1210,638.0,172.0,0.0,53.95,29.24,2.21,0.0
20230730:1310,499.0,162.0,0.0,43.1,29.68,2.21,0.0
20230730:1410,355.0,133.0,0.0,31.7,29.76,2.28,0.0
20230730:1510,199.0,97.0,0.0,20.22,29.5,2.48,0.0
20230730:1610,68.0,48.0,0.0,8.99,28.73,2.62,0.0
20230730:1710,0.0,0.0,0.0,0.0,27.06,2.28,0.0
20230730:1810,0.0,0.0,0.0,0.0,25.09,2.55,0.0
20230730:1910,0.0,0.0,0.0,0.0,23.37,2.55,0.0
20230730:2010,0.0,0.0,0.0,0.0,21.88,2.76,0.0
20230730:2110,0.0,0.0,0.0,0.0,20.59,2.76,0.0
20230730:2210,0.0,0.0,0.0,0.0,19.24,2.28,0.0
20230730:2310,0.0,0.0,0.0,0.0,17.87,2.0,0.0
20230731:0010,0.0,0.0,0.0,0.0,16.65,1.86,0.0
20230731:0110,0.0,0.0,0.0,0.0,15.68,1.79,0.0
20230731:0210,0.0,0.0,0.0,0.0,15.03,1.72,0.0
20230731:0310,0.0,16.0,0.0,3.44,14.52,1.59,0.0
20230731:0410,132.0,71.0,0.0,14.46,15.42,1.38,0.0
20230731:0510,301.0,102.0,0.0,25.86,18.77,1.79,0.0
20230731:0610,471.0,124.0,0.0,37.34,20.95,1.93,0.0
20230731:0710,619.0,140.0,0.0,48.53,23.0,1.93,0.0
20230731:0810,728.0,153.0,0.0,58.74,25.01,1.45,0.0
20230731:0910,798.01,156.0,0.0,66.32,26.67,0.62,0.0
20230731:1010,799.01,165.0,0.0,68.14,28.05,0.0,0.0
20230731:1110,743.0,172.0,0.0,62.98,29.15,0.34,0.0
20230731:1210,639.0,172.0,0.0,53.77,29.96,0.48,0.0
20230731:1310,510.0,156.0,0.0,42.94,30.43,0.28,0.0
20230731:1410,355.0,132.0,0.0,31.54,30.56,0.28,0.0
20230731:1510,194.0,99.0,0.0,20.07,30.45,0.76,0.0
20230731:1610,50.0,53.0,0.0,8.83,30.06,1.1,0.0
20230731:1710,0.0,0.0,0.0,0.0,28.79,1.17,0.0
20230731:1810,0.0,0.0,0.0,0.0,26.78,0.97,0.0
20230731:1910,0.0,0.0,0.0,0.0,23.94,1.45,0.0
20230731:2010,0.0,0.0,0.0,0.0,22.02,1.79,0.0
20230731:2110,0.0,0.0,0.0,0.0,20.77,1.79,0.0
20230731:2210,0.0,0.0,0.0,0.0,19.97,1.79,0.0
20230731:2310,0.0,0.0,0.0,0.0,19.0,2.0,0.0
20230801:0010,0.0,0.0,0.0,0.0,18.17,2.07,0.0
20230801:0110,0.0,0.0,0.0,0.0,17.74,1.93,0.0
20230801:0210,0.0,0.0,0.0,0.0,17.38,1.72,0.0
20230801:0310,0.0,5.0,0.0,3.29,16.84,1.72,0.0
20230801:0410,93.0,87.0,0.0,14.32,17.71,1.52,0.0
20230801:0510,265.0,118.0,0.0,25.72,21.8,1.86,0.0
20230801:0610,447.0,133.0,0.0,37.2,24.35,1.86,0.0
20230801:0710,591.0,151.0,0.0,48.38,26.42,1.72,0.0
20230801:0810,696.0,166.0,0.0,58.56,28.29,1.79,0.0
20230801:0910,763.01,172.0,0.0,66.09,29.89,1.93,0.0
20230801:1010,762.01,182.0,0.0,67.89,31.13,2.14,0.0
20230801:1110,92.0,441.0,0.0,62.77,31.99,2.28,0.0
20230801:1210,102.0,398.0,0.0,53.59,32.4,2.48,0.0
20230801:1310,4.0,248.0,0.0,42.78,32.44,2.55,0.0
20230801:1410,0.0,85.0,0.0,31.39,32.29,2.48,0.0
20230801:1510,145.0,122.0,0.0,19.91,31.78,2.83,0.0
20230801:1610,56.0,50.0,0.0,8.66,29.93,3.24,0.0
20230801:1710,0.0,0.0,0.0,0.0,28.03,2.28,0.0
20230801:1810,0.0,0.0,0.0,0.0,27.04,1.66,0.0
20230801:1910,0.0,0.0,0.0,0.0,25.94,2.0,0.0
20230801:2010,0.0,0.0,0.0,0.0,24.29,1.66,0.0
20230801:2110,0.0,0.0,0.0,0.0,22.7,1.59,0.0
20230801:2210,0.0,0.0,0.0,0.0,21.46,1.17,0.0
20230801:2310,0.0,0.0,0.0,0.0,20.35,0.97,0.0
20230802:0010,0.0,0.0,0.0,0.0,19.73,1.72,0.0
20230802:0110,0.0,0.0,0.0,0.0,19.82,0.76,0.0
20230802:0210,0.0,0.0,0.0,0.0,19.73,0.55,0.0
20230802:0310,0.0,7.0,0.0,3.14,19.12,0.28,0.0
20230802:0410,92.0,86.0,0.0,14.18,19.49,0.0,0.0
20230802:0510,272.0,113.0,0.0,25.58,21.96,0.07,0.0
20230802:0610,445.0,133.0,0.0,37.06,24.57,0.55,0.0
20230802:0710,590.0,150.0,0.0,48.23,26.54,1.31,0.0
20230802:0810,694.0,166.0,0.0,58.38,28.46,2.14,0.0
20230802:0910,762.01,171.0,0.0,65.86,29.91,2.55,0.0
20230802:1010,761.01,182.0,0.0,67.64,31.06,2.69,0.0
20230802:1110,720.0,179.0,0.0,62.55,31.96,2.83,0.0
20230802:1210,606.0,185.0,0.0,53.41,32.46,2.9,0.0
20230802:1310,490.0,161.0,0.0,42.61,32.76,3.1,0.0
20230802:1410,331.0,141.0,0.0,31.23,32.68,3.24,0.0
20230802:1510,181.0,101.0,0.0,19.75,32.29,3.17,0.0
20230802:1610,46.0,52.0,0.0,8.49,31.54,2.69,0.0
20230802:1710,0.0,0.0,0.0,0.0,30.11,1.66,0.0
20230802:1810,0.0,0.0,0.0,0.0,28.16,1.1,0.0
20230802:1910,0.0,0.0,0.0,0.0,25.51,1.59,0.0
20230802:2010,0.0,0.0,0.0,0.0,23.58,1.86,0.0
20230802:2110,0.0,0.0,0.0,0.0,22.44,1.79,0.0
20230802:2210,0.0,0.0,0.0,0.0,21.62,1.66,0.0
20230802:2310,0.0,0.0,0.0,0.0,20.98,1.52,0.0
20230803:0010,0.0,0.0,0.0,0.0,21.22,1.1,0.0
20230803:0110,0.0,0.0,0.0,0.0,21.42,0.69,0.0
20230803:0210,0.0,0.0,0.0,0.0,20.83,0.55,0.0
20230803:0310,0.0,7.0,0.0,2.98,20.35,0.55,0.0
20230803:0410,92.0,85.0,0.0,14.03,20.63,0.34,0.0
20230803:0510,260.0,118.0,0.0,25.44,23.45,0.62,0.0
20230803:0610,429.0,140.0,0.0,36.92,25.93,1.03,0.0
20230803:0710,587.0,151.0,0.0,48.07,27.98,1.45,0.0
20230803:0810,703.0,160.0,0.0,58.19,29.44,2.21,0.0
20230803:0910,759.01,172.0,0.0,65.63,30.71,2.76,0.0
20230803:1010,773.01,173.0,0.0,67.38,31.8,3.03,0.0
20230803:1110,704.0,187.0,0.0,62.32,32.62,3.17,0.0
20230803:1210,628.0,169.0,0.0,53.21,33.15,3.1,0.0
20230803:1310,488.0,160.0,0.0,42.44,33.41,2.9,0.0
20230803:1410,329.0,140.0,0.0,31.06,33.36,2.69,0.0
20230803:1510,182.0,99.0,0.0,19.58,32.99,2.62,0.0
20230803:1610,44.0,51.0,0.0,8.31,32.0,2.62,0.0
20230803:1710,0.0,0.0,0.0,0.0,29.82,3.03,0.0
20230803:1810,0.0,0.0,0.0,0.0,27.53,3.52,0.0
20230803:1910,0.0,0.0,0.0,0.0,25.76,2.97,0.0
20230803:2010,0.0,0.0,0.0,0.0,24.29,2.41,0.0
20230803:2110,0.0,0.0,0.0,0.0,22.81,2.21,0.0
20230803:2210,0.0,0.0,0.0,0.0,21.46,2.0,0.0
20230803:2310,0.0,0.0,0.0,0.0,20.41,1.86,0.0
20230804:0010,0.0,0.0,0.0,0.0,19.84,1.79,0.0
20230804:0110,0.0,0.0,0.0,0.0,19.16,1.72,0.0
20230804:0210,0.0,0.0,0.0,0.0,18.6,1.72,0.0
20230804:0310,0.0,7.0,0.0,2.82,18.09,1.66,0.0
20230804:0410,118.0,72.0,0.0,13.89,18.95,1.38,0.0
20230804:0510,284.0,105.0,0.0,25.3,22.86,1.72,0.0
20230804:0610,448.0,129.0,0.0,36.78,25.09,2.21,0.0
20230804:0710,595.0,146.0,0.0,47.92,26.71,1.79,0.0
20230804:0810,691.0,167.0,0.0,58.0,28.32,1.52,0.0
20230804:0910,759.01,171.0,0.0,65.39,29.79,1.38,0.0
20230804:1010,758.01,182.0,0.0,67.12,31.07,1.24,0.0
20230804:1110,704.0,187.0,0.0,62.09,32.13,1.24,0.0
20230804:1210,615.0,177.0,0.0,53.02,32.92,1.31,0.0
20230804:1310,487.0,160.0,0.0,42.26,33.45,1.31,0.0
20230804:1410,334.0,135.0,0.0,30.89,33.66,1.52,0.0
20230804:1510,173.0,102.0,0.0,19.4,33.48,1.72,0.0
20230804:1610,43.0,50.0,0.0,8.13,32.79,1.86,0.0
20230804:1710,0.0,0.0,0.0,0.0,31.19,1.79,0.0
20230804:1810,0.0,0.0,0.0,0.0,28.8,2.0,0.0
20230804:1910,0.0,0.0,0.0,0.0,26.3,2.21,0.0
20230804:2010,0.0,0.0,0.0,0.0,24.7,2.76,0.0
20230804:2110,0.0,0.0,0.0,0.0,23.47,2.97,0.0
20230804:2210,0.0,0.0,0.0,0.0,22.14,2.62,0.0
20230804:2310,0.0,0.0,0.0,0.0,20.64,2.21,0.0
20230805:0010,0.0,0.0,0.0,0.0,19.3,1.93,0.0
20230805:0110,0.0,0.0,0.0,0.0,18.45,1.79,0.0
20230805:0210,0.0,0.0,0.0,0.0,17.79,1.72,0.0
20230805:0310,0.0,7.0,0.0,2.66,17.25,1.66,0.0
20230805:0410,116.0,72.0,0.0,13.74,18.08,1.38,0.0
20230805:0510,287.0,104.0,0.0,25.16,22.0,1.72,0.0
20230805:0610,447.0,131.0,0.0,36.63,24.46,2.0,0.0
20230805:0710,593.0,150.0,0.0,47.76,26.54,1.52,0.0
20230805:0810,699.0,165.0,0.0,57.81,28.54,0.83,0.0
20230805:0910,767.01,170.0,0.0,65.15,30.17,0.07,0.0
20230805:1010,781.01,171.0,0.0,66.85,31.59,0.34,0.0
20230805:1110,725.01,177.0,0.0,61.85,32.7,0.55,0.0
20230805:1210,621.0,177.0,0.0,52.81,33.52,0.76,0.0
20230805:1310,501.0,154.0,0.0,42.08,33.99,0.76,0.0
20230805:1410,350.0,127.0,0.0,30.71,34.13,0.62,0.0
20230805:1510,178.0,100.0,0.0,19.23,33.94,0.76,0.0
20230805:1610,43.0,49.0,0.0,7.95,33.39,1.03,0.0
20230805:1710,0.0,0.0,0.0,0.0,31.7,1.24,0.0
20230805:1810,0.0,0.0,0.0,0.0,29.16,1.17,0.0
20230805:1910,0.0,0.0,0.0,0.0,28.03,1.03,0.0
20230805:2010,0.0,0.0,0.0,0.0,27.51,0.9,0.0
20230805:2110,0.0,0.0,0.0,0.0,26.49,0.69,0.0
20230805:2210,0.0,0.0,0.0,0.0,25.5,0.69,0.0
20230805:2310,0.0,0.0,0.0,0.0,24.62,0.69,0.0
20230806:0010,0.0,0.0,0.0,0.0,23.82,0.62,0.0
20230806:0110,0.0,0.0,0.0,0.0,23.31,0.55,0.0
20230806:0210,0.0,0.0,0.0,0.0,22.81,0.55,0.0
20230806:0310,0.0,2.0,0.0,2.5,22.43,0.62,0.0
20230806:0410,105.0,75.0,0.0,13.59,22.61,0.62,0.0
20230806:0510,263.0,113.0,0.0,25.02,25.06,0.69,0.0
20230806:0610,428.0,138.0,0.0,36.48,29.46,1.66,0.0
20230806:0710,577.0,155.0,0.0,47.59,31.0,2.34,0.0
20230806:0810,666.0,182.0,0.0,57.61,32.87,2.97,0.0
20230806:0910,731.01,189.0,0.0,64.9,34.34,3.31,0.0
20230806:1010,759.01,181.0,0.0,66.58,35.51,3.86,0.0
20230806:1110,704.01,186.0,0.0,61.61,36.25,4.14,0.0
20230806:1210,603.0,183.0,0.0,52.6,36.6,4.14,0.0
20230806:1310,485.0,160.0,0.0,41.89,36.62,4.0,0.0
20230806:1410,209.0,200.0,0.0,30.53,36.52,3.93,0.0
20230806:1510,177.0,97.0,0.0,19.04,36.16,3.86,0.0
20230806:1610,43.0,46.0,0.0,7.76,35.14,2.62,0.0
20230806:1710,0.0,0.0,0.0,0.0,33.16,1.31,0.0
20230806:1810,0.0,0.0,0.0,0.0,30.51,2.0,0.0
20230806:1910,0.0,0.0,0.0,0.0,28.43,2.62,0.0
20230806:2010,0.0,0.0,0.0,0.0,26.72,2.62,0.0
20230806:2110,0.0,0.0,0.0,0.0,25.09,2.34,0.0
20230806:2210,0.0,0.0,0.0,0.0,23.84,2.07,0.0
20230806:2310,0.0,0.0,0.0,0.0,23.06,1.72,0.0
20230807:0010,0.0,0.0,0.0,0.0,21.96,1.66,0.0
20230807:0110,0.0,0.0,0.0,0.0,21.01,1.52,0.0
20230807:0210,0.0,0.0,0.0,0.0,20.45,1.38,0.0
20230807:0310,0.0,1.0,0.0,2.34,19.89,1.24,0.0
20230807:0410,66.0,90.0,0.0,13.44,20.7,0.9,0.0
20230807:0510,230.0,129.0,0.0,24.87,23.8,1.17,0.0
20230807:0610,400.0,153.0,0.0,36.34,25.75,1.24,0.0
20230807:0710,540.0,176.0,0.0,47.43,27.74,1.17,0.0
20230807:0810,661.0,182.0,0.0,57.42,29.39,1.45,0.0
20230807:0910,740.01,181.0,0.0,64.65,30.84,1.93,0.0
20230807:1010,754.01,181.0,0.0,66.3,31.96,2.34,0.0
20230807:1110,699.01,187.0,0.0,61.36,32.81,2.62,0.0
20230807:1210,610.0,176.0,0.0,52.39,33.33,2.62,0.0
20230807:1310,471.0,166.0,0.0,41.69,33.6,2.62,0.0
20230807:1410,315.0,141.0,0.0,30.34,33.5,2.48,0.0
20230807:1510,164.0,101.0,0.0,18.85,33.14,2.41,0.0
20230807:1610,35.0,47.0,0.0,7.56,32.39,2.41,0.0
20230807:1710,0.0,0.0,0.0,0.0,30.62,2.07,0.0
20230807:1810,0.0,0.0,0.0,0.0,28.81,1.59,0.0
20230807:1910,0.0,0.0,0.0,0.0,26.4,1.86,0.0
20230807:2010,0.0,0.0,0.0,0.0,24.56,2.34,0.0
20230807:2110,0.0,0.0,0.0,0.0,23.29,2.69,0.0
20230807:2210,0.0,0.0,0.0,0.0,22.42,2.97,0.0
20230807:2310,0.0,0.0,0.0,0.0,21.66,2.83,0.0
20230808:0010,0.0,0.0,0.0,0.0,21.02,2.55,0.0
20230808:0110,0.0,0.0,0.0,0.0,20.2,2.28,0.0
20230808:0210,0.0,0.0,0.0,0.0,19.5,2.14,0.0
20230808:0310,0.0,1.0,0.0,2.18,18.84,2.07,0.0
20230808:0410,76.0,84.0,0.0,13.29,19.7,1.86,0.0
20230808:0510,243.0,118.0,0.0,24.73,22.32,2.34,0.0
20230808:0610,407.0,144.0,0.0,36.19,24.61,2.28,0.0
20230808:0710,552.0,163.0,0.0,47.27,27.23,2.14,0.0
20230808:0810,664.0,175.0,0.0,57.22,29.39,1.59,0.0
20230808:0910,730.01,181.0,0.0,64.4,31.28,1.03,0.0
20230808:1010,743.01,182.0,0.0,66.02,32.8,0.69,0.0
20230808:1110,689.01,187.0,0.0,61.1,33.86,0.76,0.0
20230808:1210,588.0,184.0,0.0,52.17,34.53,1.38,0.0
20230808:1310,472.0,159.0,0.0,41.49,34.99,1.86,0.0
20230808:1410,319.0,135.0,0.0,30.15,35.06,2.0,0.0
20230808:1510,158.0,101.0,0.0,18.66,34.72,2.55,0.0
20230808:1610,28.0,47.0,0.0,7.36,32.63,3.03,0.0
20230808:1710,0.0,0.0,0.0,0.0,28.75,4.83,0.0
20230808:1810,0.0,0.0,0.0,0.0,25.18,4.55,0.0
20230808:1910,0.0,0.0,0.0,0.0,22.57,4.41,0.0
20230808:2010,0.0,0.0,0.0,0.0,21.77,3.66,0.0
20230808:2110,0.0,0.0,0.0,0.0,21.2,2.97,0.0
20230808:2210,0.0,0.0,0.0,0.0,20.83,2.62,0.0
20230808:2310,0.0,0.0,0.0,0.0,20.49,2.83,0.0
20230809:0010,0.0,0.0,0.0,0.0,20.08,2.97,0.0
20230809:0110,0.0,0.0,0.0,0.0,19.66,2.97,0.0
20230809:0210,0.0,0.0,0.0,0.0,19.19,2.9,0.0
20230809:0310,0.0,1.0,0.0,2.02,18.7,2.9,0.0
20230809:0410,55.0,88.0,0.0,13.14,19.0,3.24,0.0
20230809:0510,172.0,152.0,0.0,24.58,20.25,4.07,0.0
20230809:0610,360.0,167.0,0.0,36.04,22.06,4.41,0.0
20230809:0710,500.0,189.0,0.0,47.1,24.14,4.34,0.0
20230809:0810,627.0,190.0,0.0,57.01,25.62,4.14,0.0
20230809:0910,703.01,190.0,0.0,64.14,27.07,3.59,0.0
20230809:1010,675.01,217.0,0.0,65.73,28.54,3.31,0.0
20230809:1110,638.0,211.0,0.0,60.84,29.9,3.24,0.0
20230809:1210,422.0,274.0,0.0,51.94,30.76,3.31,0.0
20230809:1310,461.0,160.0,0.0,41.28,31.34,3.45,0.0
20230809:1410,277.0,154.0,0.0,29.95,31.47,3.38,0.0
20230809:1510,148.0,102.0,0.0,18.46,30.97,3.38,0.0
20230809:1610,28.0,46.0,0.0,7.15,30.21,3.17,0.0
20230809:1710,0.0,0.0,0.0,0.0,28.85,2.69,0.0
20230809:1810,0.0,0.0,0.0,0.0,27.65,3.45,0.0
20230809:1910,0.0,0.0,0.0,0.0,26.37,3.93,0.0
20230809:2010,0.0,0.0,0.0,0.0,24.77,3.72,0.0
20230809:2110,0.0,0.0,0.0,0.0,23.43,3.52,0.0
20230809:2210,0.0,0.0,0.0,0.0,22.29,3.31,0.0
20230809:2310,0.0,0.0,0.0,0.0,21.24,3.03,0.0
20230810:0010,0.0,0.0,0.0,0.0,20.45,2.69,0.0
20230810:0110,0.0,0.0,0.0,0.0,19.81,2.28,0.0
20230810:0210,0.0,0.0,0.0,0.0,19.26,2.0,0.0
20230810:0310,0.0,1.0,0.0,1.85,18.66,1.86,0.0
20230810:0410,56.0,88.0,0.0,12.99,19.09,1.86,0.0
20230810:0510,204.0,136.0,0.0,24.44,20.61,2.07,0.0
20230810:0610,393.0,148.0,0.0,35.89,22.71,2.0,0.0
20230810:0710,545.0,163.0,0.0,46.93,25.76,1.86,0.0
20230810:0810,656.0,175.0,0.0,56.81,27.96,1.59,0.0
20230810:0910,722.01,181.0,0.0,63.88,29.77,1.17,0.0
20230810:1010,735.01,182.0,0.0,65.44,31.05,0.76,0.0
20230810:1110,629.0,219.0,0.0,60.57,31.88,1.03,0.0
20230810:1210,490.0,238.0,0.0,51.71,32.76,1.52,0.0
20230810:1310,136.0,311.0,0.0,41.07,33.32,2.0,0.0
20230810:1410,0.0,67.0,0.0,29.75,33.45,2.28,0.0
20230810:1510,85.0,129.0,0.0,18.26,33.26,2.34,0.0
20230810:1610,5.0,41.0,0.0,6.94,31.71,1.72,0.0
20230810:1710,0.0,0.0,0.0,0.0,29.94,1.03,0.0
20230810:1810,0.0,0.0,0.0,0.0,27.85,2.48,0.0
20230810:1910,0.0,0.0,0.0,0.0,27.08,1.72,0.0
20230810:2010,0.0,0.0,0.0,0.0,25.58,2.0,0.0
20230810:2110,0.0,0.0,0.0,0.0,24.18,2.07,0.0
20230810:2210,0.0,0.0,0.0,0.0,23.25,2.0,0.0
20230810:2310,0.0,0.0,0.0,0.0,22.16,1.86,0.0
20230811:0010,0.0,0.0,0.0,0.0,21.44,1.66,0.0
20230811:0110,0.0,0.0,0.0,0.0,20.58,1.59,0.0
20230811:0210,0.0,0.0,0.0,0.0,19.97,1.52,0.0
20230811:0310,0.0,1.0,0.0,1.69,19.71,1.38,0.0
20230811:0410,10.0,83.0,0.0,12.84,20.39,1.38,0.0
20230811:0510,169.0,151.0,0.0,24.29,22.03,1.66,0.0
20230811:0610,305.0,197.0,0.0,35.73,23.63,2.0,0.0
20230811:0710,468.0,208.0,0.0,46.76,25.48,1.86,0.0
20230811:0810,532.0,249.0,0.0,56.6,27.14,1.79,0.0
20230811:0910,446.0,340.0,0.0,63.62,28.23,2.14,0.0
20230811:1010,474.0,334.0,0.0,65.15,29.6,2.62,0.0
20230811:1110,540.0,270.0,0.0,60.3,30.52,2.9,0.0
20230811:1210,364.0,304.0,0.0,51.47,31.32,3.17,0.0
20230811:1310,405.0,192.0,0.0,40.85,31.58,3.38,0.0
20230811:1410,266.0,158.0,0.0,29.54,31.32,3.45,0.0
20230811:1510,149.0,99.0,0.0,18.05,29.68,3.72,0.0
20230811:1610,26.0,42.0,0.0,6.72,26.77,4.69,0.0
20230811:1710,0.0,0.0,0.0,0.0,23.58,4.69,0.0
20230811:1810,0.0,0.0,0.0,0.0,21.81,3.45,0.0
20230811:1910,0.0,0.0,0.0,0.0,21.32,2.97,0.0
20230811:2010,0.0,0.0,0.0,0.0,20.56,3.17,0.0
20230811:2110,0.0,0.0,0.0,0.0,19.93,3.03,0.0
20230811:2210,0.0,0.0,0.0,0.0,19.49,2.69,0.0
20230811:2310,0.0,0.0,0.0,0.0,19.15,2.55,0.0
20230812:0010,0.0,0.0,0.0,0.0,18.92,2.41,0.0
20230812:0110,0.0,0.0,0.0,0.0,18.58,2.55,0.0
20230812:0210,0.0,0.0,0.0,0.0,18.33,2.55,0.0
20230812:0310,0.0,1.0,0.0,1.52,18.13,2.55,0.0
20230812:0410,26.0,90.0,0.0,12.69,18.55,2.76,0.0
20230812:0510,164.0,153.0,0.0,24.14,20.06,3.79,0.0
20230812:0610,342.0,175.0,0.0,35.58,21.8,4.28,0.0
20230812:0710,501.0,187.0,0.0,46.58,24.06,4.21,0.0
20230812:0810,641.0,182.0,0.0,56.39,26.09,4.14,0.0
20230812:0910,719.01,180.0,0.0,63.35,28.0,3.93,0.0
20230812:1010,718.01,190.0,0.0,64.85,29.47,3.17,0.0
20230812:1110,664.01,194.0,0.0,60.02,30.09,2.97,0.0
20230812:1210,496.0,231.0,0.0,51.23,30.71,3.03,0.0
20230812:1310,309.0,243.0,0.0,40.63,31.23,3.03,0.0
20230812:1410,225.0,177.0,0.0,29.33,31.37,2.97,0.0
20230812:1510,88.0,124.0,0.0,17.84,31.02,3.03,0.0
20230812:1610,30.0,40.0,0.0,6.5,30.2,3.17,0.0
20230812:1710,0.0,0.0,0.0,0.0,28.73,3.24,0.0
20230812:1810,0.0,0.0,0.0,0.0,27.39,3.93,0.0
20230812:1910,0.0,0.0,0.0,0.0,26.27,4.21,0.0
20230812:2010,0.0,0.0,0.0,0.0,24.81,4.55,0.0
20230812:2110,0.0,0.0,0.0,0.0,23.2,4.62,0.0
20230812:2210,0.0,0.0,0.0,0.0,21.91,4.14,0.0
20230812:2310,0.0,0.0,0.0,0.0,20.9,3.72,0.0
20230813:0010,0.0,0.0,0.0,0.0,20.09,3.52,0.0
20230813:0110,0.0,0.0,0.0,0.0,19.39,3.24,0.0
20230813:0210,0.0,0.0,0.0,0.0,18.78,3.03,0.0
20230813:0310,0.0,0.0,0.0,0.0,18.22,2.97,0.0
20230813:0410,81.0,74.0,0.0,12.53,18.61,3.03,0.0
20230813:0510,239.0,114.0,0.0,23.99,20.49,3.52,0.0
20230813:0610,407.0,138.0,0.0,35.42,22.97,3.79,0.0
20230813:0710,556.0,155.0,0.0,46.41,26.0,4.28,0.0
20230813:0810,657.01,174.0,0.0,56.17,28.53,4.28,0.0
20230813:0910,723.01,180.0,0.0,63.08,30.75,4.21,0.0
20230813:1010,722.01,190.0,0.0,64.54,32.61,4.0,0.0
20230813:1110,681.01,185.0,0.0,59.74,34.02,3.59,0.0
20230813:1210,557.0,196.0,0.0,50.98,35.03,3.1,0.0
20230813:1310,452.0,163.0,0.0,40.41,35.4,2.69,0.0
20230813:1410,302.0,135.0,0.0,29.11,35.34,1.79,0.0
20230813:1510,147.0,97.0,0.0,17.62,34.99,1.52,0.0
20230813:1610,23.0,40.0,0.0,6.28,33.78,1.31,0.0
20230813:1710,0.0,0.0,0.0,0.0,31.71,2.48,0.0
20230813:1810,0.0,0.0,0.0,0.0,29.95,3.1,0.0
20230813:1910,0.0,0.0,0.0,0.0,28.4,3.24,0.0
20230813:2010,0.0,0.0,0.0,0.0,27.2,3.03,0.0
20230813:2110,0.0,0.0,0.0,0.0,25.94,2.9,0.0
20230813:2210,0.0,0.0,0.0,0.0,24.78,2.97,0.0
20230813:2310,0.0,0.0,0.0,0.0,23.84,3.03,0.0
20230814:0010,0.0,0.0,0.0,0.0,22.99,2.97,0.0
20230814:0110,0.0,0.0,0.0,0.0,22.21,2.83,0.0
20230814:0210,0.0,0.0,0.0,0.0,21.48,2.62,0.0
20230814:0310,0.0,0.0,0.0,0.0,20.86,2.55,0.0
20230814:0410,0.0,14.0,0.0,12.38,21.16,2.48,0.0
20230814:0510,0.0,34.0,0.0,23.84,23.4,2.97,0.0
20230814:0610,213.0,238.0,0.0,35.27,26.02,3.1,0.0
20230814:0710,455.0,212.0,0.0,46.23,29.83,4.0,0.0
20230814:0810,625.0,190.0,0.0,55.95,32.31,3.86,0.0
20230814:0910,688.01,198.0,0.0,62.8,34.45,3.72,0.0
20230814:1010,700.01,199.0,0.0,64.23,36.16,3.86,0.0
20230814:1110,660.01,194.0,0.0,59.46,37.48,3.66,0.0
20230814:1210,428.0,266.0,0.0,50.72,38.01,2.83,0.0
20230814:1310,319.0,234.0,0.0,40.17,37.75,2.14,0.0
20230814:1410,284.0,142.0,0.0,28.88,37.32,2.28,0.0
20230814:1510,134.0,100.0,0.0,17.39,36.46,2.21,0.0
20230814:1610,20.0,39.0,0.0,6.05,34.83,2.34,0.0
20230814:1710,0.0,0.0,0.0,0.0,32.66,2.97,0.0
20230814:1810,0.0,0.0,0.0,0.0,31.47,3.31,0.0
20230814:1910,0.0,0.0,0.0,0.0,30.67,3.1,0.0
20230814:2010,0.0,0.0,0.0,0.0,28.8,2.55,0.0
20230814:2110,0.0,0.0,0.0,0.0,27.16,2.41,0.0
20230814:2210,0.0,0.0,0.0,0.0,25.75,2.62,0.0
20230814:2310,0.0,0.0,0.0,0.0,24.62,2.62,0.0
20230815:0010,0.0,0.0,0.0,0.0,23.71,2.55,0.0
20230815:0110,0.0,0.0,0.0,0.0,22.87,2.55,0.0
20230815:0210,0.0,0.0,0.0,0.0,22.17,2.55,0.0
20230815:0310,0.0,0.0,0.0,0.0,21.67,2.55,0.0
20230815:0410,41.0,86.0,0.0,12.22,22.21,2.34,0.0
20230815:0510,199.0,132.0,0.0,23.69,26.34,2.55,0.0
20230815:0610,366.0,159.0,0.0,35.11,29.63,3.52,0.0
20230815:0710,531.0,167.0,0.0,46.05,32.34,5.1,0.0
20230815:0810,629.0,188.0,0.0,55.73,34.36,5.38,0.0
20230815:0910,692.01,197.0,0.0,62.52,35.97,5.52,0.0
20230815:1010,718.01,189.0,0.0,63.92,37.26,5.45,0.0
20230815:1110,663.01,193.0,0.0,59.16,37.92,4.97,0.0
20230815:1210,563.0,188.0,0.0,50.46,38.24,4.34,0.0
20230815:1310,447.0,162.0,0.0,39.94,38.35,3.86,0.0
20230815:1410,296.0,134.0,0.0,28.66,37.99,3.52,0.0
20230815:1510,152.0,90.0,0.0,17.17,37.34,3.38,0.0
20230815:1610,16.0,37.0,0.0,5.82,36.13,2.9,0.0
20230815:1710,0.0,0.0,0.0,0.0,33.86,3.03,0.0
20230815:1810,0.0,0.0,0.0,0.0,32.15,3.31,0.0
20230815:1910,0.0,0.0,0.0,0.0,30.62,3.17,0.0
20230815:2010,0.0,0.0,0.0,0.0,29.16,3.38,0.0
20230815:2110,0.0,0.0,0.0,0.0,27.86,3.24,0.0
20230815:2210,0.0,0.0,0.0,0.0,26.4,2.76,0.0
20230815:2310,0.0,0.0,0.0,0.0,24.86,2.48,0.0
20230816:0010,0.0,0.0,0.0,0.0,23.48,2.28,0.0
20230816:0110,0.0,0.0,0.0,0.0,22.32,2.0,0.0
20230816:0210,0.0,0.0,0.0,0.0,21.91,1.72,0.0
20230816:0310,0.0,0.0,0.0,0.0,21.58,1.52,0.0
20230816:0410,18.0,84.0,0.0,12.07,21.73,1.38,0.0
20230816:0510,176.0,143.0,0.0,23.54,25.38,1.52,0.0
20230816:0610,354.0,166.0,0.0,34.95,28.6,2.07,0.0
20230816:0710,521.0,174.0,0.0,45.87,30.98,3.31,0.0
20230816:0810,629.01,189.0,0.0,55.51,33.07,3.24,0.0
20230816:0910,693.01,196.0,0.0,62.24,34.79,2.69,0.0
20230816:1010,718.01,189.0,0.0,63.6,36.01,2.07,0.0
20230816:1110,676.01,185.0,0.0,58.87,36.84,1.79,0.0
20230816:1210,563.0,188.0,0.0,50.2,37.48,1.86,0.0
20230816:1310,437.0,167.0,0.0,39.69,37.77,1.93,0.0
20230816:1410,301.0,130.0,0.0,28.42,37.61,1.93,0.0
20230816:1510,172.0,80.0,0.0,16.94,37.22,2.28,0.0
20230816:1610,21.0,29.33,0.0,5.58,36.02,2.14,0.0
20230816:1710,0.0,0.0,0.0,0.0,33.66,2.34,0.0
20230816:1810,0.0,0.0,0.0,0.0,31.31,2.69,0.0
20230816:1910,0.0,0.0,0.0,0.0,29.27,2.9,0.0
20230816:2010,0.0,0.0,0.0,0.0,27.68,2.97,0.0
20230816:2110,0.0,0.0,0.0,0.0,26.02,2.55,0.0
20230816:2210,0.0,0.0,0.0,0.0,24.35,2.14,0.0
20230816:2310,0.0,0.0,0.0,0.0,22.9,1.86,0.0
20230817:0010,0.0,0.0,0.0,0.0,22.21,1.66,0.0
20230817:0110,0.0,0.0,0.0,0.0,21.81,1.38,0.0
20230817:0210,0.0,0.0,0.0,0.0,21.62,1.24,0.0
20230817:0310,0.0,0.0,0.0,0.0,20.68,1.31,0.0
20230817:0410,29.0,85.0,0.0,11.91,20.55,1.31,0.0
20230817:0510,178.0,140.0,0.0,23.38,24.23,1.72,0.0
20230817:0610,363.0,159.0,0.0,34.79,27.09,2.14,0.0
20230817:0710,518.0,174.0,0.0,45.69,29.66,2.83,0.0
20230817:0810,639.01,180.0,0.0,55.28,31.68,2.76,0.0
20230817:0910,717.01,179.0,0.0,61.96,33.36,2.41,0.0
20230817:1010,729.01,180.0,0.0,63.28,34.7,1.93,0.0
20230817:1110,660.01,193.0,0.0,58.57,35.64,1.66,0.0
20230817:1210,570.0,181.0,0.0,49.93,36.32,1.66,0.0
20230817:1310,442.0,162.0,0.0,39.45,36.76,1.93,0.0
20230817:1410,322.0,116.0,0.0,28.19,36.81,2.41,0.0
20230817:1510,0.0,30.0,0.0,16.7,36.24,2.76,0.0
20230817:1610,0.0,5.0,0.0,5.33,35.31,2.28,0.0
20230817:1710,0.0,0.0,0.0,0.0,33.27,2.0,0.0
20230817:1810,0.0,0.0,0.0,0.0,30.93,2.21,0.0
20230817:1910,0.0,0.0,0.0,0.0,28.7,1.86,0.0
20230817:2010,0.0,0.0,0.0,0.0,26.98,1.86,0.0
20230817:2110,0.0,0.0,0.0,0.0,25.51,2.14,0.0
20230817:2210,0.0,0.0,0.0,0.0,24.45,2.34,0.0
20230817:2310,0.0,0.0,0.0,0.0,23.46,2.34,0.0
20230818:0010,0.0,0.0,0.0,0.0,22.5,2.28,0.0
20230818:0110,0.0,0.0,0.0,0.0,21.65,2.07,0.0
20230818:0210,0.0,0.0,0.0,0.0,21.3,1.86,0.0
20230818:0310,0.0,0.0,0.0,0.0,21.0,1.66,0.0
20230818:0410,42.0,81.0,0.0,11.75,21.17,1.52,0.0
20230818:0510,200.0,128.0,0.0,23.23,24.83,1.79,0.0
20230818:0610,378.0,150.0,0.0,34.63,27.59,2.28,0.0
20230818:0710,539.0,160.0,0.0,45.5,29.96,2.9,0.0
20230818:0810,652.01,172.0,0.0,55.05,31.67,2.83,0.0
20230818:0910,717.01,179.0,0.0,61.67,33.17,2.41,0.0
20230818:1010,716.01,188.0,0.0,62.96,34.46,2.21,0.0
20230818:1110,660.01,192.0,0.0,58.26,35.45,2.28,0.0
20230818:1210,570.0,180.0,0.0,49.66,36.07,2.28,0.0
20230818:1310,450.0,155.0,0.0,39.2,36.36,2.14,0.0
20230818:1410,301.0,125.0,0.0,27.95,36.33,2.07,0.0
20230818:1510,135.0,92.0,0.0,16.46,35.92,2.0,0.0
20230818:1610,15.0,28.82,0.0,5.09,34.92,1.72,0.0
20230818:1710,0.0,0.0,0.0,0.0,32.74,1.79,0.0
20230818:1810,0.0,0.0,0.0,0.0,30.04,1.93,0.0
20230818:1910,0.0,0.0,0.0,0.0,27.7,1.93,0.0
20230818:2010,0.0,0.0,0.0,0.0,26.16,2.48,0.0
20230818:2110,0.0,0.0,0.0,0.0,25.33,2.97,0.0
20230818:2210,0.0,0.0,0.0,0.0,24.53,3.1,0.0
20230818:2310,0.0,0.0,0.0,0.0,23.48,2.83,0.0
20230819:0010,0.0,0.0,0.0,0.0,22.35,2.48,0.0
20230819:0110,0.0,0.0,0.0,0.0,21.26,2.28,0.0
20230819:0210,0.0,0.0,0.0,0.0,20.34,2.07,0.0
20230819:0310,0.0,0.0,0.0,0.0,19.54,2.0,0.0
20230819:0410,49.0,78.0,0.0,11.59,19.87,1.79,0.0
20230819:0510,208.0,123.0,0.0,23.07,23.19,2.41,0.0
20230819:0610,391.0,140.0,0.0,34.46,25.56,2.76,0.0
20230819:0710,537.0,160.0,0.0,45.32,27.39,3.17,0.0
20230819:0810,649.01,173.0,0.0,54.82,29.32,3.03,0.0
20230819:0910,715.01,179.0,0.0,61.37,30.95,2.69,0.0
20230819:1010,713.01,188.0,0.0,62.63,32.33,2.34,0.0
20230819:1110,670.01,184.0,0.0,57.95,33.43,2.14,0.0
20230819:1210,556.0,187.0,0.0,49.38,34.17,2.0,0.0
20230819:1310,438.0,160.0,0.0,38.94,34.51,1.93,0.0
20230819:1410,298.0,124.0,0.0,27.7,34.49,2.07,0.0
20230819:1510,132.0,91.0,0.0,16.21,34.05,2.28,0.0
20230819:1610,14.0,26.27,0.0,4.84,33.09,2.55,0.0
20230819:1710,0.0,0.0,0.0,0.0,31.19,2.69,0.0
20230819:1810,0.0,0.0,0.0,0.0,29.47,2.83,0.0
20230819:1910,0.0,0.0,0.0,0.0,27.98,2.34,0.0
20230819:2010,0.0,0.0,0.0,0.0,26.38,2.55,0.0
20230819:2110,0.0,0.0,0.0,0.0,25.35,3.03,0.0
20230819:2210,0.0,0.0,0.0,0.0,24.42,3.24,0.0
20230819:2310,0.0,0.0,0.0,0.0,23.32,2.83,0.0
20230820:0010,0.0,0.0,0.0,0.0,22.23,2.41,0.0
20230820:0110,0.0,0.0,0.0,0.0,21.16,2.14,0.0
20230820:0210,0.0,0.0,0.0,0.0,20.15,1.86,0.0
20230820:0310,0.0,0.0,0.0,0.0,19.31,1.66,0.0
20230820:0410,69.0,70.0,0.0,11.44,19.64,1.52,0.0
20230820:0510,233.0,108.0,0.0,22.92,22.85,2.14,0.0
20230820:0610,405.0,131.0,0.0,34.3,25.09,2.48,0.0
20230820:0710,557.0,148.0,0.0,45.13,27.38,2.48,0.0
20230820:0810,663.01,163.0,0.0,54.59,29.07,2.07,0.0
20230820:0910,716.01,178.0,0.0,61.08,30.59,1.72,0.0
20230820:1010,713.01,188.0,0.0,62.3,31.95,1.66,0.0
20230820:1110,658.01,191.0,0.0,57.63,33.01,1.72,0.0
20230820:1210,556.0,186.0,0.0,49.1,33.81,1.79,0.0
20230820:1310,429.0,164.0,0.0,38.68,34.23,2.07,0.0
20230820:1410,296.0,124.0,0.0,27.45,34.29,2.41,0.0
20230820:1510,130.0,90.0,0.0,15.97,33.74,3.03,0.0
20230820:1610,8.0,25.9,0.0,4.58,32.12,3.38,0.0
20230820:1710,0.0,0.0,0.0,0.0,29.49,3.86,0.0
20230820:1810,0.0,0.0,0.0,0.0,27.24,3.72,0.0
20230820:1910,0.0,0.0,0.0,0.0,25.97,3.1,0.0
20230820:2010,0.0,0.0,0.0,0.0,24.59,2.83,0.0
20230820:2110,0.0,0.0,0.0,0.0,23.52,2.9,0.0
20230820:2210,0.0,0.0,0.0,0.0,22.51,2.76,0.0
20230820:2310,0.0,0.0,0.0,0.0,21.48,2.55,0.0
20230821:0010,0.0,0.0,0.0,0.0,20.47,2.34,0.0
20230821:0110,0.0,0.0,0.0,0.0,19.49,2.21,0.0
20230821:0210,0.0,0.0,0.0,0.0,18.62,2.07,0.0
20230821:0310,0.0,0.0,0.0,0.0,17.84,2.0,0.0
20230821:0410,53.0,74.0,0.0,11.28,18.13,1.79,0.0
20230821:0510,217.0,115.0,0.0,22.76,21.73,2.41,0.0
20230821:0610,401.0,132.0,0.0,34.13,24.11,3.31,0.0
20230821:0710,544.0,153.0,0.0,44.93,26.23,3.03,0.0
20230821:0810,658.01,164.0,0.0,54.35,28.09,2.9,0.0
20230821:0910,711.01,178.0,0.0,60.78,29.56,2.55,0.0
20230821:1010,723.01,179.0,0.0,61.97,30.76,2.28,0.0
20230821:1110,666.01,183.0,0.0,57.31,31.7,2.21,0.0
20230821:1210,562.0,179.0,0.0,48.81,32.29,2.14,0.0
20230821:1310,433.0,159.0,0.0,38.41,32.64,2.07,0.0
20230821:1410,286.0,127.0,0.0,27.2,32.61,2.07,0.0
20230821:1510,129.0,88.0,0.0,15.71,32.27,2.28,0.0
20230821:1610,10.0,24.32,0.0,4.32,31.52,2.14,0.0
20230821:1710,0.0,0.0,0.0,0.0,29.93,2.0,0.0
20230821:1810,0.0,0.0,0.0,0.0,28.01,2.21,0.0
20230821:1910,0.0,0.0,0.0,0.0,26.11,3.03,0.0
20230821:2010,0.0,0.0,0.0,0.0,24.98,3.17,0.0
20230821:2110,0.0,0.0,0.0,0.0,24.06,3.52,0.0
20230821:2210,0.0,0.0,0.0,0.0,23.19,3.45,0.0
20230821:2310,0.0,0.0,0.0,0.0,22.21,2.9,0.0
20230822:0010,0.0,0.0,0.0,0.0,21.04,2.34,0.0
20230822:0110,0.0,0.0,0.0,0.0,19.8,2.07,0.0
20230822:0210,0.0,0.0,0.0,0.0,18.71,1.93,0.0
20230822:0310,0.0,0.0,0.0,0.0,17.86,2.0,0.0
20230822:0410,64.0,70.0,0.0,11.12,17.98,1.86,0.0
20230822:0510,237.0,104.0,0.0,22.6,22.04,2.21,0.0
20230822:0610,412.0,127.0,0.0,33.96,24.7,3.45,0.0
20230822:0710,559.0,147.0,0.0,44.74,26.97,3.86,0.0
20230822:0810,665.01,163.0,0.0,54.11,28.49,3.79,0.0
20230822:0910,719.01,177.0,0.0,60.48,29.75,3.52,0.0
20230822:1010,730.01,178.0,0.0,61.63,30.81,3.38,0.0
20230822:1110,659.01,191.0,0.0,56.99,31.59,3.24,0.0
20230822:1210,535.0,198.0,0.0,48.52,32.11,3.03,0.0
20230822:1310,420.0,168.0,0.0,38.14,32.32,2.76,0.0
20230822:1410,272.0,135.0,0.0,26.94,32.21,2.62,0.0
20230822:1510,122.0,90.0,0.0,15.46,31.79,2.55,0.0
20230822:1610,9.0,22.62,0.0,4.06,30.95,2.21,0.0
20230822:1710,0.0,0.0,0.0,0.0,29.37,1.93,0.0
20230822:1810,0.0,0.0,0.0,0.0,27.34,1.93,0.0
20230822:1910,0.0,0.0,0.0,0.0,25.23,1.59,0.0
20230822:2010,0.0,0.0,0.0,0.0,23.71,2.48,0.0
20230822:2110,0.0,0.0,0.0,0.0,23.12,3.17,0.0
20230822:2210,0.0,0.0,0.0,0.0,22.45,3.17,0.0
20230822:2310,0.0,0.0,0.0,0.0,21.47,2.55,0.0
20230823:0010,0.0,0.0,0.0,0.0,20.31,2.14,0.0
20230823:0110,0.0,0.0,0.0,0.0,19.27,2.0,0.0
20230823:0210,0.0,0.0,0.0,0.0,18.51,1.93,0.0
20230823:0310,0.0,0.0,0.0,0.0,17.9,1.86,0.0
20230823:0410,68.0,66.0,0.0,10.96,18.14,1.66,0.0
20230823:0510,231.0,105.0,0.0,22.45,22.12,1.86,0.0
20230823:0610,403.0,130.0,0.0,33.8,24.88,2.55,0.0
20230823:0710,556.0,147.0,0.0,44.55,26.81,2.83,0.0
20230823:0810,662.01,163.0,0.0,53.87,28.41,2.62,0.0
20230823:0910,715.01,177.0,0.0,60.17,29.62,2.07,0.0
20230823:1010,712.01,187.0,0.0,61.28,30.62,1.79,0.0
20230823:1110,655.01,191.0,0.0,56.66,31.44,1.79,0.0
20230823:1210,542.0,191.0,0.0,48.22,32.03,1.86,0.0
20230823:1310,416.0,167.0,0.0,37.87,32.32,1.79,0.0
20230823:1410,273.0,131.0,0.0,26.67,32.3,1.59,0.0
20230823:1510,124.0,86.0,0.0,15.19,31.92,1.45,0.0
20230823:1610,8.0,20.92,0.0,3.79,31.2,1.24,0.0
20230823:1710,0.0,0.0,0.0,0.0,29.47,1.1,0.0
20230823:1810,0.0,0.0,0.0,0.0,26.83,1.38,0.0
20230823:1910,0.0,0.0,0.0,0.0,24.53,1.66,0.0
20230823:2010,0.0,0.0,0.0,0.0,22.92,1.86,0.0
20230823:2110,0.0,0.0,0.0,0.0,21.72,2.0,0.0
20230823:2210,0.0,0.0,0.0,0.0,20.96,2.41,0.0
20230823:2310,0.0,0.0,0.0,0.0,20.29,2.34,0.0
20230824:0010,0.0,0.0,0.0,0.0,19.28,2.07,0.0
20230824:0110,0.0,0.0,0.0,0.0,18.73,1.79,0.0
20230824:0210,0.0,0.0,0.0,0.0,18.35,1.66,0.0
20230824:0310,0.0,0.0,0.0,0.0,17.99,1.59,0.0
20230824:0410,15.0,74.0,0.0,10.8,18.16,1.38,0.0
20230824:0510,126.0,155.0,0.0,22.29,21.51,1.52,0.0
20230824:0610,325.0,173.0,0.0,33.63,24.31,1.79,0.0
20230824:0710,501.0,177.0,0.0,44.35,26.24,1.72,0.0
20230824:0810,620.01,186.0,0.0,53.62,28.0,0.9,0.0
20230824:0910,709.01,177.0,0.0,59.86,29.45,0.48,0.0
20230824:1010,720.01,178.0,0.0,60.94,30.78,1.24,0.0
20230824:1110,675.01,174.0,0.0,56.33,31.8,1.86,0.0
20230824:1210,579.01,164.0,0.0,47.92,32.48,2.34,0.0
20230824:1310,443.0,147.0,0.0,37.59,32.82,2.69,0.0
20230824:1410,284.0,121.0,0.0,26.41,32.76,2.9,0.0
20230824:1510,124.0,83.0,0.0,14.93,32.34,3.1,0.0
20230824:1610,5.0,19.72,0.0,3.52,31.32,2.83,0.0
20230824:1710,0.0,0.0,0.0,0.0,29.34,2.76,0.0
20230824:1810,0.0,0.0,0.0,0.0,27.41,2.97,0.0
20230824:1910,0.0,0.0,0.0,0.0,25.9,2.41,0.0
20230824:2010,0.0,0.0,0.0,0.0,24.45,2.76,0.0
20230824:2110,0.0,0.0,0.0,0.0,23.34,3.52,0.0
20230824:2210,0.0,0.0,0.0,0.0,22.08,3.17,0.0
20230824:2310,0.0,0.0,0.0,0.0,20.92,2.62,0.0
20230825:0010,0.0,0.0,0.0,0.0,19.85,2.21,0.0
20230825:0110,0.0,0.0,0.0,0.0,18.81,2.0,0.0
20230825:0210,0.0,0.0,0.0,0.0,17.91,1.86,0.0
20230825:0310,0.0,0.0,0.0,0.0,17.25,1.93,0.0
20230825:0410,25.0,74.0,0.0,10.64,17.43,1.79,0.0
20230825:0510,190.0,123.0,0.0,22.13,20.59,2.21,0.0
20230825:0610,384.0,135.0,0.0,33.45,23.01,2.55,0.0
20230825:0710,533.0,152.0,0.0,44.15,25.1,2.97,0.0
20230825:0810,635.01,171.0,0.0,53.37,26.85,2.83,0.0
20230825:0910,686.01,186.0,0.0,59.55,28.33,2.28,0.0
20230825:1010,696.01,187.0,0.0,60.59,29.57,1.66,0.0
20230825:1110,652.01,182.0,0.0,56.0,30.53,1.38,0.0
20230825:1210,548.0,177.0,0.0,47.61,31.2,1.31,0.0
20230825:1310,410.0,161.0,0.0,37.31,31.35,1.86,0.0
20230825:1410,271.0,124.0,0.0,26.14,30.57,2.83,0.0
20230825:1510,108.0,87.0,0.0,14.66,29.86,3.45,0.0
20230825:1610,4.0,17.05,0.0,3.25,28.6,3.52,0.0
20230825:1710,0.0,0.0,0.0,0.0,27.32,2.55,0.0
20230825:1810,0.0,0.0,0.0,0.0,26.24,2.41,0.0
20230825:1910,0.0,0.0,0.0,0.0,24.93,2.9,0.0
20230825:2010,0.0,0.0,0.0,0.0,23.66,3.45,0.0
20230825:2110,0.0,0.0,0.0,0.0,22.43,3.66,0.0
20230825:2210,0.0,0.0,0.0,0.0,21.27,3.24,0.0
20230825:2310,0.0,0.0,0.0,0.0,20.25,2.62,0.0
20230826:0010,0.0,0.0,0.0,0.0,19.28,2.28,0.0
20230826:0110,0.0,0.0,0.0,0.0,18.28,2.14,0.0
20230826:0210,0.0,0.0,0.0,0.0,17.37,2.14,0.0
20230826:0310,0.0,0.0,0.0,0.0,16.56,2.07,0.0
20230826:0410,53.0,68.0,0.0,10.47,16.6,1.93,0.0
20230826:0510,225.0,104.0,0.0,21.96,19.5,2.48,0.0
20230826:0610,397.0,129.0,0.0,33.28,21.88,3.17,0.0
20230826:0710,550.0,146.0,0.0,43.95,23.76,3.79,0.0
20230826:0810,656.01,162.0,0.0,53.12,25.61,3.59,0.0
20230826:0910,695.01,185.0,0.0,59.24,27.23,3.17,0.0
20230826:1010,692.01,194.0,0.0,60.24,28.57,2.97,0.0
20230826:1110,623.01,204.0,0.0,55.66,29.56,2.76,0.0
20230826:1210,522.0,196.0,0.0,47.3,30.17,2.55,0.0
20230826:1310,406.0,166.0,0.0,37.02,30.45,2.48,0.0
20230826:1410,269.0,125.0,0.0,25.86,30.36,2.69,0.0
20230826:1510,107.0,86.0,0.0,14.39,29.84,2.97,0.0
20230826:1610,4.0,16.02,0.0,2.97,28.79,2.69,0.0
20230826:1710,0.0,0.0,0.0,0.0,27.09,2.41,0.0
20230826:1810,0.0,0.0,0.0,0.0,25.59,2.34,0.0
20230826:1910,0.0,0.0,0.0,0.0,24.05,2.48,0.0
20230826:2010,0.0,0.0,0.0,0.0,22.83,3.03,0.0
20230826:2110,0.0,0.0,0.0,0.0,21.7,3.24,0.0
20230826:2210,0.0,0.0,0.0,0.0,20.52,2.83,0.0
20230826:2310,0.0,0.0,0.0,0.0,19.38,2.41,0.0
20230827:0010,0.0,0.0,0.0,0.0,18.37,2.21,0.0
20230827:0110,0.0,0.0,0.0,0.0,17.48,2.14,0.0
20230827:0210,0.0,0.0,0.0,0.0,16.65,2.07,0.0
20230827:0310,0.0,0.0,0.0,0.0,15.86,1.93,0.0
20230827:0410,48.0,68.0,0.0,10.31,15.87,1.72,0.0
20230827:0510,216.0,108.0,0.0,21.8,18.95,2.14,0.0
20230827:0610,390.0,133.0,0.0,33.11,21.4,2.41,0.0
20230827:0710,541.0,151.0,0.0,43.74,23.67,3.03,0.0
20230827:0810,644.01,169.0,0.0,52.87,25.63,3.1,0.0
20230827:0910,709.01,176.0,0.0,58.92,27.29,3.03,0.0
20230827:1010,691.01,195.0,0.0,59.88,28.69,2.9,0.0
20230827:1110,622.01,204.0,0.0,55.31,29.78,2.83,0.0
20230827:1210,515.0,199.0,0.0,46.99,30.54,2.83,0.0
20230827:1310,384.0,177.0,0.0,36.73,30.85,2.9,0.0
20230827:1410,256.0,131.0,0.0,25.58,30.67,3.03,0.0
20230827:1510,108.0,84.0,0.0,14.11,30.11,3.1,0.0
20230827:1610,4.0,14.05,0.0,2.69,29.04,2.55,0.0
20230827:1710,0.0,0.0,0.0,0.0,27.48,2.28,0.0
20230827:1810,0.0,0.0,0.0,0.0,26.02,2.14,0.0
20230827:1910,0.0,0.0,0.0,0.0,24.36,2.14,0.0
20230827:2010,0.0,0.0,0.0,0.0,22.96,2.34,0.0
20230827:2110,0.0,0.0,0.0,0.0,21.78,2.34,0.0
20230827:2210,0.0,0.0,0.0,0.0,20.68,2.28,0.0
20230827:2310,0.0,0.0,0.0,0.0,19.68,2.21,0.0
20230828:0010,0.0,0.0,0.0,0.0,18.75,2.07,0.0
20230828:0110,0.0,0.0,0.0,0.0,18.01,1.93,0.0
20230828:0210,0.0,0.0,0.0,0.0,17.32,1.79,0.0
20230828:0310,0.0,0.0,0.0,0.0,16.63,1.79,0.0
20230828:0410,62.0,61.0,0.0,10.15,16.59,1.66,0.0
20230828:0510,222.0,101.0,0.0,21.64,19.88,2.34,0.0
20230828:0610,390.0,127.0,0.0,32.93,21.82,3.17,0.0
20230828:0710,536.0,147.0,0.0,43.54,23.6,3.52,0.0
20230828:0810,629.01,170.0,0.0,52.61,25.29,3.45,0.0
20230828:0910,693.01,177.0,0.0,58.6,26.91,3.59,0.0
20230828:1010,689.01,186.0,0.0,59.53,27.97,3.59,0.0
20230828:1110,619.01,197.0,0.0,54.97,28.74,3.72,0.0
20230828:1210,502.0,198.0,0.0,46.67,28.97,3.59,0.0
20230828:1310,392.0,165.0,0.0,36.44,28.83,3.24,0.0
20230828:1410,246.0,130.0,0.0,25.3,26.66,3.93,0.0
20230828:1510,129.0,71.0,0.0,13.84,23.85,4.14,0.0
20230828:1610,0.0,9.0,0.0,2.41,22.7,2.83,0.0
20230828:1710,0.0,0.0,0.0,0.0,22.59,1.79,0.0
20230828:1810,0.0,0.0,0.0,0.0,22.32,1.17,0.0
20230828:1910,0.0,0.0,0.0,0.0,22.5,2.41,0.0
20230828:2010,0.0,0.0,0.0,0.0,21.33,2.41,0.0
20230828:2110,0.0,0.0,0.0,0.0,20.38,2.48,0.0
20230828:2210,0.0,0.0,0.0,0.0,19.34,2.41,0.0
20230828:2310,0.0,0.0,0.0,0.0,18.32,2.14,0.0
20230829:0010,0.0,0.0,0.0,0.0,17.28,1.86,0.0
20230829:0110,0.0,0.0,0.0,0.0,17.27,1.52,0.0
20230829:0210,0.0,0.0,0.0,0.0,17.59,1.24,0.0
20230829:0310,0.0,0.0,0.0,0.0,17.7,1.1,0.0
20230829:0410,66.0,57.0,0.0,9.99,17.89,0.9,0.0
20230829:0510,227.0,97.0,0.0,21.48,19.26,0.83,0.0
20230829:0610,395.0,124.0,0.0,32.75,22.21,1.38,0.0
20230829:0710,543.0,142.0,0.0,43.33,23.87,1.86,0.0
20230829:0810,651.01,156.0,0.0,52.35,25.33,1.72,0.0
20230829:0910,706.01,167.0,0.0,58.28,26.54,1.52,0.0
20230829:1010,702.01,177.0,0.0,59.16,27.65,1.52,0.0
20230829:1110,630.01,189.0,0.0,54.62,28.53,1.38,0.0
20230829:1210,516.0,188.0,0.0,46.35,29.04,1.1,0.0
20230829:1310,382.0,168.0,0.0,36.14,29.47,0.9,0.0
20230829:1410,253.0,123.0,0.0,25.02,29.7,0.48,0.0
20230829:1510,102.0,80.0,0.0,13.55,29.27,0.34,0.0
20230829:1610,0.0,9.0,0.0,2.12,28.55,0.62,0.0
20230829:1710,0.0,0.0,0.0,0.0,27.03,0.97,0.0
20230829:1810,0.0,0.0,0.0,0.0,25.08,1.17,0.0
20230829:1910,0.0,0.0,0.0,0.0,24.26,1.24,0.0
20230829:2010,0.0,0.0,0.0,0.0,22.99,1.38,0.0
20230829:2110,0.0,0.0,0.0,0.0,21.0,1.86,0.0
20230829:2210,0.0,0.0,0.0,0.0,19.86,2.14,0.0
20230829:2310,0.0,0.0,0.0,0.0,18.95,2.14,0.0
20230830:0010,0.0,0.0,0.0,0.0,18.22,1.93,0.0
20230830:0110,0.0,0.0,0.0,0.0,17.88,1.66,0.0
20230830:0210,0.0,0.0,0.0,0.0,17.79,1.38,0.0
20230830:0310,0.0,0.0,0.0,0.0,17.71,1.17,0.0
20230830:0410,61.0,58.0,0.0,9.82,17.62,1.1,0.0
20230830:0510,219.0,100.0,0.0,21.31,20.32,1.03,0.0
20230830:0610,388.0,126.0,0.0,32.57,23.94,1.38,0.0
20230830:0710,526.0,151.0,0.0,43.12,26.03,1.86,0.0
20230830:0810,640.01,162.0,0.0,52.09,28.29,2.41,0.0
20230830:0910,691.01,176.0,0.0,57.95,30.1,2.69,0.0
20230830:1010,687.01,185.0,0.0,58.8,31.45,2.83,0.0
20230830:1110,629.01,188.0,0.0,54.27,32.36,2.9,0.0
20230830:1210,514.0,188.0,0.0,46.03,32.94,2.76,0.0
20230830:1310,388.0,163.0,0.0,35.84,33.2,2.69,0.0
20230830:1410,212.0,143.0,0.0,24.73,32.92,2.55,0.0
20230830:1510,88.0,83.0,0.0,13.27,32.37,2.28,0.0
20230830:1610,0.0,7.0,0.0,1.83,31.03,1.17,0.0
20230830:1710,0.0,0.0,0.0,0.0,29.18,0.21,0.0
20230830:1810,0.0,0.0,0.0,0.0,28.03,0.62,0.0
20230830:1910,0.0,0.0,0.0,0.0,27.05,0.9,0.0
20230830:2010,0.0,0.0,0.0,0.0,25.27,1.1,0.0
20230830:2110,0.0,0.0,0.0,0.0,23.89,1.24,0.0
20230830:2210,0.0,0.0,0.0,0.0,23.35,1.24,0.0
20230830:2310,0.0,0.0,0.0,0.0,23.02,1.24,0.0
20230831:0010,0.0,0.0,0.0,0.0,23.11,1.1,0.0
20230831:0110,0.0,0.0,0.0,0.0,22.7,0.97,0.0
20230831:0210,0.0,0.0,0.0,0.0,22.19,0.9,0.0
20230831:0310,0.0,0.0,0.0,0.0,21.74,0.76,0.0
20230831:0410,34.0,65.0,0.0,9.66,21.4,0.55,0.0
20230831:0510,177.0,120.0,0.0,21.14,23.17,0.28,0.0
20230831:0610,345.0,149.0,0.0,32.39,26.12,0.48,0.0
20230831:0710,493.0,168.0,0.0,42.91,28.74,1.1,0.0
20230831:0810,623.01,170.0,0.0,51.83,30.71,1.79,0.0
20230831:0910,687.01,176.0,0.0,57.63,32.27,2.62,0.0
20230831:1010,431.0,330.0,0.0,58.44,33.4,3.24,0.0
20230831:1110,429.0,300.0,0.0,53.91,34.07,3.24,0.0
20230831:1210,277.0,311.0,0.0,45.7,34.36,3.03,0.0
20230831:1310,141.0,274.0,0.0,35.53,34.21,2.76,0.0
20230831:1410,158.0,166.0,0.0,24.44,33.71,2.41,0.0
20230831:1510,119.0,67.0,0.0,12.98,32.83,1.72,0.0
20230831:1610,0.0,5.0,0.0,1.54,31.58,0.76,0.0
20230831:1710,0.0,0.0,0.0,0.0,29.99,0.62,0.0
20230831:1810,0.0,0.0,0.0,0.0,28.65,1.03,0.0
20230831:1910,0.0,0.0,0.0,0.0,28.0,0.48,0.0
20230831:2010,0.0,0.0,0.0,0.0,25.68,1.1,0.0
20230831:2110,0.0,0.0,0.0,0.0,22.26,1.93,0.0
20230831:2210,0.0,0.0,0.0,0.0,20.87,2.0,0.0
20230831:2310,0.0,0.0,0.0,0.0,19.92,1.93,0.0
20230901:0010,0.0,0.0,0.0,0.0,18.98,1.79,0.0
20230901:0110,0.0,0.0,0.0,0.0,18.18,1.66,0.0
20230901:0210,0.0,0.0,0.0,0.0,17.74,1.52,0.0
20230901:0310,0.0,0.0,0.0,0.0,17.49,1.31,0.0
20230901:0410,24.0,65.0,0.0,9.49,17.74,1.1,0.0
20230901:0510,155.0,127.0,0.0,20.98,20.67,1.38,0.0
20230901:0610,335.0,148.0,0.0,32.21,23.41,2.07,0.0
20230901:0710,487.0,164.0,0.0,42.69,25.8,1.72,0.0
20230901:0810,605.01,172.0,0.0,51.56,27.75,1.24,0.0
20230901:0910,680.01,170.0,0.0,57.3,29.3,1.17,0.0
20230901:1010,675.01,180.0,0.0,58.07,30.42,1.86,0.0
20230901:1110,605.01,189.0,0.0,53.55,31.34,2.34,0.0
20230901:1210,513.01,176.0,0.0,45.37,31.88,2.48,0.0
20230901:1310,392.0,149.0,0.0,35.22,31.94,2.48,0.0
20230901:1410,250.0,112.0,0.0,24.14,31.63,2.62,0.0
20230901:1510,82.0,79.0,0.0,12.69,30.9,2.97,0.0
20230901:1610,0.0,5.0,0.0,1.24,29.26,3.31,0.0
20230901:1710,0.0,0.0,0.0,0.0,26.95,4.34,0.0
20230901:1810,0.0,0.0,0.0,0.0,24.81,4.69,0.0
20230901:1910,0.0,0.0,0.0,0.0,23.18,3.72,0.0
20230901:2010,0.0,0.0,0.0,0.0,22.13,3.17,0.0
20230901:2110,0.0,0.0,0.0,0.0,21.41,2.97,0.0
20230901:2210,0.0,0.0,0.0,0.0,20.82,2.83,0.0
20230901:2310,0.0,0.0,0.0,0.0,20.21,2.76,0.0
20230902:0010,0.0,0.0,0.0,0.0,19.74,2.69,0.0
20230902:0110,0.0,0.0,0.0,0.0,19.21,2.62,0.0
20230902:0210,0.0,0.0,0.0,0.0,18.74,2.48,0.0
20230902:0310,0.0,0.0,0.0,0.0,18.17,2.34,0.0
20230902:0410,5.0,56.0,0.0,9.33,17.94,2.14,0.0
20230902:0510,186.0,108.0,0.0,20.81,20.13,3.1,0.0
20230902:0610,216.0,208.0,0.0,32.03,22.01,3.93,0.0
20230902:0710,462.0,176.0,0.0,42.48,24.05,4.41,0.0
20230902:0810,586.01,179.0,0.0,51.29,25.72,4.21,0.0
20230902:0910,659.01,179.0,0.0,56.96,27.37,3.93,0.0
20230902:1010,654.01,188.0,0.0,57.7,28.58,3.59,0.0
20230902:1110,222.0,379.0,0.0,53.19,29.44,3.38,0.0
20230902:1210,290.0,292.0,0.0,45.04,30.01,3.24,0.0
20230902:1310,358.0,164.0,0.0,34.91,30.13,3.31,0.0
20230902:1410,234.0,117.0,0.0,23.84,29.3,3.79,0.0
20230902:1510,102.0,67.0,0.0,12.39,25.42,3.59,0.0
20230902:1610,0.0,0.0,0.0,0.0,24.34,3.24,0.0
20230902:1710,0.0,0.0,0.0,0.0,23.97,3.24,0.0
20230902:1810,0.0,0.0,0.0,0.0,23.44,3.66,0.0
20230902:1910,0.0,0.0,0.0,0.0,23.24,4.0,0.0
20230902:2010,0.0,0.0,0.0,0.0,22.23,4.07,0.0
20230902:2110,0.0,0.0,0.0,0.0,21.48,3.38,0.0
20230902:2210,0.0,0.0,0.0,0.0,20.84,2.76,0.0
20230902:2310,0.0,0.0,0.0,0.0,20.33,2.83,0.0
20230903:0010,0.0,0.0,0.0,0.0,19.9,3.03,0.0
20230903:0110,0.0,0.0,0.0,0.0,19.53,3.03,0.0
20230903:0210,0.0,0.0,0.0,0.0,19.05,2.97,0.0
20230903:0310,0.0,0.0,0.0,0.0,18.81,2.69,0.0
20230903:0410,0.0,10.0,0.0,9.16,18.66,2.83,0.0
20230903:0510,0.0,27.0,0.0,20.64,19.3,3.79,0.0
20230903:0610,0.0,79.0,0.0,31.84,20.23,4.0,0.0
20230903:0710,0.0,117.0,0.0,42.26,20.43,3.66,0.0
20230903:0810,0.0,159.0,0.0,51.02,20.12,3.66,0.0
20230903:0910,0.0,162.0,0.0,56.63,20.14,3.45,0.0
20230903:1010,0.0,153.0,0.0,57.32,19.51,2.97,0.0
20230903:1110,0.0,83.0,0.0,52.83,19.61,2.9,0.0
20230903:1210,0.0,186.0,0.0,44.7,19.47,2.69,0.0
20230903:1310,0.0,78.0,0.0,34.6,19.79,3.17,0.0
20230903:1410,0.0,31.0,0.0,23.54,19.69,3.1,0.0
20230903:1510,0.0,14.0,0.0,12.1,19.21,2.41,0.0
20230903:1610,0.0,0.0,0.0,0.0,18.67,2.62,0.0
20230903:1710,0.0,0.0,0.0,0.0,18.11,2.28,0.0
20230903:1810,0.0,0.0,0.0,0.0,17.61,2.0,0.0
20230903:1910,0.0,0.0,0.0,0.0,17.31,1.79,0.0
20230903:2010,0.0,0.0,0.0,0.0,17.05,1.59,0.0
20230903:2110,0.0,0.0,0.0,0.0,16.97,1.31,0.0
20230903:2210,0.0,0.0,0.0,0.0,16.83,1.24,0.0
20230903:2310,0.0,0.0,0.0,0.0,16.91,1.38,0.0
20230904:0010,0.0,0.0,0.0,0.0,16.75,1.52,0.0
20230904:0110,0.0,0.0,0.0,0.0,16.58,1.45,0.0
20230904:0210,0.0,0.0,0.0,0.0,16.33,1.31,0.0
20230904:0310,0.0,0.0,0.0,0.0,16.19,1.45,0.0
20230904:0410,14.0,59.0,0.0,9.0,16.23,1.45,0.0
20230904:0510,0.0,45.0,0.0,20.47,16.56,1.72,0.0
20230904:0610,0.0,126.0,0.0,31.65,17.26,2.28,0.0
20230904:0710,2.0,224.0,0.0,42.04,17.71,2.21,0.0
20230904:0810,0.0,97.0,0.0,50.75,18.45,2.55,0.0
20230904:0910,0.0,100.0,0.0,56.29,18.96,2.48,0.0
20230904:1010,0.0,189.0,0.0,56.95,19.67,2.28,0.0
20230904:1110,237.0,369.0,0.0,52.46,20.33,2.07,0.0
20230904:1210,525.01,156.0,0.0,44.36,21.41,2.07,0.0
20230904:1310,329.0,174.0,0.0,34.28,22.32,2.28,0.0
20230904:1410,115.0,167.0,0.0,23.24,22.37,2.34,0.0
20230904:1510,19.0,84.0,0.0,11.8,22.08,2.41,0.0
20230904:1610,0.0,0.0,0.0,0.0,21.21,1.72,0.0
20230904:1710,0.0,0.0,0.0,0.0,19.31,1.59,0.0
20230904:1810,0.0,0.0,0.0,0.0,17.85,1.59,0.0
20230904:1910,0.0,0.0,0.0,0.0,18.64,2.21,0.0
20230904:2010,0.0,0.0,0.0,0.0,18.04,2.34,0.0
20230904:2110,0.0,0.0,0.0,0.0,17.51,2.14,0.0
20230904:2210,0.0,0.0,0.0,0.0,16.75,2.14,0.0
20230904:2310,0.0,0.0,0.0,0.0,16.03,2.07,0.0
20230905:0010,0.0,0.0,0.0,0.0,15.55,2.07,0.0
20230905:0110,0.0,0.0,0.0,0.0,15.2,2.07,0.0
20230905:0210,0.0,0.0,0.0,0.0,14.75,2.07,0.0
20230905:0310,0.0,0.0,0.0,0.0,14.49,2.14,0.0
20230905:0410,25.0,60.0,0.0,8.83,14.78,2.07,0.0
20230905:0510,182.0,106.0,0.0,20.3,17.37,2.34,0.0
20230905:0610,358.0,127.0,0.0,31.47,19.44,2.9,0.0
20230905:0710,513.01,140.0,0.0,41.81,21.84,3.24,0.0
20230905:0810,627.01,150.0,0.0,50.47,23.68,3.1,0.0
20230905:0910,297.0,371.0,0.0,55.95,25.12,2.83,0.0
20230905:1010,6.0,318.0,0.0,56.57,25.59,2.41,0.0
20230905:1110,0.0,178.0,0.0,52.09,26.17,2.14,0.0
20230905:1210,62.0,335.0,0.0,44.02,26.69,1.72,0.0
20230905:1310,141.0,258.0,0.0,33.96,26.87,1.45,0.0
20230905:1410,229.0,111.0,0.0,22.93,26.79,1.31,0.0
20230905:1510,70.0,72.0,0.0,11.5,26.56,1.17,0.0
20230905:1610,0.0,0.0,0.0,0.0,25.62,1.31,0.0
20230905:1710,0.0,0.0,0.0,0.0,23.6,1.93,0.0
20230905:1810,0.0,0.0,0.0,0.0,22.04,2.0,0.0
20230905:1910,0.0,0.0,0.0,0.0,21.65,1.31,0.0
20230905:2010,0.0,0.0,0.0,0.0,20.81,1.31,0.0
20230905:2110,0.0,0.0,0.0,0.0,19.62,1.45,0.0
20230905:2210,0.0,0.0,0.0,0.0,18.28,1.72,0.0
20230905:2310,0.0,0.0,0.0,0.0,17.38,2.14,0.0
20230906:0010,0.0,0.0,0.0,0.0,17.14,2.41,0.0
20230906:0110,0.0,0.0,0.0,0.0,16.69,2.41,0.0
20230906:0210,0.0,0.0,0.0,0.0,16.31,2.28,0.0
20230906:0310,0.0,0.0,0.0,0.0,15.92,2.21,0.0
20230906:0410,11.0,57.0,0.0,8.66,16.04,2.0,0.0
20230906:0510,204.0,94.0,0.0,20.13,18.89,2.07,0.0
20230906:0610,363.0,123.0,0.0,31.28,21.42,2.34,0.0
20230906:0710,520.01,136.0,0.0,41.59,23.8,2.97,0.0
20230906:0810,635.01,145.0,0.0,50.19,25.59,2.97,0.0
20230906:0910,690.01,154.0,0.0,55.6,27.04,2.62,0.0
20230906:1010,660.01,178.0,0.0,56.19,27.96,2.14,0.0
20230906:1110,577.01,194.0,0.0,51.72,28.7,1.86,0.0
20230906:1210,325.0,268.0,0.0,43.67,29.14,1.66,0.0
20230906:1310,291.0,191.0,0.0,33.64,29.24,1.52,0.0
20230906:1410,146.0,151.0,0.0,22.62,29.17,1.52,0.0
20230906:1510,76.0,67.0,0.0,11.19,28.63,1.52,0.0
20230906:1610,0.0,0.0,0.0,0.0,27.48,1.66,0.0
20230906:1710,0.0,0.0,0.0,0.0,25.52,1.93,0.0
20230906:1810,0.0,0.0,0.0,0.0,23.66,2.14,0.0
20230906:1910,0.0,0.0,0.0,0.0,22.42,2.9,0.0
20230906:2010,0.0,0.0,0.0,0.0,21.65,3.1,0.0
20230906:2110,0.0,0.0,0.0,0.0,20.9,3.03,0.0
20230906:2210,0.0,0.0,0.0,0.0,19.95,2.69,0.0
20230906:2310,0.0,0.0,0.0,0.0,19.05,2.34,0.0
20230907:0010,0.0,0.0,0.0,0.0,18.05,2.14,0.0
20230907:0110,0.0,0.0,0.0,0.0,17.17,2.07,0.0
20230907:0210,0.0,0.0,0.0,0.0,16.5,2.0,0.0
20230907:0310,0.0,0.0,0.0,0.0,15.99,2.0,0.0
20230907:0410,21.0,57.0,0.0,8.49,15.87,1.86,0.0
20230907:0510,170.0,109.0,0.0,19.95,18.7,2.21,0.0
20230907:0610,339.0,134.0,0.0,31.08,20.61,2.69,0.0
20230907:0710,507.01,140.0,0.0,41.36,22.24,2.9,0.0
20230907:0810,620.01,149.0,0.0,49.91,23.86,2.69,0.0
20230907:0910,683.01,154.0,0.0,55.26,25.36,2.48,0.0
20230907:1010,678.01,162.0,0.0,55.81,26.62,2.41,0.0
20230907:1110,616.01,165.0,0.0,51.34,27.57,2.41,0.0
20230907:1210,479.01,178.0,0.0,43.32,28.22,2.48,0.0
20230907:1310,366.0,145.0,0.0,33.32,28.43,2.69,0.0
20230907:1410,216.0,112.0,0.0,22.31,28.47,2.9,0.0
20230907:1510,79.0,62.0,0.0,10.89,27.88,2.83,0.0
20230907:1610,0.0,0.0,0.0,0.0,26.49,2.14,0.0
20230907:1710,0.0,0.0,0.0,0.0,24.58,2.28,0.0
20230907:1810,0.0,0.0,0.0,0.0,23.2,2.9,0.0
20230907:1910,0.0,0.0,0.0,0.0,22.06,2.97,0.0
20230907:2010,0.0,0.0,0.0,0.0,20.85,3.79,0.0
20230907:2110,0.0,0.0,0.0,0.0,19.49,3.93,0.0
20230907:2210,0.0,0.0,0.0,0.0,18.43,3.79,0.0
20230907:2310,0.0,0.0,0.0,0.0,17.58,3.38,0.0
20230908:0010,0.0,0.0,0.0,0.0,17.01,3.1,0.0
20230908:0110,0.0,0.0,0.0,0.0,16.34,2.83,0.0
20230908:0210,0.0,0.0,0.0,0.0,16.04,2.55,0.0
20230908:0310,0.0,0.0,0.0,0.0,15.51,2.28,0.0
20230908:0410,0.0,9.0,0.0,8.32,15.4,2.21,0.0
20230908:0510,60.0,148.0,0.0,19.78,16.28,3.03,0.0
20230908:0610,316.0,145.0,0.0,30.89,17.64,3.38,0.0
20230908:0710,475.01,156.0,0.0,41.13,19.56,3.24,0.0
20230908:0810,604.01,156.0,0.0,49.62,21.19,3.17,0.0
20230908:0910,521.01,249.0,0.0,54.91,22.62,2.9,0.0
20230908:1010,598.01,208.0,0.0,55.42,23.81,2.55,0.0
20230908:1110,36.0,359.0,0.0,50.97,24.73,2.21,0.0
20230908:1210,0.0,85.0,0.0,42.97,25.36,2.14,0.0
20230908:1310,212.0,223.0,0.0,32.99,25.64,2.07,0.0
20230908:1410,206.0,114.0,0.0,22.0,25.49,2.0,0.0
20230908:1510,60.0,67.0,0.0,10.58,25.12,1.93,0.0
20230908:1610,0.0,0.0,0.0,0.0,24.12,1.17,0.0
20230908:1710,0.0,0.0,0.0,0.0,22.51,0.9,0.0
20230908:1810,0.0,0.0,0.0,0.0,20.98,1.17,0.0
20230908:1910,0.0,0.0,0.0,0.0,18.73,1.86,0.0
20230908:2010,0.0,0.0,0.0,0.0,17.88,2.21,0.0
20230908:2110,0.0,0.0,0.0,0.0,17.42,2.76,0.0
20230908:2210,0.0,0.0,0.0,0.0,17.02,3.03,0.0
20230908:2310,0.0,0.0,0.0,0.0,16.23,2.55,0.0
20230909:0010,0.0,0.0,0.0,0.0,15.38,2.14,0.0
20230909:0110,0.0,0.0,0.0,0.0,14.72,1.86,0.0
20230909:0210,0.0,0.0,0.0,0.0,14.1,1.72,0.0
20230909:0310,0.0,0.0,0.0,0.0,13.5,1.72,0.0
20230909:0410,24.0,54.0,0.0,8.15,13.38,1.66,0.0
20230909:0510,179.0,101.0,0.0,19.6,15.84,2.07,0.0
20230909:0610,351.0,125.0,0.0,30.7,17.69,2.48,0.0
20230909:0710,488.01,149.0,0.0,40.9,19.86,2.62,0.0
20230909:0810,619.01,148.0,0.0,49.34,21.62,2.34,0.0
20230909:0910,658.01,168.0,0.0,54.56,23.08,1.72,0.0
20230909:1010,676.01,161.0,0.0,55.04,24.17,1.45,0.0
20230909:1110,602.01,171.0,0.0,50.59,25.18,1.52,0.0
20230909:1210,460.01,185.0,0.0,42.62,25.69,1.59,0.0
20230909:1310,318.0,168.0,0.0,32.66,26.02,1.52,0.0
20230909:1410,185.0,123.0,0.0,21.68,25.85,1.59,0.0
20230909:1510,22.0,74.0,0.0,10.27,25.48,2.0,0.0
20230909:1610,0.0,0.0,0.0,0.0,24.21,1.86,0.0
20230909:1710,0.0,0.0,0.0,0.0,22.5,2.28,0.0
20230909:1810,0.0,0.0,0.0,0.0,21.0,2.55,0.0
20230909:1910,0.0,0.0,0.0,0.0,19.79,2.48,0.0
20230909:2010,0.0,0.0,0.0,0.0,18.86,3.1,0.0
20230909:2110,0.0,0.0,0.0,0.0,18.11,3.31,0.0
20230909:2210,0.0,0.0,0.0,0.0,17.14,2.9,0.0
20230909:2310,0.0,0.0,0.0,0.0,16.03,2.69,0.0
20230910:0010,0.0,0.0,0.0,0.0,14.97,2.76,0.0
20230910:0110,0.0,0.0,0.0,0.0,14.05,2.69,0.0
20230910:0210,0.0,0.0,0.0,0.0,13.24,2.48,0.0
20230910:0310,0.0,0.0,0.0,0.0,12.47,2.34,0.0
20230910:0410,38.0,50.0,0.0,7.98,11.98,2.28,0.0
20230910:0510,209.0,88.0,0.0,19.43,14.0,2.9,0.0
20230910:0610,380.0,113.0,0.0,30.5,15.85,3.79,0.0
20230910:0710,523.01,133.0,0.0,40.67,17.42,4.34,0.0
20230910:0810,630.01,147.0,0.0,49.05,19.0,4.34,0.0
20230910:0910,682.01,158.0,0.0,54.21,20.43,4.07,0.0
20230910:1010,675.01,167.0,0.0,54.65,21.6,3.86,0.0
20230910:1110,588.01,185.0,0.0,50.21,22.5,3.72,0.0
20230910:1210,459.01,189.0,0.0,42.27,23.12,3.72,0.0
20230910:1310,347.0,153.0,0.0,32.33,23.37,3.79,0.0
20230910:1410,195.0,118.0,0.0,21.37,23.18,3.93,0.0
20230910:1510,57.0,64.0,0.0,9.96,22.39,3.86,0.0
20230910:1610,0.0,0.0,0.0,0.0,20.95,3.1,0.0
20230910:1710,0.0,0.0,0.0,0.0,19.31,3.45,0.0
20230910:1810,0.0,0.0,0.0,0.0,17.86,3.59,0.0
20230910:1910,0.0,0.0,0.0,0.0,16.44,3.1,0.0
20230910:2010,0.0,0.0,0.0,0.0,15.44,3.31,0.0
20230910:2110,0.0,0.0,0.0,0.0,14.48,3.24,0.0
20230910:2210,0.0,0.0,0.0,0.0,13.58,3.03,0.0
20230910:2310,0.0,0.0,0.0,0.0,12.71,2.69,0.0
20230911:0010,0.0,0.0,0.0,0.0,11.89,2.28,0.0
20230911:0110,0.0,0.0,0.0,0.0,11.01,2.0,0.0
20230911:0210,0.0,0.0,0.0,0.0,10.1,1.79,0.0
20230911:0310,0.0,0.0,0.0,0.0,9.28,1.72,0.0
20230911:0410,57.0,42.0,0.0,7.81,8.96,1.66,0.0
20230911:0510,226.0,80.0,0.0,19.25,11.67,2.14,0.0
20230911:0610,393.0,109.0,0.0,30.3,13.74,2.76,0.0
20230911:0710,547.01,125.0,0.0,40.43,15.92,3.45,0.0
20230911:0810,641.01,146.0,0.0,48.76,17.92,3.52,0.0
20230911:0910,693.01,158.0,0.0,53.86,19.67,3.52,0.0
20230911:1010,673.01,174.0,0.0,54.26,21.18,3.45,0.0
20230911:1110,586.01,191.0,0.0,49.83,22.35,3.38,0.0
20230911:1210,440.01,204.0,0.0,41.91,23.06,3.38,0.0
20230911:1310,341.0,158.0,0.0,31.99,23.33,3.17,0.0
20230911:1410,198.0,117.0,0.0,21.05,23.13,2.97,0.0
20230911:1510,54.0,64.0,0.0,9.64,22.47,2.69,0.0
20230911:1610,0.0,0.0,0.0,0.0,20.98,2.0,0.0
20230911:1710,0.0,0.0,0.0,0.0,19.1,2.0,0.0
20230911:1810,0.0,0.0,0.0,0.0,17.07,2.14,0.0
20230911:1910,0.0,0.0,0.0,0.0,15.29,2.0,0.0
20230911:2010,0.0,0.0,0.0,0.0,13.97,2.07,0.0
20230911:2110,0.0,0.0,0.0,0.0,12.97,2.21,0.0
20230911:2210,0.0,0.0,0.0,0.0,12.11,2.21,0.0
20230911:2310,0.0,0.0,0.0,0.0,11.28,2.0,0.0
20230912:0010,0.0,0.0,0.0,0.0,10.78,1.86,0.0
20230912:0110,0.0,0.0,0.0,0.0,10.29,1.79,0.0
20230912:0210,0.0,0.0,0.0,0.0,9.81,1.72,0.0
20230912:0310,0.0,0.0,0.0,0.0,9.32,1.66,0.0
20230912:0410,51.0,42.0,0.0,7.64,9.17,1.52,0.0
20230912:0510,212.0,84.0,0.0,19.07,11.78,1.66,0.0
20230912:0610,381.0,111.0,0.0,30.1,14.14,2.07,0.0
20230912:0710,532.01,128.0,0.0,40.19,16.31,2.41,0.0
20230912:0810,640.01,142.0,0.0,48.46,17.89,2.14,0.0
20230912:0910,684.01,157.0,0.0,53.5,19.26,1.79,0.0
20230912:1010,663.01,174.0,0.0,53.87,20.47,1.66,0.0
20230912:1110,588.01,183.0,0.0,49.44,21.44,1.66,0.0
20230912:1210,432.01,203.0,0.0,41.55,22.07,1.66,0.0
20230912:1310,340.0,153.0,0.0,31.66,22.41,1.59,0.0
20230912:1410,198.0,112.0,0.0,20.73,22.36,1.52,0.0
20230912:1510,49.0,62.0,0.0,9.33,21.96,1.45,0.0
20230912:1610,0.0,0.0,0.0,0.0,20.95,1.45,0.0
20230912:1710,0.0,0.0,0.0,0.0,19.08,1.38,0.0
20230912:1810,0.0,0.0,0.0,0.0,17.21,1.31,0.0
20230912:1910,0.0,0.0,0.0,0.0,16.33,1.17,0.0
20230912:2010,0.0,0.0,0.0,0.0,14.03,2.0,0.0
20230912:2110,0.0,0.0,0.0,0.0,13.35,2.69,0.0
20230912:2210,0.0,0.0,0.0,0.0,12.72,2.76,0.0
20230912:2310,0.0,0.0,0.0,0.0,11.88,2.41,0.0
20230913:0010,0.0,0.0,0.0,0.0,10.98,2.07,0.0
20230913:0110,0.0,0.0,0.0,0.0,10.2,1.86,0.0
20230913:0210,0.0,0.0,0.0,0.0,9.76,1.72,0.0
20230913:0310,0.0,0.0,0.0,0.0,9.38,1.66,0.0
20230913:0410,43.0,44.0,0.0,7.47,9.26,1.59,0.0
20230913:0510,202.0,88.0,0.0,18.89,11.99,1.66,0.0
20230913:0610,375.0,113.0,0.0,29.9,14.53,2.21,0.0
20230913:0710,524.01,132.0,0.0,39.95,16.33,2.69,0.0
20230913:0810,631.01,146.0,0.0,48.17,18.11,2.69,0.0
20230913:0910,683.01,157.0,0.0,53.15,19.65,2.48,0.0
20230913:1010,675.01,165.0,0.0,53.48,20.9,2.28,0.0
20230913:1110,576.01,189.0,0.0,49.06,21.83,2.14,0.0
20230913:1210,413.01,212.0,0.0,41.19,22.44,2.07,0.0
20230913:1310,337.0,153.0,0.0,31.32,22.65,1.93,0.0
20230913:1410,193.0,112.0,0.0,20.4,22.5,1.86,0.0
20230913:1510,48.0,60.0,0.0,9.01,21.97,1.72,0.0
20230913:1610,0.0,0.0,0.0,0.0,20.75,1.52,0.0
20230913:1710,0.0,0.0,0.0,0.0,18.82,1.59,0.0
20230913:1810,0.0,0.0,0.0,0.0,16.92,1.45,0.0
20230913:1910,0.0,0.0,0.0,0.0,16.67,1.17,0.0
20230913:2010,0.0,0.0,0.0,0.0,15.43,1.24,0.0
20230913:2110,0.0,0.0,0.0,0.0,13.72,1.59,0.0
20230913:2210,0.0,0.0,0.0,0.0,12.42,1.93,0.0
20230913:2310,0.0,0.0,0.0,0.0,11.69,2.0,0.0
20230914:0010,0.0,0.0,0.0,0.0,11.17,1.86,0.0
20230914:0110,0.0,0.0,0.0,0.0,10.75,1.79,0.0
20230914:0210,0.0,0.0,0.0,0.0,10.4,1.66,0.0
20230914:0310,0.0,0.0,0.0,0.0,10.12,1.52,0.0
20230914:0410,37.0,45.0,0.0,7.29,9.99,1.45,0.0
20230914:0510,199.0,87.0,0.0,18.71,11.97,1.31,0.0
20230914:0610,376.0,111.0,0.0,29.7,15.63,1.59,0.0
20230914:0710,520.01,132.0,0.0,39.71,17.4,1.66,0.0
20230914:0810,627.01,145.0,0.0,47.87,19.13,1.24,0.0
20230914:0910,679.01,156.0,0.0,52.79,20.53,0.83,0.0
20230914:1010,670.01,165.0,0.0,53.09,21.74,1.1,0.0
20230914:1110,582.01,182.0,0.0,48.67,22.71,1.38,0.0
20230914:1210,426.01,201.0,0.0,40.83,23.35,1.52,0.0
20230914:1310,344.0,145.0,0.0,30.98,23.68,1.45,0.0
20230914:1410,198.0,106.0,0.0,20.08,23.57,1.45,0.0
20230914:1510,45.0,57.0,0.0,8.69,23.07,1.45,0.0
20230914:1610,0.0,0.0,0.0,0.0,21.7,1.52,0.0
20230914:1710,0.0,0.0,0.0,0.0,19.63,1.38,0.0
20230914:1810,0.0,0.0,0.0,0.0,17.94,1.24,0.0
20230914:1910,0.0,0.0,0.0,0.0,16.49,1.38,0.0
20230914:2010,0.0,0.0,0.0,0.0,15.25,1.38,0.0
20230914:2110,0.0,0.0,0.0,0.0,14.11,1.59,0.0
20230914:2210,0.0,0.0,0.0,0.0,13.0,1.79,0.0
20230914:2310,0.0,0.0,0.0,0.0,12.11,2.0,0.0
20230915:0010,0.0,0.0,0.0,0.0,11.48,1.93,0.0
20230915:0110,0.0,0.0,0.0,0.0,10.9,1.86,0.0
20230915:0210,0.0,0.0,0.0,0.0,10.44,1.79,0.0
20230915:0310,0.0,0.0,0.0,0.0,10.05,1.72,0.0
20230915:0410,38.0,43.0,0.0,7.12,9.93,1.59,0.0
20230915:0510,197.0,87.0,0.0,18.53,12.01,1.31,0.0
20230915:0610,369.0,113.0,0.0,29.49,16.2,1.52,0.0
20230915:0710,518.01,131.0,0.0,39.47,18.09,1.38,0.0
20230915:0810,615.01,151.0,0.0,47.57,20.14,1.17,0.0
20230915:0910,676.01,156.0,0.0,52.43,21.89,1.1,0.0
20230915:1010,654.01,173.0,0.0,52.7,23.35,1.24,0.0
20230915:1110,579.01,181.0,0.0,48.28,24.46,1.1,0.0
20230915:1210,398.01,214.0,0.0,40.47,25.14,0.97,0.0
20230915:1310,333.0,148.0,0.0,30.64,25.44,0.76,0.0
20230915:1410,195.0,104.0,0.0,19.76,25.33,0.41,0.0
20230915:1510,37.0,58.0,0.0,8.38,24.81,0.21,0.0
20230915:1610,0.0,0.0,0.0,0.0,23.48,0.76,0.0
20230915:1710,0.0,0.0,0.0,0.0,22.12,0.62,0.0
20230915:1810,0.0,0.0,0.0,0.0,20.91,0.76,0.0
20230915:1910,0.0,0.0,0.0,0.0,18.13,1.24,0.0
20230915:2010,0.0,0.0,0.0,0.0,17.31,1.17,0.0
20230915:2110,0.0,0.0,0.0,0.0,15.85,1.31,0.0
20230915:2210,0.0,0.0,0.0,0.0,14.65,1.52,0.0
20230915:2310,0.0,0.0,0.0,0.0,14.03,1.52,0.0
20230916:0010,0.0,0.0,0.0,0.0,13.37,1.59,0.0
20230916:0110,0.0,0.0,0.0,0.0,12.73,1.66,0.0
20230916:0210,0.0,0.0,0.0,0.0,12.2,1.72,0.0
20230916:0310,0.0,0.0,0.0,0.0,11.7,1.72,0.0
20230916:0410,36.0,42.0,0.0,6.95,11.38,1.72,0.0
20230916:0510,191.0,86.0,0.0,18.34,13.46,1.45,0.0
20230916:0610,361.0,113.0,0.0,29.28,17.88,2.0,0.0
20230916:0710,508.01,132.0,0.0,39.22,19.66,2.83,0.0
20230916:0810,614.01,145.0,0.0,47.26,21.4,3.17,0.0
20230916:0910,664.01,157.0,0.0,52.06,22.76,3.03,0.0
20230916:1010,643.01,173.0,0.0,52.3,23.82,2.9,0.0
20230916:1110,546.01,194.0,0.0,47.9,24.65,2.83,0.0
20230916:1210,359.0,229.0,0.0,40.1,25.13,2.97,0.0
20230916:1310,308.0,157.0,0.0,30.3,25.22,3.1,0.0
20230916:1410,177.0,109.0,0.0,19.43,24.86,3.24,0.0
20230916:1510,37.0,54.0,0.0,8.06,24.01,2.97,0.0
20230916:1610,0.0,0.0,0.0,0.0,22.41,2.21,0.0
20230916:1710,0.0,0.0,0.0,0.0,20.83,2.28,0.0
20230916:1810,0.0,0.0,0.0,0.0,19.33,2.83,0.0
20230916:1910,0.0,0.0,0.0,0.0,18.07,2.83,0.0
20230916:2010,0.0,0.0,0.0,0.0,16.99,2.97,0.0
20230916:2110,0.0,0.0,0.0,0.0,15.95,2.76,0.0
20230916:2210,0.0,0.0,0.0,0.0,14.79,2.34,0.0
20230916:2310,0.0,0.0,0.0,0.0,13.62,2.0,0.0
20230917:0010,0.0,0.0,0.0,0.0,12.7,1.86,0.0
20230917:0110,0.0,0.0,0.0,0.0,12.05,1.86,0.0
20230917:0210,0.0,0.0,0.0,0.0,11.64,1.79,0.0
20230917:0310,0.0,0.0,0.0,0.0,11.28,1.72,0.0
20230917:0410,28.0,43.0,0.0,6.77,11.23,1.59,0.0
20230917:0510,179.0,89.0,0.0,18.16,13.41,1.45,0.0
20230917:0610,351.0,115.0,0.0,29.08,16.92,2.41,0.0
20230917:0710,495.01,135.0,0.0,38.97,18.74,2.83,0.0
20230917:0810,597.01,151.0,0.0,46.96,20.45,2.9,0.0
20230917:0910,657.01,157.0,0.0,51.7,21.95,2.69,0.0
20230917:1010,636.01,172.0,0.0,51.91,23.26,2.62,0.0
20230917:1110,550.01,187.0,0.0,47.51,24.26,2.69,0.0
20230917:1210,368.0,220.0,0.0,39.74,24.93,2.76,0.0
20230917:1310,308.0,152.0,0.0,29.96,25.18,2.9,0.0
20230917:1410,172.0,107.0,0.0,19.1,24.94,3.03,0.0
20230917:1510,33.0,52.0,0.0,7.74,24.13,3.03,0.0
20230917:1610,0.0,0.0,0.0,0.0,22.34,2.55,0.0
20230917:1710,0.0,0.0,0.0,0.0,20.59,2.55,0.0
20230917:1810,0.0,0.0,0.0,0.0,19.04,2.76,0.0
20230917:1910,0.0,0.0,0.0,0.0,17.72,2.28,0.0
20230917:2010,0.0,0.0,0.0,0.0,16.3,2.48,0.0
20230917:2110,0.0,0.0,0.0,0.0,15.1,2.48,0.0
20230917:2210,0.0,0.0,0.0,0.0,14.02,2.41,0.0
20230917:2310,0.0,0.0,0.0,0.0,13.01,2.28,0.0
20230918:0010,0.0,0.0,0.0,0.0,12.12,2.14,0.0
20230918:0110,0.0,0.0,0.0,0.0,11.43,2.07,0.0
20230918:0210,0.0,0.0,0.0,0.0,10.67,2.07,0.0
20230918:0310,0.0,0.0,0.0,0.0,10.11,2.07,0.0
20230918:0410,37.0,39.0,0.0,6.59,9.6,2.0,0.0
20230918:0510,162.0,100.0,0.0,17.97,11.64,2.41,0.0
20230918:0610,349.0,119.0,0.0,28.87,13.7,3.17,0.0
20230918:0710,498.01,139.0,0.0,38.72,15.49,3.86,0.0
20230918:0810,610.01,150.0,0.0,46.65,17.53,3.72,0.0
20230918:0910,633.01,179.0,0.0,51.34,19.54,3.66,0.0
20230918:1010,636.01,179.0,0.0,51.51,21.32,3.66,0.0
20230918:1110,543.01,197.0,0.0,47.12,22.66,3.72,0.0
20230918:1210,376.01,219.0,0.0,39.37,23.56,3.86,0.0
20230918:1310,290.0,164.0,0.0,29.62,23.9,4.0,0.0
20230918:1410,159.0,114.0,0.0,18.78,23.69,4.07,0.0
20230918:1510,33.0,50.0,0.0,7.42,22.74,3.59,0.0
20230918:1610,0.0,0.0,0.0,0.0,20.81,2.9,0.0
20230918:1710,0.0,0.0,0.0,0.0,19.12,2.9,0.0
20230918:1810,0.0,0.0,0.0,0.0,17.66,3.03,0.0
20230918:1910,0.0,0.0,0.0,0.0,16.33,2.97,0.0
20230918:2010,0.0,0.0,0.0,0.0,15.03,2.83,0.0
20230918:2110,0.0,0.0,0.0,0.0,13.72,2.55,0.0
20230918:2210,0.0,0.0,0.0,0.0,12.39,2.34,0.0
20230918:2310,0.0,0.0,0.0,0.0,11.11,2.21,0.0
20230919:0010,0.0,0.0,0.0,0.0,10.01,2.14,0.0
20230919:0110,0.0,0.0,0.0,0.0,9.12,2.14,0.0
20230919:0210,0.0,0.0,0.0,0.0,8.4,2.07,0.0
20230919:0310,0.0,0.0,0.0,0.0,7.92,2.0,0.0
20230919:0410,0.0,35.0,0.0,6.42,7.64,1.93,0.0
20230919:0510,199.0,81.0,0.0,17.78,10.16,1.79,0.0
20230919:0610,367.0,110.0,0.0,28.65,14.4,2.62,0.0
20230919:0710,482.01,150.0,0.0,38.47,16.58,3.38,0.0
20230919:0810,602.01,156.0,0.0,46.35,18.66,3.45,0.0
20230919:0910,649.01,170.0,0.0,50.97,20.54,3.38,0.0
20230919:1010,639.01,178.0,0.0,51.11,22.15,3.31,0.0
20230919:1110,545.01,196.0,0.0,46.73,23.32,2.97,0.0
20230919:1210,369.01,222.0,0.0,39.0,23.99,2.69,0.0
20230919:1310,296.0,160.0,0.0,29.27,24.28,2.62,0.0
20230919:1410,172.0,105.0,0.0,18.45,24.0,2.62,0.0
20230919:1510,31.0,48.0,0.0,7.1,23.08,2.21,0.0
20230919:1610,0.0,0.0,0.0,0.0,21.32,1.86,0.0
20230919:1710,0.0,0.0,0.0,0.0,18.99,1.59,0.0
20230919:1810,0.0,0.0,0.0,0.0,17.44,1.24,0.0
20230919:1910,0.0,0.0,0.0,0.0,16.94,1.1,0.0
20230919:2010,0.0,0.0,0.0,0.0,16.35,1.1,0.0
20230919:2110,0.0,0.0,0.0,0.0,15.73,1.1,0.0
20230919:2210,0.0,0.0,0.0,0.0,15.11,1.1,0.0
20230919:2310,0.0,0.0,0.0,0.0,14.57,1.1,0.0
20230920:0010,0.0,0.0,0.0,0.0,14.01,1.17,0.0
20230920:0110,0.0,0.0,0.0,0.0,13.74,1.24,0.0
20230920:0210,0.0,0.0,0.0,0.0,13.47,1.24,0.0
20230920:0310,0.0,0.0,0.0,0.0,13.06,1.1,0.0
20230920:0410,0.0,36.0,0.0,6.24,12.66,0.97,0.0
20230920:0510,193.0,82.0,0.0,17.59,13.55,0.76,0.0
20230920:0610,368.01,108.0,0.0,28.44,16.77,0.83,0.0
20230920:0710,520.01,125.0,0.0,38.22,18.98,0.97,0.0
20230920:0810,628.01,138.0,0.0,46.04,21.09,0.97,0.0
20230920:0910,670.01,154.0,0.0,50.6,22.83,0.9,0.0
20230920:1010,659.01,162.0,0.0,50.71,24.25,0.97,0.0
20230920:1110,581.01,170.0,0.0,46.33,25.29,0.97,0.0
20230920:1210,380.01,213.0,0.0,38.64,25.92,0.9,0.0
20230920:1310,315.0,145.0,0.0,28.93,26.14,1.03,0.0
20230920:1410,173.0,100.0,0.0,18.12,25.93,1.24,0.0
20230920:1510,28.0,46.0,0.0,6.78,25.18,1.17,0.0
20230920:1610,0.0,0.0,0.0,0.0,23.37,1.17,0.0
20230920:1710,0.0,0.0,0.0,0.0,21.4,0.9,0.0
20230920:1810,0.0,0.0,0.0,0.0,20.84,0.34,0.0
20230920:1910,0.0,0.0,0.0,0.0,20.09,0.9,0.0
20230920:2010,0.0,0.0,0.0,0.0,18.8,1.03,0.0
20230920:2110,0.0,0.0,0.0,0.0,16.82,1.31,0.0
20230920:2210,0.0,0.0,0.0,0.0,14.74,1.66,0.0
20230920:2310,0.0,0.0,0.0,0.0,13.66,1.72,0.0
20230921:0010,0.0,0.0,0.0,0.0,12.96,1.72,0.0
20230921:0110,0.0,0.0,0.0,0.0,12.69,1.66,0.0
20230921:0210,0.0,0.0,0.0,0.0,12.57,1.45,0.0
20230921:0310,0.0,0.0,0.0,0.0,12.41,1.38,0.0
20230921:0410,0.0,37.0,0.0,6.06,12.35,1.24,0.0
20230921:0510,179.0,85.0,0.0,17.4,13.63,0.97,0.0
20230921:0610,349.0,113.0,0.0,28.22,17.36,1.17,0.0
20230921:0710,495.01,133.0,0.0,37.96,20.06,1.03,0.0
20230921:0810,597.01,149.0,0.0,45.72,22.3,0.83,0.0
20230921:0910,645.01,162.0,0.0,50.23,24.09,0.9,0.0
20230921:1010,634.01,170.0,0.0,50.32,25.41,1.03,0.0
20230921:1110,557.01,178.0,0.0,45.94,26.31,1.24,0.0
20230921:1210,356.01,219.0,0.0,38.27,26.77,1.24,0.0
20230921:1310,306.0,144.0,0.0,28.58,26.86,1.24,0.0
20230921:1410,168.0,98.0,0.0,17.79,26.55,1.24,0.0
20230921:1510,20.0,45.0,0.0,6.45,25.79,0.97,0.0
20230921:1610,0.0,0.0,0.0,0.0,24.24,0.69,0.0
20230921:1710,0.0,0.0,0.0,0.0,23.05,0.55,0.0
20230921:1810,0.0,0.0,0.0,0.0,22.02,0.48,0.0
20230921:1910,0.0,0.0,0.0,0.0,20.87,0.55,0.0
20230921:2010,0.0,0.0,0.0,0.0,20.0,0.21,0.0
20230921:2110,0.0,0.0,0.0,0.0,19.1,0.07,0.0
20230921:2210,0.0,0.0,0.0,0.0,18.27,0.28,0.0
20230921:2310,0.0,0.0,0.0,0.0,17.62,0.41,0.0
20230922:0010,0.0,0.0,0.0,0.0,17.04,0.55,0.0
20230922:0110,0.0,0.0,0.0,0.0,16.51,0.69,0.0
20230922:0210,0.0,0.0,0.0,0.0,16.03,0.69,0.0
20230922:0310,0.0,0.0,0.0,0.0,15.66,0.69,0.0
20230922:0410,0.0,37.0,0.0,5.88,15.36,0.69,0.0
20230922:0510,158.0,91.0,0.0,17.21,16.25,0.55,0.0
20230922:0610,329.0,116.0,0.0,28.01,20.06,0.62,0.0
20230922:0710,476.01,134.0,0.0,37.7,22.12,0.34,0.0
20230922:0810,576.01,150.0,0.0,45.41,24.17,0.28,0.0
20230922:0910,634.01,155.0,0.0,49.87,25.8,0.9,0.0
20230922:1010,611.01,171.0,0.0,49.92,27.04,1.52,0.0
20230922:1110,547.01,171.0,0.0,45.55,27.81,2.0,0.0
20230922:1210,168.0,292.0,0.0,37.9,28.16,2.28,0.0
20230922:1310,374.01,98.0,0.0,28.24,28.13,2.41,0.0
20230922:1410,148.0,101.0,0.0,17.46,27.73,2.48,0.0
20230922:1510,18.0,42.0,0.0,6.13,26.78,2.07,0.0
20230922:1610,0.0,0.0,0.0,0.0,24.88,1.86,0.0
20230922:1710,0.0,0.0,0.0,0.0,22.66,1.66,0.0
20230922:1810,0.0,0.0,0.0,0.0,21.41,1.24,0.0
20230922:1910,0.0,0.0,0.0,0.0,20.45,1.45,0.0
20230922:2010,0.0,0.0,0.0,0.0,19.6,1.38,0.0
20230922:2110,0.0,0.0,0.0,0.0,18.8,1.31,0.0
20230922:2210,0.0,0.0,0.0,0.0,18.16,1.24,0.0
20230922:2310,0.0,0.0,0.0,0.0,17.18,1.24,0.0
20230923:0010,0.0,0.0,0.0,0.0,16.42,1.24,0.0
20230923:0110,0.0,0.0,0.0,0.0,16.07,1.17,0.0
20230923:0210,0.0,0.0,0.0,0.0,16.01,1.1,0.0
20230923:0310,0.0,0.0,0.0,0.0,15.59,1.1,0.0
20230923:0410,0.0,35.0,0.0,5.7,15.28,0.97,0.0
20230923:0510,163.0,85.0,0.0,17.02,16.47,0.69,0.0
20230923:0610,323.0,116.0,0.0,27.79,20.27,0.9,0.0
20230923:0710,461.01,139.0,0.0,37.44,22.74,1.03,0.0
20230923:0810,569.01,150.0,0.0,45.1,24.65,1.17,0.0
20230923:0910,615.01,162.0,0.0,49.5,26.08,0.69,0.0
20230923:1010,604.01,170.0,0.0,49.52,27.18,0.55,0.0
20230923:1110,550.01,164.0,0.0,45.16,27.91,0.9,0.0
20230923:1210,342.0,211.0,0.0,37.53,28.29,1.17,0.0
20230923:1310,299.0,133.0,0.0,27.89,28.35,1.17,0.0
20230923:1410,147.0,98.0,0.0,17.13,28.03,1.24,0.0
20230923:1510,17.0,39.0,0.0,5.81,27.32,1.1,0.0
20230923:1610,0.0,0.0,0.0,0.0,25.7,1.31,0.0
20230923:1710,0.0,0.0,0.0,0.0,22.97,1.52,0.0
20230923:1810,0.0,0.0,0.0,0.0,20.66,1.79,0.0
20230923:1910,0.0,0.0,0.0,0.0,19.83,1.72,0.0
20230923:2010,0.0,0.0,0.0,0.0,18.3,1.86,0.0
20230923:2110,0.0,0.0,0.0,0.0,16.79,2.07,0.0
20230923:2210,0.0,0.0,0.0,0.0,15.94,2.28,0.0
20230923:2310,0.0,0.0,0.0,0.0,15.44,2.28,0.0
20230924:0010,0.0,0.0,0.0,0.0,14.99,2.07,0.0
20230924:0110,0.0,0.0,0.0,0.0,14.76,1.93,0.0
20230924:0210,0.0,0.0,0.0,0.0,14.51,1.79,0.0
20230924:0310,0.0,0.0,0.0,0.0,14.46,1.66,0.0
20230924:0410,0.0,35.0,0.0,5.51,14.55,1.52,0.0
20230924:0510,153.0,89.0,0.0,16.82,16.2,1.24,0.0
20230924:0610,317.0,118.0,0.0,27.57,20.45,1.59,0.0
20230924:0710,468.01,134.0,0.0,37.18,22.8,1.79,0.0
20230924:0810,568.01,149.0,0.0,44.78,24.97,2.0,0.0
20230924:0910,614.01,162.0,0.0,49.12,26.66,2.07,0.0
20230924:1010,591.01,177.0,0.0,49.12,27.75,1.93,0.0
20230924:1110,527.01,176.0,0.0,44.77,28.4,1.79,0.0
20230924:1210,327.0,217.0,0.0,37.16,28.76,1.66,0.0
20230924:1310,296.0,133.0,0.0,27.55,28.75,1.52,0.0
20230924:1410,145.0,96.0,0.0,16.8,28.39,1.38,0.0
20230924:1510,11.0,33.87,0.0,5.49,27.62,1.03,0.0
20230924:1610,0.0,0.0,0.0,0.0,26.1,0.97,0.0
20230924:1710,0.0,0.0,0.0,0.0,24.81,0.83,0.0
20230924:1810,0.0,0.0,0.0,0.0,23.89,0.69,0.0
20230924:1910,0.0,0.0,0.0,0.0,23.2,0.97,0.0
20230924:2010,0.0,0.0,0.0,0.0,21.51,1.24,0.0
20230924:2110,0.0,0.0,0.0,0.0,18.88,1.52,0.0
20230924:2210,0.0,0.0,0.0,0.0,16.74,2.14,0.0
20230924:2310,0.0,0.0,0.0,0.0,15.92,2.34,0.0
20230925:0010,0.0,0.0,0.0,0.0,15.33,2.21,0.0
20230925:0110,0.0,0.0,0.0,0.0,14.93,2.0,0.0
20230925:0210,0.0,0.0,0.0,0.0,14.65,1.86,0.0
20230925:0310,0.0,0.0,0.0,0.0,14.51,1.72,0.0
20230925:0410,0.0,33.0,0.0,5.33,14.63,1.52,0.0
20230925:0510,154.0,87.0,0.0,16.63,16.45,1.1,0.0
20230925:0610,319.0,115.0,0.0,27.35,20.52,1.45,0.0
20230925:0710,465.01,133.0,0.0,36.92,23.32,1.38,0.0
20230925:0810,564.01,149.0,0.0,44.46,25.45,1.31,0.0
20230925:0910,610.01,162.0,0.0,48.75,27.0,1.03,0.0
20230925:1010,598.01,169.0,0.0,48.72,28.11,0.83,0.0
20230925:1110,523.01,175.0,0.0,44.37,28.91,0.83,0.0
20230925:1210,317.0,219.0,0.0,36.79,29.37,0.9,0.0
20230925:1310,292.0,131.0,0.0,27.2,29.53,0.9,0.0
20230925:1410,146.0,92.0,0.0,16.47,29.23,0.83,0.0
20230925:1510,13.0,30.39,0.0,5.17,28.46,0.83,0.0
20230925:1610,0.0,0.0,0.0,0.0,26.73,1.24,0.0
20230925:1710,0.0,0.0,0.0,0.0,24.1,1.79,0.0
20230925:1810,0.0,0.0,0.0,0.0,21.82,2.07,0.0
20230925:1910,0.0,0.0,0.0,0.0,20.19,2.14,0.0
20230925:2010,0.0,0.0,0.0,0.0,19.06,2.48,0.0
20230925:2110,0.0,0.0,0.0,0.0,18.22,2.48,0.0
20230925:2210,0.0,0.0,0.0,0.0,17.31,2.48,0.0
20230925:2310,0.0,0.0,0.0,0.0,16.47,2.34,0.0
20230926:0010,0.0,0.0,0.0,0.0,15.5,2.0,0.0
20230926:0110,0.0,0.0,0.0,0.0,14.63,1.86,0.0
20230926:0210,0.0,0.0,0.0,0.0,13.87,1.86,0.0
20230926:0310,0.0,0.0,0.0,0.0,13.29,1.86,0.0
20230926:0410,0.0,32.0,0.0,5.15,13.11,1.66,0.0
20230926:0510,154.0,84.0,0.0,16.43,14.84,1.52,0.0
20230926:0610,316.0,114.0,0.0,27.12,18.65,2.21,0.0
20230926:0710,453.01,138.0,0.0,36.65,20.74,2.9,0.0
20230926:0810,560.01,149.0,0.0,44.14,22.68,3.03,0.0
20230926:0910,605.01,161.0,0.0,48.38,24.26,2.69,0.0
20230926:1010,582.01,176.0,0.0,48.32,25.48,2.41,0.0
20230926:1110,482.01,196.0,0.0,43.98,26.36,2.28,0.0
20230926:1210,281.0,234.0,0.0,36.43,26.84,2.28,0.0
20230926:1310,252.0,150.0,0.0,26.86,26.94,2.34,0.0
20230926:1410,118.0,102.0,0.0,16.15,26.54,2.41,0.0
20230926:1510,7.0,29.11,0.0,4.85,25.73,2.34,0.0
20230926:1610,0.0,0.0,0.0,0.0,24.07,2.21,0.0
20230926:1710,0.0,0.0,0.0,0.0,22.44,2.07,0.0
20230926:1810,0.0,0.0,0.0,0.0,20.45,1.86,0.0
20230926:1910,0.0,0.0,0.0,0.0,18.66,2.14,0.0
20230926:2010,0.0,0.0,0.0,0.0,17.52,2.48,0.0
20230926:2110,0.0,0.0,0.0,0.0,16.61,2.55,0.0
20230926:2210,0.0,0.0,0.0,0.0,15.55,2.28,0.0
20230926:2310,0.0,0.0,0.0,0.0,14.55,2.14,0.0
20230927:0010,0.0,0.0,0.0,0.0,13.65,1.93,0.0
20230927:0110,0.0,0.0,0.0,0.0,13.08,1.79,0.0
20230927:0210,0.0,0.0,0.0,0.0,12.67,1.66,0.0
20230927:0310,0.0,0.0,0.0,0.0,12.35,1.59,0.0
20230927:0410,0.0,31.0,0.0,4.96,12.07,1.52,0.0
20230927:0510,142.0,88.0,0.0,16.23,13.54,1.45,0.0
20230927:0610,305.0,117.0,0.0,26.9,17.45,2.0,0.0
20230927:0710,455.01,132.0,0.0,36.38,19.62,2.62,0.0
20230927:0810,553.01,149.0,0.0,43.82,21.78,2.69,0.0
20230927:0910,609.01,154.0,0.0,48.01,23.63,2.28,0.0
20230927:1010,597.01,161.0,0.0,47.92,24.92,1.45,0.0
20230927:1110,531.01,161.0,0.0,43.59,25.89,0.69,0.0
20230927:1210,308.0,215.0,0.0,36.06,26.55,0.34,0.0
20230927:1310,275.0,133.0,0.0,26.51,26.79,0.48,0.0
20230927:1410,131.0,92.0,0.0,15.82,26.53,0.34,0.0
20230927:1510,14.0,25.23,0.0,4.53,25.99,0.21,0.0
20230927:1610,0.0,0.0,0.0,0.0,24.72,0.55,0.0
20230927:1710,0.0,0.0,0.0,0.0,23.0,1.03,0.0
20230927:1810,0.0,0.0,0.0,0.0,21.86,1.1,0.0
20230927:1910,0.0,0.0,0.0,0.0,22.02,0.69,0.0
20230927:2010,0.0,0.0,0.0,0.0,20.98,0.76,0.0
20230927:2110,0.0,0.0,0.0,0.0,19.97,0.55,0.0
20230927:2210,0.0,0.0,0.0,0.0,19.09,0.41,0.0
20230927:2310,0.0,0.0,0.0,0.0,18.35,0.34,0.0
20230928:0010,0.0,0.0,0.0,0.0,17.73,0.07,0.0
20230928:0110,0.0,0.0,0.0,0.0,17.18,0.07,0.0
20230928:0210,0.0,0.0,0.0,0.0,16.71,0.07,0.0
20230928:0310,0.0,0.0,0.0,0.0,16.3,0.34,0.0
20230928:0410,0.0,26.0,0.0,4.78,16.0,0.76,0.0
20230928:0510,0.0,39.0,0.0,16.03,16.18,0.97,0.0
20230928:0610,44.0,208.0,0.0,26.67,20.17,1.24,0.0
20230928:0710,0.0,107.0,0.0,36.11,20.25,0.9,0.0
20230928:0810,1.0,235.0,0.0,43.5,22.07,1.03,0.0
20230928:0910,494.01,216.0,0.0,47.63,24.04,0.97,0.0
20230928:1010,561.01,175.0,0.0,47.53,25.7,1.72,0.0
20230928:1110,356.01,255.0,0.0,43.2,26.49,2.28,0.0
20230928:1210,20.0,256.0,0.0,35.69,23.28,3.93,0.0
20230928:1310,0.0,37.0,0.0,26.17,21.97,0.28,0.0
20230928:1410,147.0,79.0,0.0,15.49,22.23,2.07,0.0
20230928:1510,18.0,21.33,0.0,4.22,21.65,2.14,0.0
20230928:1610,0.0,0.0,0.0,0.0,20.36,1.52,0.0
20230928:1710,0.0,0.0,0.0,0.0,19.29,1.38,0.0
20230928:1810,0.0,0.0,0.0,0.0,18.01,1.03,0.0
20230928:1910,0.0,0.0,0.0,0.0,18.26,0.62,0.0
20230928:2010,0.0,0.0,0.0,0.0,17.58,0.55,0.0
20230928:2110,0.0,0.0,0.0,0.0,16.93,0.69,0.0
20230928:2210,0.0,0.0,0.0,0.0,16.31,0.69,0.0
20230928:2310,0.0,0.0,0.0,0.0,15.84,0.62,0.0
20230929:0010,0.0,0.0,0.0,0.0,15.4,0.62,0.0
20230929:0110,0.0,0.0,0.0,0.0,15.11,0.76,0.0
20230929:0210,0.0,0.0,0.0,0.0,14.78,0.83,0.0
20230929:0310,0.0,0.0,0.0,0.0,14.47,0.76,0.0
20230929:0410,0.0,12.0,0.0,4.59,14.21,0.69,0.0
20230929:0510,0.0,65.0,0.0,15.83,15.06,0.48,0.0
20230929:0610,1.0,136.0,0.0,26.44,17.85,0.83,0.0
20230929:0710,323.01,199.0,0.0,35.84,19.59,0.97,0.0
20230929:0810,533.01,149.0,0.0,43.17,21.45,1.52,0.0
20230929:0910,588.01,154.0,0.0,47.26,22.59,1.86,0.0
20230929:1010,468.01,226.0,0.0,47.13,23.37,2.41,0.0
20230929:1110,491.01,173.0,0.0,42.81,23.7,2.62,0.0
20230929:1210,270.0,223.0,0.0,35.32,23.52,2.62,0.0
20230929:1310,250.0,136.0,0.0,25.83,23.29,2.62,0.0
20230929:1410,117.0,90.0,0.0,15.17,22.93,2.83,0.0
20230929:1510,3.0,20.32,0.0,3.9,21.76,2.28,0.0
20230929:1610,0.0,0.0,0.0,0.0,20.76,1.45,0.0
20230929:1710,0.0,0.0,0.0,0.0,19.69,0.76,0.0
20230929:1810,0.0,0.0,0.0,0.0,19.45,0.55,0.0
20230929:1910,0.0,0.0,0.0,0.0,18.14,1.03,0.0
20230929:2010,0.0,0.0,0.0,0.0,17.51,1.03,0.0
20230929:2110,0.0,0.0,0.0,0.0,16.57,1.1,0.0
20230929:2210,0.0,0.0,0.0,0.0,15.65,1.31,0.0
20230929:2310,0.0,0.0,0.0,0.0,14.78,1.38,0.0
20230930:0010,0.0,0.0,0.0,0.0,14.18,1.45,0.0
20230930:0110,0.0,0.0,0.0,0.0,13.78,1.45,0.0
20230930:0210,0.0,0.0,0.0,0.0,13.51,1.38,0.0
20230930:0310,0.0,0.0,0.0,0.0,13.14,1.31,0.0
20230930:0410,0.0,4.0,0.0,4.4,13.12,1.1,0.0
20230930:0510,33.0,117.0,0.0,15.63,14.04,0.69,0.0
20230930:0610,243.0,141.0,0.0,26.21,16.36,0.69,0.0
20230930:0710,417.01,142.0,0.0,35.57,19.23,0.55,0.0
20230930:0810,509.01,161.0,0.0,42.85,20.77,0.14,0.0
20230930:0910,529.01,187.0,0.0,46.89,22.04,0.76,0.0
20230930:1010,419.01,250.0,0.0,46.73,23.08,1.38,0.0
20230930:1110,15.0,287.0,0.0,42.42,23.52,1.72,0.0
20230930:1210,55.0,275.0,0.0,34.96,23.6,2.14,0.0
20230930:1310,0.0,53.0,0.0,25.48,22.37,2.21,0.0
20230930:1410,20.0,109.0,0.0,14.84,20.76,1.45,0.0
20230930:1510,2.0,18.55,0.0,3.58,19.51,1.93,0.0
20230930:1610,0.0,0.0,0.0,0.0,18.29,1.93,0.0
20230930:1710,0.0,0.0,0.0,0.0,17.52,1.66,0.0
20230930:1810,0.0,0.0,0.0,0.0,16.69,1.31,0.0
20230930:1910,0.0,0.0,0.0,0.0,16.65,0.48,0.0
20230930:2010,0.0,0.0,0.0,0.0,16.26,0.62,0.0
20230930:2110,0.0,0.0,0.0,0.0,15.17,0.97,0.0
20230930:2210,0.0,0.0,0.0,0.0,14.65,0.9,0.0
20230930:2310,0.0,0.0,0.0,0.0,14.71,0.69,0.0
20231001:0010,0.0,0.0,0.0,0.0,14.22,0.76,0.0
20231001:0110,0.0,0.0,0.0,0.0,13.54,0.83,0.0
20231001:0210,0.0,0.0,0.0,0.0,13.34,0.83,0.0
20231001:0310,0.0,0.0,0.0,0.0,13.31,0.69,0.0
20231001:0410,0.0,5.0,0.0,4.21,12.9,0.83,0.0
20231001:0510,17.0,110.0,0.0,15.42,13.4,1.1,0.0
20231001:0610,0.0,80.0,0.0,25.98,15.35,1.59,0.0
20231001:0710,0.0,127.0,0.0,35.3,15.48,0.76,0.0
20231001:0810,42.0,319.0,0.0,42.52,16.7,0.55,0.0
20231001:0910,2.0,253.0,0.0,46.51,18.18,0.34,0.0
20231001:1010,0.0,113.0,0.0,46.33,19.01,0.41,0.0
20231001:1110,223.0,303.0,0.0,42.03,19.99,0.69,0.0
20231001:1210,12.0,234.0,0.0,34.59,20.15,1.38,0.0
20231001:1310,0.0,46.0,0.0,25.14,20.38,1.72,0.0
20231001:1410,13.0,102.0,0.0,14.52,19.56,2.55,0.0
20231001:1510,0.0,8.0,0.0,3.27,17.79,2.0,0.0
20231001:1610,0.0,0.0,0.0,0.0,16.82,1.86,0.0
20231001:1710,0.0,0.0,0.0,0.0,15.69,1.93,0.0
20231001:1810,0.0,0.0,0.0,0.0,15.28,2.0,0.0
20231001:1910,0.0,0.0,0.0,0.0,14.35,0.83,0.0
20231001:2010,0.0,0.0,0.0,0.0,14.02,1.03,0.0
20231001:2110,0.0,0.0,0.0,0.0,13.41,1.31,0.0
20231001:2210,0.0,0.0,0.0,0.0,13.08,1.45,0.0
20231001:2310,0.0,0.0,0.0,0.0,13.01,1.66,0.0
20231002:0010,0.0,0.0,0.0,0.0,13.11,1.59,0.0
20231002:0110,0.0,0.0,0.0,0.0,12.97,1.52,0.0
20231002:0210,0.0,0.0,0.0,0.0,12.55,1.52,0.0
20231002:0310,0.0,0.0,0.0,0.0,12.33,1.59,0.0
20231002:0410,0.0,13.0,0.0,4.02,11.8,1.59,0.0
20231002:0510,0.0,68.0,0.0,15.22,13.26,1.45,0.0
20231002:0610,29.0,195.0,0.0,25.74,14.9,2.9,0.0
20231002:0710,112.0,276.0,0.0,35.02,16.26,3.52,0.0
20231002:0810,42.0,318.0,0.0,42.2,17.25,3.72,0.0
20231002:0910,64.0,354.0,0.0,46.14,18.72,4.14,0.0
20231002:1010,72.0,356.0,0.0,45.94,19.26,4.41,0.0
20231002:1110,316.01,260.0,0.0,41.64,18.97,4.55,0.0
20231002:1210,120.0,270.0,0.0,34.23,18.98,4.69,0.0
20231002:1310,0.0,111.0,0.0,24.8,19.12,4.83,0.0
20231002:1410,14.0,101.0,0.0,14.19,18.13,4.62,0.0
20231002:1510,0.0,9.0,0.0,2.96,16.98,3.86,0.0
20231002:1610,0.0,0.0,0.0,0.0,15.69,3.59,0.0
20231002:1710,0.0,0.0,0.0,0.0,14.72,3.17,0.0
20231002:1810,0.0,0.0,0.0,0.0,14.08,2.83,0.0
20231002:1910,0.0,0.0,0.0,0.0,13.86,2.48,0.0
20231002:2010,0.0,0.0,0.0,0.0,13.45,2.48,0.0
20231002:2110,0.0,0.0,0.0,0.0,13.19,2.41,0.0
20231002:2210,0.0,0.0,0.0,0.0,13.12,2.14,0.0
20231002:2310,0.0,0.0,0.0,0.0,13.13,2.07,0.0
20231003:0010,0.0,0.0,0.0,0.0,12.8,2.07,0.0
20231003:0110,0.0,0.0,0.0,0.0,12.79,2.0,0.0
20231003:0210,0.0,0.0,0.0,0.0,12.84,2.28,0.0
20231003:0310,0.0,0.0,0.0,0.0,12.67,2.41,0.0
20231003:0410,0.0,21.0,0.0,3.83,12.39,2.41,0.0
20231003:0510,142.0,75.0,0.0,15.01,12.5,2.83,0.0
20231003:0610,280.01,117.0,0.0,25.51,13.11,2.97,0.0
20231003:0710,310.01,201.0,0.0,34.74,14.42,2.9,0.0
20231003:0810,524.01,149.0,0.0,41.87,15.91,2.69,0.0
20231003:0910,270.0,322.0,0.0,45.76,17.34,2.28,0.0
20231003:1010,196.0,347.0,0.0,45.54,18.46,2.28,0.0
20231003:1110,84.0,330.0,0.0,41.26,19.02,2.41,0.0
20231003:1210,1.0,181.0,0.0,33.87,19.48,2.62,0.0
20231003:1310,20.0,183.0,0.0,24.46,19.62,2.83,0.0
20231003:1410,125.0,74.0,0.0,13.87,19.14,3.03,0.0
20231003:1510,2.0,14.52,0.0,2.65,17.98,2.83,0.0
20231003:1610,0.0,0.0,0.0,0.0,16.19,2.83,0.0
20231003:1710,0.0,0.0,0.0,0.0,14.67,2.97,0.0
20231003:1810,0.0,0.0,0.0,0.0,13.26,2.76,0.0
20231003:1910,0.0,0.0,0.0,0.0,12.27,1.93,0.0
20231003:2010,0.0,0.0,0.0,0.0,10.91,1.86,0.0
20231003:2110,0.0,0.0,0.0,0.0,9.93,1.79,0.0
20231003:2210,0.0,0.0,0.0,0.0,9.25,1.79,0.0
20231003:2310,0.0,0.0,0.0,0.0,8.74,1.79,0.0
20231004:0010,0.0,0.0,0.0,0.0,8.51,1.66,0.0
20231004:0110,0.0,0.0,0.0,0.0,8.23,1.59,0.0
20231004:0210,0.0,0.0,0.0,0.0,7.82,1.59,0.0
20231004:0310,0.0,0.0,0.0,0.0,7.43,1.52,0.0
20231004:0410,0.0,20.0,0.0,3.64,7.24,1.52,0.0
20231004:0510,96.0,98.0,0.0,14.8,8.36,1.38,0.0
20231004:0610,252.0,135.0,0.0,25.27,11.79,1.66,0.0
20231004:0710,400.01,153.0,0.0,34.47,13.51,1.1,0.0
20231004:0810,486.01,177.0,0.0,41.54,15.24,0.83,0.0
20231004:0910,433.01,246.0,0.0,45.39,16.6,0.41,0.0
20231004:1010,564.01,167.0,0.0,45.15,17.74,0.21,0.0
20231004:1110,508.01,158.0,0.0,40.87,18.63,0.41,0.0
20231004:1210,328.01,186.0,0.0,33.5,19.18,0.55,0.0
20231004:1310,288.01,104.0,0.0,24.12,19.4,0.62,0.0
20231004:1410,114.0,79.0,0.0,13.55,19.17,0.55,0.0
20231004:1510,1.0,11.78,0.0,2.34,18.56,0.41,0.0
20231004:1610,0.0,0.0,0.0,0.0,17.32,0.34,0.0
20231004:1710,0.0,0.0,0.0,0.0,16.47,0.55,0.0
20231004:1810,0.0,0.0,0.0,0.0,15.48,0.9,0.0
20231004:1910,0.0,0.0,0.0,0.0,14.33,0.62,0.0
20231004:2010,0.0,0.0,0.0,0.0,13.49,0.83,0.0
20231004:2110,0.0,0.0,0.0,0.0,12.73,0.83,0.0
20231004:2210,0.0,0.0,0.0,0.0,12.13,0.76,0.0
20231004:2310,0.0,0.0,0.0,0.0,11.65,0.83,0.0
20231005:0010,0.0,0.0,0.0,0.0,11.21,0.76,0.0
20231005:0110,0.0,0.0,0.0,0.0,10.75,0.83,0.0
20231005:0210,0.0,0.0,0.0,0.0,10.39,0.83,0.0
20231005:0310,0.0,0.0,0.0,0.0,10.09,0.9,0.0
20231005:0410,0.0,16.0,0.0,3.44,9.8,0.83,0.0
20231005:0510,99.0,95.0,0.0,14.59,10.42,0.62,0.0
20231005:0610,260.0,128.0,0.0,25.03,13.63,0.83,0.0
20231005:0710,413.01,143.0,0.0,34.19,15.1,0.69,0.0
20231005:0810,522.01,153.0,0.0,41.21,16.82,0.55,0.0
20231005:0910,563.01,166.0,0.0,45.02,18.26,0.55,0.0
20231005:1010,571.01,159.0,0.0,44.76,19.42,0.55,0.0
20231005:1110,514.01,151.0,0.0,40.49,20.22,0.48,0.0
20231005:1210,352.01,169.0,0.0,33.14,20.7,0.48,0.0
20231005:1310,288.01,101.0,0.0,23.79,20.81,0.62,0.0
20231005:1410,124.0,70.0,0.0,13.24,20.5,0.76,0.0
20231005:1510,0.0,8.0,0.0,2.03,19.77,0.76,0.0
20231005:1610,0.0,0.0,0.0,0.0,17.86,1.03,0.0
20231005:1710,0.0,0.0,0.0,0.0,16.1,1.17,0.0
20231005:1810,0.0,0.0,0.0,0.0,15.81,1.03,0.0
20231005:1910,0.0,0.0,0.0,0.0,14.89,0.97,0.0
20231005:2010,0.0,0.0,0.0,0.0,14.02,0.76,0.0
20231005:2110,0.0,0.0,0.0,0.0,13.32,0.62,0.0
20231005:2210,0.0,0.0,0.0,0.0,12.76,0.62,0.0
20231005:2310,0.0,0.0,0.0,0.0,12.32,0.69,0.0
20231006:0010,0.0,0.0,0.0,0.0,11.92,0.76,0.0
20231006:0110,0.0,0.0,0.0,0.0,11.68,0.83,0.0
20231006:0210,0.0,0.0,0.0,0.0,11.4,0.83,0.0
20231006:0310,0.0,0.0,0.0,0.0,11.16,0.76,0.0
20231006:0410,0.0,15.0,0.0,3.25,10.9,0.62,0.0
20231006:0510,99.0,92.0,0.0,14.38,11.34,0.41,0.0
20231006:0610,262.01,123.0,0.0,24.79,14.48,0.41,0.0
20231006:0710,405.01,143.0,0.0,33.91,16.5,0.21,0.0
20231006:0810,513.01,152.0,0.0,40.88,18.31,0.41,0.0
20231006:0910,564.01,159.0,0.0,44.64,19.6,0.55,0.0
20231006:1010,550.01,166.0,0.0,44.36,20.53,0.69,0.0
20231006:1110,475.01,169.0,0.0,40.11,21.23,1.1,0.0
20231006:1210,324.01,179.0,0.0,32.79,21.67,1.38,0.0
20231006:1310,233.0,127.0,0.0,23.45,21.75,1.24,0.0
20231006:1410,85.0,85.0,0.0,12.92,21.48,1.03,0.0
20231006:1510,0.0,5.0,0.0,1.72,20.63,0.48,0.0
20231006:1610,0.0,0.0,0.0,0.0,19.2,0.55,0.0
20231006:1710,0.0,0.0,0.0,0.0,17.27,1.03,0.0
20231006:1810,0.0,0.0,0.0,0.0,15.05,1.52,0.0
20231006:1910,0.0,0.0,0.0,0.0,13.68,1.66,0.0
20231006:2010,0.0,0.0,0.0,0.0,12.43,1.79,0.0
20231006:2110,0.0,0.0,0.0,0.0,11.4,1.86,0.0
20231006:2210,0.0,0.0,0.0,0.0,10.64,1.93,0.0
20231006:2310,0.0,0.0,0.0,0.0,9.98,2.07,0.0
20231007:0010,0.0,0.0,0.0,0.0,9.46,2.07,0.0
20231007:0110,0.0,0.0,0.0,0.0,8.96,2.07,0.0
20231007:0210,0.0,0.0,0.0,0.0,8.61,2.07,0.0
20231007:0310,0.0,0.0,0.0,0.0,8.28,2.0,0.0
20231007:0410,0.0,14.0,0.0,3.05,8.04,1.93,0.0
20231007:0510,65.0,102.0,0.0,14.17,9.45,1.59,0.0
20231007:0610,126.0,184.0,0.0,24.55,13.95,2.0,0.0
20231007:0710,284.01,206.0,0.0,33.62,16.07,2.14,0.0
20231007:0810,185.0,313.0,0.0,40.55,17.66,2.34,0.0
20231007:0910,239.0,325.0,0.0,44.27,18.88,2.0,0.0
20231007:1010,371.01,262.0,0.0,43.97,19.77,1.59,0.0
20231007:1110,484.01,157.0,0.0,39.73,20.44,1.24,0.0
20231007:1210,262.0,206.0,0.0,32.43,20.85,1.03,0.0
20231007:1310,233.0,121.0,0.0,23.12,20.94,0.97,0.0
20231007:1410,101.0,73.0,0.0,12.61,20.57,0.97,0.0
20231007:1510,0.0,3.0,0.0,1.42,19.82,0.9,0.0
20231007:1610,0.0,0.0,0.0,0.0,17.97,1.1,0.0
20231007:1710,0.0,0.0,0.0,0.0,16.5,1.03,0.0
20231007:1810,0.0,0.0,0.0,0.0,16.2,0.97,0.0
20231007:1910,0.0,0.0,0.0,0.0,15.41,0.76,0.0
20231007:2010,0.0,0.0,0.0,0.0,14.66,0.62,0.0
20231007:2110,0.0,0.0,0.0,0.0,14.05,0.48,0.0
20231007:2210,0.0,0.0,0.0,0.0,13.59,0.41,0.0
20231007:2310,0.0,0.0,0.0,0.0,13.18,0.41,0.0
20231008:0010,0.0,0.0,0.0,0.0,12.88,0.34,0.0
20231008:0110,0.0,0.0,0.0,0.0,12.71,0.21,0.0
20231008:0210,0.0,0.0,0.0,0.0,12.55,0.14,0.0
20231008:0310,0.0,0.0,0.0,0.0,12.31,0.14,0.0
20231008:0410,0.0,14.0,0.0,2.86,12.07,0.34,0.0
20231008:0510,115.0,80.0,0.0,13.96,12.38,0.55,0.0
20231008:0610,272.01,112.0,0.0,24.31,15.13,0.83,0.0
20231008:0710,422.01,127.0,0.0,33.34,17.72,1.72,0.0
20231008:0810,525.01,139.0,0.0,40.22,19.65,2.41,0.0
20231008:0910,567.01,151.0,0.0,43.9,21.19,3.03,0.0
20231008:1010,553.01,157.0,0.0,43.58,22.29,3.31,0.0
20231008:1110,457.01,173.0,0.0,39.35,23.01,3.52,0.0
20231008:1210,263.0,205.0,0.0,32.07,23.31,3.52,0.0
20231008:1310,226.0,123.0,0.0,22.79,23.22,3.45,0.0
20231008:1410,91.0,76.0,0.0,12.29,22.63,3.1,0.0
20231008:1510,0.0,0.0,0.0,0.0,21.07,2.0,0.0
20231008:1610,0.0,0.0,0.0,0.0,19.02,1.59,0.0
20231008:1710,0.0,0.0,0.0,0.0,17.27,1.38,0.0
20231008:1810,0.0,0.0,0.0,0.0,16.56,1.38,0.0
20231008:1910,0.0,0.0,0.0,0.0,16.63,1.31,0.0
20231008:2010,0.0,0.0,0.0,0.0,15.08,1.59,0.0
20231008:2110,0.0,0.0,0.0,0.0,13.38,1.93,0.0
20231008:2210,0.0,0.0,0.0,0.0,12.36,2.0,0.0
20231008:2310,0.0,0.0,0.0,0.0,12.12,1.79,0.0
20231009:0010,0.0,0.0,0.0,0.0,12.71,1.38,0.0
20231009:0110,0.0,0.0,0.0,0.0,12.7,1.24,0.0
20231009:0210,0.0,0.0,0.0,0.0,11.88,1.31,0.0
20231009:0310,0.0,0.0,0.0,0.0,11.7,1.24,0.0
20231009:0410,0.0,2.0,0.0,2.66,10.14,1.45,0.0
20231009:0510,8.0,92.0,0.0,13.74,10.83,1.17,0.0
20231009:0610,0.0,75.0,0.0,24.06,14.76,1.52,0.0
20231009:0710,144.0,258.0,0.0,33.06,15.27,2.76,0.0
20231009:0810,64.0,317.0,0.0,39.89,15.75,3.31,0.0
20231009:0910,283.01,299.0,0.0,43.53,16.14,3.52,0.0
20231009:1010,0.0,126.0,0.0,43.2,16.64,3.24,0.0
20231009:1110,32.0,295.0,0.0,38.97,17.36,2.9,0.0
20231009:1210,15.0,226.0,0.0,31.72,17.61,3.03,0.0
20231009:1310,46.0,179.0,0.0,22.46,17.41,2.76,0.0
20231009:1410,1.0,60.0,0.0,11.99,16.89,2.55,0.0
20231009:1510,0.0,0.0,0.0,0.0,15.88,2.28,0.0
20231009:1610,0.0,0.0,0.0,0.0,14.5,2.41,0.0
20231009:1710,0.0,0.0,0.0,0.0,13.35,2.62,0.0
20231009:1810,0.0,0.0,0.0,0.0,12.43,2.48,0.0
20231009:1910,0.0,0.0,0.0,0.0,11.37,1.72,0.0
20231009:2010,0.0,0.0,0.0,0.0,10.11,1.31,0.0
20231009:2110,0.0,0.0,0.0,0.0,9.71,1.1,0.0
20231009:2210,0.0,0.0,0.0,0.0,9.58,0.97,0.0
20231009:2310,0.0,0.0,0.0,0.0,9.63,0.76,0.0
20231010:0010,0.0,0.0,0.0,0.0,9.26,0.55,0.0
20231010:0110,0.0,0.0,0.0,0.0,8.94,0.62,0.0
20231010:0210,0.0,0.0,0.0,0.0,8.68,0.83,0.0
20231010:0310,0.0,0.0,0.0,0.0,8.41,0.76,0.0
20231010:0410,0.0,9.0,0.0,2.46,8.18,0.48,0.0
20231010:0510,106.0,78.0,0.0,13.52,8.72,0.28,0.0
20231010:0610,267.01,107.0,0.0,23.82,10.87,0.41,0.0
20231010:0710,389.01,136.0,0.0,32.77,13.54,0.97,0.0
20231010:0810,486.01,151.0,0.0,39.56,15.15,2.07,0.0
20231010:0910,338.01,270.0,0.0,43.16,16.32,2.62,0.0
20231010:1010,542.01,151.0,0.0,42.81,17.39,2.62,0.0
20231010:1110,438.01,171.0,0.0,38.6,18.22,2.69,0.0
20231010:1210,307.01,170.0,0.0,31.37,18.62,2.9,0.0
20231010:1310,235.01,108.0,0.0,22.14,18.48,2.76,0.0
20231010:1410,106.0,61.0,0.0,11.68,18.29,2.62,0.0
20231010:1510,0.0,0.0,0.0,0.0,17.32,2.0,0.0
20231010:1610,0.0,0.0,0.0,0.0,15.87,1.79,0.0
20231010:1710,0.0,0.0,0.0,0.0,14.1,2.0,0.0
20231010:1810,0.0,0.0,0.0,0.0,12.48,2.41,0.0
20231010:1910,0.0,0.0,0.0,0.0,11.15,2.21,0.0
20231010:2010,0.0,0.0,0.0,0.0,9.76,1.93,0.0
20231010:2110,0.0,0.0,0.0,0.0,8.82,1.79,0.0
20231010:2210,0.0,0.0,0.0,0.0,8.5,1.66,0.0
20231010:2310,0.0,0.0,0.0,0.0,8.25,1.52,0.0
20231011:0010,0.0,0.0,0.0,0.0,8.0,1.52,0.0
20231011:0110,0.0,0.0,0.0,0.0,7.47,1.66,0.0
20231011:0210,0.0,0.0,0.0,0.0,7.05,1.72,0.0
20231011:0310,0.0,0.0,0.0,0.0,6.63,1.79,0.0
20231011:0410,0.0,3.0,0.0,2.26,6.21,1.93,0.0
20231011:0510,7.0,88.0,0.0,13.31,7.3,1.86,0.0
20231011:0610,74.0,189.0,0.0,23.57,10.58,2.97,0.0
20231011:0710,393.01,135.0,0.0,32.49,12.59,3.17,0.0
20231011:0810,510.01,138.0,0.0,39.23,14.35,3.17,0.0
20231011:0910,510.01,175.0,0.0,42.79,15.84,3.1,0.0
20231011:1010,197.0,328.0,0.0,42.43,16.87,3.1,0.0
20231011:1110,60.0,308.0,0.0,38.22,17.55,3.1,0.0
20231011:1210,106.0,253.0,0.0,31.02,17.92,3.24,0.0
20231011:1310,33.0,174.0,0.0,21.81,17.84,3.45,0.0
20231011:1410,11.0,80.0,0.0,11.37,17.19,3.45,0.0
20231011:1510,0.0,0.0,0.0,0.0,15.99,2.83,0.0
20231011:1610,0.0,0.0,0.0,0.0,14.35,2.83,0.0
20231011:1710,0.0,0.0,0.0,0.0,13.0,3.03,0.0
20231011:1810,0.0,0.0,0.0,0.0,11.8,3.03,0.0
20231011:1910,0.0,0.0,0.0,0.0,10.75,3.66,0.0
20231011:2010,0.0,0.0,0.0,0.0,9.65,3.45,0.0
20231011:2110,0.0,0.0,0.0,0.0,8.77,3.1,0.0
20231011:2210,0.0,0.0,0.0,0.0,8.11,2.83,0.0
20231011:2310,0.0,0.0,0.0,0.0,7.41,2.55,0.0
20231012:0010,0.0,0.0,0.0,0.0,6.88,2.34,0.0
20231012:0110,0.0,0.0,0.0,0.0,6.38,2.28,0.0
20231012:0210,0.0,0.0,0.0,0.0,5.64,2.14,0.0
20231012:0310,0.0,0.0,0.0,0.0,4.96,2.0,0.0
20231012:0410,0.0,8.0,0.0,2.06,4.32,1.86,0.0
20231012:0510,122.0,69.0,0.0,13.09,5.36,1.66,0.0
20231012:0610,274.01,104.0,0.0,23.32,8.16,2.07,0.0
20231012:0710,413.01,125.0,0.0,32.2,10.69,2.41,0.0
20231012:0810,506.01,143.0,0.0,38.9,12.82,2.55,0.0
20231012:0910,547.01,155.0,0.0,42.42,14.69,2.41,0.0
20231012:1010,522.01,167.0,0.0,42.05,16.2,2.14,0.0
20231012:1110,424.01,182.0,0.0,37.85,17.24,1.79,0.0
20231012:1210,260.01,196.0,0.0,30.68,17.86,1.59,0.0
20231012:1310,198.0,127.0,0.0,21.49,18.02,1.45,0.0
20231012:1410,81.0,69.0,0.0,11.07,17.65,1.38,0.0
20231012:1510,0.0,0.0,0.0,0.0,16.68,1.24,0.0
20231012:1610,0.0,0.0,0.0,0.0,14.77,1.17,0.0
20231012:1710,0.0,0.0,0.0,0.0,13.09,1.1,0.0
20231012:1810,0.0,0.0,0.0,0.0,12.84,0.9,0.0
20231012:1910,0.0,0.0,0.0,0.0,11.85,0.76,0.0
20231012:2010,0.0,0.0,0.0,0.0,11.08,0.55,0.0
20231012:2110,0.0,0.0,0.0,0.0,10.42,0.48,0.0
20231012:2210,0.0,0.0,0.0,0.0,9.86,0.41,0.0
20231012:2310,0.0,0.0,0.0,0.0,9.43,0.41,0.0
20231013:0010,0.0,0.0,0.0,0.0,9.09,0.41,0.0
20231013:0110,0.0,0.0,0.0,0.0,8.96,0.41,0.0
20231013:0210,0.0,0.0,0.0,0.0,8.76,0.41,0.0
20231013:0310,0.0,0.0,0.0,0.0,8.57,0.34,0.0
20231013:0410,0.0,6.0,0.0,1.86,8.41,0.34,0.0
20231013:0510,126.0,65.0,0.0,12.87,8.68,0.21,0.0
20231013:0610,275.01,102.0,0.0,23.08,12.05,0.21,0.0
20231013:0710,415.01,123.0,0.0,31.91,14.17,0.55,0.0
20231013:0810,508.01,142.0,0.0,38.56,16.25,0.69,0.0
20231013:0910,549.01,154.0,0.0,42.05,17.84,0.97,0.0
20231013:1010,523.01,166.0,0.0,41.67,19.08,1.1,0.0
20231013:1110,442.01,171.0,0.0,37.49,19.93,1.24,0.0
20231013:1210,312.01,167.0,0.0,30.33,20.4,1.31,0.0
20231013:1310,201.0,123.0,0.0,21.17,20.44,1.31,0.0
20231013:1410,72.0,71.0,0.0,10.77,19.97,1.24,0.0
20231013:1510,0.0,0.0,0.0,0.0,18.88,0.83,0.0
20231013:1610,0.0,0.0,0.0,0.0,17.09,0.69,0.0
20231013:1710,0.0,0.0,0.0,0.0,16.26,0.48,0.0
20231013:1810,0.0,0.0,0.0,0.0,15.32,0.14,0.0
20231013:1910,0.0,0.0,0.0,0.0,13.89,0.76,0.0
20231013:2010,0.0,0.0,0.0,0.0,12.86,0.83,0.0
20231013:2110,0.0,0.0,0.0,0.0,12.08,0.76,0.0
20231013:2210,0.0,0.0,0.0,0.0,11.49,0.76,0.0
20231013:2310,0.0,0.0,0.0,0.0,10.97,0.83,0.0
20231014:0010,0.0,0.0,0.0,0.0,10.51,0.97,0.0
20231014:0110,0.0,0.0,0.0,0.0,10.32,1.1,0.0
20231014:0210,0.0,0.0,0.0,0.0,10.0,1.24,0.0
20231014:0310,0.0,0.0,0.0,0.0,9.15,1.31,0.0
20231014:0410,0.0,3.0,0.0,1.66,8.5,1.31,0.0
20231014:0510,116.0,68.0,0.0,12.65,8.84,1.17,0.0
20231014:0610,269.01,102.0,0.0,22.83,11.87,1.1,0.0
20231014:0710,401.01,127.0,0.0,31.62,15.51,1.31,0.0
20231014:0810,492.01,147.0,0.0,38.23,17.66,1.59,0.0
20231014:0910,521.01,166.0,0.0,41.69,19.2,1.86,0.0
20231014:1010,506.01,171.0,0.0,41.29,20.2,1.79,0.0
20231014:1110,411.01,184.0,0.0,37.12,20.78,1.59,0.0
20231014:1210,255.01,193.0,0.0,29.99,21.05,1.45,0.0
20231014:1310,177.0,132.0,0.0,20.86,20.94,1.38,0.0
20231014:1410,65.0,70.0,0.0,10.48,20.48,1.38,0.0
20231014:1510,0.0,0.0,0.0,0.0,19.28,1.45,0.0
20231014:1610,0.0,0.0,0.0,0.0,16.79,1.52,0.0
20231014:1710,0.0,0.0,0.0,0.0,14.52,1.45,0.0
20231014:1810,0.0,0.0,0.0,0.0,13.65,1.31,0.0
20231014:1910,0.0,0.0,0.0,0.0,12.05,1.52,0.0
20231014:2010,0.0,0.0,0.0,0.0,11.57,1.38,0.0
20231014:2110,0.0,0.0,0.0,0.0,11.12,1.31,0.0
20231014:2210,0.0,0.0,0.0,0.0,11.28,1.17,0.0
20231014:2310,0.0,0.0,0.0,0.0,11.13,1.1,0.0
20231015:0010,0.0,0.0,0.0,0.0,10.91,1.03,0.0
20231015:0110,0.0,0.0,0.0,0.0,10.77,1.03,0.0
20231015:0210,0.0,0.0,0.0,0.0,10.65,1.03,0.0
20231015:0310,0.0,0.0,0.0,0.0,10.49,1.03,0.0
20231015:0410,0.0,5.0,0.0,1.45,10.35,0.97,0.0
20231015:0510,8.0,84.0,0.0,12.43,10.7,0.83,0.0
20231015:0610,216.01,123.0,0.0,22.58,12.95,0.76,0.0
20231015:0710,343.01,150.0,0.0,31.34,16.11,0.69,0.0
20231015:0810,394.01,191.0,0.0,37.9,18.42,0.55,0.0
20231015:0910,169.0,325.0,0.0,41.33,19.92,0.83,0.0
20231015:1010,214.0,307.0,0.0,40.91,20.91,1.38,0.0
20231015:1110,136.0,295.0,0.0,36.76,21.4,1.79,0.0
20231015:1210,205.0,206.0,0.0,29.65,21.25,1.93,0.0
20231015:1310,170.0,126.0,0.0,20.55,20.86,1.72,0.0
20231015:1410,89.0,55.0,0.0,10.18,20.25,1.31,0.0
20231015:1510,0.0,0.0,0.0,0.0,19.02,0.9,0.0
20231015:1610,0.0,0.0,0.0,0.0,17.1,0.9,0.0
20231015:1710,0.0,0.0,0.0,0.0,15.03,1.45,0.0
20231015:1810,0.0,0.0,0.0,0.0,13.31,1.66,0.0
20231015:1910,0.0,0.0,0.0,0.0,13.53,1.1,0.0
20231015:2010,0.0,0.0,0.0,0.0,12.84,1.17,0.0
20231015:2110,0.0,0.0,0.0,0.0,12.67,1.1,0.0
20231015:2210,0.0,0.0,0.0,0.0,12.43,1.03,0.0
20231015:2310,0.0,0.0,0.0,0.0,12.01,0.97,0.0
20231016:0010,0.0,0.0,0.0,0.0,11.63,0.97,0.0
20231016:0110,0.0,0.0,0.0,0.0,11.1,0.97,0.0
20231016:0210,0.0,0.0,0.0,0.0,10.68,1.1,0.0
20231016:0310,0.0,0.0,0.0,0.0,10.05,1.17,0.0
20231016:0410,0.0,0.0,0.0,0.0,9.9,1.1,0.0
20231016:0510,99.0,68.0,0.0,12.2,10.05,0.97,0.0
20231016:0610,246.01,103.0,0.0,22.32,12.61,1.1,0.0
20231016:0710,386.01,120.0,0.0,31.05,15.22,1.86,0.0
20231016:0810,478.01,137.0,0.0,37.57,17.12,2.69,0.0
20231016:0910,518.01,148.0,0.0,40.96,18.72,3.24,0.0
20231016:1010,484.01,165.0,0.0,40.54,19.72,3.59,0.0
20231016:1110,383.01,182.0,0.0,36.4,20.04,3.93,0.0
20231016:1210,371.01,112.0,0.0,29.32,20.09,4.14,0.0
20231016:1310,115.0,147.0,0.0,20.24,19.78,4.14,0.0
20231016:1410,0.0,17.0,0.0,9.89,18.8,3.86,0.0
20231016:1510,0.0,0.0,0.0,0.0,17.46,3.66,0.0
20231016:1610,0.0,0.0,0.0,0.0,15.5,3.52,0.0
20231016:1710,0.0,0.0,0.0,0.0,13.88,3.31,0.0
20231016:1810,0.0,0.0,0.0,0.0,12.75,2.69,0.0
20231016:1910,0.0,0.0,0.0,0.0,12.59,2.83,0.0
20231016:2010,0.0,0.0,0.0,0.0,11.56,2.48,0.0
20231016:2110,0.0,0.0,0.0,0.0,10.88,2.28,0.0
20231016:2210,0.0,0.0,0.0,0.0,10.46,1.93,0.0
20231016:2310,0.0,0.0,0.0,0.0,10.1,1.66,0.0
20231017:0010,0.0,0.0,0.0,0.0,9.86,1.45,0.0
20231017:0110,0.0,0.0,0.0,0.0,9.58,1.38,0.0
20231017:0210,0.0,0.0,0.0,0.0,9.28,1.45,0.0
20231017:0310,0.0,0.0,0.0,0.0,9.36,1.52,0.0
20231017:0410,0.0,0.0,0.0,0.0,9.1,1.52,0.0
20231017:0510,6.0,76.0,0.0,11.98,9.56,1.66,0.0
20231017:0610,201.0,123.0,0.0,22.07,10.96,2.83,0.0
20231017:0710,335.01,145.0,0.0,30.76,12.1,2.9,0.0
20231017:0810,410.01,171.0,0.0,37.24,13.22,2.62,0.0
20231017:0910,403.01,210.0,0.0,40.6,14.26,2.28,0.0
20231017:1010,201.0,303.0,0.0,40.17,14.78,2.07,0.0
20231017:1110,92.0,292.0,0.0,36.04,15.68,1.86,0.0
20231017:1210,47.0,232.0,0.0,28.99,16.08,2.07,0.0
20231017:1310,36.0,156.0,0.0,19.93,15.99,2.97,0.0
20231017:1410,29.0,69.0,0.0,9.61,15.62,3.38,0.0
20231017:1510,0.0,0.0,0.0,0.0,14.51,3.03,0.0
20231017:1610,0.0,0.0,0.0,0.0,13.22,2.62,0.0
20231017:1710,0.0,0.0,0.0,0.0,12.22,2.34,0.0
20231017:1810,0.0,0.0,0.0,0.0,11.43,2.07,0.0
20231017:1910,0.0,0.0,0.0,0.0,11.4,1.79,0.0
20231017:2010,0.0,0.0,0.0,0.0,10.27,1.72,0.0
20231017:2110,0.0,0.0,0.0,0.0,9.71,1.59,0.0
20231017:2210,0.0,0.0,0.0,0.0,9.29,1.52,0.0
20231017:2310,0.0,0.0,0.0,0.0,9.1,1.52,0.0
20231018:0010,0.0,0.0,0.0,0.0,8.99,1.38,0.0
20231018:0110,0.0,0.0,0.0,0.0,8.54,1.38,0.0
20231018:0210,0.0,0.0,0.0,0.0,8.53,1.38,0.0
20231018:0310,0.0,0.0,0.0,0.0,8.26,1.31,0.0
20231018:0410,0.0,0.0,0.0,0.0,8.11,1.17,0.0
20231018:0510,0.0,18.0,0.0,11.76,8.61,0.76,0.0
20231018:0610,15.0,158.0,0.0,21.82,9.91,0.48,0.0
20231018:0710,0.0,97.0,0.0,30.47,11.16,0.69,0.0
20231018:0810,0.0,84.0,0.0,36.92,11.64,0.9,0.0
20231018:0910,0.0,104.0,0.0,40.24,12.23,1.59,0.0
20231018:1010,0.0,78.0,0.0,39.8,12.79,2.55,0.0
20231018:1110,0.0,94.0,0.0,35.69,13.32,3.86,0.0
20231018:1210,2.0,165.0,0.0,28.66,13.02,3.79,0.0
20231018:1310,0.0,48.0,0.0,19.63,12.82,3.52,0.0
20231018:1410,3.0,55.0,0.0,9.33,12.66,3.24,0.0
20231018:1510,0.0,0.0,0.0,0.0,12.14,2.69,0.0
20231018:1610,0.0,0.0,0.0,0.0,11.69,2.41,0.0
20231018:1710,0.0,0.0,0.0,0.0,10.96,2.0,0.0
20231018:1810,0.0,0.0,0.0,0.0,10.23,1.79,0.0
20231018:1910,0.0,0.0,0.0,0.0,9.22,1.52,0.0
20231018:2010,0.0,0.0,0.0,0.0,8.56,1.45,0.0
20231018:2110,0.0,0.0,0.0,0.0,8.08,1.45,0.0
20231018:2210,0.0,0.0,0.0,0.0,7.68,1.45,0.0
20231018:2310,0.0,0.0,0.0,0.0,7.12,1.52,0.0
20231019:0010,0.0,0.0,0.0,0.0,7.07,1.38,0.0
20231019:0110,0.0,0.0,0.0,0.0,6.84,1.31,0.0
20231019:0210,0.0,0.0,0.0,0.0,6.79,1.17,0.0
20231019:0310,0.0,0.0,0.0,0.0,6.59,1.1,0.0
20231019:0410,0.0,0.0,0.0,0.0,6.97,0.9,0.0
20231019:0510,94.0,64.0,0.0,11.53,7.49,0.48,0.0
20231019:0610,220.01,111.0,0.0,21.57,9.2,0.55,0.0
20231019:0710,211.0,209.0,0.0,30.18,10.93,1.03,0.0
20231019:0810,200.0,275.0,0.0,36.59,12.36,1.24,0.0
20231019:0910,174.0,313.0,0.0,39.88,13.38,1.1,0.0
20231019:1010,64.0,319.0,0.0,39.44,14.02,1.17,0.0
20231019:1110,131.0,286.0,0.0,35.34,14.45,1.1,0.0
20231019:1210,195.0,198.0,0.0,28.33,14.88,1.38,0.0
20231019:1310,117.0,138.0,0.0,19.33,15.18,1.52,0.0
20231019:1410,47.0,60.0,0.0,9.05,15.07,1.59,0.0
20231019:1510,0.0,0.0,0.0,0.0,14.36,1.17,0.0
20231019:1610,0.0,0.0,0.0,0.0,13.1,1.24,0.0
20231019:1710,0.0,0.0,0.0,0.0,11.53,1.24,0.0
20231019:1810,0.0,0.0,0.0,0.0,10.71,1.1,0.0
20231019:1910,0.0,0.0,0.0,0.0,11.81,0.83,0.0
20231019:2010,0.0,0.0,0.0,0.0,10.81,0.97,0.0
20231019:2110,0.0,0.0,0.0,0.0,10.36,0.97,0.0
20231019:2210,0.0,0.0,0.0,0.0,10.2,0.83,0.0
20231019:2310,0.0,0.0,0.0,0.0,9.63,0.83,0.0
20231020:0010,0.0,0.0,0.0,0.0,9.15,0.83,0.0
20231020:0110,0.0,0.0,0.0,0.0,8.58,0.76,0.0
20231020:0210,0.0,0.0,0.0,0.0,8.18,0.69,0.0
20231020:0310,0.0,0.0,0.0,0.0,7.85,0.69,0.0
20231020:0410,0.0,0.0,0.0,0.0,7.55,0.69,0.0
20231020:0510,83.0,67.0,0.0,11.3,7.73,0.55,0.0
20231020:0610,236.01,99.0,0.0,21.31,10.42,0.76,0.0
20231020:0710,368.01,121.0,0.0,29.89,13.01,1.59,0.0
20231020:0810,448.01,145.0,0.0,36.26,15.23,2.21,0.0
20231020:0910,496.01,151.0,0.0,39.53,17.08,2.76,0.0
20231020:1010,480.01,156.0,0.0,39.07,18.48,3.1,0.0
20231020:1110,386.01,169.0,0.0,34.99,19.39,3.24,0.0
20231020:1210,288.01,148.0,0.0,28.01,19.95,3.24,0.0
20231020:1310,156.0,118.0,0.0,19.03,19.98,3.1,0.0
20231020:1410,47.0,58.0,0.0,8.77,19.36,2.48,0.0
20231020:1510,0.0,0.0,0.0,0.0,17.82,1.59,0.0
20231020:1610,0.0,0.0,0.0,0.0,15.92,1.03,0.0
20231020:1710,0.0,0.0,0.0,0.0,15.71,0.48,0.0
20231020:1810,0.0,0.0,0.0,0.0,14.76,0.41,0.0
20231020:1910,0.0,0.0,0.0,0.0,14.02,0.34,0.0
20231020:2010,0.0,0.0,0.0,0.0,13.43,0.48,0.0
20231020:2110,0.0,0.0,0.0,0.0,12.99,0.62,0.0
20231020:2210,0.0,0.0,0.0,0.0,12.68,0.48,0.0
20231020:2310,0.0,0.0,0.0,0.0,12.5,0.48,0.0
20231021:0010,0.0,0.0,0.0,0.0,12.32,0.55,0.0
20231021:0110,0.0,0.0,0.0,0.0,12.18,0.55,0.0
20231021:0210,0.0,0.0,0.0,0.0,12.06,0.62,0.0
20231021:0310,0.0,0.0,0.0,0.0,11.9,0.62,0.0
20231021:0410,0.0,0.0,0.0,0.0,11.69,0.62,0.0
20231021:0510,72.0,69.0,0.0,11.08,11.3,0.48,0.0
20231021:0610,221.01,102.0,0.0,21.06,13.23,0.41,0.0
20231021:0710,349.01,126.0,0.0,29.6,16.59,1.17,0.0
20231021:0810,426.01,150.0,0.0,35.93,18.91,1.66,0.0
20231021:0910,472.01,157.0,0.0,39.18,20.73,2.14,0.0
20231021:1010,165.0,304.0,0.0,38.71,22.1,2.48,0.0
20231021:1110,269.01,225.0,0.0,34.64,22.96,2.55,0.0
20231021:1210,315.01,125.0,0.0,27.69,23.34,2.41,0.0
20231021:1310,166.0,107.0,0.0,18.74,23.24,2.28,0.0
20231021:1410,44.0,56.0,0.0,8.5,22.48,1.66,0.0
20231021:1510,0.0,0.0,0.0,0.0,20.96,1.17,0.0
20231021:1610,0.0,0.0,0.0,0.0,19.31,0.69,0.0
20231021:1710,0.0,0.0,0.0,0.0,18.43,0.34,0.0
20231021:1810,0.0,0.0,0.0,0.0,17.48,0.14,0.0
20231021:1910,0.0,0.0,0.0,0.0,16.72,0.34,0.0
20231021:2010,0.0,0.0,0.0,0.0,15.83,0.48,0.0
20231021:2110,0.0,0.0,0.0,0.0,15.16,0.62,0.0
20231021:2210,0.0,0.0,0.0,0.0,14.69,0.69,0.0
20231021:2310,0.0,0.0,0.0,0.0,14.39,0.55,0.0
20231022:0010,0.0,0.0,0.0,0.0,14.2,0.41,0.0
20231022:0110,0.0,0.0,0.0,0.0,14.17,0.34,0.0
20231022:0210,0.0,0.0,0.0,0.0,14.0,0.41,0.0
20231022:0310,0.0,0.0,0.0,0.0,13.85,0.41,0.0
20231022:0410,0.0,0.0,0.0,0.0,13.7,0.48,0.0
20231022:0510,65.0,70.0,0.0,10.85,13.77,0.62,0.0
20231022:0610,212.01,104.0,0.0,20.8,15.98,0.34,0.0
20231022:0710,337.01,129.0,0.0,29.31,18.41,0.21,0.0
20231022:0810,429.01,144.0,0.0,35.61,20.73,0.34,0.0
20231022:0910,466.01,156.0,0.0,38.82,22.29,0.28,0.0
20231022:1010,258.01,265.0,0.0,38.36,23.36,0.28,0.0
20231022:1110,131.0,274.0,0.0,34.3,24.02,0.55,0.0
20231022:1210,134.0,210.0,0.0,27.38,24.35,0.9,0.0
20231022:1310,167.0,103.0,0.0,18.45,24.3,1.1,0.0
20231022:1410,3.0,47.0,0.0,8.23,23.68,1.03,0.0
20231022:1510,0.0,0.0,0.0,0.0,22.3,0.9,0.0
20231022:1610,0.0,0.0,0.0,0.0,20.01,0.9,0.0
20231022:1710,0.0,0.0,0.0,0.0,19.05,0.97,0.0
20231022:1810,0.0,0.0,0.0,0.0,17.94,0.9,0.0
20231022:1910,0.0,0.0,0.0,0.0,17.23,0.9,0.0
20231022:2010,0.0,0.0,0.0,0.0,16.28,0.9,0.0
20231022:2110,0.0,0.0,0.0,0.0,15.48,0.76,0.0
20231022:2210,0.0,0.0,0.0,0.0,14.85,0.69,0.0
20231022:2310,0.0,0.0,0.0,0.0,14.38,0.76,0.0
20231023:0010,0.0,0.0,0.0,0.0,13.98,0.83,0.0
20231023:0110,0.0,0.0,0.0,0.0,13.79,0.76,0.0
20231023:0210,0.0,0.0,0.0,0.0,13.51,0.62,0.0
20231023:0310,0.0,0.0,0.0,0.0,13.21,0.48,0.0
20231023:0410,0.0,0.0,0.0,0.0,12.99,0.41,0.0
20231023:0510,32.0,77.0,0.0,10.62,13.05,0.34,0.0
20231023:0610,67.0,163.0,0.0,20.55,15.41,0.14,0.0
20231023:0710,329.01,132.0,0.0,29.02,18.76,0.41,0.0
20231023:0810,427.01,144.0,0.0,35.29,21.18,0.76,0.0
20231023:0910,482.01,145.0,0.0,38.48,22.83,0.97,0.0
20231023:1010,458.01,155.0,0.0,38.0,23.89,1.31,0.0
20231023:1110,393.01,150.0,0.0,33.97,24.44,1.79,0.0
20231023:1210,314.01,119.0,0.0,27.07,24.56,2.07,0.0
20231023:1310,175.01,96.0,0.0,18.16,24.36,2.21,0.0
20231023:1410,57.0,46.0,0.0,7.97,23.08,1.66,0.0
20231023:1510,0.0,0.0,0.0,0.0,21.72,1.1,0.0
20231023:1610,0.0,0.0,0.0,0.0,20.12,0.76,0.0
20231023:1710,0.0,0.0,0.0,0.0,19.46,0.48,0.0
20231023:1810,0.0,0.0,0.0,0.0,18.54,0.28,0.0
20231023:1910,0.0,0.0,0.0,0.0,17.77,0.34,0.0
20231023:2010,0.0,0.0,0.0,0.0,16.88,0.28,0.0
20231023:2110,0.0,0.0,0.0,0.0,16.23,0.21,0.0
20231023:2210,0.0,0.0,0.0,0.0,15.77,0.07,0.0
20231023:2310,0.0,0.0,0.0,0.0,15.46,0.07,0.0
20231024:0010,0.0,0.0,0.0,0.0,15.16,0.21,0.0
20231024:0110,0.0,0.0,0.0,0.0,14.99,0.14,0.0
20231024:0210,0.0,0.0,0.0,0.0,14.81,0.14,0.0
20231024:0310,0.0,0.0,0.0,0.0,14.65,0.41,0.0
20231024:0410,0.0,0.0,0.0,0.0,14.35,0.34,0.0
20231024:0510,48.0,72.0,0.0,10.39,14.16,0.28,0.0
20231024:0610,180.01,117.0,0.0,20.29,15.98,0.21,0.0
20231024:0710,314.01,138.0,0.0,28.73,18.47,0.9,0.0
20231024:0810,373.01,173.0,0.0,34.96,20.61,1.31,0.0
20231024:0910,375.01,205.0,0.0,38.13,22.09,1.79,0.0
20231024:1010,455.01,154.0,0.0,37.65,23.24,2.41,0.0
20231024:1110,406.01,140.0,0.0,33.63,23.79,3.17,0.0
20231024:1210,311.01,118.0,0.0,26.76,23.7,3.24,0.0
20231024:1310,161.0,101.0,0.0,17.88,23.36,2.97,0.0
20231024:1410,30.0,53.0,0.0,7.71,22.5,2.21,0.0
20231024:1510,0.0,0.0,0.0,0.0,20.85,1.79,0.0
20231024:1610,0.0,0.0,0.0,0.0,18.78,1.45,0.0
20231024:1710,0.0,0.0,0.0,0.0,18.94,0.83,0.0
20231024:1810,0.0,0.0,0.0,0.0,18.14,0.14,0.0
20231024:1910,0.0,0.0,0.0,0.0,17.53,0.21,0.0
20231024:2010,0.0,0.0,0.0,0.0,16.63,0.21,0.0
20231024:2110,0.0,0.0,0.0,0.0,15.92,0.41,0.0
20231024:2210,0.0,0.0,0.0,0.0,15.38,0.48,0.0
20231024:2310,0.0,0.0,0.0,0.0,14.9,0.48,0.0
20231025:0010,0.0,0.0,0.0,0.0,14.63,0.48,0.0
20231025:0110,0.0,0.0,0.0,0.0,14.38,0.62,0.0
20231025:0210,0.0,0.0,0.0,0.0,14.14,0.9,0.0
20231025:0310,0.0,0.0,0.0,0.0,13.54,0.9,0.0
20231025:0410,0.0,0.0,0.0,0.0,12.77,0.83,0.0
20231025:0510,56.0,67.0,0.0,10.17,12.45,0.9,0.0
20231025:0610,134.0,138.0,0.0,20.04,13.92,0.83,0.0
20231025:0710,219.01,188.0,0.0,28.45,18.05,1.66,0.0
20231025:0810,331.01,196.0,0.0,34.64,20.64,2.48,0.0
20231025:0910,142.0,305.0,0.0,37.79,22.49,3.52,0.0
20231025:1010,120.0,305.0,0.0,37.31,23.67,4.41,0.0
20231025:1110,218.01,239.0,0.0,33.3,24.15,4.76,0.0
20231025:1210,121.0,208.0,0.0,26.46,24.31,4.69,0.0
20231025:1310,22.0,135.0,0.0,17.6,24.04,4.41,0.0
20231025:1410,12.0,51.0,0.0,7.45,22.96,2.9,0.0
20231025:1510,0.0,0.0,0.0,0.0,21.28,1.79,0.0
20231025:1610,0.0,0.0,0.0,0.0,19.2,1.38,0.0
20231025:1710,0.0,0.0,0.0,0.0,17.41,1.66,0.0
20231025:1810,0.0,0.0,0.0,0.0,15.66,1.93,0.0
20231025:1910,0.0,0.0,0.0,0.0,15.45,1.86,0.0
20231025:2010,0.0,0.0,0.0,0.0,14.45,2.0,0.0
20231025:2110,0.0,0.0,0.0,0.0,13.84,2.21,0.0
20231025:2210,0.0,0.0,0.0,0.0,13.41,2.34,0.0
20231025:2310,0.0,0.0,0.0,0.0,13.27,2.21,0.0
20231026:0010,0.0,0.0,0.0,0.0,13.16,2.14,0.0
20231026:0110,0.0,0.0,0.0,0.0,13.21,2.0,0.0
20231026:0210,0.0,0.0,0.0,0.0,12.92,1.93,0.0
20231026:0310,0.0,0.0,0.0,0.0,12.67,1.93,0.0
20231026:0410,0.0,0.0,0.0,0.0,12.35,2.0,0.0
20231026:0510,2.0,55.0,0.0,9.94,12.49,1.93,0.0
20231026:0610,20.0,149.0,0.0,19.78,14.53,1.72,0.0
20231026:0710,25.0,216.0,0.0,28.16,18.27,2.0,0.0
20231026:0810,233.01,239.0,0.0,34.32,19.78,2.55,0.0
20231026:0910,230.01,270.0,0.0,37.45,20.51,2.69,0.0
20231026:1010,117.0,300.0,0.0,36.97,21.37,2.62,0.0
20231026:1110,84.0,270.0,0.0,32.98,22.16,2.76,0.0
20231026:1210,76.0,213.0,0.0,26.16,22.61,2.97,0.0
20231026:1310,78.0,130.0,0.0,17.33,22.7,2.83,0.0
20231026:1410,4.0,43.0,0.0,7.2,22.01,1.86,0.0
20231026:1510,0.0,0.0,0.0,0.0,20.55,0.97,0.0
20231026:1610,0.0,0.0,0.0,0.0,19.8,0.34,0.0
20231026:1710,0.0,0.0,0.0,0.0,18.83,0.28,0.0
20231026:1810,0.0,0.0,0.0,0.0,17.78,0.83,0.0
20231026:1910,0.0,0.0,0.0,0.0,15.51,1.59,0.0
20231026:2010,0.0,0.0,0.0,0.0,13.98,2.21,0.0
20231026:2110,0.0,0.0,0.0,0.0,13.44,2.14,0.0
20231026:2210,0.0,0.0,0.0,0.0,12.96,1.93,0.0
20231026:2310,0.0,0.0,0.0,0.0,12.73,1.79,0.0
20231027:0010,0.0,0.0,0.0,0.0,12.62,1.66,0.0
20231027:0110,0.0,0.0,0.0,0.0,12.8,1.52,0.0
20231027:0210,0.0,0.0,0.0,0.0,13.47,1.24,0.0
20231027:0310,0.0,0.0,0.0,0.0,13.28,1.17,0.0
20231027:0410,0.0,0.0,0.0,0.0,12.12,1.31,0.0
20231027:0510,79.0,53.0,0.0,9.71,12.0,1.17,0.0
20231027:0610,156.0,120.0,0.0,19.53,14.31,1.24,0.0
20231027:0710,317.01,126.0,0.0,27.87,18.41,2.28,0.0
20231027:0810,392.01,151.0,0.0,34.01,20.64,3.17,0.0
20231027:0910,427.01,163.0,0.0,37.11,21.95,3.66,0.0
20231027:1010,341.01,208.0,0.0,36.63,22.81,3.93,0.0
20231027:1110,309.01,184.0,0.0,32.66,23.69,4.41,0.0
20231027:1210,294.01,117.0,0.0,25.86,24.06,4.48,0.0
20231027:1310,53.0,134.0,0.0,17.06,24.03,4.21,0.0
20231027:1410,48.0,40.0,0.0,6.95,23.36,3.1,0.0
20231027:1510,0.0,0.0,0.0,0.0,21.49,2.07,0.0
20231027:1610,0.0,0.0,0.0,0.0,19.27,2.07,0.0
20231027:1710,0.0,0.0,0.0,0.0,17.12,2.28,0.0
20231027:1810,0.0,0.0,0.0,0.0,15.55,2.41,0.0
20231027:1910,0.0,0.0,0.0,0.0,15.51,2.9,0.0
20231027:2010,0.0,0.0,0.0,0.0,15.21,2.9,0.0
20231027:2110,0.0,0.0,0.0,0.0,14.76,2.83,0.0
20231027:2210,0.0,0.0,0.0,0.0,14.24,2.83,0.0
20231027:2310,0.0,0.0,0.0,0.0,13.75,2.69,0.0
20231028:0010,0.0,0.0,0.0,0.0,12.98,2.62,0.0
20231028:0110,0.0,0.0,0.0,0.0,12.12,2.55,0.0
20231028:0210,0.0,0.0,0.0,0.0,11.44,2.41,0.0
20231028:0310,0.0,0.0,0.0,0.0,11.06,2.34,0.0
20231028:0410,0.0,0.0,0.0,0.0,10.7,2.34,0.0
20231028:0510,37.0,66.0,0.0,9.48,10.93,2.21,0.0
20231028:0610,15.0,141.0,0.0,19.27,14.22,2.0,0.0
20231028:0710,161.0,203.0,0.0,27.59,18.1,3.66,0.0
20231028:0810,141.0,267.0,0.0,33.69,19.3,4.34,0.0
20231028:0910,260.01,251.0,0.0,36.77,20.25,4.21,0.0
20231028:1010,353.01,199.0,0.0,36.29,21.16,4.0,0.0
20231028:1110,320.01,175.0,0.0,32.34,21.8,3.86,0.0
20231028:1210,297.01,113.0,0.0,25.57,22.1,3.66,0.0
20231028:1310,88.0,122.0,0.0,16.8,22.08,3.31,0.0
20231028:1410,13.0,46.0,0.0,6.71,21.53,2.28,0.0
20231028:1510,0.0,0.0,0.0,0.0,20.34,0.83,0.0
20231028:1610,0.0,0.0,0.0,0.0,19.26,0.28,0.0
20231028:1710,0.0,0.0,0.0,0.0,18.2,0.62,0.0
20231028:1810,0.0,0.0,0.0,0.0,17.21,0.69,0.0
20231028:1910,0.0,0.0,0.0,0.0,16.68,0.83,0.0
20231028:2010,0.0,0.0,0.0,0.0,16.22,0.62,0.0
20231028:2110,0.0,0.0,0.0,0.0,15.79,0.55,0.0
20231028:2210,0.0,0.0,0.0,0.0,15.32,0.48,0.0
20231028:2310,0.0,0.0,0.0,0.0,14.92,0.55,0.0
20231029:0010,0.0,0.0,0.0,0.0,14.54,0.62,0.0
20231029:0110,0.0,0.0,0.0,0.0,14.3,0.55,0.0
20231029:0210,0.0,0.0,0.0,0.0,14.05,0.41,0.0
20231029:0310,0.0,0.0,0.0,0.0,13.85,0.21,0.0
20231029:0410,0.0,0.0,0.0,0.0,13.61,0.14,0.0
20231029:0510,36.0,64.0,0.0,9.25,13.48,0.0,0.0
20231029:0610,110.0,135.0,0.0,19.02,15.41,0.21,0.0
20231029:0710,295.01,132.0,0.0,27.3,17.45,0.55,0.0
20231029:0810,381.01,149.0,0.0,33.38,19.71,0.48,0.0
20231029:0910,403.01,170.0,0.0,36.44,21.07,0.14,0.0
20231029:1010,402.01,165.0,0.0,35.96,21.93,0.69,0.0
20231029:1110,349.01,154.0,0.0,32.02,22.48,1.24,0.0
20231029:1210,294.01,110.0,0.0,25.28,22.86,1.72,0.0
20231029:1310,85.0,120.0,0.0,16.54,22.72,1.66,0.0
20231029:1410,3.0,38.0,0.0,6.47,22.0,1.45,0.0
20231029:1510,0.0,0.0,0.0,0.0,20.77,1.24,0.0
20231029:1610,0.0,0.0,0.0,0.0,19.07,1.17,0.0
20231029:1710,0.0,0.0,0.0,0.0,17.8,1.31,0.0
20231029:1810,0.0,0.0,0.0,0.0,16.41,1.72,0.0
20231029:1910,0.0,0.0,0.0,0.0,15.62,1.66,0.0
20231029:2010,0.0,0.0,0.0,0.0,15.24,1.93,0.0
20231029:2110,0.0,0.0,0.0,0.0,14.77,2.21,0.0
20231029:2210,0.0,0.0,0.0,0.0,14.17,2.28,0.0
20231029:2310,0.0,0.0,0.0,0.0,13.63,2.28,0.0
20231030:0010,0.0,0.0,0.0,0.0,12.87,2.21,0.0
20231030:0110,0.0,0.0,0.0,0.0,12.14,2.14,0.0
20231030:0210,0.0,0.0,0.0,0.0,11.95,2.07,0.0
20231030:0310,0.0,0.0,0.0,0.0,11.52,2.0,0.0
20231030:0410,0.0,0.0,0.0,0.0,10.97,1.93,0.0
20231030:0510,19.0,64.0,0.0,9.02,11.27,1.86,0.0
20231030:0610,114.0,132.0,0.0,18.76,14.37,1.93,0.0
20231030:0710,157.0,198.0,0.0,27.02,17.25,2.55,0.0
20231030:0810,157.0,257.0,0.0,33.07,19.06,2.9,0.0
20231030:0910,289.01,230.0,0.0,36.11,20.54,3.03,0.0
20231030:1010,279.01,230.0,0.0,35.63,21.62,2.83,0.0
20231030:1110,166.0,242.0,0.0,31.72,22.05,2.48,0.0
20231030:1210,243.01,136.0,0.0,25.0,22.45,2.28,0.0
20231030:1310,72.0,122.0,0.0,16.28,22.31,2.28,0.0
20231030:1410,7.0,41.0,0.0,6.24,21.6,2.07,0.0
20231030:1510,0.0,0.0,0.0,0.0,20.0,2.07,0.0
20231030:1610,0.0,0.0,0.0,0.0,18.45,2.0,0.0
20231030:1710,0.0,0.0,0.0,0.0,16.91,1.86,0.0
20231030:1810,0.0,0.0,0.0,0.0,15.36,1.79,0.0
20231030:1910,0.0,0.0,0.0,0.0,15.09,1.59,0.0
20231030:2010,0.0,0.0,0.0,0.0,14.31,1.52,0.0
20231030:2110,0.0,0.0,0.0,0.0,13.52,1.59,0.0
20231030:2210,0.0,0.0,0.0,0.0,13.0,1.52,0.0
20231030:2310,0.0,0.0,0.0,0.0,12.63,1.52,0.0
20231031:0010,0.0,0.0,0.0,0.0,12.51,1.38,0.0
20231031:0110,0.0,0.0,0.0,0.0,12.57,1.31,0.0
20231031:0210,0.0,0.0,0.0,0.0,12.69,1.17,0.0
20231031:0310,0.0,0.0,0.0,0.0,12.91,1.03,0.0
20231031:0410,0.0,0.0,0.0,0.0,12.58,1.03,0.0
20231031:0510,57.0,53.0,0.0,8.79,12.59,1.03,0.0
20231031:0610,182.01,96.0,0.0,18.51,14.07,0.76,0.0
20231031:0710,313.01,116.0,0.0,26.74,17.27,0.69,0.0
20231031:0810,383.01,143.0,0.0,32.76,19.72,0.83,0.0
20231031:0910,410.01,160.0,0.0,35.79,21.42,1.17,0.0
20231031:1010,384.01,171.0,0.0,35.31,22.64,1.52,0.0
20231031:1110,284.01,185.0,0.0,31.41,23.38,1.66,0.0
20231031:1210,296.01,104.0,0.0,24.72,23.62,1.59,0.0
20231031:1310,140.0,91.0,0.0,16.03,23.4,1.31,0.0
20231031:1410,3.0,34.0,0.0,6.01,22.65,0.83,0.0
20231031:1510,0.0,0.0,0.0,0.0,21.27,0.55,0.0
20231031:1610,0.0,0.0,0.0,0.0,20.33,0.55,0.0
20231031:1710,0.0,0.0,0.0,0.0,19.25,0.76,0.0
20231031:1810,0.0,0.0,0.0,0.0,18.19,0.9,0.0
20231031:1910,0.0,0.0,0.0,0.0,16.48,1.1,0.0
20231031:2010,0.0,0.0,0.0,0.0,15.65,1.1,0.0
20231031:2110,0.0,0.0,0.0,0.0,15.36,1.03,0.0
20231031:2210,0.0,0.0,0.0,0.0,15.03,0.9,0.0
20231031:2310,0.0,0.0,0.0,0.0,14.7,0.76,0.0
20231101:0010,0.0,0.0,0.0,0.0,14.35,0.62,0.0
20231101:0110,0.0,0.0,0.0,0.0,14.0,0.48,0.0
20231101:0210,0.0,0.0,0.0,0.0,13.7,0.48,0.0
20231101:0310,0.0,0.0,0.0,0.0,13.49,0.48,0.0
20231101:0410,0.0,0.0,0.0,0.0,13.24,0.62,0.0
20231101:0510,44.0,55.0,0.0,8.56,13.02,0.97,0.0
20231101:0610,134.0,116.0,0.0,18.26,14.83,0.83,0.0
20231101:0710,239.01,153.0,0.0,26.46,17.24,1.24,0.0
20231101:0810,404.01,123.0,0.0,32.45,19.2,2.48,0.0
20231101:0910,431.01,141.0,0.0,35.46,20.36,2.9,0.0
20231101:1010,388.01,162.0,0.0,34.99,21.37,3.52,0.0
20231101:1110,0.0,130.0,0.0,31.11,21.63,3.24,0.0
20231101:1210,0.0,111.0,0.0,24.45,21.77,3.31,0.0
20231101:1310,1.0,85.0,0.0,15.79,21.28,3.31,0.0
20231101:1410,0.0,21.0,0.0,5.79,19.93,2.69,0.0
20231101:1510,0.0,0.0,0.0,0.0,18.49,1.17,0.0
20231101:1610,0.0,0.0,0.0,0.0,17.81,0.21,0.0
20231101:1710,0.0,0.0,0.0,0.0,17.1,0.07,0.0
20231101:1810,0.0,0.0,0.0,0.0,16.42,0.07,0.0
20231101:1910,0.0,0.0,0.0,0.0,14.56,0.62,0.0
20231101:2010,0.0,0.0,0.0,0.0,13.89,0.48,0.0
20231101:2110,0.0,0.0,0.0,0.0,13.3,0.41,0.0
20231101:2210,0.0,0.0,0.0,0.0,12.78,0.48,0.0
20231101:2310,0.0,0.0,0.0,0.0,12.36,0.62,0.0
20231102:0010,0.0,0.0,0.0,0.0,11.98,0.62,0.0
20231102:0110,0.0,0.0,0.0,0.0,11.59,0.69,0.0
20231102:0210,0.0,0.0,0.0,0.0,11.19,0.97,0.0
20231102:0310,0.0,0.0,0.0,0.0,10.25,1.17,0.0
20231102:0410,0.0,0.0,0.0,0.0,9.54,1.24,0.0
20231102:0510,55.0,48.0,0.0,8.33,9.62,1.24,0.0
20231102:0610,5.0,117.0,0.0,18.01,12.08,1.1,0.0
20231102:0710,44.0,210.0,0.0,26.18,14.06,1.31,0.0
20231102:0810,237.01,215.0,0.0,32.15,15.83,1.59,0.0
20231102:0910,17.0,255.0,0.0,35.15,17.06,2.07,0.0
20231102:1010,9.0,233.0,0.0,34.67,18.31,2.83,0.0
20231102:1110,0.0,149.0,0.0,30.82,18.89,3.17,0.0
20231102:1210,0.0,93.0,0.0,24.18,19.08,3.31,0.0
20231102:1310,0.0,76.0,0.0,15.55,18.36,3.17,0.0
20231102:1410,0.0,6.0,0.0,5.57,17.03,2.41,0.0
20231102:1510,0.0,0.0,0.0,0.0,15.85,1.52,0.0
20231102:1610,0.0,0.0,0.0,0.0,13.85,0.9,0.0
20231102:1710,0.0,0.0,0.0,0.0,13.06,0.48,0.0
20231102:1810,0.0,0.0,0.0,0.0,12.39,0.34,0.0
20231102:1910,0.0,0.0,0.0,0.0,12.42,1.86,0.0
20231102:2010,0.0,0.0,0.0,0.0,11.95,2.41,0.0
20231102:2110,0.0,0.0,0.0,0.0,11.6,2.76,0.0
20231102:2210,0.0,0.0,0.0,0.0,11.11,2.9,0.0
20231102:2310,0.0,0.0,0.0,0.0,10.66,2.9,0.0
20231103:0010,0.0,0.0,0.0,0.0,10.29,2.55,0.0
20231103:0110,0.0,0.0,0.0,0.0,10.4,2.48,0.0
20231103:0210,0.0,0.0,0.0,0.0,10.25,2.48,0.0
20231103:0310,0.0,0.0,0.0,0.0,10.17,2.21,0.0
20231103:0410,0.0,0.0,0.0,0.0,9.67,2.0,0.0
20231103:0510,6.0,52.0,0.0,8.1,9.35,1.79,0.0
20231103:0610,6.0,117.0,0.0,17.75,11.67,1.72,0.0
20231103:0710,150.0,190.0,0.0,25.9,13.87,2.48,0.0
20231103:0810,66.0,260.0,0.0,31.85,15.38,4.28,0.0
20231103:0910,60.0,283.0,0.0,34.83,16.82,4.69,0.0
20231103:1010,77.0,282.0,0.0,34.36,17.65,4.69,0.0
20231103:1110,80.0,250.0,0.0,30.52,18.18,4.76,0.0
20231103:1210,212.01,141.0,0.0,23.92,18.59,4.62,0.0
20231103:1310,93.0,105.0,0.0,15.31,18.44,3.52,0.0
20231103:1410,17.0,30.41,0.0,5.35,18.04,2.34,0.0
20231103:1510,0.0,0.0,0.0,0.0,16.8,1.17,0.0
20231103:1610,0.0,0.0,0.0,0.0,15.2,1.1,0.0
20231103:1710,0.0,0.0,0.0,0.0,14.18,1.24,0.0
20231103:1810,0.0,0.0,0.0,0.0,13.35,1.38,0.0
20231103:1910,0.0,0.0,0.0,0.0,12.41,1.38,0.0
20231103:2010,0.0,0.0,0.0,0.0,11.57,1.59,0.0
20231103:2110,0.0,0.0,0.0,0.0,11.16,1.66,0.0
20231103:2210,0.0,0.0,0.0,0.0,10.9,1.72,0.0
20231103:2310,0.0,0.0,0.0,0.0,10.91,1.72,0.0
20231104:0010,0.0,0.0,0.0,0.0,10.79,1.72,0.0
20231104:0110,0.0,0.0,0.0,0.0,10.53,1.66,0.0
20231104:0210,0.0,0.0,0.0,0.0,10.32,1.66,0.0
20231104:0310,0.0,0.0,0.0,0.0,9.95,1.72,0.0
20231104:0410,0.0,0.0,0.0,0.0,9.55,1.72,0.0
20231104:0510,21.0,55.0,0.0,7.87,9.6,1.66,0.0
20231104:0610,140.0,107.0,0.0,17.5,12.15,1.31,0.0
20231104:0710,202.01,165.0,0.0,25.63,16.05,1.79,0.0
20231104:0810,389.01,126.0,0.0,31.55,18.39,2.28,0.0
20231104:0910,433.01,133.0,0.0,34.52,20.0,2.62,0.0
20231104:1010,402.01,146.0,0.0,34.06,21.25,2.76,0.0
20231104:1110,420.01,95.0,0.0,30.24,22.09,2.83,0.0
20231104:1210,287.01,96.0,0.0,23.66,22.37,2.76,0.0
20231104:1310,167.01,66.0,0.0,15.08,22.28,2.41,0.0
20231104:1410,10.0,31.27,0.0,5.15,21.28,1.45,0.0
20231104:1510,0.0,0.0,0.0,0.0,19.14,1.52,0.0
20231104:1610,0.0,0.0,0.0,0.0,16.08,1.79,0.0
20231104:1710,0.0,0.0,0.0,0.0,14.1,1.79,0.0
20231104:1810,0.0,0.0,0.0,0.0,12.72,1.79,0.0
20231104:1910,0.0,0.0,0.0,0.0,12.52,1.66,0.0
20231104:2010,0.0,0.0,0.0,0.0,11.71,1.79,0.0
20231104:2110,0.0,0.0,0.0,0.0,11.08,2.0,0.0
20231104:2210,0.0,0.0,0.0,0.0,10.71,2.0,0.0
20231104:2310,0.0,0.0,0.0,0.0,10.2,2.21,0.0
20231105:0010,0.0,0.0,0.0,0.0,9.73,2.41,0.0
20231105:0110,0.0,0.0,0.0,0.0,9.54,2.62,0.0
20231105:0210,0.0,0.0,0.0,0.0,9.42,2.83,0.0
20231105:0310,0.0,0.0,0.0,0.0,9.64,2.9,0.0
20231105:0410,0.0,0.0,0.0,0.0,9.42,2.9,0.0
20231105:0510,3.0,46.0,0.0,7.65,10.19,2.9,0.0
20231105:0610,166.01,90.0,0.0,17.25,13.19,2.83,0.0
20231105:0710,306.01,104.0,0.0,25.35,16.45,2.76,0.0
20231105:0810,343.01,150.0,0.0,31.25,18.97,3.72,0.0
20231105:0910,313.01,199.0,0.0,34.21,20.82,5.1,0.0
20231105:1010,11.0,234.0,0.0,33.75,21.81,5.86,0.0
20231105:1110,0.0,145.0,0.0,29.96,22.25,5.86,0.0
20231105:1210,2.0,140.0,0.0,23.41,21.89,5.1,0.0
20231105:1310,1.0,85.0,0.0,14.85,21.44,4.21,0.0
20231105:1410,0.0,18.0,0.0,4.94,20.7,3.38,0.0
20231105:1510,0.0,0.0,0.0,0.0,19.63,3.1,0.0
20231105:1610,0.0,0.0,0.0,0.0,18.98,3.24,0.0
20231105:1710,0.0,0.0,0.0,0.0,18.17,3.52,0.0
20231105:1810,0.0,0.0,0.0,0.0,17.38,3.86,0.0
20231105:1910,0.0,0.0,0.0,0.0,16.65,4.14,0.0
20231105:2010,0.0,0.0,0.0,0.0,15.85,4.07,0.0
20231105:2110,0.0,0.0,0.0,0.0,15.32,4.07,0.0
20231105:2210,0.0,0.0,0.0,0.0,14.75,3.93,0.0
20231105:2310,0.0,0.0,0.0,0.0,14.29,3.66,0.0
20231106:0010,0.0,0.0,0.0,0.0,13.82,3.45,0.0
20231106:0110,0.0,0.0,0.0,0.0,13.34,3.24,0.0
20231106:0210,0.0,0.0,0.0,0.0,12.67,2.97,0.0
20231106:0310,0.0,0.0,0.0,0.0,12.03,2.76,0.0
20231106:0410,0.0,0.0,0.0,0.0,11.62,2.76,0.0
20231106:0510,4.0,44.0,0.0,7.42,11.6,2.76,0.0
20231106:0610,8.0,118.0,0.0,17.01,13.63,2.83,0.0
20231106:0710,227.01,146.0,0.0,25.08,15.37,5.38,0.0
20231106:0810,110.0,251.0,0.0,30.96,16.42,5.38,0.0
20231106:0910,54.0,275.0,0.0,33.91,17.36,5.17,0.0
20231106:1010,345.01,174.0,0.0,33.46,17.93,4.97,0.0
20231106:1110,299.01,158.0,0.0,29.68,18.4,4.83,0.0
20231106:1210,125.0,173.0,0.0,23.16,18.7,4.62,0.0
20231106:1310,20.0,111.0,0.0,14.63,18.76,4.21,0.0
20231106:1410,3.0,26.3,0.0,4.74,18.28,3.1,0.0
20231106:1510,0.0,0.0,0.0,0.0,17.14,2.14,0.0
20231106:1610,0.0,0.0,0.0,0.0,15.63,1.66,0.0
20231106:1710,0.0,0.0,0.0,0.0,14.21,1.45,0.0
20231106:1810,0.0,0.0,0.0,0.0,14.07,1.24,0.0
20231106:1910,0.0,0.0,0.0,0.0,14.71,0.97,0.0
20231106:2010,0.0,0.0,0.0,0.0,14.41,0.9,0.0
20231106:2110,0.0,0.0,0.0,0.0,13.98,0.9,0.0
20231106:2210,0.0,0.0,0.0,0.0,13.68,0.76,0.0
20231106:2310,0.0,0.0,0.0,0.0,13.38,0.62,0.0
20231107:0010,0.0,0.0,0.0,0.0,13.11,0.55,0.0
20231107:0110,0.0,0.0,0.0,0.0,12.87,0.55,0.0
20231107:0210,0.0,0.0,0.0,0.0,12.65,0.55,0.0
20231107:0310,0.0,0.0,0.0,0.0,12.38,0.69,0.0
20231107:0410,0.0,0.0,0.0,0.0,12.01,0.83,0.0
20231107:0510,15.0,50.0,0.0,7.19,11.8,0.83,0.0
20231107:0610,173.01,81.0,0.0,16.76,13.15,0.55,0.0
20231107:0710,306.01,98.0,0.0,24.81,15.34,0.62,0.0
20231107:0810,399.01,110.0,0.0,30.67,16.89,0.69,0.0
20231107:0910,437.01,121.0,0.0,33.61,17.93,0.83,0.0
20231107:1010,398.01,140.0,0.0,33.16,18.9,0.83,0.0
20231107:1110,372.01,113.0,0.0,29.41,19.32,0.62,0.0
20231107:1210,293.01,85.0,0.0,22.92,19.52,0.21,0.0
20231107:1310,159.01,63.0,0.0,14.42,19.45,0.07,0.0
20231107:1410,10.0,26.38,0.0,4.55,18.9,0.41,0.0
20231107:1510,0.0,0.0,0.0,0.0,17.59,0.76,0.0
20231107:1610,0.0,0.0,0.0,0.0,15.93,0.9,0.0
20231107:1710,0.0,0.0,0.0,0.0,15.06,0.97,0.0
20231107:1810,0.0,0.0,0.0,0.0,14.6,0.97,0.0
20231107:1910,0.0,0.0,0.0,0.0,14.14,0.9,0.0
20231107:2010,0.0,0.0,0.0,0.0,13.45,0.69,0.0
20231107:2110,0.0,0.0,0.0,0.0,12.9,0.62,0.0
20231107:2210,0.0,0.0,0.0,0.0,12.41,0.69,0.0
20231107:2310,0.0,0.0,0.0,0.0,12.03,0.62,0.0
20231108:0010,0.0,0.0,0.0,0.0,11.7,0.62,0.0
20231108:0110,0.0,0.0,0.0,0.0,11.26,0.55,0.0
20231108:0210,0.0,0.0,0.0,0.0,10.96,0.62,0.0
20231108:0310,0.0,0.0,0.0,0.0,10.69,0.69,0.0
20231108:0410,0.0,0.0,0.0,0.0,10.43,0.76,0.0
20231108:0510,36.0,44.0,0.0,6.97,10.2,0.83,0.0
20231108:0610,174.01,79.0,0.0,16.51,11.72,0.48,0.0
20231108:0710,301.01,101.0,0.0,24.54,14.26,0.76,0.0
20231108:0810,393.01,114.0,0.0,30.38,16.75,1.31,0.0
20231108:0910,439.01,119.0,0.0,33.31,18.33,2.14,0.0
20231108:1010,424.01,124.0,0.0,32.88,19.37,2.48,0.0
20231108:1110,328.01,139.0,0.0,29.15,19.96,2.62,0.0
20231108:1210,282.01,90.0,0.0,22.68,20.2,2.62,0.0
20231108:1310,119.0,83.0,0.0,14.21,19.99,2.48,0.0
20231108:1410,25.0,17.58,0.0,4.36,18.98,1.72,0.0
20231108:1510,0.0,0.0,0.0,0.0,17.37,1.52,0.0
20231108:1610,0.0,0.0,0.0,0.0,15.62,1.03,0.0
20231108:1710,0.0,0.0,0.0,0.0,15.6,0.69,0.0
20231108:1810,0.0,0.0,0.0,0.0,14.79,0.62,0.0
20231108:1910,0.0,0.0,0.0,0.0,13.82,0.62,0.0
20231108:2010,0.0,0.0,0.0,0.0,13.03,0.83,0.0
20231108:2110,0.0,0.0,0.0,0.0,12.31,0.9,0.0
20231108:2210,0.0,0.0,0.0,0.0,11.85,0.9,0.0
20231108:2310,0.0,0.0,0.0,0.0,11.62,0.9,0.0
20231109:0010,0.0,0.0,0.0,0.0,11.4,0.9,0.0
20231109:0110,0.0,0.0,0.0,0.0,11.18,0.97,0.0
20231109:0210,0.0,0.0,0.0,0.0,11.0,1.1,0.0
20231109:0310,0.0,0.0,0.0,0.0,10.26,1.24,0.0
20231109:0410,0.0,0.0,0.0,0.0,10.48,1.17,0.0
20231109:0510,52.0,35.0,0.0,6.74,9.95,1.24,0.0
20231109:0610,163.01,81.0,0.0,16.27,11.07,1.1,0.0
20231109:0710,269.01,114.0,0.0,24.28,14.06,1.38,0.0
20231109:0810,367.01,123.0,0.0,30.1,16.11,2.0,0.0
20231109:0910,419.01,125.0,0.0,33.02,17.56,2.62,0.0
20231109:1010,421.01,119.0,0.0,32.6,18.47,3.17,0.0
20231109:1110,350.01,120.0,0.0,28.89,18.64,3.72,0.0
20231109:1210,139.0,161.0,0.0,22.45,18.33,4.0,0.0
20231109:1310,0.0,69.0,0.0,14.0,17.36,3.66,0.0
20231109:1410,0.0,8.0,0.0,4.18,16.24,2.9,0.0
20231109:1510,0.0,0.0,0.0,0.0,14.59,2.48,0.0
20231109:1610,0.0,0.0,0.0,0.0,13.37,2.62,0.0
20231109:1710,0.0,0.0,0.0,0.0,12.19,2.41,0.0
20231109:1810,0.0,0.0,0.0,0.0,11.05,2.0,0.0
20231109:1910,0.0,0.0,0.0,0.0,10.87,1.79,0.0
20231109:2010,0.0,0.0,0.0,0.0,9.66,1.72,0.0
20231109:2110,0.0,0.0,0.0,0.0,8.81,1.66,0.0
20231109:2210,0.0,0.0,0.0,0.0,8.06,1.59,0.0
20231109:2310,0.0,0.0,0.0,0.0,7.42,1.59,0.0
20231110:0010,0.0,0.0,0.0,0.0,7.01,1.59,0.0
20231110:0110,0.0,0.0,0.0,0.0,6.52,1.66,0.0
20231110:0210,0.0,0.0,0.0,0.0,6.69,1.72,0.0
20231110:0310,0.0,0.0,0.0,0.0,6.63,1.79,0.0
20231110:0410,0.0,0.0,0.0,0.0,7.28,1.93,0.0
20231110:0510,3.0,39.0,0.0,6.52,7.46,1.93,0.0
20231110:0610,52.0,126.0,0.0,16.03,8.77,2.76,0.0
20231110:0710,139.0,178.0,0.0,24.01,9.89,2.48,0.0
20231110:0810,0.0,121.0,0.0,29.82,11.52,2.62,0.0
20231110:0910,288.01,199.0,0.0,32.74,12.42,2.83,0.0
20231110:1010,302.01,187.0,0.0,32.32,13.31,2.76,0.0
20231110:1110,124.0,228.0,0.0,28.63,14.23,2.69,0.0
20231110:1210,11.0,159.0,0.0,22.22,14.85,2.48,0.0
20231110:1310,46.0,106.0,0.0,13.8,15.04,2.28,0.0
20231110:1410,1.0,18.8,0.0,4.01,14.8,1.66,0.0
20231110:1510,0.0,0.0,0.0,0.0,14.1,1.17,0.0
20231110:1610,0.0,0.0,0.0,0.0,12.85,1.17,0.0
20231110:1710,0.0,0.0,0.0,0.0,11.53,1.17,0.0
20231110:1810,0.0,0.0,0.0,0.0,10.48,1.24,0.0
20231110:1910,0.0,0.0,0.0,0.0,9.24,1.52,0.0
20231110:2010,0.0,0.0,0.0,0.0,8.79,1.38,0.0
20231110:2110,0.0,0.0,0.0,0.0,9.04,1.1,0.0
20231110:2210,0.0,0.0,0.0,0.0,9.39,0.9,0.0
20231110:2310,0.0,0.0,0.0,0.0,8.91,1.03,0.0
20231111:0010,0.0,0.0,0.0,0.0,8.42,1.24,0.0
20231111:0110,0.0,0.0,0.0,0.0,8.12,1.38,0.0
20231111:0210,0.0,0.0,0.0,0.0,7.84,1.45,0.0
20231111:0310,0.0,0.0,0.0,0.0,7.6,1.52,0.0
20231111:0410,0.0,0.0,0.0,0.0,7.45,1.59,0.0
20231111:0510,0.0,42.0,0.0,6.3,7.37,1.59,0.0
20231111:0610,147.01,84.0,0.0,15.79,9.73,1.38,0.0
20231111:0710,267.01,109.0,0.0,23.75,13.83,2.14,0.0
20231111:0810,322.01,144.0,0.0,29.54,16.51,3.03,0.0
20231111:0910,327.01,173.0,0.0,32.46,18.77,4.34,0.0
20231111:1010,239.01,215.0,0.0,32.05,20.14,5.45,0.0
20231111:1110,235.01,179.0,0.0,28.38,20.76,6.0,0.0
20231111:1210,298.01,73.0,0.0,22.0,21.01,6.0,0.0
20231111:1310,124.01,72.0,0.0,13.61,20.76,5.45,0.0
20231111:1410,4.0,21.06,0.0,3.84,19.76,4.83,0.0
20231111:1510,0.0,0.0,0.0,0.0,18.35,4.28,0.0
20231111:1610,0.0,0.0,0.0,0.0,17.4,4.14,0.0
20231111:1710,0.0,0.0,0.0,0.0,16.72,4.41,0.0
20231111:1810,0.0,0.0,0.0,0.0,16.06,4.62,0.0
20231111:1910,0.0,0.0,0.0,0.0,15.6,4.76,0.0
20231111:2010,0.0,0.0,0.0,0.0,15.14,4.76,0.0
20231111:2110,0.0,0.0,0.0,0.0,14.73,4.69,0.0
20231111:2210,0.0,0.0,0.0,0.0,14.26,4.41,0.0
20231111:2310,0.0,0.0,0.0,0.0,14.0,4.28,0.0
20231112:0010,0.0,0.0,0.0,0.0,13.85,4.07,0.0
20231112:0110,0.0,0.0,0.0,0.0,13.63,4.07,0.0
20231112:0210,0.0,0.0,0.0,0.0,13.61,4.07,0.0
20231112:0310,0.0,0.0,0.0,0.0,13.49,4.07,0.0
20231112:0410,0.0,0.0,0.0,0.0,13.42,4.07,0.0
20231112:0510,0.0,17.0,0.0,6.08,13.6,4.0,0.0
20231112:0610,6.0,102.0,0.0,15.55,14.36,4.28,0.0
20231112:0710,22.0,180.0,0.0,23.5,13.03,3.66,0.0
20231112:0810,33.0,230.0,0.0,29.27,13.47,2.97,0.0
20231112:0910,187.01,238.0,0.0,32.18,14.04,3.31,0.0
20231112:1010,0.0,168.0,0.0,31.78,14.56,3.1,0.0
20231112:1110,0.0,150.0,0.0,28.14,15.55,3.79,0.0
20231112:1210,0.0,92.0,0.0,21.78,16.37,3.79,0.0
20231112:1310,0.0,61.0,0.0,13.42,16.48,3.59,0.0
20231112:1410,0.0,16.0,0.0,3.67,14.92,2.97,0.0
20231112:1510,0.0,0.0,0.0,0.0,14.0,1.93,0.0
20231112:1610,0.0,0.0,0.0,0.0,12.83,1.59,0.0
20231112:1710,0.0,0.0,0.0,0.0,11.82,1.79,0.0
20231112:1810,0.0,0.0,0.0,0.0,10.76,1.86,0.0
20231112:1910,0.0,0.0,0.0,0.0,11.22,1.38,0.0
20231112:2010,0.0,0.0,0.0,0.0,10.66,1.38,0.0
20231112:2110,0.0,0.0,0.0,0.0,10.12,1.38,0.0
20231112:2210,0.0,0.0,0.0,0.0,9.95,1.24,0.0
20231112:2310,0.0,0.0,0.0,0.0,9.8,1.1,0.0
20231113:0010,0.0,0.0,0.0,0.0,9.56,0.83,0.0
20231113:0110,0.0,0.0,0.0,0.0,9.47,0.62,0.0
20231113:0210,0.0,0.0,0.0,0.0,9.35,0.55,0.0
20231113:0310,0.0,0.0,0.0,0.0,9.19,0.48,0.0
20231113:0410,0.0,0.0,0.0,0.0,8.95,0.62,0.0
20231113:0510,0.0,38.0,0.0,5.86,8.06,0.83,0.0
20231113:0610,45.0,118.0,0.0,15.31,9.69,0.9,0.0
20231113:0710,80.0,185.0,0.0,23.24,11.72,1.03,0.0
20231113:0810,8.0,197.0,0.0,29.0,13.78,1.52,0.0
20231113:0910,93.0,261.0,0.0,31.91,15.58,1.93,0.0
20231113:1010,92.0,257.0,0.0,31.52,16.94,3.72,0.0
20231113:1110,0.0,131.0,0.0,27.9,17.25,3.59,0.0
20231113:1210,0.0,42.0,0.0,21.58,17.12,3.59,0.0
20231113:1310,0.0,35.0,0.0,13.24,16.09,3.03,0.0
20231113:1410,0.0,5.0,0.0,3.51,14.41,2.14,0.0
20231113:1510,0.0,0.0,0.0,0.0,13.29,1.86,0.0
20231113:1610,0.0,0.0,0.0,0.0,12.34,1.59,0.0
20231113:1710,0.0,0.0,0.0,0.0,12.33,2.28,0.0
20231113:1810,0.0,0.0,0.0,0.0,12.32,2.83,0.0
20231113:1910,0.0,0.0,0.0,0.0,12.33,3.24,0.0
20231113:2010,0.0,0.0,0.0,0.0,12.0,3.72,0.0
20231113:2110,0.0,0.0,0.0,0.0,11.61,3.66,0.0
20231113:2210,0.0,0.0,0.0,0.0,11.36,2.76,0.0
20231113:2310,0.0,0.0,0.0,0.0,11.05,2.41,0.0
20231114:0010,0.0,0.0,0.0,0.0,10.77,2.34,0.0
20231114:0110,0.0,0.0,0.0,0.0,10.23,2.14,0.0
20231114:0210,0.0,0.0,0.0,0.0,9.93,2.21,0.0
20231114:0310,0.0,0.0,0.0,0.0,9.56,2.28,0.0
20231114:0410,0.0,0.0,0.0,0.0,9.0,2.34,0.0
20231114:0510,0.0,30.0,0.0,5.64,8.66,2.14,0.0
20231114:0610,50.0,117.0,0.0,15.08,8.86,2.41,0.0
20231114:0710,15.0,172.0,0.0,22.99,9.84,2.14,0.0
20231114:0810,82.0,238.0,0.0,28.74,10.76,2.55,0.0
20231114:0910,37.0,253.0,0.0,31.64,11.5,2.34,0.0
20231114:1010,299.01,179.0,0.0,31.26,12.39,1.86,0.0
20231114:1110,119.0,222.0,0.0,27.67,13.09,1.72,0.0
20231114:1210,169.01,138.0,0.0,21.37,13.37,1.59,0.0
20231114:1310,113.01,73.0,0.0,13.06,13.25,1.79,0.0
20231114:1410,1.0,16.79,0.0,3.36,12.6,1.72,0.0
20231114:1510,0.0,0.0,0.0,0.0,11.26,1.52,0.0
20231114:1610,0.0,0.0,0.0,0.0,9.23,1.38,0.0
20231114:1710,0.0,0.0,0.0,0.0,8.35,1.17,0.0
20231114:1810,0.0,0.0,0.0,0.0,7.84,1.1,0.0
20231114:1910,0.0,0.0,0.0,0.0,7.32,1.17,0.0
20231114:2010,0.0,0.0,0.0,0.0,7.42,1.03,0.0
20231114:2110,0.0,0.0,0.0,0.0,7.01,0.9,0.0
20231114:2210,0.0,0.0,0.0,0.0,6.58,1.03,0.0
20231114:2310,0.0,0.0,0.0,0.0,5.34,1.24,0.0
20231115:0010,0.0,0.0,0.0,0.0,5.65,1.17,0.0
20231115:0110,0.0,0.0,0.0,0.0,5.83,0.9,0.0
20231115:0210,0.0,0.0,0.0,0.0,5.68,0.83,0.0
20231115:0310,0.0,0.0,0.0,0.0,5.32,1.03,0.0
20231115:0410,0.0,0.0,0.0,0.0,5.22,1.03,0.0
20231115:0510,0.0,34.0,0.0,5.42,5.2,1.03,0.0
20231115:0610,5.0,98.0,0.0,14.85,6.06,0.9,0.0
20231115:0710,287.01,88.0,0.0,22.74,8.26,1.59,0.0
20231115:0810,392.01,95.0,0.0,28.48,10.44,2.48,0.0
20231115:0910,409.01,116.0,0.0,31.38,12.24,3.24,0.0
20231115:1010,348.01,149.0,0.0,31.01,13.63,3.59,0.0
20231115:1110,400.01,80.0,0.0,27.44,14.6,3.66,0.0
20231115:1210,279.01,76.0,0.0,21.17,15.17,3.52,0.0
20231115:1310,76.0,88.0,0.0,12.89,15.14,3.03,0.0
20231115:1410,5.0,16.85,0.0,3.21,14.14,2.14,0.0
20231115:1510,0.0,0.0,0.0,0.0,12.63,1.79,0.0
20231115:1610,0.0,0.0,0.0,0.0,10.57,1.59,0.0
20231115:1710,0.0,0.0,0.0,0.0,10.03,1.38,0.0
20231115:1810,0.0,0.0,0.0,0.0,9.31,1.45,0.0
20231115:1910,0.0,0.0,0.0,0.0,8.75,1.45,0.0
20231115:2010,0.0,0.0,0.0,0.0,7.89,1.72,0.0
20231115:2110,0.0,0.0,0.0,0.0,7.39,1.93,0.0
20231115:2210,0.0,0.0,0.0,0.0,7.23,2.0,0.0
20231115:2310,0.0,0.0,0.0,0.0,6.93,2.07,0.0
20231116:0010,0.0,0.0,0.0,0.0,6.56,2.14,0.0
20231116:0110,0.0,0.0,0.0,0.0,6.35,2.21,0.0
20231116:0210,0.0,0.0,0.0,0.0,5.89,2.28,0.0
20231116:0310,0.0,0.0,0.0,0.0,5.55,2.41,0.0
20231116:0410,0.0,0.0,0.0,0.0,5.66,2.48,0.0
20231116:0510,0.0,20.0,0.0,5.21,6.4,2.62,0.0
20231116:0610,14.0,107.0,0.0,14.62,8.64,2.62,0.0
20231116:0710,1.0,121.0,0.0,22.5,10.56,2.69,0.0
20231116:0810,0.0,42.0,0.0,28.22,10.97,3.1,0.0
20231116:0910,0.0,47.0,0.0,31.12,11.37,3.59,0.0
20231116:1010,0.0,67.0,0.0,30.77,10.62,3.79,0.0
20231116:1110,22.0,210.0,0.0,27.22,9.63,3.38,0.0
20231116:1210,0.0,57.0,0.0,20.98,9.27,3.31,0.0
20231116:1310,28.0,97.0,0.0,12.73,9.15,3.79,0.0
20231116:1410,0.0,3.0,0.0,3.07,8.6,3.66,0.0
20231116:1510,0.0,0.0,0.0,0.0,7.22,2.83,0.0
20231116:1610,0.0,0.0,0.0,0.0,6.31,2.48,0.0
20231116:1710,0.0,0.0,0.0,0.0,5.24,2.34,0.0
20231116:1810,0.0,0.0,0.0,0.0,4.52,2.28,0.0
20231116:1910,0.0,0.0,0.0,0.0,3.83,1.31,0.0
20231116:2010,0.0,0.0,0.0,0.0,3.35,1.24,0.0
20231116:2110,0.0,0.0,0.0,0.0,3.21,1.1,0.0
20231116:2210,0.0,0.0,0.0,0.0,2.6,1.1,0.0
20231116:2310,0.0,0.0,0.0,0.0,2.68,0.97,0.0
20231117:0010,0.0,0.0,0.0,0.0,2.3,0.55,0.0
20231117:0110,0.0,0.0,0.0,0.0,1.73,0.55,0.0
20231117:0210,0.0,0.0,0.0,0.0,1.07,0.21,0.0
20231117:0310,0.0,0.0,0.0,0.0,0.43,0.48,0.0
20231117:0410,0.0,0.0,0.0,0.0,0.79,0.48,0.0
20231117:0510,0.0,21.0,0.0,5.0,0.69,0.21,0.0
20231117:0610,21.0,111.0,0.0,14.39,1.22,0.14,0.0
20231117:0710,140.0,164.0,0.0,22.26,2.86,0.48,0.0
20231117:0810,1.0,166.0,0.0,27.97,4.4,1.17,0.0
20231117:0910,183.01,235.0,0.0,30.87,6.13,1.52,0.0
20231117:1010,158.0,241.0,0.0,30.53,7.75,2.07,0.0
20231117:1110,261.01,157.0,0.0,27.01,8.51,2.21,0.0
20231117:1210,71.0,170.0,0.0,20.8,9.04,1.93,0.0
20231117:1310,22.0,96.0,0.0,12.57,9.24,1.79,0.0
20231117:1410,0.0,11.0,0.0,2.93,8.9,1.52,0.0
20231117:1510,0.0,0.0,0.0,0.0,8.22,0.83,0.0
20231117:1610,0.0,0.0,0.0,0.0,7.48,0.69,0.0
20231117:1710,0.0,0.0,0.0,0.0,6.7,0.76,0.0
20231117:1810,0.0,0.0,0.0,0.0,5.9,0.69,0.0
20231117:1910,0.0,0.0,0.0,0.0,4.21,1.24,0.0
20231117:2010,0.0,0.0,0.0,0.0,3.27,1.52,0.0
20231117:2110,0.0,0.0,0.0,0.0,3.64,1.31,0.0
20231117:2210,0.0,0.0,0.0,0.0,4.0,1.31,0.0
20231117:2310,0.0,0.0,0.0,0.0,3.56,1.45,0.0
20231118:0010,0.0,0.0,0.0,0.0,3.53,1.52,0.0
20231118:0110,0.0,0.0,0.0,0.0,4.03,1.45,0.0
20231118:0210,0.0,0.0,0.0,0.0,3.75,1.59,0.0
20231118:0310,0.0,0.0,0.0,0.0,3.14,1.79,0.0
20231118:0410,0.0,0.0,0.0,0.0,2.88,2.07,0.0
20231118:0510,0.0,25.0,0.0,4.79,3.13,2.21,0.0
20231118:0610,0.0,22.0,0.0,14.16,5.35,2.07,0.0
20231118:0710,0.0,47.0,0.0,22.02,8.89,2.28,0.0
20231118:0810,0.0,145.0,0.0,27.72,11.25,3.03,0.0
20231118:0910,0.0,159.0,0.0,30.62,13.2,4.21,0.0
20231118:1010,0.0,149.0,0.0,30.3,14.21,4.9,0.0
20231118:1110,0.0,40.0,0.0,26.8,14.5,4.76,0.0
20231118:1210,0.0,82.0,0.0,20.61,13.56,4.21,0.0
20231118:1310,0.0,44.0,0.0,12.41,12.14,4.34,0.0
20231118:1410,0.0,2.0,0.0,2.8,11.36,4.48,0.0
20231118:1510,0.0,0.0,0.0,0.0,10.86,5.24,0.0
20231118:1610,0.0,0.0,0.0,0.0,10.8,5.86,0.0
20231118:1710,0.0,0.0,0.0,0.0,10.64,6.48,0.0
20231118:1810,0.0,0.0,0.0,0.0,10.25,6.83,0.0
20231118:1910,0.0,0.0,0.0,0.0,6.15,4.41,0.0
20231118:2010,0.0,0.0,0.0,0.0,5.44,4.14,0.0
20231118:2110,0.0,0.0,0.0,0.0,4.99,4.62,0.0
20231118:2210,0.0,0.0,0.0,0.0,4.25,4.14,0.0
20231118:2310,0.0,0.0,0.0,0.0,3.03,3.52,0.0
20231119:0010,0.0,0.0,0.0,0.0,1.86,3.52,0.0
20231119:0110,0.0,0.0,0.0,0.0,0.82,3.52,0.0
20231119:0210,0.0,0.0,0.0,0.0,0.38,3.52,0.0
20231119:0310,0.0,0.0,0.0,0.0,0.26,3.1,0.0
20231119:0410,0.0,0.0,0.0,0.0,0.3,3.52,0.0
20231119:0510,0.0,24.0,0.0,4.58,0.26,3.72,0.0
20231119:0610,149.01,66.0,0.0,13.94,0.7,5.1,0.0
20231119:0710,202.01,129.0,0.0,21.78,1.65,6.9,0.0
20231119:0810,42.0,226.0,0.0,27.48,2.46,7.1,0.0
20231119:0910,29.0,242.0,0.0,30.38,3.19,7.31,0.0
20231119:1010,17.0,227.0,0.0,30.07,3.07,7.03,0.0
20231119:1110,3.0,167.0,0.0,26.59,2.75,6.48,0.0
20231119:1210,0.0,46.0,0.0,20.44,2.33,6.28,0.0
20231119:1310,5.0,81.0,0.0,12.27,2.22,6.07,0.0
20231119:1410,2.0,13.57,0.0,2.67,1.87,5.79,0.0
20231119:1510,0.0,0.0,0.0,0.0,1.27,5.1,0.0
20231119:1610,0.0,0.0,0.0,0.0,0.86,4.83,0.0
20231119:1710,0.0,0.0,0.0,0.0,0.35,4.83,0.0
20231119:1810,0.0,0.0,0.0,0.0,0.05,4.48,0.0
20231119:1910,0.0,0.0,0.0,0.0,-0.23,3.59,0.0
20231119:2010,0.0,0.0,0.0,0.0,-0.34,3.24,0.0
20231119:2110,0.0,0.0,0.0,0.0,-0.51,3.24,0.0
20231119:2210,0.0,0.0,0.0,0.0,-0.55,3.38,0.0
20231119:2310,0.0,0.0,0.0,0.0,-0.7,3.45,0.0
20231120:0010,0.0,0.0,0.0,0.0,-0.69,3.38,0.0
20231120:0110,0.0,0.0,0.0,0.0,-0.56,3.1,0.0
20231120:0210,0.0,0.0,0.0,0.0,-0.39,3.38,0.0
20231120:0310,0.0,0.0,0.0,0.0,-0.32,3.24,0.0
20231120:0410,0.0,0.0,0.0,0.0,-0.58,2.76,0.0
20231120:0510,0.0,28.0,0.0,4.37,-0.55,2.69,0.0
20231120:0610,67.0,102.0,0.0,13.72,0.41,4.0,0.0
20231120:0710,226.01,114.0,0.0,21.55,1.57,3.93,0.0
20231120:0810,29.0,218.0,0.0,27.24,2.9,4.34,0.0
20231120:0910,98.0,254.0,0.0,30.15,3.9,4.55,0.0
20231120:1010,256.01,192.0,0.0,29.85,4.5,4.69,0.0
20231120:1110,0.0,106.0,0.0,26.4,4.92,4.76,0.0
20231120:1210,5.0,136.0,0.0,20.27,4.88,4.76,0.0
20231120:1310,1.0,64.0,0.0,12.13,4.82,4.76,0.0
20231120:1410,0.0,3.0,0.0,2.56,4.65,4.14,0.0
20231120:1510,0.0,0.0,0.0,0.0,3.85,3.45,0.0
20231120:1610,0.0,0.0,0.0,0.0,3.32,3.52,0.0
20231120:1710,0.0,0.0,0.0,0.0,2.95,3.52,0.0
20231120:1810,0.0,0.0,0.0,0.0,2.69,3.45,0.0
20231120:1910,0.0,0.0,0.0,0.0,1.79,2.9,0.0
20231120:2010,0.0,0.0,0.0,0.0,1.26,2.62,0.0
20231120:2110,0.0,0.0,0.0,0.0,0.66,2.48,0.0
20231120:2210,0.0,0.0,0.0,0.0,0.25,2.28,0.0
20231120:2310,0.0,0.0,0.0,0.0,-0.12,2.14,0.0
20231121:0010,0.0,0.0,0.0,0.0,-0.52,2.0,0.0
20231121:0110,0.0,0.0,0.0,0.0,-1.0,1.93,0.0
20231121:0210,0.0,0.0,0.0,0.0,-1.44,1.79,0.0
20231121:0310,0.0,0.0,0.0,0.0,-1.53,1.66,0.0
20231121:0410,0.0,0.0,0.0,0.0,-1.73,1.66,0.0
20231121:0510,0.0,17.0,0.0,4.17,-1.62,1.38,0.0
20231121:0610,143.01,64.0,0.0,13.51,0.2,1.24,0.0
20231121:0710,26.0,171.0,0.0,21.33,2.85,2.0,0.0
20231121:0810,73.0,226.0,0.0,27.01,4.64,2.41,0.0
20231121:0910,94.0,251.0,0.0,29.92,6.4,3.24,0.0
20231121:1010,52.0,247.0,0.0,29.63,7.5,3.52,0.0
20231121:1110,54.0,219.0,0.0,26.21,8.3,3.45,0.0
20231121:1210,186.01,118.0,0.0,20.11,8.57,3.31,0.0
20231121:1310,72.0,82.0,0.0,11.99,8.59,2.9,0.0
20231121:1410,0.0,11.0,0.0,2.44,7.85,1.52,0.0
20231121:1510,0.0,0.0,0.0,0.0,6.85,0.55,0.0
20231121:1610,0.0,0.0,0.0,0.0,6.07,0.28,0.0
20231121:1710,0.0,0.0,0.0,0.0,5.2,0.76,0.0
20231121:1810,0.0,0.0,0.0,0.0,3.83,1.1,0.0
20231121:1910,0.0,0.0,0.0,0.0,3.32,1.17,0.0
20231121:2010,0.0,0.0,0.0,0.0,2.34,1.45,0.0
20231121:2110,0.0,0.0,0.0,0.0,1.98,1.52,0.0
20231121:2210,0.0,0.0,0.0,0.0,1.7,1.52,0.0
20231121:2310,0.0,0.0,0.0,0.0,1.56,1.45,0.0
20231122:0010,0.0,0.0,0.0,0.0,1.41,1.45,0.0
20231122:0110,0.0,0.0,0.0,0.0,1.15,1.38,0.0
20231122:0210,0.0,0.0,0.0,0.0,1.04,1.38,0.0
20231122:0310,0.0,0.0,0.0,0.0,1.11,1.45,0.0
20231122:0410,0.0,0.0,0.0,0.0,1.16,1.45,0.0
20231122:0510,0.0,19.0,0.0,3.97,1.38,1.45,0.0
20231122:0610,63.0,97.0,0.0,13.3,3.01,1.24,0.0
20231122:0710,227.01,103.0,0.0,21.1,6.0,1.38,0.0
20231122:0810,72.0,222.0,0.0,26.78,8.74,1.72,0.0
20231122:0910,64.0,246.0,0.0,29.69,10.73,2.21,0.0
20231122:1010,223.01,198.0,0.0,29.43,12.16,2.55,0.0
20231122:1110,158.01,192.0,0.0,26.03,13.15,2.69,0.0
20231122:1210,232.01,86.0,0.0,19.96,13.6,2.69,0.0
20231122:1310,101.01,65.0,0.0,11.86,13.45,2.21,0.0
20231122:1410,0.0,3.0,0.0,2.34,12.34,1.66,0.0
20231122:1510,0.0,0.0,0.0,0.0,10.61,2.0,0.0
20231122:1610,0.0,0.0,0.0,0.0,9.09,1.66,0.0
20231122:1710,0.0,0.0,0.0,0.0,7.85,1.59,0.0
20231122:1810,0.0,0.0,0.0,0.0,7.08,1.66,0.0
20231122:1910,0.0,0.0,0.0,0.0,6.98,1.52,0.0
20231122:2010,0.0,0.0,0.0,0.0,6.5,1.66,0.0
20231122:2110,0.0,0.0,0.0,0.0,6.58,1.72,0.0
20231122:2210,0.0,0.0,0.0,0.0,6.46,2.0,0.0
20231122:2310,0.0,0.0,0.0,0.0,6.92,2.07,0.0
20231123:0010,0.0,0.0,0.0,0.0,6.97,2.0,0.0
20231123:0110,0.0,0.0,0.0,0.0,6.69,1.86,0.0
20231123:0210,0.0,0.0,0.0,0.0,6.34,1.79,0.0
20231123:0310,0.0,0.0,0.0,0.0,6.05,1.79,0.0
20231123:0410,0.0,0.0,0.0,0.0,5.64,1.79,0.0
20231123:0510,0.0,13.0,0.0,3.77,5.84,1.72,0.0
20231123:0610,21.0,98.0,0.0,13.09,6.83,1.45,0.0
20231123:0710,154.01,138.0,0.0,20.89,9.64,1.03,0.0
20231123:0810,177.01,188.0,0.0,26.56,11.35,1.59,0.0
20231123:0910,56.0,242.0,0.0,29.47,12.98,2.41,0.0
20231123:1010,0.0,150.0,0.0,29.22,14.04,3.72,0.0
20231123:1110,11.0,185.0,0.0,25.85,14.17,3.86,0.0
20231123:1210,32.0,157.0,0.0,19.81,14.02,3.59,0.0
20231123:1310,3.0,72.0,0.0,11.74,13.63,3.1,0.0
20231123:1410,0.0,10.0,0.0,2.24,12.69,2.34,0.0
20231123:1510,0.0,0.0,0.0,0.0,11.12,2.0,0.0
20231123:1610,0.0,0.0,0.0,0.0,9.62,1.72,0.0
20231123:1710,0.0,0.0,0.0,0.0,8.45,1.52,0.0
20231123:1810,0.0,0.0,0.0,0.0,7.67,1.52,0.0
20231123:1910,0.0,0.0,0.0,0.0,6.48,1.66,0.0
20231123:2010,0.0,0.0,0.0,0.0,5.68,1.72,0.0
20231123:2110,0.0,0.0,0.0,0.0,5.24,1.72,0.0
20231123:2210,0.0,0.0,0.0,0.0,5.17,1.59,0.0
20231123:2310,0.0,0.0,0.0,0.0,5.08,1.45,0.0
20231124:0010,0.0,0.0,0.0,0.0,5.26,1.24,0.0
20231124:0110,0.0,0.0,0.0,0.0,5.19,1.17,0.0
20231124:0210,0.0,0.0,0.0,0.0,5.17,1.17,0.0
20231124:0310,0.0,0.0,0.0,0.0,5.41,1.1,0.0
20231124:0410,0.0,0.0,0.0,0.0,5.92,1.03,0.0
20231124:0510,0.0,20.0,0.0,3.57,5.72,1.1,0.0
20231124:0610,15.0,95.0,0.0,12.88,6.35,1.17,0.0
20231124:0710,42.0,167.0,0.0,20.67,7.99,2.55,0.0
20231124:0810,49.0,216.0,0.0,26.34,9.85,2.97,0.0
20231124:0910,179.01,216.0,0.0,29.26,11.69,3.52,0.0
20231124:1010,28.0,229.0,0.0,29.03,13.09,4.14,0.0
20231124:1110,66.0,212.0,0.0,25.68,13.14,4.14,0.0
20231124:1210,153.01,126.0,0.0,19.67,13.44,3.52,0.0
20231124:1310,84.0,71.0,0.0,11.62,13.4,2.76,0.0
20231124:1410,0.0,9.0,0.0,2.14,12.55,2.0,0.0
20231124:1510,0.0,0.0,0.0,0.0,10.76,1.31,0.0
20231124:1610,0.0,0.0,0.0,0.0,9.46,1.38,0.0
20231124:1710,0.0,0.0,0.0,0.0,8.43,1.72,0.0
20231124:1810,0.0,0.0,0.0,0.0,7.92,1.93,0.0
20231124:1910,0.0,0.0,0.0,0.0,8.08,2.41,0.0
20231124:2010,0.0,0.0,0.0,0.0,8.09,2.83,0.0
20231124:2110,0.0,0.0,0.0,0.0,7.84,2.97,0.0
20231124:2210,0.0,0.0,0.0,0.0,7.67,2.9,0.0
20231124:2310,0.0,0.0,0.0,0.0,7.41,2.76,0.0
20231125:0010,0.0,0.0,0.0,0.0,6.95,2.62,0.0
20231125:0110,0.0,0.0,0.0,0.0,6.43,2.69,0.0
20231125:0210,0.0,0.0,0.0,0.0,6.42,2.83,0.0
20231125:0310,0.0,0.0,0.0,0.0,6.52,2.83,0.0
20231125:0410,0.0,0.0,0.0,0.0,6.62,2.83,0.0
20231125:0510,0.0,3.0,0.0,3.38,6.91,3.03,0.0
20231125:0610,0.0,60.0,0.0,12.68,7.73,3.24,0.0
20231125:0710,0.0,51.0,0.0,20.46,8.28,3.72,0.0
20231125:0810,0.0,41.0,0.0,26.13,8.06,3.93,0.0
20231125:0910,94.0,239.0,0.0,29.05,7.66,3.52,0.0
20231125:1010,111.0,235.0,0.0,28.84,8.43,3.45,0.0
20231125:1110,6.0,171.0,0.0,25.51,9.51,3.03,0.0
20231125:1210,2.0,114.0,0.0,19.53,10.61,2.9,0.0
20231125:1310,0.0,30.0,0.0,11.51,11.08,3.03,0.0
20231125:1410,0.0,3.0,0.0,2.05,10.64,4.21,0.0
20231125:1510,0.0,0.0,0.0,0.0,9.93,4.41,0.0
20231125:1610,0.0,0.0,0.0,0.0,9.72,4.62,0.0
20231125:1710,0.0,0.0,0.0,0.0,9.58,5.1,0.0
20231125:1810,0.0,0.0,0.0,0.0,9.38,5.38,0.0
20231125:1910,0.0,0.0,0.0,0.0,9.09,5.17,0.0
20231125:2010,0.0,0.0,0.0,0.0,8.98,5.1,0.0
20231125:2110,0.0,0.0,0.0,0.0,8.83,5.31,0.0
20231125:2210,0.0,0.0,0.0,0.0,8.9,5.45,0.0
20231125:2310,0.0,0.0,0.0,0.0,9.12,5.86,0.0
20231126:0010,0.0,0.0,0.0,0.0,9.32,5.93,0.0
20231126:0110,0.0,0.0,0.0,0.0,9.24,5.66,0.0
20231126:0210,0.0,0.0,0.0,0.0,9.05,5.86,0.0
20231126:0310,0.0,0.0,0.0,0.0,8.9,6.28,0.0
20231126:0410,0.0,0.0,0.0,0.0,9.03,6.83,0.0
20231126:0510,0.0,19.0,0.0,3.19,9.05,7.17,0.0
20231126:0610,0.0,16.0,0.0,12.48,9.8,7.86,0.0
20231126:0710,6.0,137.0,0.0,20.25,10.64,7.93,0.0
20231126:0810,0.0,105.0,0.0,25.92,10.47,7.79,0.0
20231126:0910,0.0,98.0,0.0,28.85,10.47,6.9,0.0
20231126:1010,0.0,43.0,0.0,28.66,9.88,6.76,0.0
20231126:1110,0.0,125.0,0.0,25.36,8.49,6.62,0.0
20231126:1210,0.0,28.0,0.0,19.4,7.2,7.03,0.0
20231126:1310,0.0,15.0,0.0,11.41,5.87,7.31,0.0
20231126:1410,0.0,1.0,0.0,1.97,5.41,6.83,0.0
20231126:1510,0.0,0.0,0.0,0.0,4.32,6.41,0.0
20231126:1610,0.0,0.0,0.0,0.0,2.87,5.45,0.0
20231126:1710,0.0,0.0,0.0,0.0,1.54,4.97,0.0
20231126:1810,0.0,0.0,0.0,0.0,0.15,4.34,0.0
20231126:1910,0.0,0.0,0.0,0.0,0.38,3.03,0.0
20231126:2010,0.0,0.0,0.0,0.0,-0.17,2.55,0.0
20231126:2110,0.0,0.0,0.0,0.0,-0.86,2.69,0.0
20231126:2210,0.0,0.0,0.0,0.0,-1.41,2.97,0.0
20231126:2310,0.0,0.0,0.0,0.0,-1.81,3.1,0.0
20231127:0010,0.0,0.0,0.0,0.0,-2.35,2.83,0.0
20231127:0110,0.0,0.0,0.0,0.0,-2.79,2.69,0.0
20231127:0210,0.0,0.0,0.0,0.0,-3.05,2.76,0.0
20231127:0310,0.0,0.0,0.0,0.0,-3.34,2.76,0.0
20231127:0410,0.0,0.0,0.0,0.0,-3.46,3.03,0.0
20231127:0510,0.0,3.0,0.0,3.0,-3.46,3.24,0.0
20231127:0610,0.0,57.0,0.0,12.29,-2.64,4.62,0.0
20231127:0710,40.0,167.0,0.0,20.05,-1.3,4.21,0.0
20231127:0810,78.0,219.0,0.0,25.72,-0.09,4.97,0.0
20231127:0910,181.01,219.0,0.0,28.66,0.77,5.38,0.0
20231127:1010,3.0,184.0,0.0,28.48,1.34,5.52,0.0
20231127:1110,3.0,163.0,0.0,25.21,1.66,5.52,0.0
20231127:1210,87.0,155.0,0.0,19.28,1.51,5.17,0.0
20231127:1310,0.0,30.0,0.0,11.31,1.07,4.76,0.0
20231127:1410,0.0,3.0,0.0,1.89,0.67,3.93,0.0
20231127:1510,0.0,0.0,0.0,0.0,-0.17,3.03,0.0
20231127:1610,0.0,0.0,0.0,0.0,-1.03,2.55,0.0
20231127:1710,0.0,0.0,0.0,0.0,-1.83,2.34,0.0
20231127:1810,0.0,0.0,0.0,0.0,-2.87,2.21,0.0
20231127:1910,0.0,0.0,0.0,0.0,-3.57,2.55,0.0
20231127:2010,0.0,0.0,0.0,0.0,-4.27,2.28,0.0
20231127:2110,0.0,0.0,0.0,0.0,-4.78,2.07,0.0
20231127:2210,0.0,0.0,0.0,0.0,-5.03,1.93,0.0
20231127:2310,0.0,0.0,0.0,0.0,-5.14,1.93,0.0
20231128:0010,0.0,0.0,0.0,0.0,-5.12,1.79,0.0
20231128:0110,0.0,0.0,0.0,0.0,-5.4,1.79,0.0
20231128:0210,0.0,0.0,0.0,0.0,-5.19,1.59,0.0
20231128:0310,0.0,0.0,0.0,0.0,-5.07,1.59,0.0
20231128:0410,0.0,0.0,0.0,0.0,-5.11,1.66,0.0
20231128:0510,0.0,16.0,0.0,2.82,-5.09,1.59,0.0
20231128:0610,124.01,59.0,0.0,12.09,-3.52,1.52,0.0
20231128:0710,249.01,81.0,0.0,19.86,-1.52,2.28,0.0
20231128:0810,349.01,91.0,0.0,25.52,0.0,2.83,0.0
20231128:0910,389.01,101.0,0.0,28.47,1.34,3.17,0.0
20231128:1010,407.01,90.0,0.0,28.31,2.51,3.31,0.0
20231128:1110,326.01,98.0,0.0,25.06,3.41,3.38,0.0
20231128:1210,217.01,90.0,0.0,19.16,3.95,3.31,0.0
20231128:1310,124.01,50.0,0.0,11.22,3.91,2.9,0.0
20231128:1410,0.0,5.0,0.0,1.82,2.79,2.07,0.0
20231128:1510,0.0,0.0,0.0,0.0,1.66,1.93,0.0
20231128:1610,0.0,0.0,0.0,0.0,0.76,1.86,0.0
20231128:1710,0.0,0.0,0.0,0.0,0.49,1.86,0.0
20231128:1810,0.0,0.0,0.0,0.0,0.27,1.93,0.0
20231128:1910,0.0,0.0,0.0,0.0,0.66,2.0,0.0
20231128:2010,0.0,0.0,0.0,0.0,1.12,2.0,0.0
20231128:2110,0.0,0.0,0.0,0.0,1.37,2.07,0.0
20231128:2210,0.0,0.0,0.0,0.0,2.04,2.41,0.0
20231128:2310,0.0,0.0,0.0,0.0,2.63,2.83,0.0
20231129:0010,0.0,0.0,0.0,0.0,3.32,3.31,0.0
20231129:0110,0.0,0.0,0.0,0.0,3.42,3.66,0.0
20231129:0210,0.0,0.0,0.0,0.0,3.63,3.72,0.0
20231129:0310,0.0,0.0,0.0,0.0,4.0,4.0,0.0
20231129:0410,0.0,0.0,0.0,0.0,4.39,4.21,0.0
20231129:0510,0.0,6.0,0.0,2.64,4.6,4.41,0.0
20231129:0610,0.0,29.0,0.0,11.91,5.37,4.62,0.0
20231129:0710,0.0,103.0,0.0,19.67,5.55,4.48,0.0
20231129:0810,0.0,104.0,0.0,25.33,6.38,4.55,0.0
20231129:0910,0.0,120.0,0.0,28.29,6.94,4.48,0.0
20231129:1010,17.0,209.0,0.0,28.15,8.4,4.21,0.0
20231129:1110,0.0,84.0,0.0,24.93,9.27,4.07,0.0
20231129:1210,9.0,135.0,0.0,19.05,10.04,4.69,0.0
20231129:1310,1.0,57.0,0.0,11.14,10.06,4.55,0.0
20231129:1410,0.0,1.0,0.0,1.76,9.33,4.28,0.0
20231129:1510,0.0,0.0,0.0,0.0,8.42,3.93,0.0
20231129:1610,0.0,0.0,0.0,0.0,7.81,3.86,0.0
20231129:1710,0.0,0.0,0.0,0.0,7.26,3.66,0.0
20231129:1810,0.0,0.0,0.0,0.0,7.05,3.45,0.0
20231129:1910,0.0,0.0,0.0,0.0,7.9,4.34,0.0
20231129:2010,0.0,0.0,0.0,0.0,7.67,4.21,0.0
20231129:2110,0.0,0.0,0.0,0.0,7.76,4.07,0.0
20231129:2210,0.0,0.0,0.0,0.0,7.77,4.14,0.0
20231129:2310,0.0,0.0,0.0,0.0,7.88,4.28,0.0
20231130:0010,0.0,0.0,0.0,0.0,7.88,4.34,0.0
20231130:0110,0.0,0.0,0.0,0.0,7.92,4.48,0.0
20231130:0210,0.0,0.0,0.0,0.0,7.99,4.62,0.0
20231130:0310,0.0,0.0,0.0,0.0,8.19,4.76,0.0
20231130:0410,0.0,0.0,0.0,0.0,8.27,4.9,0.0
20231130:0510,0.0,7.0,0.0,2.46,8.21,4.83,0.0
20231130:0610,0.0,41.0,0.0,11.72,8.45,4.48,0.0
20231130:0710,7.0,134.0,0.0,19.48,8.73,3.03,0.0
20231130:0810,39.0,204.0,0.0,25.14,9.7,3.72,0.0
20231130:0910,36.0,227.0,0.0,28.12,10.21,3.59,0.0
20231130:1010,7.0,189.0,0.0,27.99,10.85,3.31,0.0
20231130:1110,11.0,177.0,0.0,24.8,11.67,3.52,0.0
20231130:1210,0.0,65.0,0.0,18.95,11.96,3.45,0.0
20231130:1310,5.0,70.0,0.0,11.06,11.88,2.41,0.0
20231130:1410,0.0,1.0,0.0,1.7,11.1,1.24,0.0
20231130:1510,0.0,0.0,0.0,0.0,10.4,0.34,0.0
20231130:1610,0.0,0.0,0.0,0.0,9.71,0.34,0.0
20231130:1710,0.0,0.0,0.0,0.0,9.07,0.62,0.0
20231130:1810,0.0,0.0,0.0,0.0,8.49,0.83,0.0
20231130:1910,0.0,0.0,0.0,0.0,6.94,1.1,0.0
20231130:2010,0.0,0.0,0.0,0.0,5.92,1.59,0.0
20231130:2110,0.0,0.0,0.0,0.0,5.57,1.86,0.0
20231130:2210,0.0,0.0,0.0,0.0,5.26,2.0,0.0
20231130:2310,0.0,0.0,0.0,0.0,4.91,2.0,0.0
20231201:0010,0.0,0.0,0.0,0.0,4.58,2.07,0.0
20231201:0110,0.0,0.0,0.0,0.0,4.51,2.07,0.0
20231201:0210,0.0,0.0,0.0,0.0,4.5,2.0,0.0
20231201:0310,0.0,0.0,0.0,0.0,4.0,2.07,0.0
20231201:0410,0.0,0.0,0.0,0.0,3.75,2.07,0.0
20231201:0510,0.0,7.0,0.0,2.29,3.86,1.93,0.0
20231201:0610,105.01,60.0,0.0,11.55,4.84,1.72,0.0
20231201:0710,131.01,134.0,0.0,19.3,8.1,1.79,0.0
20231201:0810,347.01,81.0,0.0,24.97,10.85,2.48,0.0
20231201:0910,211.01,190.0,0.0,27.95,12.05,3.31,0.0
20231201:1010,256.01,166.0,0.0,27.85,13.24,4.14,0.0
20231201:1110,220.01,149.0,0.0,24.67,13.83,4.28,0.0
20231201:1210,196.01,95.0,0.0,18.85,14.09,4.0,0.0
20231201:1310,119.01,47.0,0.0,10.99,13.8,3.31,0.0
20231201:1410,0.0,2.0,0.0,1.65,12.58,2.41,0.0
20231201:1510,0.0,0.0,0.0,0.0,10.63,2.07,0.0
20231201:1610,0.0,0.0,0.0,0.0,8.59,2.28,0.0
20231201:1710,0.0,0.0,0.0,0.0,7.32,2.48,0.0
20231201:1810,0.0,0.0,0.0,0.0,6.51,2.48,0.0
20231201:1910,0.0,0.0,0.0,0.0,6.59,2.55,0.0
20231201:2010,0.0,0.0,0.0,0.0,6.21,2.41,0.0
20231201:2110,0.0,0.0,0.0,0.0,5.92,2.41,0.0
20231201:2210,0.0,0.0,0.0,0.0,5.59,2.41,0.0
20231201:2310,0.0,0.0,0.0,0.0,5.39,2.28,0.0
20231202:0010,0.0,0.0,0.0,0.0,5.42,2.14,0.0
20231202:0110,0.0,0.0,0.0,0.0,4.83,2.07,0.0
20231202:0210,0.0,0.0,0.0,0.0,4.69,2.07,0.0
20231202:0310,0.0,0.0,0.0,0.0,4.42,2.07,0.0
20231202:0410,0.0,0.0,0.0,0.0,4.33,2.07,0.0
20231202:0510,0.0,6.0,0.0,2.12,4.17,2.0,0.0
20231202:0610,124.01,49.0,0.0,11.37,5.19,1.79,0.0
20231202:0710,219.01,85.0,0.0,19.12,8.49,1.79,0.0
20231202:0810,260.01,128.0,0.0,24.79,11.17,2.48,0.0
20231202:0910,379.01,93.0,0.0,27.79,12.69,3.03,0.0
20231202:1010,388.01,87.0,0.0,27.7,13.69,3.24,0.0
20231202:1110,179.01,168.0,0.0,24.56,14.27,3.38,0.0
20231202:1210,225.01,76.0,0.0,18.76,14.46,3.17,0.0
20231202:1310,27.0,82.0,0.0,10.92,14.1,2.34,0.0
20231202:1410,0.0,1.0,0.0,1.6,12.78,1.72,0.0
20231202:1510,0.0,0.0,0.0,0.0,10.36,1.59,0.0
20231202:1610,0.0,0.0,0.0,0.0,8.47,1.66,0.0
20231202:1710,0.0,0.0,0.0,0.0,7.35,1.79,0.0
20231202:1810,0.0,0.0,0.0,0.0,6.38,1.93,0.0
20231202:1910,0.0,0.0,0.0,0.0,6.07,2.14,0.0
20231202:2010,0.0,0.0,0.0,0.0,5.61,2.28,0.0
20231202:2110,0.0,0.0,0.0,0.0,5.45,2.28,0.0
20231202:2210,0.0,0.0,0.0,0.0,5.42,2.28,0.0
20231202:2310,0.0,0.0,0.0,0.0,5.45,2.14,0.0
20231203:0010,0.0,0.0,0.0,0.0,5.41,2.07,0.0
20231203:0110,0.0,0.0,0.0,0.0,5.47,2.0,0.0
20231203:0210,0.0,0.0,0.0,0.0,5.57,1.93,0.0
20231203:0310,0.0,0.0,0.0,0.0,5.62,1.86,0.0
20231203:0410,0.0,0.0,0.0,0.0,5.61,1.79,0.0
20231203:0510,0.0,5.0,0.0,1.95,5.59,1.72,0.0
20231203:0610,6.0,77.0,0.0,11.2,6.04,1.59,0.0
20231203:0710,73.0,152.0,0.0,18.95,7.71,1.1,0.0
20231203:0810,175.01,173.0,0.0,24.63,11.53,1.52,0.0
20231203:0910,331.01,123.0,0.0,27.63,13.24,2.0,0.0
20231203:1010,307.01,137.0,0.0,27.57,14.35,2.34,0.0
20231203:1110,249.01,133.0,0.0,24.45,14.85,2.48,0.0
20231203:1210,63.0,151.0,0.0,18.68,14.88,2.34,0.0
20231203:1310,13.0,79.0,0.0,10.86,14.37,1.59,0.0
20231203:1410,0.0,1.0,0.0,1.57,13.07,1.38,0.0
20231203:1510,0.0,0.0,0.0,0.0,10.91,1.31,0.0
20231203:1610,0.0,0.0,0.0,0.0,9.86,1.31,0.0
20231203:1710,0.0,0.0,0.0,0.0,8.96,1.31,0.0
20231203:1810,0.0,0.0,0.0,0.0,8.49,1.17,0.0
20231203:1910,0.0,0.0,0.0,0.0,7.88,0.97,0.0
20231203:2010,0.0,0.0,0.0,0.0,7.21,0.9,0.0
20231203:2110,0.0,0.0,0.0,0.0,6.78,0.97,0.0
20231203:2210,0.0,0.0,0.0,0.0,6.45,0.97,0.0
20231203:2310,0.0,0.0,0.0,0.0,6.17,1.03,0.0
20231204:0010,0.0,0.0,0.0,0.0,5.9,0.97,0.0
20231204:0110,0.0,0.0,0.0,0.0,5.64,0.97,0.0
20231204:0210,0.0,0.0,0.0,0.0,5.23,1.03,0.0
20231204:0310,0.0,0.0,0.0,0.0,4.61,1.1,0.0
20231204:0410,0.0,0.0,0.0,0.0,4.3,1.1,0.0
20231204:0510,0.0,5.0,0.0,1.79,4.27,0.97,0.0
20231204:0610,87.01,64.0,0.0,11.04,4.72,0.69,0.0
20231204:0710,224.01,79.0,0.0,18.78,7.25,0.55,0.0
20231204:0810,299.01,103.0,0.0,24.46,10.25,1.24,0.0
20231204:0910,418.01,70.0,0.0,27.48,11.72,1.86,0.0
20231204:1010,242.01,169.0,0.0,27.44,12.49,2.41,0.0
20231204:1110,170.01,171.0,0.0,24.35,12.86,2.69,0.0
20231204:1210,30.0,148.0,0.0,18.61,12.82,2.76,0.0
20231204:1310,29.0,81.0,0.0,10.81,12.43,2.34,0.0
20231204:1410,0.0,1.0,0.0,1.53,11.13,1.66,0.0
20231204:1510,0.0,0.0,0.0,0.0,9.22,1.31,0.0
20231204:1610,0.0,0.0,0.0,0.0,9.06,0.9,0.0
20231204:1710,0.0,0.0,0.0,0.0,8.49,0.48,0.0
20231204:1810,0.0,0.0,0.0,0.0,7.87,0.21,0.0
20231204:1910,0.0,0.0,0.0,0.0,7.89,0.28,0.0
20231204:2010,0.0,0.0,0.0,0.0,7.33,0.0,0.0
20231204:2110,0.0,0.0,0.0,0.0,6.7,0.28,0.0
20231204:2210,0.0,0.0,0.0,0.0,6.19,0.62,0.0
20231204:2310,0.0,0.0,0.0,0.0,5.67,0.97,0.0
20231205:0010,0.0,0.0,0.0,0.0,4.29,1.31,0.0
20231205:0110,0.0,0.0,0.0,0.0,3.23,1.59,0.0
20231205:0210,0.0,0.0,0.0,0.0,2.84,1.79,0.0
20231205:0310,0.0,0.0,0.0,0.0,2.57,1.93,0.0
20231205:0410,0.0,0.0,0.0,0.0,2.49,1.93,0.0
20231205:0510,0.0,2.0,0.0,1.63,2.64,1.86,0.0
20231205:0610,3.0,68.0,0.0,10.87,4.23,2.0,0.0
20231205:0710,17.0,141.0,0.0,18.62,6.91,2.0,0.0
20231205:0810,329.01,83.0,0.0,24.31,8.62,2.28,0.0
20231205:0910,360.01,99.0,0.0,27.34,10.26,2.62,0.0
20231205:1010,376.01,89.0,0.0,27.32,11.27,2.41,0.0
20231205:1110,341.01,76.0,0.0,24.25,11.58,2.34,0.0
20231205:1210,54.0,149.0,0.0,18.54,11.65,2.34,0.0
20231205:1310,51.0,75.0,0.0,10.76,11.14,2.34,0.0
20231205:1410,0.0,1.0,0.0,1.5,10.06,1.93,0.0
20231205:1510,0.0,0.0,0.0,0.0,8.35,2.0,0.0
20231205:1610,0.0,0.0,0.0,0.0,6.82,1.86,0.0
20231205:1710,0.0,0.0,0.0,0.0,5.42,1.66,0.0
20231205:1810,0.0,0.0,0.0,0.0,4.59,1.45,0.0
20231205:1910,0.0,0.0,0.0,0.0,3.89,1.38,0.0
20231205:2010,0.0,0.0,0.0,0.0,3.72,1.24,0.0
20231205:2110,0.0,0.0,0.0,0.0,3.53,1.1,0.0
20231205:2210,0.0,0.0,0.0,0.0,3.61,0.97,0.0
20231205:2310,0.0,0.0,0.0,0.0,3.31,0.9,0.0
20231206:0010,0.0,0.0,0.0,0.0,2.63,0.76,0.0
20231206:0110,0.0,0.0,0.0,0.0,2.57,0.69,0.0
20231206:0210,0.0,0.0,0.0,0.0,2.09,0.76,0.0
20231206:0310,0.0,0.0,0.0,0.0,2.07,0.76,0.0
20231206:0410,0.0,0.0,0.0,0.0,1.98,0.76,0.0
20231206:0510,0.0,2.0,0.0,1.48,1.87,0.83,0.0
20231206:0610,37.0,79.0,0.0,10.72,2.73,0.9,0.0
20231206:0710,201.01,88.0,0.0,18.47,3.54,1.31,0.0
20231206:0810,256.01,124.0,0.0,24.16,5.24,1.38,0.0
20231206:0910,157.01,205.0,0.0,27.21,7.52,1.38,0.0
20231206:1010,325.01,119.0,0.0,27.21,9.33,1.17,0.0
20231206:1110,47.0,199.0,0.0,24.16,10.52,1.1,0.0
20231206:1210,5.0,123.0,0.0,18.47,10.94,1.17,0.0
20231206:1310,13.0,78.0,0.0,10.72,10.9,1.24,0.0
20231206:1410,0.0,1.0,0.0,1.48,10.08,1.24,0.0
20231206:1510,0.0,0.0,0.0,0.0,8.23,1.52,0.0
20231206:1610,0.0,0.0,0.0,0.0,6.27,1.52,0.0
20231206:1710,0.0,0.0,0.0,0.0,5.46,1.38,0.0
20231206:1810,0.0,0.0,0.0,0.0,4.95,1.24,0.0
20231206:1910,0.0,0.0,0.0,0.0,4.76,1.1,0.0
20231206:2010,0.0,0.0,0.0,0.0,5.19,0.83,0.0
20231206:2110,0.0,0.0,0.0,0.0,5.13,0.76,0.0
20231206:2210,0.0,0.0,0.0,0.0,4.95,0.83,0.0
20231206:2310,0.0,0.0,0.0,0.0,4.8,0.9,0.0
20231207:0010,0.0,0.0,0.0,0.0,4.8,0.9,0.0
20231207:0110,0.0,0.0,0.0,0.0,4.64,1.03,0.0
20231207:0210,0.0,0.0,0.0,0.0,4.71,1.03,0.0
20231207:0310,0.0,0.0,0.0,0.0,4.12,1.17,0.0
20231207:0410,0.0,0.0,0.0,0.0,3.25,1.24,0.0
20231207:0510,0.0,0.0,0.0,0.0,3.24,1.17,0.0
20231207:0610,0.0,35.0,0.0,10.57,3.85,0.9,0.0
20231207:0710,0.0,82.0,0.0,18.32,6.08,1.38,0.0
20231207:0810,0.0,99.0,0.0,24.02,8.15,1.86,0.0
20231207:0910,107.0,220.0,0.0,27.08,9.67,2.34,0.0
20231207:1010,86.0,225.0,0.0,27.1,10.49,3.31,0.0
20231207:1110,106.0,192.0,0.0,24.08,11.13,3.66,0.0
20231207:1210,24.0,144.0,0.0,18.42,11.29,2.97,0.0
20231207:1310,14.0,78.0,0.0,10.69,11.1,1.79,0.0
20231207:1410,0.0,2.0,0.0,1.47,10.5,0.9,0.0
20231207:1510,0.0,0.0,0.0,0.0,9.71,0.62,0.0
20231207:1610,0.0,0.0,0.0,0.0,8.82,0.83,0.0
20231207:1710,0.0,0.0,0.0,0.0,7.49,1.1,0.0
20231207:1810,0.0,0.0,0.0,0.0,6.5,1.24,0.0
20231207:1910,0.0,0.0,0.0,0.0,5.77,1.03,0.0
20231207:2010,0.0,0.0,0.0,0.0,4.78,1.17,0.0
20231207:2110,0.0,0.0,0.0,0.0,4.3,1.24,0.0
20231207:2210,0.0,0.0,0.0,0.0,4.5,1.17,0.0
20231207:2310,0.0,0.0,0.0,0.0,4.74,1.1,0.0
20231208:0010,0.0,0.0,0.0,0.0,4.37,1.17,0.0
20231208:0110,0.0,0.0,0.0,0.0,4.02,1.24,0.0
20231208:0210,0.0,0.0,0.0,0.0,3.65,1.31,0.0
20231208:0310,0.0,0.0,0.0,0.0,3.5,1.38,0.0
20231208:0410,0.0,0.0,0.0,0.0,3.81,1.24,0.0
20231208:0510,0.0,0.0,0.0,0.0,4.02,1.38,0.0
20231208:0610,1.0,54.0,0.0,10.42,5.06,1.31,0.0
20231208:0710,7.0,126.0,0.0,18.18,7.26,1.66,0.0
20231208:0810,0.0,113.0,0.0,23.88,8.06,1.79,0.0
20231208:0910,70.0,223.0,0.0,26.96,8.51,2.14,0.0
20231208:1010,1.0,153.0,0.0,27.0,8.96,2.62,0.0
20231208:1110,0.0,111.0,0.0,24.01,8.97,2.34,0.0
20231208:1210,0.0,72.0,0.0,18.37,8.75,2.28,0.0
20231208:1310,1.0,54.0,0.0,10.67,8.35,1.59,0.0
20231208:1410,0.0,1.0,0.0,1.46,8.01,1.38,0.0
20231208:1510,0.0,0.0,0.0,0.0,7.6,1.17,0.0
20231208:1610,0.0,0.0,0.0,0.0,7.38,1.1,0.0
20231208:1710,0.0,0.0,0.0,0.0,7.14,0.97,0.0
20231208:1810,0.0,0.0,0.0,0.0,7.05,0.83,0.0
20231208:1910,0.0,0.0,0.0,0.0,6.72,1.24,0.0
20231208:2010,0.0,0.0,0.0,0.0,6.68,1.31,0.0
20231208:2110,0.0,0.0,0.0,0.0,6.77,1.24,0.0
20231208:2210,0.0,0.0,0.0,0.0,6.8,1.31,0.0
20231208:2310,0.0,0.0,0.0,0.0,6.83,1.31,0.0
20231209:0010,0.0,0.0,0.0,0.0,6.87,1.38,0.0
20231209:0110,0.0,0.0,0.0,0.0,6.81,1.52,0.0
20231209:0210,0.0,0.0,0.0,0.0,6.74,1.59,0.0
20231209:0310,0.0,0.0,0.0,0.0,6.69,1.66,0.0
20231209:0410,0.0,0.0,0.0,0.0,6.54,1.59,0.0
20231209:0510,0.0,0.0,0.0,0.0,6.47,1.59,0.0
20231209:0610,0.0,39.0,0.0,10.28,6.51,1.52,0.0
20231209:0710,0.0,65.0,0.0,18.04,7.04,1.86,0.0
20231209:0810,0.0,83.0,0.0,23.75,7.46,2.0,0.0
20231209:0910,0.0,95.0,0.0,26.85,7.42,2.21,0.0
20231209:1010,0.0,73.0,0.0,26.91,7.44,1.93,0.0
20231209:1110,0.0,78.0,0.0,23.95,7.29,1.45,0.0
20231209:1210,0.0,39.0,0.0,18.33,7.41,1.03,0.0
20231209:1310,1.0,55.0,0.0,10.65,7.34,0.69,0.0
20231209:1410,0.0,1.0,0.0,1.46,6.53,0.34,0.0
20231209:1510,0.0,0.0,0.0,0.0,6.02,0.62,0.0
20231209:1610,0.0,0.0,0.0,0.0,5.6,1.24,0.0
20231209:1710,0.0,0.0,0.0,0.0,5.46,1.66,0.0
20231209:1810,0.0,0.0,0.0,0.0,5.17,2.14,0.0
20231209:1910,0.0,0.0,0.0,0.0,4.18,2.28,0.0
20231209:2010,0.0,0.0,0.0,0.0,3.86,2.34,0.0
20231209:2110,0.0,0.0,0.0,0.0,3.71,2.34,0.0
20231209:2210,0.0,0.0,0.0,0.0,3.67,2.55,0.0
20231209:2310,0.0,0.0,0.0,0.0,3.64,2.62,0.0
20231210:0010,0.0,0.0,0.0,0.0,3.38,2.55,0.0
20231210:0110,0.0,0.0,0.0,0.0,2.77,2.14,0.0
20231210:0210,0.0,0.0,0.0,0.0,2.42,2.07,0.0
20231210:0310,0.0,0.0,0.0,0.0,2.14,1.86,0.0
20231210:0410,0.0,0.0,0.0,0.0,1.94,1.72,0.0
20231210:0510,0.0,0.0,0.0,0.0,1.9,1.59,0.0
20231210:0610,0.0,47.0,0.0,10.14,1.99,1.52,0.0
20231210:0710,2.0,106.0,0.0,17.91,2.76,1.66,0.0
20231210:0810,6.0,160.0,0.0,23.63,3.29,1.24,0.0
20231210:0910,8.0,187.0,0.0,26.74,4.22,1.38,0.0
20231210:1010,0.0,147.0,0.0,26.83,5.26,1.66,0.0
20231210:1110,26.0,189.0,0.0,23.89,6.05,1.93,0.0
20231210:1210,0.0,86.0,0.0,18.3,6.83,2.14,0.0
20231210:1310,2.0,64.0,0.0,10.63,7.14,2.28,0.0
20231210:1410,0.0,1.0,0.0,1.46,7.06,1.52,0.0
20231210:1510,0.0,0.0,0.0,0.0,6.67,1.03,0.0
20231210:1610,0.0,0.0,0.0,0.0,5.95,1.17,0.0
20231210:1710,0.0,0.0,0.0,0.0,4.83,1.24,0.0
20231210:1810,0.0,0.0,0.0,0.0,4.36,1.17,0.0
20231210:1910,0.0,0.0,0.0,0.0,3.58,1.45,0.0
20231210:2010,0.0,0.0,0.0,0.0,3.39,1.17,0.0
20231210:2110,0.0,0.0,0.0,0.0,3.51,1.17,0.0
20231210:2210,0.0,0.0,0.0,0.0,3.16,1.31,0.0
20231210:2310,0.0,0.0,0.0,0.0,2.44,1.31,0.0
20231211:0010,0.0,0.0,0.0,0.0,1.89,1.31,0.0
20231211:0110,0.0,0.0,0.0,0.0,2.12,1.31,0.0
20231211:0210,0.0,0.0,0.0,0.0,2.16,1.24,0.0
20231211:0310,0.0,0.0,0.0,0.0,2.58,1.24,0.0
20231211:0410,0.0,0.0,0.0,0.0,2.43,1.38,0.0
20231211:0510,0.0,0.0,0.0,0.0,1.67,1.45,0.0
20231211:0610,8.0,68.0,0.0,10.01,2.02,1.03,0.0
20231211:0710,9.0,126.0,0.0,17.78,3.97,1.31,0.0
20231211:0810,0.0,118.0,0.0,23.52,5.59,1.24,0.0
20231211:0910,7.0,181.0,0.0,26.64,6.67,1.1,0.0
20231211:1010,8.0,185.0,0.0,26.75,7.7,0.9,0.0
20231211:1110,0.0,111.0,0.0,23.84,8.47,0.83,0.0
20231211:1210,0.0,44.0,0.0,18.27,8.63,0.9,0.0
20231211:1310,0.0,30.0,0.0,10.63,8.14,0.97,0.0
20231211:1410,0.0,1.0,0.0,1.47,7.47,0.9,0.0
20231211:1510,0.0,0.0,0.0,0.0,6.84,0.97,0.0
20231211:1610,0.0,0.0,0.0,0.0,6.33,0.97,0.0
20231211:1710,0.0,0.0,0.0,0.0,5.96,0.83,0.0
20231211:1810,0.0,0.0,0.0,0.0,5.79,0.69,0.0
20231211:1910,0.0,0.0,0.0,0.0,5.39,0.76,0.0
20231211:2010,0.0,0.0,0.0,0.0,5.48,0.62,0.0
20231211:2110,0.0,0.0,0.0,0.0,5.41,0.48,0.0
20231211:2210,0.0,0.0,0.0,0.0,5.55,0.28,0.0
20231211:2310,0.0,0.0,0.0,0.0,5.14,0.55,0.0
20231212:0010,0.0,0.0,0.0,0.0,4.92,0.69,0.0
20231212:0110,0.0,0.0,0.0,0.0,4.71,0.83,0.0
20231212:0210,0.0,0.0,0.0,0.0,4.44,0.83,0.0
20231212:0310,0.0,0.0,0.0,0.0,4.32,0.83,0.0
20231212:0410,0.0,0.0,0.0,0.0,4.31,0.76,0.0
20231212:0510,0.0,0.0,0.0,0.0,3.92,0.62,0.0
20231212:0610,14.0,72.0,0.0,9.88,4.33,0.55,0.0
20231212:0710,0.0,81.0,0.0,17.66,5.77,0.83,0.0
20231212:0810,93.0,190.0,0.0,23.41,7.15,1.52,0.0
20231212:0910,36.0,216.0,0.0,26.55,8.02,2.14,0.0
20231212:1010,24.0,210.0,0.0,26.68,8.66,2.14,0.0
20231212:1110,76.0,197.0,0.0,23.79,8.79,2.07,0.0
20231212:1210,0.0,60.0,0.0,18.25,8.69,2.07,0.0
20231212:1310,6.0,72.0,0.0,10.63,8.19,2.0,0.0
20231212:1410,0.0,1.0,0.0,1.49,7.54,1.52,0.0
20231212:1510,0.0,0.0,0.0,0.0,6.57,1.52,0.0
20231212:1610,0.0,0.0,0.0,0.0,5.65,1.52,0.0
20231212:1710,0.0,0.0,0.0,0.0,4.75,1.45,0.0
20231212:1810,0.0,0.0,0.0,0.0,4.31,1.24,0.0
20231212:1910,0.0,0.0,0.0,0.0,2.87,1.66,0.0
20231212:2010,0.0,0.0,0.0,0.0,2.15,1.59,0.0
20231212:2110,0.0,0.0,0.0,0.0,1.7,1.59,0.0
20231212:2210,0.0,0.0,0.0,0.0,1.29,1.59,0.0
20231212:2310,0.0,0.0,0.0,0.0,0.9,1.66,0.0
20231213:0010,0.0,0.0,0.0,0.0,0.36,1.66,0.0
20231213:0110,0.0,0.0,0.0,0.0,-0.16,1.66,0.0
20231213:0210,0.0,0.0,0.0,0.0,-0.23,1.45,0.0
20231213:0310,0.0,0.0,0.0,0.0,-0.41,1.31,0.0
20231213:0410,0.0,0.0,0.0,0.0,-0.77,1.38,0.0
20231213:0510,0.0,0.0,0.0,0.0,-0.53,1.31,0.0
20231213:0610,92.01,49.0,0.0,9.76,0.69,1.24,0.0
20231213:0710,228.01,66.0,0.0,17.55,2.58,1.72,0.0
20231213:0810,284.01,103.0,0.0,23.31,4.16,2.21,0.0
20231213:0910,228.01,171.0,0.0,26.47,5.25,2.62,0.0
20231213:1010,220.01,176.0,0.0,26.62,6.23,2.76,0.0
20231213:1110,265.01,119.0,0.0,23.76,6.82,2.62,0.0
20231213:1210,88.0,142.0,0.0,18.24,6.93,2.41,0.0
20231213:1310,12.0,78.0,0.0,10.63,6.7,2.48,0.0
20231213:1410,0.0,6.0,0.0,1.51,5.92,1.79,0.0
20231213:1510,0.0,0.0,0.0,0.0,4.4,1.72,0.0
20231213:1610,0.0,0.0,0.0,0.0,2.84,1.38,0.0
20231213:1710,0.0,0.0,0.0,0.0,2.49,1.24,0.0
20231213:1810,0.0,0.0,0.0,0.0,2.75,1.1,0.0
20231213:1910,0.0,0.0,0.0,0.0,2.86,0.83,0.0
20231213:2010,0.0,0.0,0.0,0.0,2.51,0.76,0.0
20231213:2110,0.0,0.0,0.0,0.0,2.15,1.03,0.0
20231213:2210,0.0,0.0,0.0,0.0,1.08,1.24,0.0
20231213:2310,0.0,0.0,0.0,0.0,0.8,1.31,0.0
20231214:0010,0.0,0.0,0.0,0.0,0.25,1.45,0.0
20231214:0110,0.0,0.0,0.0,0.0,0.09,1.31,0.0
20231214:0210,0.0,0.0,0.0,0.0,-0.26,1.38,0.0
20231214:0310,0.0,0.0,0.0,0.0,-0.5,1.38,0.0
20231214:0410,0.0,0.0,0.0,0.0,-0.6,1.38,0.0
20231214:0510,0.0,0.0,0.0,0.0,-0.75,1.38,0.0
20231214:0610,87.01,49.0,0.0,9.65,0.0,1.17,0.0
20231214:0710,211.01,72.0,0.0,17.44,2.87,1.17,0.0
20231214:0810,276.01,103.0,0.0,23.21,6.09,1.59,0.0
20231214:0910,344.01,100.0,0.0,26.39,8.41,2.0,0.0
20231214:1010,321.01,116.0,0.0,26.57,10.03,2.34,0.0
20231214:1110,306.01,91.0,0.0,23.73,11.16,2.62,0.0
20231214:1210,83.0,142.0,0.0,18.23,11.65,2.48,0.0
20231214:1310,8.0,73.0,0.0,10.64,11.47,1.72,0.0
20231214:1410,0.0,1.0,0.0,1.53,10.41,1.38,0.0
20231214:1510,0.0,0.0,0.0,0.0,8.0,1.38,0.0
20231214:1610,0.0,0.0,0.0,0.0,6.83,1.45,0.0
20231214:1710,0.0,0.0,0.0,0.0,5.78,1.52,0.0
20231214:1810,0.0,0.0,0.0,0.0,5.01,1.59,0.0
20231214:1910,0.0,0.0,0.0,0.0,4.01,1.66,0.0
20231214:2010,0.0,0.0,0.0,0.0,3.59,1.66,0.0
20231214:2110,0.0,0.0,0.0,0.0,3.53,1.66,0.0
20231214:2210,0.0,0.0,0.0,0.0,3.54,1.66,0.0
20231214:2310,0.0,0.0,0.0,0.0,3.34,1.79,0.0
20231215:0010,0.0,0.0,0.0,0.0,3.41,1.79,0.0
20231215:0110,0.0,0.0,0.0,0.0,3.99,1.72,0.0
20231215:0210,0.0,0.0,0.0,0.0,4.51,1.66,0.0
20231215:0310,0.0,0.0,0.0,0.0,5.06,1.52,0.0
20231215:0410,0.0,0.0,0.0,0.0,5.71,1.38,0.0
20231215:0510,0.0,0.0,0.0,0.0,5.27,1.38,0.0
20231215:0610,15.0,69.0,0.0,9.54,4.42,1.38,0.0
20231215:0710,53.0,140.0,0.0,17.34,5.98,1.1,0.0
20231215:0810,47.0,191.0,0.0,23.12,9.9,1.31,0.0
20231215:0910,57.0,220.0,0.0,26.32,12.04,1.59,0.0
20231215:1010,357.01,93.0,0.0,26.52,13.43,1.72,0.0
20231215:1110,304.01,91.0,0.0,23.7,14.21,1.66,0.0
20231215:1210,117.01,128.0,0.0,18.23,14.54,1.45,0.0
20231215:1310,89.01,58.0,0.0,10.66,14.18,1.03,0.0
20231215:1410,0.0,6.0,0.0,1.57,12.55,1.03,0.0
20231215:1510,0.0,0.0,0.0,0.0,10.87,1.17,0.0
20231215:1610,0.0,0.0,0.0,0.0,9.81,1.24,0.0
20231215:1710,0.0,0.0,0.0,0.0,8.68,1.31,0.0
20231215:1810,0.0,0.0,0.0,0.0,7.98,1.17,0.0
20231215:1910,0.0,0.0,0.0,0.0,8.37,0.97,0.0
20231215:2010,0.0,0.0,0.0,0.0,7.72,0.97,0.0
20231215:2110,0.0,0.0,0.0,0.0,7.17,0.9,0.0
20231215:2210,0.0,0.0,0.0,0.0,6.67,0.83,0.0
20231215:2310,0.0,0.0,0.0,0.0,6.16,0.9,0.0
20231216:0010,0.0,0.0,0.0,0.0,5.81,0.9,0.0
20231216:0110,0.0,0.0,0.0,0.0,5.68,0.9,0.0
20231216:0210,0.0,0.0,0.0,0.0,5.42,0.97,0.0
20231216:0310,0.0,0.0,0.0,0.0,5.17,0.97,0.0
20231216:0410,0.0,0.0,0.0,0.0,4.86,0.97,0.0
20231216:0510,0.0,0.0,0.0,0.0,4.6,0.97,0.0
20231216:0610,27.0,69.0,0.0,9.43,4.74,0.83,0.0
20231216:0710,201.01,72.0,0.0,17.24,6.39,0.9,0.0
20231216:0810,296.01,85.0,0.0,23.04,9.62,1.03,0.0
20231216:0910,134.0,203.0,0.0,26.26,11.36,1.24,0.0
20231216:1010,10.0,189.0,0.0,26.48,12.48,1.38,0.0
20231216:1110,0.0,51.0,0.0,23.69,12.75,1.38,0.0
20231216:1210,0.0,26.0,0.0,18.24,12.52,1.38,0.0
20231216:1310,0.0,30.0,0.0,10.69,11.88,0.83,0.0
20231216:1410,0.0,1.0,0.0,1.61,10.95,0.62,0.0
20231216:1510,0.0,0.0,0.0,0.0,10.38,0.41,0.0
20231216:1610,0.0,0.0,0.0,0.0,9.86,0.62,0.0
20231216:1710,0.0,0.0,0.0,0.0,8.86,1.03,0.0
20231216:1810,0.0,0.0,0.0,0.0,7.9,1.24,0.0
20231216:1910,0.0,0.0,0.0,0.0,7.6,1.45,0.0
20231216:2010,0.0,0.0,0.0,0.0,7.72,1.38,0.0
20231216:2110,0.0,0.0,0.0,0.0,7.39,1.38,0.0
20231216:2210,0.0,0.0,0.0,0.0,6.94,1.45,0.0
20231216:2310,0.0,0.0,0.0,0.0,6.85,1.45,0.0
20231217:0010,0.0,0.0,0.0,0.0,6.65,1.79,0.0
20231217:0110,0.0,0.0,0.0,0.0,5.84,2.28,0.0
20231217:0210,0.0,0.0,0.0,0.0,4.81,2.97,0.0
20231217:0310,0.0,0.0,0.0,0.0,3.57,3.1,0.0
20231217:0410,0.0,0.0,0.0,0.0,2.23,2.55,0.0
20231217:0510,0.0,0.0,0.0,0.0,1.55,2.14,0.0
20231217:0610,14.0,68.0,0.0,9.34,1.53,1.93,0.0
20231217:0710,46.0,140.0,0.0,17.15,2.67,3.45,0.0
20231217:0810,276.01,102.0,0.0,22.97,3.61,4.28,0.0
20231217:0910,310.01,121.0,0.0,26.2,4.46,4.0,0.0
20231217:1010,377.01,85.0,0.0,26.45,4.93,3.59,0.0
20231217:1110,333.01,77.0,0.0,23.68,5.32,3.24,0.0
20231217:1210,89.0,141.0,0.0,18.25,5.4,2.97,0.0
20231217:1310,47.0,78.0,0.0,10.72,5.11,2.69,0.0
20231217:1410,0.0,2.0,0.0,1.65,4.27,1.93,0.0
20231217:1510,0.0,0.0,0.0,0.0,2.92,1.59,0.0
20231217:1610,0.0,0.0,0.0,0.0,1.09,1.52,0.0
20231217:1710,0.0,0.0,0.0,0.0,0.22,1.45,0.0
20231217:1810,0.0,0.0,0.0,0.0,-0.12,1.31,0.0
20231217:1910,0.0,0.0,0.0,0.0,0.85,0.97,0.0
20231217:2010,0.0,0.0,0.0,0.0,0.27,0.83,0.0
20231217:2110,0.0,0.0,0.0,0.0,-0.23,0.62,0.0
20231217:2210,0.0,0.0,0.0,0.0,-0.76,0.41,0.0
20231217:2310,0.0,0.0,0.0,0.0,-1.15,0.48,0.0
20231218:0010,0.0,0.0,0.0,0.0,-1.44,0.48,0.0
20231218:0110,0.0,0.0,0.0,0.0,-1.93,0.28,0.0
20231218:0210,0.0,0.0,0.0,0.0,-2.13,0.21,0.0
20231218:0310,0.0,0.0,0.0,0.0,-2.24,0.28,0.0
20231218:0410,0.0,0.0,0.0,0.0,-2.32,0.28,0.0
20231218:0510,0.0,0.0,0.0,0.0,-2.39,0.21,0.0
20231218:0610,81.01,49.0,0.0,9.24,-2.12,0.14,0.0
20231218:0710,215.01,67.0,0.0,17.07,-0.32,0.21,0.0
20231218:0810,320.01,77.0,0.0,22.9,1.41,0.69,0.0
20231218:0910,353.01,94.0,0.0,26.16,2.67,1.03,0.0
20231218:1010,383.01,81.0,0.0,26.43,3.61,1.31,0.0
20231218:1110,343.01,73.0,0.0,23.68,4.28,1.52,0.0
20231218:1210,201.01,88.0,0.0,18.27,4.56,1.66,0.0
20231218:1310,52.0,77.0,0.0,10.76,4.33,1.52,0.0
20231218:1410,0.0,2.0,0.0,1.7,3.42,1.17,0.0
20231218:1510,0.0,0.0,0.0,0.0,1.88,1.17,0.0
20231218:1610,0.0,0.0,0.0,0.0,0.45,1.03,0.0
20231218:1710,0.0,0.0,0.0,0.0,0.39,0.9,0.0
20231218:1810,0.0,0.0,0.0,0.0,-0.04,0.83,0.0
20231218:1910,0.0,0.0,0.0,0.0,-0.14,0.62,0.0
20231218:2010,0.0,0.0,0.0,0.0,-0.51,0.55,0.0
20231218:2110,0.0,0.0,0.0,0.0,-0.75,0.48,0.0
20231218:2210,0.0,0.0,0.0,0.0,-0.9,0.34,0.0
20231218:2310,0.0,0.0,0.0,0.0,-1.04,0.21,0.0
20231219:0010,0.0,0.0,0.0,0.0,-1.2,0.21,0.0
20231219:0110,0.0,0.0,0.0,0.0,-1.12,0.34,0.0
20231219:0210,0.0,0.0,0.0,0.0,-1.16,0.34,0.0
20231219:0310,0.0,0.0,0.0,0.0,-1.19,0.41,0.0
20231219:0410,0.0,0.0,0.0,0.0,-1.25,0.41,0.0
20231219:0510,0.0,0.0,0.0,0.0,-1.29,0.34,0.0
20231219:0610,76.01,50.0,0.0,9.16,-0.98,0.34,0.0
20231219:0710,208.01,69.0,0.0,16.99,0.91,0.62,0.0
20231219:0810,308.01,81.0,0.0,22.84,3.25,0.97,0.0
20231219:0910,349.01,95.0,0.0,26.12,4.86,1.03,0.0
20231219:1010,384.01,80.0,0.0,26.41,6.01,1.03,0.0
20231219:1110,326.01,81.0,0.0,23.69,6.74,0.97,0.0
20231219:1210,219.01,77.0,0.0,18.3,7.04,0.76,0.0
20231219:1310,58.0,75.0,0.0,10.8,6.84,0.62,0.0
20231219:1410,0.0,3.0,0.0,1.76,5.98,0.55,0.0
20231219:1510,0.0,0.0,0.0,0.0,4.58,0.48,0.0
20231219:1610,0.0,0.0,0.0,0.0,3.59,0.48,0.0
20231219:1710,0.0,0.0,0.0,0.0,2.81,0.41,0.0
20231219:1810,0.0,0.0,0.0,0.0,2.16,0.41,0.0
20231219:1910,0.0,0.0,0.0,0.0,1.7,0.41,0.0
20231219:2010,0.0,0.0,0.0,0.0,1.33,0.34,0.0
20231219:2110,0.0,0.0,0.0,0.0,1.14,0.28,0.0
20231219:2210,0.0,0.0,0.0,0.0,0.92,0.14,0.0
20231219:2310,0.0,0.0,0.0,0.0,0.67,0.34,0.0
20231220:0010,0.0,0.0,0.0,0.0,0.42,0.41,0.0
20231220:0110,0.0,0.0,0.0,0.0,0.13,0.55,0.0
20231220:0210,0.0,0.0,0.0,0.0,-0.02,0.83,0.0
20231220:0310,0.0,0.0,0.0,0.0,-1.22,0.9,0.0
20231220:0410,0.0,0.0,0.0,0.0,-2.75,0.83,0.0
20231220:0510,0.0,0.0,0.0,0.0,-2.85,0.76,0.0
20231220:0610,80.01,48.0,0.0,9.07,-2.13,0.69,0.0
20231220:0710,209.01,69.0,0.0,16.93,1.35,0.9,0.0
20231220:0810,316.01,78.0,0.0,22.79,3.27,1.03,0.0
20231220:0910,354.01,94.0,0.0,26.08,4.57,1.17,0.0
20231220:1010,375.01,86.0,0.0,26.41,5.84,1.24,0.0
20231220:1110,323.01,84.0,0.0,23.71,6.67,1.38,0.0
20231220:1210,207.01,87.0,0.0,18.34,7.12,1.24,0.0
20231220:1310,52.0,78.0,0.0,10.85,6.91,0.97,0.0
20231220:1410,0.0,5.0,0.0,1.82,5.92,1.1,0.0
20231220:1510,0.0,0.0,0.0,0.0,3.19,1.24,0.0
20231220:1610,0.0,0.0,0.0,0.0,1.64,1.31,0.0
20231220:1710,0.0,0.0,0.0,0.0,0.75,1.24,0.0
20231220:1810,0.0,0.0,0.0,0.0,0.25,1.17,0.0
20231220:1910,0.0,0.0,0.0,0.0,0.22,1.03,0.0
20231220:2010,0.0,0.0,0.0,0.0,-0.19,1.1,0.0
20231220:2110,0.0,0.0,0.0,0.0,-0.59,1.1,0.0
20231220:2210,0.0,0.0,0.0,0.0,-0.14,0.9,0.0
20231220:2310,0.0,0.0,0.0,0.0,-0.14,0.97,0.0
20231221:0010,0.0,0.0,0.0,0.0,-0.28,1.03,0.0
20231221:0110,0.0,0.0,0.0,0.0,0.38,0.97,0.0
20231221:0210,0.0,0.0,0.0,0.0,0.32,1.03,0.0
20231221:0310,0.0,0.0,0.0,0.0,0.22,1.17,0.0
20231221:0410,0.0,0.0,0.0,0.0,-0.07,1.38,0.0
20231221:0510,0.0,0.0,0.0,0.0,0.0,1.45,0.0
20231221:0610,5.0,59.0,0.0,9.0,0.54,1.31,0.0
20231221:0710,1.0,94.0,0.0,16.86,2.4,1.31,0.0
20231221:0810,0.0,81.0,0.0,22.74,4.16,1.31,0.0
20231221:0910,7.0,180.0,0.0,26.06,5.43,1.38,0.0
20231221:1010,0.0,96.0,0.0,26.4,6.01,1.38,0.0
20231221:1110,0.0,96.0,0.0,23.73,6.7,1.45,0.0
20231221:1210,0.0,71.0,0.0,18.38,6.95,1.38,0.0
20231221:1310,0.0,52.0,0.0,10.91,6.75,1.38,0.0
20231221:1410,0.0,4.0,0.0,1.89,5.76,1.59,0.0
20231221:1510,0.0,0.0,0.0,0.0,4.3,1.79,0.0
20231221:1610,0.0,0.0,0.0,0.0,3.18,1.93,0.0
20231221:1710,0.0,0.0,0.0,0.0,2.3,1.86,0.0
20231221:1810,0.0,0.0,0.0,0.0,1.61,1.79,0.0
20231221:1910,0.0,0.0,0.0,0.0,0.92,1.31,0.0
20231221:2010,0.0,0.0,0.0,0.0,0.68,1.24,0.0
20231221:2110,0.0,0.0,0.0,0.0,0.57,1.17,0.0
20231221:2210,0.0,0.0,0.0,0.0,1.11,1.17,0.0
20231221:2310,0.0,0.0,0.0,0.0,1.47,1.03,0.0
20231222:0010,0.0,0.0,0.0,0.0,1.23,0.9,0.0
20231222:0110,0.0,0.0,0.0,0.0,1.19,0.69,0.0
20231222:0210,0.0,0.0,0.0,0.0,1.33,0.62,0.0
20231222:0310,0.0,0.0,0.0,0.0,1.52,0.83,0.0
20231222:0410,0.0,0.0,0.0,0.0,1.95,1.17,0.0
20231222:0510,0.0,0.0,0.0,0.0,2.26,1.38,0.0
20231222:0610,2.0,51.0,0.0,8.93,2.62,1.59,0.0
20231222:0710,0.0,66.0,0.0,16.81,4.61,2.21,0.0
20231222:0810,0.0,85.0,0.0,22.7,5.36,3.24,0.0
20231222:0910,8.0,181.0,0.0,26.04,6.09,4.34,0.0
20231222:1010,0.0,118.0,0.0,26.41,6.72,4.48,0.0
20231222:1110,0.0,63.0,0.0,23.76,7.35,4.69,0.0
20231222:1210,0.0,58.0,0.0,18.43,7.62,4.0,0.0
20231222:1310,0.0,19.0,0.0,10.98,7.83,3.59,0.0
20231222:1410,0.0,3.0,0.0,1.97,7.08,2.21,0.0
20231222:1510,0.0,0.0,0.0,0.0,5.54,1.79,0.0
20231222:1610,0.0,0.0,0.0,0.0,4.11,2.07,0.0
20231222:1710,0.0,0.0,0.0,0.0,3.5,2.21,0.0
20231222:1810,0.0,0.0,0.0,0.0,3.29,2.41,0.0
20231222:1910,0.0,0.0,0.0,0.0,3.68,2.69,0.0
20231222:2010,0.0,0.0,0.0,0.0,4.37,3.45,0.0
20231222:2110,0.0,0.0,0.0,0.0,4.48,4.21,0.0
20231222:2210,0.0,0.0,0.0,0.0,4.53,4.83,0.0
20231222:2310,0.0,0.0,0.0,0.0,4.2,4.97,0.0
20231223:0010,0.0,0.0,0.0,0.0,3.6,4.76,0.0
20231223:0110,0.0,0.0,0.0,0.0,3.06,4.48,0.0
20231223:0210,0.0,0.0,0.0,0.0,2.58,4.28,0.0
20231223:0310,0.0,0.0,0.0,0.0,2.32,3.79,0.0
20231223:0410,0.0,0.0,0.0,0.0,1.79,3.79,0.0
20231223:0510,0.0,0.0,0.0,0.0,1.35,3.52,0.0
20231223:0610,87.01,42.0,0.0,8.87,1.1,2.83,0.0
20231223:0710,206.01,69.0,0.0,16.76,2.36,4.76,0.0
20231223:0810,251.01,115.0,0.0,22.67,3.31,4.83,0.0
20231223:0910,359.01,91.0,0.0,26.03,4.24,5.17,0.0
20231223:1010,375.01,87.0,0.0,26.43,5.18,5.31,0.0
20231223:1110,329.01,82.0,0.0,23.8,6.09,5.31,0.0
20231223:1210,206.01,89.0,0.0,18.48,6.72,5.66,0.0
20231223:1310,29.0,85.0,0.0,11.05,6.9,5.45,0.0
20231223:1410,0.0,6.0,0.0,2.04,6.35,5.31,0.0
20231223:1510,0.0,0.0,0.0,0.0,5.78,5.52,0.0
20231223:1610,0.0,0.0,0.0,0.0,5.52,5.59,0.0
20231223:1710,0.0,0.0,0.0,0.0,5.19,6.0,0.0
20231223:1810,0.0,0.0,0.0,0.0,5.01,6.34,0.0
20231223:1910,0.0,0.0,0.0,0.0,4.24,6.28,0.0
20231223:2010,0.0,0.0,0.0,0.0,3.83,5.17,0.0
20231223:2110,0.0,0.0,0.0,0.0,3.28,4.07,0.0
20231223:2210,0.0,0.0,0.0,0.0,3.04,3.72,0.0
20231223:2310,0.0,0.0,0.0,0.0,2.98,4.41,0.0
20231224:0010,0.0,0.0,0.0,0.0,3.2,5.24,0.0
20231224:0110,0.0,0.0,0.0,0.0,3.61,5.66,0.0
20231224:0210,0.0,0.0,0.0,0.0,3.73,5.93,0.0
20231224:0310,0.0,0.0,0.0,0.0,3.97,6.0,0.0
20231224:0410,0.0,0.0,0.0,0.0,4.2,6.0,0.0
20231224:0510,0.0,0.0,0.0,0.0,4.21,6.07,0.0
20231224:0610,38.0,62.0,0.0,8.81,4.42,6.14,0.0
20231224:0710,4.0,111.0,0.0,16.71,5.14,6.55,0.0
20231224:0810,0.0,96.0,0.0,22.65,6.1,6.48,0.0
20231224:0910,12.0,192.0,0.0,26.03,7.04,6.62,0.0
20231224:1010,19.0,205.0,0.0,26.45,7.72,7.38,0.0
20231224:1110,0.0,46.0,0.0,23.84,7.62,7.45,0.0
20231224:1210,57.0,151.0,0.0,18.55,7.53,6.28,0.0
20231224:1310,17.0,82.0,0.0,11.12,7.1,5.45,0.0
20231224:1410,0.0,2.0,0.0,2.13,5.94,5.38,0.0
20231224:1510,0.0,0.0,0.0,0.0,4.95,4.83,0.0
20231224:1610,0.0,0.0,0.0,0.0,4.09,4.34,0.0
20231224:1710,0.0,0.0,0.0,0.0,3.52,3.72,0.0
20231224:1810,0.0,0.0,0.0,0.0,2.74,2.9,0.0
20231224:1910,0.0,0.0,0.0,0.0,2.3,2.69,0.0
20231224:2010,0.0,0.0,0.0,0.0,1.72,2.83,0.0
20231224:2110,0.0,0.0,0.0,0.0,1.31,2.62,0.0
20231224:2210,0.0,0.0,0.0,0.0,0.97,2.55,0.0
20231224:2310,0.0,0.0,0.0,0.0,0.74,2.48,0.0
20231225:0010,0.0,0.0,0.0,0.0,0.73,2.34,0.0
20231225:0110,0.0,0.0,0.0,0.0,0.73,2.21,0.0
20231225:0210,0.0,0.0,0.0,0.0,0.16,2.21,0.0
20231225:0310,0.0,0.0,0.0,0.0,0.02,2.07,0.0
20231225:0410,0.0,0.0,0.0,0.0,0.16,1.93,0.0
20231225:0510,0.0,0.0,0.0,0.0,0.26,1.79,0.0
20231225:0610,74.01,46.0,0.0,8.76,0.79,1.72,0.0
20231225:0710,197.01,70.0,0.0,16.68,3.66,2.0,0.0
20231225:0810,303.01,80.0,0.0,22.63,7.35,2.9,0.0
20231225:0910,330.01,103.0,0.0,26.04,9.02,3.86,0.0
20231225:1010,355.01,93.0,0.0,26.48,10.2,4.41,0.0
20231225:1110,316.01,86.0,0.0,23.89,10.83,4.55,0.0
20231225:1210,194.01,93.0,0.0,18.62,11.01,4.21,0.0
20231225:1310,34.0,84.0,0.0,11.2,10.71,3.52,0.0
20231225:1410,0.0,10.0,0.0,2.22,9.53,2.55,0.0
20231225:1510,0.0,0.0,0.0,0.0,8.04,2.07,0.0
20231225:1610,0.0,0.0,0.0,0.0,6.17,2.07,0.0
20231225:1710,0.0,0.0,0.0,0.0,4.67,2.14,0.0
20231225:1810,0.0,0.0,0.0,0.0,3.88,2.21,0.0
20231225:1910,0.0,0.0,0.0,0.0,3.33,2.62,0.0
20231225:2010,0.0,0.0,0.0,0.0,2.95,2.62,0.0
20231225:2110,0.0,0.0,0.0,0.0,2.73,2.55,0.0
20231225:2210,0.0,0.0,0.0,0.0,2.72,2.41,0.0
20231225:2310,0.0,0.0,0.0,0.0,2.83,2.14,0.0
20231226:0010,0.0,0.0,0.0,0.0,3.16,1.93,0.0
20231226:0110,0.0,0.0,0.0,0.0,3.37,1.72,0.0
20231226:0210,0.0,0.0,0.0,0.0,3.43,1.66,0.0
20231226:0310,0.0,0.0,0.0,0.0,4.31,1.45,0.0
20231226:0410,0.0,0.0,0.0,0.0,4.6,1.1,0.0
20231226:0510,0.0,0.0,0.0,0.0,4.44,0.76,0.0
20231226:0610,76.01,44.0,0.0,8.71,4.35,0.62,0.0
20231226:0710,200.01,68.0,0.0,16.65,5.8,0.41,0.0
20231226:0810,304.01,80.0,0.0,22.62,8.57,0.76,0.0
20231226:0910,349.01,92.0,0.0,26.05,10.46,1.17,0.0
20231226:1010,372.01,85.0,0.0,26.52,11.65,1.52,0.0
20231226:1110,331.01,79.0,0.0,23.95,12.39,1.66,0.0
20231226:1210,232.01,73.0,0.0,18.69,12.66,1.66,0.0
20231226:1310,61.0,77.0,0.0,11.29,12.4,1.17,0.0
20231226:1410,10.0,8.25,0.0,2.32,11.28,0.55,0.0
20231226:1510,0.0,0.0,0.0,0.0,10.3,0.55,0.0
20231226:1610,0.0,0.0,0.0,0.0,8.92,0.83,0.0
20231226:1710,0.0,0.0,0.0,0.0,7.66,0.97,0.0
20231226:1810,0.0,0.0,0.0,0.0,6.62,0.97,0.0
20231226:1910,0.0,0.0,0.0,0.0,6.11,0.83,0.0
20231226:2010,0.0,0.0,0.0,0.0,5.46,0.83,0.0
20231226:2110,0.0,0.0,0.0,0.0,4.83,0.83,0.0
20231226:2210,0.0,0.0,0.0,0.0,4.3,0.9,0.0
20231226:2310,0.0,0.0,0.0,0.0,3.88,0.9,0.0
20231227:0010,0.0,0.0,0.0,0.0,3.62,0.9,0.0
20231227:0110,0.0,0.0,0.0,0.0,3.37,0.9,0.0
20231227:0210,0.0,0.0,0.0,0.0,3.27,0.9,0.0
20231227:0310,0.0,0.0,0.0,0.0,3.29,0.9,0.0
20231227:0410,0.0,0.0,0.0,0.0,3.31,0.97,0.0
20231227:0510,0.0,0.0,0.0,0.0,3.28,1.03,0.0
20231227:0610,77.01,44.0,0.0,8.67,3.42,0.97,0.0
20231227:0710,203.01,68.0,0.0,16.62,4.27,0.83,0.0
20231227:0810,305.01,81.0,0.0,22.62,7.3,1.31,0.0
20231227:0910,349.01,95.0,0.0,26.07,8.94,1.86,0.0
20231227:1010,373.01,87.0,0.0,26.56,9.8,2.28,0.0
20231227:1110,324.01,85.0,0.0,24.02,10.22,2.41,0.0
20231227:1210,228.01,78.0,0.0,18.78,10.3,2.21,0.0
20231227:1310,56.0,81.0,0.0,11.39,9.89,1.72,0.0
20231227:1410,8.0,9.52,0.0,2.42,8.66,1.52,0.0
20231227:1510,0.0,0.0,0.0,0.0,6.4,1.45,0.0
20231227:1610,0.0,0.0,0.0,0.0,4.53,1.38,0.0
20231227:1710,0.0,0.0,0.0,0.0,4.38,1.17,0.0
20231227:1810,0.0,0.0,0.0,0.0,4.31,0.83,0.0
20231227:1910,0.0,0.0,0.0,0.0,4.42,0.69,0.0
20231227:2010,0.0,0.0,0.0,0.0,3.99,0.55,0.0
20231227:2110,0.0,0.0,0.0,0.0,3.59,0.55,0.0
20231227:2210,0.0,0.0,0.0,0.0,3.25,0.55,0.0
20231227:2310,0.0,0.0,0.0,0.0,2.92,0.48,0.0
20231228:0010,0.0,0.0,0.0,0.0,2.63,0.48,0.0
20231228:0110,0.0,0.0,0.0,0.0,2.2,1.03,0.0
20231228:0210,0.0,0.0,0.0,0.0,0.67,1.24,0.0
20231228:0310,0.0,0.0,0.0,0.0,0.82,0.97,0.0
20231228:0410,0.0,0.0,0.0,0.0,0.78,0.9,0.0
20231228:0510,0.0,0.0,0.0,0.0,0.18,0.97,0.0
20231228:0610,66.0,50.0,0.0,8.64,0.12,0.97,0.0
20231228:0710,200.01,70.0,0.0,16.61,2.96,0.55,0.0
20231228:0810,300.01,84.0,0.0,22.62,5.32,0.62,0.0
20231228:0910,353.01,95.0,0.0,26.1,7.18,0.69,0.0
20231228:1010,388.01,81.0,0.0,26.62,8.33,1.03,0.0
20231228:1110,295.01,105.0,0.0,24.09,9.08,1.1,0.0
20231228:1210,178.01,108.0,0.0,18.86,9.35,0.62,0.0
20231228:1310,48.0,85.0,0.0,11.49,9.19,0.55,0.0
20231228:1410,14.0,7.75,0.0,2.52,8.48,0.55,0.0
20231228:1510,0.0,0.0,0.0,0.0,7.11,0.34,0.0
20231228:1610,0.0,0.0,0.0,0.0,6.04,0.34,0.0
20231228:1710,0.0,0.0,0.0,0.0,5.11,0.62,0.0
20231228:1810,0.0,0.0,0.0,0.0,4.24,0.76,0.0
20231228:1910,0.0,0.0,0.0,0.0,4.18,0.34,0.0
20231228:2010,0.0,0.0,0.0,0.0,3.54,0.41,0.0
20231228:2110,0.0,0.0,0.0,0.0,3.05,0.48,0.0
20231228:2210,0.0,0.0,0.0,0.0,2.62,0.48,0.0
20231228:2310,0.0,0.0,0.0,0.0,2.22,0.48,0.0
20231229:0010,0.0,0.0,0.0,0.0,1.9,0.48,0.0
20231229:0110,0.0,0.0,0.0,0.0,1.33,0.48,0.0
20231229:0210,0.0,0.0,0.0,0.0,1.21,0.48,0.0
20231229:0310,0.0,0.0,0.0,0.0,1.08,0.41,0.0
20231229:0410,0.0,0.0,0.0,0.0,1.07,0.41,0.0
20231229:0510,0.0,0.0,0.0,0.0,1.07,0.55,0.0
20231229:0610,66.0,50.0,0.0,8.61,1.13,0.62,0.0
20231229:0710,197.01,72.0,0.0,16.6,1.64,0.28,0.0
20231229:0810,306.01,82.0,0.0,22.63,5.38,0.62,0.0
20231229:0910,348.01,99.0,0.0,26.14,6.99,1.03,0.0
20231229:1010,370.01,92.0,0.0,26.68,7.88,1.1,0.0
20231229:1110,315.01,95.0,0.0,24.17,8.45,1.1,0.0
20231229:1210,242.01,74.0,0.0,18.96,8.66,1.1,0.0
20231229:1310,51.0,85.0,0.0,11.59,8.47,0.9,0.0
20231229:1410,15.0,8.46,0.0,2.64,7.6,0.34,0.0
20231229:1510,0.0,0.0,0.0,0.0,6.24,0.14,0.0
20231229:1610,0.0,0.0,0.0,0.0,5.02,0.21,0.0
20231229:1710,0.0,0.0,0.0,0.0,3.92,0.28,0.0
20231229:1810,0.0,0.0,0.0,0.0,2.94,0.41,0.0
20231229:1910,0.0,0.0,0.0,0.0,2.49,0.55,0.0
20231229:2010,0.0,0.0,0.0,0.0,1.94,0.48,0.0
20231229:2110,0.0,0.0,0.0,0.0,1.56,0.48,0.0
20231229:2210,0.0,0.0,0.0,0.0,1.35,0.48,0.0
20231229:2310,0.0,0.0,0.0,0.0,0.88,0.41,0.0
20231230:0010,0.0,0.0,0.0,0.0,0.34,0.14,0.0
20231230:0110,0.0,0.0,0.0,0.0,-0.02,0.21,0.0
20231230:0210,0.0,0.0,0.0,0.0,-0.23,0.28,0.0
20231230:0310,0.0,0.0,0.0,0.0,-0.45,0.41,0.0
20231230:0410,0.0,0.0,0.0,0.0,-0.7,0.55,0.0
20231230:0510,0.0,0.0,0.0,0.0,-0.52,0.69,0.0
20231230:0610,57.0,53.0,0.0,8.59,-0.3,0.62,0.0
20231230:0710,165.01,89.0,0.0,16.6,0.59,0.41,0.0
20231230:0810,226.01,127.0,0.0,22.65,3.46,0.55,0.0
20231230:0910,347.01,99.0,0.0,26.18,5.69,0.76,0.0
20231230:1010,374.01,90.0,0.0,26.74,7.14,1.1,0.0
20231230:1110,321.01,91.0,0.0,24.26,8.11,1.31,0.0
20231230:1210,265.01,63.0,0.0,19.06,8.52,1.31,0.0
20231230:1310,106.01,62.0,0.0,11.7,8.28,1.03,0.0
20231230:1410,14.0,9.52,0.0,2.75,7.39,0.76,0.0
20231230:1510,0.0,0.0,0.0,0.0,5.92,0.62,0.0
20231230:1610,0.0,0.0,0.0,0.0,4.84,0.41,0.0
20231230:1710,0.0,0.0,0.0,0.0,3.91,0.34,0.0
20231230:1810,0.0,0.0,0.0,0.0,3.1,0.41,0.0
20231230:1910,0.0,0.0,0.0,0.0,2.83,0.41,0.0
20231230:2010,0.0,0.0,0.0,0.0,2.49,0.34,0.0
20231230:2110,0.0,0.0,0.0,0.0,2.21,0.28,0.0
20231230:2210,0.0,0.0,0.0,0.0,1.94,0.28,0.0
20231230:2310,0.0,0.0,0.0,0.0,1.54,0.34,0.0
20231231:0010,0.0,0.0,0.0,0.0,1.27,0.34,0.0
20231231:0110,0.0,0.0,0.0,0.0,1.51,0.34,0.0
20231231:0210,0.0,0.0,0.0,0.0,1.66,0.48,0.0
20231231:0310,0.0,0.0,0.0,0.0,1.7,0.41,0.0
20231231:0410,0.0,0.0,0.0,0.0,1.7,0.34,0.0
20231231:0510,0.0,0.0,0.0,0.0,1.72,0.21,0.0
20231231:0610,0.0,39.0,0.0,8.58,1.82,0.21,0.0
20231231:0710,218.01,59.0,0.0,16.6,2.4,0.21,0.0
20231231:0810,175.01,152.0,0.0,22.68,4.55,0.62,0.0
20231231:0910,144.01,203.0,0.0,26.23,6.02,0.9,0.0
20231231:1010,49.0,222.0,0.0,26.82,7.25,1.17,0.0
20231231:1110,28.0,194.0,0.0,24.36,7.99,1.31,0.0
20231231:1210,24.0,151.0,0.0,19.17,8.33,1.38,0.0
20231231:1310,12.0,86.0,0.0,11.82,8.19,1.31,0.0
20231231:1410,0.0,2.0,0.0,2.87,7.3,0.97,0.0
20231231:1510,0.0,0.0,0.0,0.0,5.36,0.9,0.0
20231231:1610,0.0,0.0,0.0,0.0,4.95,0.76,0.0
20231231:1710,0.0,0.0,0.0,0.0,4.19,0.48,0.0
20231231:1810,0.0,0.0,0.0,0.0,3.53,0.14,0.0
20231231:1910,0.0,0.0,0.0,0.0,2.73,0.07,0.0
20231231:2010,0.0,0.0,0.0,0.0,2.25,0.14,0.0
20231231:2110,0.0,0.0,0.0,0.0,1.87,0.21,0.0
20231231:2210,0.0,0.0,0.0,0.0,1.52,0.28,0.0
20231231:2310,0.0,0.0,0.0,0.0,1.26,0.28,0.0

Gb(i): Beam (direct) irradiance on the inclined plane (plane of the array) (W/m2)
Gd(i): Diffuse irradiance on the inclined plane (plane of the array) (W/m2)
Gr(i): Reflected irradiance on the inclined plane (plane of the array) (W/m2)
H_sun: Sun height (degree)
T2m: 2-m air temperature (degree Celsius)
WS10m: 10-m total wind speed (m/s)
Int: 1 means solar radiation values are reconstructed



PVGIS (c) European Union, 2001-2026