Latitude (decimal degrees):	36.897
Longitude (decimal degrees):	30.713
Elevation (m):	55
Radiation database:	PVGIS-SARAH3


Slope: 0 deg. 
Azimuth: 0 deg. 
time,Gb(i),Gd(i),Gr(i),H_sun,T2m,WS10m,Int
20050101:0009,0.0,0.0,0.0,0.0,13.51,1.17,0.0
20050101:0109,0.0,0.0,0.0,0.0,13.22,1.38,0.0
20050101:0209,0.0,0.0,0.0,0.0,12.91,1.72,0.0
20050101:0309,0.0,0.0,0.0,0.0,12.72,2.07,0.0
20050101:0409,0.0,0.0,0.0,0.0,12.51,2.48,0.0
20050101:0509,0.0,0.0,0.0,0.0,12.68,2.55,0.0
20050101:0609,0.0,12.0,0.0,9.15,12.75,2.62,0.0
20050101:0709,128.01,88.0,0.0,17.85,13.37,2.41,0.0
20050101:0809,216.01,127.0,0.0,24.66,14.9,1.72,0.0
20050101:0909,121.0,221.0,0.0,28.91,15.21,1.03,0.0
20050101:1009,316.01,154.0,0.0,30.05,16.25,1.17,0.0
20050101:1109,307.01,146.0,0.0,27.91,16.29,1.79,0.0
20050101:1209,269.01,119.0,0.0,22.79,16.17,2.28,0.0
20050101:1309,145.01,109.0,0.0,15.32,16.01,2.34,0.0
20050101:1409,0.0,24.0,0.0,6.15,15.54,2.07,0.0
20050101:1509,0.0,0.0,0.0,0.0,15.56,1.24,0.0
20050101:1609,0.0,0.0,0.0,0.0,15.18,0.62,0.0
20050101:1709,0.0,0.0,0.0,0.0,14.48,0.41,0.0
20050101:1809,0.0,0.0,0.0,0.0,14.17,0.34,0.0
20050101:1909,0.0,0.0,0.0,0.0,13.91,0.62,0.0
20050101:2009,0.0,0.0,0.0,0.0,13.35,1.17,0.0
20050101:2109,0.0,0.0,0.0,0.0,13.35,1.72,0.0
20050101:2209,0.0,0.0,0.0,0.0,12.98,2.34,0.0
20050101:2309,0.0,0.0,0.0,0.0,13.15,3.45,0.0
20050102:0009,0.0,0.0,0.0,0.0,12.95,3.52,0.0
20050102:0109,0.0,0.0,0.0,0.0,12.87,3.93,0.0
20050102:0209,0.0,0.0,0.0,0.0,12.53,4.0,0.0
20050102:0309,0.0,0.0,0.0,0.0,12.1,3.93,0.0
20050102:0409,0.0,0.0,0.0,0.0,11.94,3.66,0.0
20050102:0509,0.0,0.0,0.0,0.0,11.77,3.17,0.0
20050102:0609,0.0,12.0,0.0,9.14,11.82,2.62,0.0
20050102:0709,38.0,119.0,0.0,17.86,12.1,2.34,0.0
20050102:0809,94.0,181.0,0.0,24.7,13.01,2.76,0.0
20050102:0909,298.01,142.0,0.0,28.98,13.61,3.1,0.0
20050102:1009,245.01,195.0,0.0,30.14,14.49,3.52,0.0
20050102:1109,234.01,189.0,0.0,28.02,15.12,3.66,0.0
20050102:1209,159.01,179.0,0.0,22.91,15.51,3.66,0.0
20050102:1309,0.0,56.0,0.0,15.45,15.6,3.17,0.0
20050102:1409,76.01,49.0,0.0,6.29,15.11,3.03,0.0
20050102:1509,0.0,0.0,0.0,0.0,14.62,3.93,0.0
20050102:1609,0.0,0.0,0.0,0.0,14.2,5.03,0.0
20050102:1709,0.0,0.0,0.0,0.0,13.47,5.79,0.0
20050102:1809,0.0,0.0,0.0,0.0,13.06,5.86,0.0
20050102:1909,0.0,0.0,0.0,0.0,12.78,5.66,0.0
20050102:2009,0.0,0.0,0.0,0.0,12.44,5.45,0.0
20050102:2109,0.0,0.0,0.0,0.0,12.23,5.24,0.0
20050102:2209,0.0,0.0,0.0,0.0,12.01,5.38,0.0
20050102:2309,0.0,0.0,0.0,0.0,11.76,5.24,0.0
20050103:0009,0.0,0.0,0.0,0.0,11.48,4.97,0.0
20050103:0109,0.0,0.0,0.0,0.0,11.22,4.55,0.0
20050103:0209,0.0,0.0,0.0,0.0,10.9,4.48,0.0
20050103:0309,0.0,0.0,0.0,0.0,10.63,4.69,0.0
20050103:0409,0.0,0.0,0.0,0.0,10.46,4.9,0.0
20050103:0509,0.0,0.0,0.0,0.0,10.22,4.9,0.0
20050103:0609,35.0,35.0,0.0,9.14,10.22,4.9,0.0
20050103:0709,148.01,81.0,0.0,17.88,10.66,5.03,0.0
20050103:0809,257.01,109.0,0.0,24.74,12.13,5.17,0.0
20050103:0909,354.01,114.0,0.0,29.05,12.85,5.24,0.0
20050103:1009,397.01,114.0,0.0,30.24,13.62,4.76,0.0
20050103:1109,351.01,129.0,0.0,28.13,13.92,3.59,0.0
20050103:1209,299.01,110.0,0.0,23.04,14.18,2.55,0.0
20050103:1309,171.01,102.0,0.0,15.59,14.3,1.66,0.0
20050103:1409,70.01,54.0,0.0,6.43,13.7,0.97,0.0
20050103:1509,0.0,0.0,0.0,0.0,12.92,0.55,0.0
20050103:1609,0.0,0.0,0.0,0.0,12.66,1.1,0.0
20050103:1709,0.0,0.0,0.0,0.0,12.02,1.66,0.0
20050103:1809,0.0,0.0,0.0,0.0,11.8,2.07,0.0
20050103:1909,0.0,0.0,0.0,0.0,11.65,2.34,0.0
20050103:2009,0.0,0.0,0.0,0.0,11.22,2.55,0.0
20050103:2109,0.0,0.0,0.0,0.0,10.87,2.55,0.0
20050103:2209,0.0,0.0,0.0,0.0,10.39,2.28,0.0
20050103:2309,0.0,0.0,0.0,0.0,10.17,2.21,0.0
20050104:0009,0.0,0.0,0.0,0.0,9.84,2.41,0.0
20050104:0109,0.0,0.0,0.0,0.0,9.68,2.69,0.0
20050104:0209,0.0,0.0,0.0,0.0,9.45,2.83,0.0
20050104:0309,0.0,0.0,0.0,0.0,9.26,2.97,0.0
20050104:0409,0.0,0.0,0.0,0.0,9.2,3.03,0.0
20050104:0509,0.0,0.0,0.0,0.0,9.05,2.97,0.0
20050104:0609,1.0,32.0,0.0,9.14,9.19,2.76,0.0
20050104:0709,15.0,114.0,0.0,17.91,9.66,2.34,0.0
20050104:0809,32.0,182.0,0.0,24.79,10.88,1.93,0.0
20050104:0909,351.01,114.0,0.0,29.13,11.2,1.79,0.0
20050104:1009,379.01,124.0,0.0,30.34,11.99,2.21,0.0
20050104:1109,336.01,137.0,0.0,28.26,11.92,2.41,0.0
20050104:1209,83.0,205.0,0.0,23.18,11.91,2.28,0.0
20050104:1309,0.0,82.0,0.0,15.73,11.76,2.07,0.0
20050104:1409,1.0,47.0,0.0,6.57,11.25,1.79,0.0
20050104:1509,0.0,0.0,0.0,0.0,11.2,1.59,0.0
20050104:1609,0.0,0.0,0.0,0.0,11.17,1.45,0.0
20050104:1709,0.0,0.0,0.0,0.0,10.64,1.72,0.0
20050104:1809,0.0,0.0,0.0,0.0,10.21,2.07,0.0
20050104:1909,0.0,0.0,0.0,0.0,10.21,2.76,0.0
20050104:2009,0.0,0.0,0.0,0.0,10.04,3.52,0.0
20050104:2109,0.0,0.0,0.0,0.0,10.42,4.62,0.0
20050104:2209,0.0,0.0,0.0,0.0,10.53,5.52,0.0
20050104:2309,0.0,0.0,0.0,0.0,10.32,6.14,0.0
20050105:0009,0.0,0.0,0.0,0.0,10.2,7.03,0.0
20050105:0109,0.0,0.0,0.0,0.0,10.05,7.45,0.0
20050105:0209,0.0,0.0,0.0,0.0,9.76,7.79,0.0
20050105:0309,0.0,0.0,0.0,0.0,9.67,8.14,0.0
20050105:0409,0.0,0.0,0.0,0.0,9.6,8.76,0.0
20050105:0509,0.0,0.0,0.0,0.0,9.31,9.1,0.0
20050105:0609,45.0,32.0,0.0,9.15,9.16,9.17,0.0
20050105:0709,176.01,68.0,0.0,17.94,9.47,9.03,0.0
20050105:0809,308.01,84.0,0.0,24.85,10.58,9.31,0.0
20050105:0909,396.01,95.0,0.0,29.21,11.13,9.24,0.0
20050105:1009,436.01,97.0,0.0,30.46,12.15,8.76,0.0
20050105:1109,412.01,99.0,0.0,28.39,12.55,8.34,0.0
20050105:1209,358.01,83.0,0.0,23.32,12.86,8.48,0.0
20050105:1309,215.01,82.0,0.0,15.88,13.05,9.1,0.0
20050105:1409,91.01,48.0,0.0,6.71,12.7,8.69,0.0
20050105:1509,0.0,0.0,0.0,0.0,12.37,7.93,0.0
20050105:1609,0.0,0.0,0.0,0.0,11.97,7.86,0.0
20050105:1709,0.0,0.0,0.0,0.0,11.42,7.86,0.0
20050105:1809,0.0,0.0,0.0,0.0,11.15,7.93,0.0
20050105:1909,0.0,0.0,0.0,0.0,10.98,7.79,0.0
20050105:2009,0.0,0.0,0.0,0.0,10.72,7.38,0.0
20050105:2109,0.0,0.0,0.0,0.0,10.64,6.9,0.0
20050105:2209,0.0,0.0,0.0,0.0,10.69,7.45,0.0
20050105:2309,0.0,0.0,0.0,0.0,10.65,7.24,0.0
20050106:0009,0.0,0.0,0.0,0.0,10.58,6.9,0.0
20050106:0109,0.0,0.0,0.0,0.0,10.51,6.28,0.0
20050106:0209,0.0,0.0,0.0,0.0,10.34,6.07,0.0
20050106:0309,0.0,0.0,0.0,0.0,10.2,6.0,0.0
20050106:0409,0.0,0.0,0.0,0.0,10.06,5.86,0.0
20050106:0509,0.0,0.0,0.0,0.0,9.8,5.79,0.0
20050106:0609,36.0,35.0,0.0,9.17,9.72,5.72,0.0
20050106:0709,174.01,69.0,0.0,17.98,10.28,5.66,0.0
20050106:0809,306.01,85.0,0.0,24.91,11.93,5.72,0.0
20050106:0909,394.01,95.0,0.0,29.3,12.66,6.21,0.0
20050106:1009,434.01,99.0,0.0,30.58,13.69,6.07,0.0
20050106:1109,400.01,105.0,0.0,28.53,14.24,5.66,0.0
20050106:1209,344.01,90.0,0.0,23.47,14.62,5.17,0.0
20050106:1309,215.01,83.0,0.0,16.03,14.8,4.55,0.0
20050106:1409,94.01,48.0,0.0,6.87,14.22,3.86,0.0
20050106:1509,0.0,0.0,0.0,0.0,13.35,3.38,0.0
20050106:1609,0.0,0.0,0.0,0.0,13.01,2.97,0.0
20050106:1709,0.0,0.0,0.0,0.0,12.05,2.48,0.0
20050106:1809,0.0,0.0,0.0,0.0,11.83,2.21,0.0
20050106:1909,0.0,0.0,0.0,0.0,11.61,2.0,0.0
20050106:2009,0.0,0.0,0.0,0.0,10.92,1.79,0.0
20050106:2109,0.0,0.0,0.0,0.0,10.61,1.72,0.0
20050106:2209,0.0,0.0,0.0,0.0,10.36,1.79,0.0
20050106:2309,0.0,0.0,0.0,0.0,10.06,2.14,0.0
20050107:0009,0.0,0.0,0.0,0.0,9.88,2.21,0.0
20050107:0109,0.0,0.0,0.0,0.0,9.66,2.07,0.0
20050107:0209,0.0,0.0,0.0,0.0,9.34,1.93,0.0
20050107:0309,0.0,0.0,0.0,0.0,9.13,1.93,0.0
20050107:0409,0.0,0.0,0.0,0.0,8.89,1.86,0.0
20050107:0509,0.0,0.0,0.0,0.0,8.67,1.79,0.0
20050107:0609,43.0,32.0,0.0,9.19,8.84,1.79,0.0
20050107:0709,163.01,73.0,0.0,18.02,9.26,1.52,0.0
20050107:0809,287.01,93.0,0.0,24.98,11.22,1.17,0.0
20050107:0909,391.01,96.0,0.0,29.4,11.6,1.24,0.0
20050107:1009,431.01,99.0,0.0,30.7,12.32,1.86,0.0
20050107:1109,409.01,100.0,0.0,28.67,12.45,1.59,0.0
20050107:1209,263.01,136.0,0.0,23.62,12.54,1.72,0.0
20050107:1309,214.01,84.0,0.0,16.19,12.54,1.79,0.0
20050107:1409,84.01,54.0,0.0,7.02,11.92,1.66,0.0
20050107:1509,0.0,0.0,0.0,0.0,12.2,1.31,0.0
20050107:1609,0.0,0.0,0.0,0.0,11.68,1.24,0.0
20050107:1709,0.0,0.0,0.0,0.0,10.5,1.72,0.0
20050107:1809,0.0,0.0,0.0,0.0,10.42,2.21,0.0
20050107:1909,0.0,0.0,0.0,0.0,10.4,2.69,0.0
20050107:2009,0.0,0.0,0.0,0.0,10.33,3.1,0.0
20050107:2109,0.0,0.0,0.0,0.0,10.38,3.31,0.0
20050107:2209,0.0,0.0,0.0,0.0,10.59,4.07,0.0
20050107:2309,0.0,0.0,0.0,0.0,10.68,4.21,0.0
20050108:0009,0.0,0.0,0.0,0.0,10.73,3.79,0.0
20050108:0109,0.0,0.0,0.0,0.0,10.63,3.79,0.0
20050108:0209,0.0,0.0,0.0,0.0,10.66,4.07,0.0
20050108:0309,0.0,0.0,0.0,0.0,10.57,4.28,0.0
20050108:0409,0.0,0.0,0.0,0.0,10.41,4.48,0.0
20050108:0509,0.0,0.0,0.0,0.0,10.15,4.69,0.0
20050108:0609,3.0,36.0,0.0,9.22,10.01,5.24,0.0
20050108:0709,150.01,81.0,0.0,18.07,10.52,5.38,0.0
20050108:0809,294.01,91.0,0.0,25.06,12.18,5.24,0.0
20050108:0909,327.01,134.0,0.0,29.51,12.93,5.1,0.0
20050108:1009,423.01,105.0,0.0,30.83,14.04,4.62,0.0
20050108:1109,418.01,98.0,0.0,28.82,14.45,4.48,0.0
20050108:1209,337.01,96.0,0.0,23.78,14.78,3.86,0.0
20050108:1309,221.01,82.0,0.0,16.35,15.12,3.1,0.0
20050108:1409,88.01,54.0,0.0,7.18,14.55,2.48,0.0
20050108:1509,0.0,0.0,0.0,0.0,14.0,3.03,0.0
20050108:1609,0.0,0.0,0.0,0.0,13.65,3.59,0.0
20050108:1709,0.0,0.0,0.0,0.0,12.97,3.93,0.0
20050108:1809,0.0,0.0,0.0,0.0,12.69,4.21,0.0
20050108:1909,0.0,0.0,0.0,0.0,12.21,4.34,0.0
20050108:2009,0.0,0.0,0.0,0.0,11.65,4.55,0.0
20050108:2109,0.0,0.0,0.0,0.0,11.4,4.48,0.0
20050108:2209,0.0,0.0,0.0,0.0,11.0,4.41,0.0
20050108:2309,0.0,0.0,0.0,0.0,10.68,4.34,0.0
20050109:0009,0.0,0.0,0.0,0.0,10.43,4.28,0.0
20050109:0109,0.0,0.0,0.0,0.0,10.26,4.14,0.0
20050109:0209,0.0,0.0,0.0,0.0,9.74,4.21,0.0
20050109:0309,0.0,0.0,0.0,0.0,9.49,4.14,0.0
20050109:0409,0.0,0.0,0.0,0.0,9.51,4.14,0.0
20050109:0509,0.0,0.0,0.0,0.0,9.32,4.0,0.0
20050109:0609,47.0,31.0,0.0,9.25,9.41,3.72,0.0
20050109:0709,181.01,67.0,0.0,18.13,9.94,3.38,0.0
20050109:0809,301.01,90.0,0.0,25.15,11.99,2.9,0.0
20050109:0909,387.01,103.0,0.0,29.63,12.6,2.34,0.0
20050109:1009,384.01,133.0,0.0,30.97,13.99,2.0,0.0
20050109:1109,411.01,106.0,0.0,28.98,14.21,1.45,0.0
20050109:1209,360.01,89.0,0.0,23.95,14.21,1.17,0.0
20050109:1309,137.01,130.0,0.0,16.52,14.06,1.66,0.0
20050109:1409,80.01,61.0,0.0,7.35,13.43,2.07,0.0
20050109:1509,0.0,0.0,0.0,0.0,12.5,2.55,0.0
20050109:1609,0.0,0.0,0.0,0.0,13.42,1.93,0.0
20050109:1709,0.0,0.0,0.0,0.0,13.03,1.03,0.0
20050109:1809,0.0,0.0,0.0,0.0,12.21,0.76,0.0
20050109:1909,0.0,0.0,0.0,0.0,11.76,0.97,0.0
20050109:2009,0.0,0.0,0.0,0.0,10.97,1.38,0.0
20050109:2109,0.0,0.0,0.0,0.0,10.82,1.66,0.0
20050109:2209,0.0,0.0,0.0,0.0,10.69,1.93,0.0
20050109:2309,0.0,0.0,0.0,0.0,10.63,2.21,0.0
20050110:0009,0.0,0.0,0.0,0.0,10.52,2.34,0.0
20050110:0109,0.0,0.0,0.0,0.0,10.45,2.55,0.0
20050110:0209,0.0,0.0,0.0,0.0,10.23,2.69,0.0
20050110:0309,0.0,0.0,0.0,0.0,10.19,2.83,0.0
20050110:0409,0.0,0.0,0.0,0.0,10.1,2.9,0.0
20050110:0509,0.0,0.0,0.0,0.0,10.17,3.1,0.0
20050110:0609,45.0,32.0,0.0,9.3,10.12,3.17,0.0
20050110:0709,167.01,73.0,0.0,18.2,11.16,3.17,0.0
20050110:0809,264.01,110.0,0.0,25.24,13.92,2.9,0.0
20050110:0909,320.01,141.0,0.0,29.75,14.84,2.55,0.0
20050110:1009,418.01,111.0,0.0,31.12,16.82,2.55,0.0
20050110:1109,408.01,107.0,0.0,29.14,17.55,2.55,0.0
20050110:1209,329.01,104.0,0.0,24.12,18.13,2.69,0.0
20050110:1309,168.01,116.0,0.0,16.69,18.24,2.76,0.0
20050110:1409,106.01,50.0,0.0,7.51,17.72,3.31,0.0
20050110:1509,0.0,0.0,0.0,0.0,17.21,4.0,0.0
20050110:1609,0.0,0.0,0.0,0.0,16.74,4.69,0.0
20050110:1709,0.0,0.0,0.0,0.0,16.19,5.24,0.0
20050110:1809,0.0,0.0,0.0,0.0,15.77,5.52,0.0
20050110:1909,0.0,0.0,0.0,0.0,15.16,5.38,0.0
20050110:2009,0.0,0.0,0.0,0.0,14.3,5.52,0.0
20050110:2109,0.0,0.0,0.0,0.0,13.9,5.59,0.0
20050110:2209,0.0,0.0,0.0,0.0,13.54,5.45,0.0
20050110:2309,0.0,0.0,0.0,0.0,13.28,5.59,0.0
20050111:0009,0.0,0.0,0.0,0.0,13.03,5.86,0.0
20050111:0109,0.0,0.0,0.0,0.0,12.91,6.0,0.0
20050111:0209,0.0,0.0,0.0,0.0,12.64,6.0,0.0
20050111:0309,0.0,0.0,0.0,0.0,12.51,5.93,0.0
20050111:0409,0.0,0.0,0.0,0.0,12.3,5.79,0.0
20050111:0509,0.0,0.0,0.0,0.0,11.98,5.66,0.0
20050111:0609,36.0,36.0,0.0,9.34,12.0,5.66,0.0
20050111:0709,151.01,82.0,0.0,18.27,12.42,5.52,0.0
20050111:0809,262.01,111.0,0.0,25.34,14.73,5.31,0.0
20050111:0909,371.01,111.0,0.0,29.88,15.44,4.97,0.0
20050111:1009,346.01,154.0,0.0,31.28,17.11,4.76,0.0
20050111:1109,327.01,155.0,0.0,29.31,17.55,4.28,0.0
20050111:1209,293.01,126.0,0.0,24.3,17.68,3.17,0.0
20050111:1309,169.01,116.0,0.0,16.86,17.75,1.86,0.0
20050111:1409,98.01,54.0,0.0,7.69,16.71,1.86,0.0
20050111:1509,0.0,0.0,0.0,0.0,16.79,2.83,0.0
20050111:1609,0.0,0.0,0.0,0.0,16.22,2.69,0.0
20050111:1709,0.0,0.0,0.0,0.0,14.38,1.93,0.0
20050111:1809,0.0,0.0,0.0,0.0,13.68,1.17,0.0
20050111:1909,0.0,0.0,0.0,0.0,13.53,0.62,0.0
20050111:2009,0.0,0.0,0.0,0.0,12.77,0.41,0.0
20050111:2109,0.0,0.0,0.0,0.0,12.57,0.83,0.0
20050111:2209,0.0,0.0,0.0,0.0,12.26,1.45,0.0
20050111:2309,0.0,0.0,0.0,0.0,12.09,1.72,0.0
20050112:0009,0.0,0.0,0.0,0.0,11.78,1.72,0.0
20050112:0109,0.0,0.0,0.0,0.0,11.63,1.72,0.0
20050112:0209,0.0,0.0,0.0,0.0,11.28,1.66,0.0
20050112:0309,0.0,0.0,0.0,0.0,10.98,1.66,0.0
20050112:0409,0.0,0.0,0.0,0.0,10.79,1.66,0.0
20050112:0509,0.0,0.0,0.0,0.0,10.43,1.72,0.0
20050112:0609,28.0,39.0,0.0,9.4,10.31,1.66,0.0
20050112:0709,124.0,96.0,0.0,18.34,10.81,1.38,0.0
20050112:0809,190.01,150.0,0.0,25.45,13.34,0.9,0.0
20050112:0909,370.01,111.0,0.0,30.01,13.86,0.9,0.0
20050112:1009,379.01,135.0,0.0,31.44,14.62,1.38,0.0
20050112:1109,373.01,128.0,0.0,29.49,14.63,2.07,0.0
20050112:1209,310.01,117.0,0.0,24.48,14.55,2.28,0.0
20050112:1309,217.01,91.0,0.0,17.04,14.58,2.34,0.0
20050112:1409,88.01,60.0,0.0,7.86,14.25,2.14,0.0
20050112:1509,0.0,0.0,0.0,0.0,14.28,2.07,0.0
20050112:1609,0.0,0.0,0.0,0.0,14.18,1.31,0.0
20050112:1709,0.0,0.0,0.0,0.0,12.89,0.69,0.0
20050112:1809,0.0,0.0,0.0,0.0,12.14,0.14,0.0
20050112:1909,0.0,0.0,0.0,0.0,12.05,0.28,0.0
20050112:2009,0.0,0.0,0.0,0.0,11.46,0.62,0.0
20050112:2109,0.0,0.0,0.0,0.0,11.29,0.97,0.0
20050112:2209,0.0,0.0,0.0,0.0,10.81,1.38,0.0
20050112:2309,0.0,0.0,0.0,0.0,10.71,1.66,0.0
20050113:0009,0.0,0.0,0.0,0.0,10.66,1.59,0.0
20050113:0109,0.0,0.0,0.0,0.0,10.51,1.45,0.0
20050113:0209,0.0,0.0,0.0,0.0,10.23,1.31,0.0
20050113:0309,0.0,0.0,0.0,0.0,10.18,1.31,0.0
20050113:0409,0.0,0.0,0.0,0.0,10.19,1.31,0.0
20050113:0509,0.0,0.0,0.0,0.0,10.08,1.31,0.0
20050113:0609,27.0,40.0,0.0,9.46,10.22,0.0,0.0
20050113:0709,138.01,88.0,0.0,18.43,10.86,0.0,0.0
20050113:0809,192.01,149.0,0.0,25.56,13.16,0.41,0.0
20050113:0909,353.01,121.0,0.0,30.16,13.42,0.83,0.0
20050113:1009,330.01,163.0,0.0,31.61,14.4,1.24,0.0
20050113:1109,259.01,192.0,0.0,29.67,14.52,2.14,0.0
20050113:1209,276.01,137.0,0.0,24.67,14.44,2.83,0.0
20050113:1309,172.01,116.0,0.0,17.23,14.57,2.97,0.0
20050113:1409,65.0,72.0,0.0,8.04,14.21,2.62,0.0
20050113:1509,0.0,0.0,0.0,0.0,14.17,2.28,0.0
20050113:1609,0.0,0.0,0.0,0.0,13.98,1.45,0.0
20050113:1709,0.0,0.0,0.0,0.0,12.73,1.17,0.0
20050113:1809,0.0,0.0,0.0,0.0,12.26,1.03,0.0
20050113:1909,0.0,0.0,0.0,0.0,12.22,0.9,0.0
20050113:2009,0.0,0.0,0.0,0.0,11.63,0.62,0.0
20050113:2109,0.0,0.0,0.0,0.0,11.29,0.69,0.0
20050113:2209,0.0,0.0,0.0,0.0,10.98,0.9,0.0
20050113:2309,0.0,0.0,0.0,0.0,10.87,0.9,0.0
20050114:0009,0.0,0.0,0.0,0.0,10.75,1.1,0.0
20050114:0109,0.0,0.0,0.0,0.0,10.57,1.52,0.0
20050114:0209,0.0,0.0,0.0,0.0,10.37,2.0,0.0
20050114:0309,0.0,0.0,0.0,0.0,10.32,2.34,0.0
20050114:0409,0.0,0.0,0.0,0.0,10.27,2.21,0.0
20050114:0509,0.0,0.0,0.0,0.0,10.08,2.07,0.0
20050114:0609,0.0,19.0,0.0,9.52,10.18,2.14,0.0
20050114:0709,0.0,56.0,0.0,18.52,10.47,2.28,0.0
20050114:0809,6.0,155.0,0.0,25.68,11.64,2.28,0.0
20050114:0909,0.0,66.0,0.0,30.31,11.98,2.28,0.0
20050114:1009,16.0,231.0,0.0,31.78,13.24,2.34,0.0
20050114:1109,0.0,102.0,0.0,29.86,13.46,1.66,0.0
20050114:1209,0.0,69.0,0.0,24.86,13.65,1.24,0.0
20050114:1309,0.0,64.0,0.0,17.42,13.81,0.97,0.0
20050114:1409,56.0,77.0,0.0,8.22,13.65,0.9,0.0
20050114:1509,0.0,0.0,0.0,0.0,12.5,2.14,0.0
20050114:1609,0.0,0.0,0.0,0.0,12.48,3.17,0.0
20050114:1709,0.0,0.0,0.0,0.0,12.38,3.45,0.0
20050114:1809,0.0,0.0,0.0,0.0,12.24,3.17,0.0
20050114:1909,0.0,0.0,0.0,0.0,12.03,3.38,0.0
20050114:2009,0.0,0.0,0.0,0.0,11.53,4.07,0.0
20050114:2109,0.0,0.0,0.0,0.0,11.42,4.48,0.0
20050114:2209,0.0,0.0,0.0,0.0,12.26,4.21,0.0
20050114:2309,0.0,0.0,0.0,0.0,12.3,4.21,0.0
20050115:0009,0.0,0.0,0.0,0.0,12.16,4.14,0.0
20050115:0109,0.0,0.0,0.0,0.0,11.82,4.41,0.0
20050115:0209,0.0,0.0,0.0,0.0,11.76,4.76,0.0
20050115:0309,0.0,0.0,0.0,0.0,11.68,5.03,0.0
20050115:0409,0.0,0.0,0.0,0.0,11.65,5.1,0.0
20050115:0509,0.0,0.0,0.0,0.0,11.55,5.17,0.0
20050115:0609,0.0,7.0,0.0,9.59,11.26,5.1,0.0
20050115:0709,0.0,27.0,0.0,18.62,11.11,4.83,0.0
20050115:0809,0.0,39.0,0.0,25.81,11.78,4.48,0.0
20050115:0909,0.0,43.0,0.0,30.46,11.5,3.93,0.0
20050115:1009,0.0,57.0,0.0,31.96,11.89,3.45,0.0
20050115:1109,0.0,101.0,0.0,30.06,11.74,3.72,0.0
20050115:1209,0.0,42.0,0.0,25.06,11.56,4.28,0.0
20050115:1309,0.0,30.0,0.0,17.61,11.45,4.69,0.0
20050115:1409,7.0,76.0,0.0,8.41,11.02,5.1,0.0
20050115:1509,0.0,0.0,0.0,0.0,10.9,5.17,0.0
20050115:1609,0.0,0.0,0.0,0.0,10.9,5.03,0.0
20050115:1709,0.0,0.0,0.0,0.0,10.62,5.03,0.0
20050115:1809,0.0,0.0,0.0,0.0,10.57,5.17,0.0
20050115:1909,0.0,0.0,0.0,0.0,10.42,5.38,0.0
20050115:2009,0.0,0.0,0.0,0.0,10.12,5.52,0.0
20050115:2109,0.0,0.0,0.0,0.0,10.07,5.52,0.0
20050115:2209,0.0,0.0,0.0,0.0,9.97,4.97,0.0
20050115:2309,0.0,0.0,0.0,0.0,9.78,4.55,0.0
20050116:0009,0.0,0.0,0.0,0.0,9.61,4.21,0.0
20050116:0109,0.0,0.0,0.0,0.0,9.66,4.0,0.0
20050116:0209,0.0,0.0,0.0,0.0,9.81,3.86,0.0
20050116:0309,0.0,0.0,0.0,0.0,9.84,2.62,0.0
20050116:0409,0.0,0.0,0.0,0.0,9.88,1.03,0.0
20050116:0509,0.0,0.0,0.0,0.0,9.79,4.07,0.0
20050116:0609,1.0,32.0,0.0,9.67,9.82,6.69,0.0
20050116:0709,0.0,21.0,0.0,18.72,9.95,7.52,0.0
20050116:0809,0.0,34.0,0.0,25.94,10.87,7.79,0.0
20050116:0909,0.0,43.0,0.0,30.63,11.2,6.9,0.0
20050116:1009,0.0,47.0,0.0,32.15,10.7,7.31,0.0
20050116:1109,0.0,52.0,0.0,30.26,11.06,7.93,0.0
20050116:1209,0.0,60.0,0.0,25.26,10.91,8.0,0.0
20050116:1309,0.0,41.0,0.0,17.81,11.13,8.34,0.0
20050116:1409,0.0,31.0,0.0,8.6,10.9,8.21,0.0
20050116:1509,0.0,0.0,0.0,-1.81,11.12,8.48,0.0
20050116:1609,0.0,0.0,0.0,0.0,11.12,8.28,0.0
20050116:1709,0.0,0.0,0.0,0.0,11.51,8.62,0.0
20050116:1809,0.0,0.0,0.0,0.0,11.35,9.38,0.0
20050116:1909,0.0,0.0,0.0,0.0,11.51,9.52,0.0
20050116:2009,0.0,0.0,0.0,0.0,11.52,9.1,0.0
20050116:2109,0.0,0.0,0.0,0.0,11.73,8.69,0.0
20050116:2209,0.0,0.0,0.0,0.0,11.29,9.31,0.0
20050116:2309,0.0,0.0,0.0,0.0,11.7,8.48,0.0
20050117:0009,0.0,0.0,0.0,0.0,11.4,7.52,0.0
20050117:0109,0.0,0.0,0.0,0.0,11.09,6.9,0.0
20050117:0209,0.0,0.0,0.0,0.0,10.58,6.97,0.0
20050117:0309,0.0,0.0,0.0,0.0,10.46,6.48,0.0
20050117:0409,0.0,0.0,0.0,0.0,10.31,4.9,0.0
20050117:0509,0.0,0.0,0.0,0.0,10.22,3.66,0.0
20050117:0609,0.0,7.0,0.0,9.76,10.18,2.48,0.0
20050117:0709,0.0,46.0,0.0,18.83,9.97,2.14,0.0
20050117:0809,0.0,45.0,0.0,26.08,10.13,2.69,0.0
20050117:0909,0.0,48.0,0.0,30.8,10.11,3.86,0.0
20050117:1009,0.0,55.0,0.0,32.35,9.25,4.69,0.0
20050117:1109,0.0,61.0,0.0,30.47,8.81,4.97,0.0
20050117:1209,0.0,40.0,0.0,25.47,8.63,4.83,0.0
20050117:1309,0.0,29.0,0.0,18.01,8.71,4.41,0.0
20050117:1409,0.0,26.0,0.0,8.79,8.66,4.41,0.0
20050117:1509,0.0,0.0,0.0,-1.63,8.92,4.41,0.0
20050117:1609,0.0,0.0,0.0,0.0,9.18,4.55,0.0
20050117:1709,0.0,0.0,0.0,0.0,9.14,4.62,0.0
20050117:1809,0.0,0.0,0.0,0.0,9.29,4.69,0.0
20050117:1909,0.0,0.0,0.0,0.0,9.37,4.55,0.0
20050117:2009,0.0,0.0,0.0,0.0,9.34,4.34,0.0
20050117:2109,0.0,0.0,0.0,0.0,9.4,4.41,0.0
20050117:2209,0.0,0.0,0.0,0.0,9.32,4.21,0.0
20050117:2309,0.0,0.0,0.0,0.0,9.36,4.34,0.0
20050118:0009,0.0,0.0,0.0,0.0,9.44,4.28,0.0
20050118:0109,0.0,0.0,0.0,0.0,9.57,4.0,0.0
20050118:0209,0.0,0.0,0.0,0.0,9.53,3.86,0.0
20050118:0309,0.0,0.0,0.0,0.0,9.49,3.86,0.0
20050118:0409,0.0,0.0,0.0,0.0,9.57,3.66,0.0
20050118:0509,0.0,0.0,0.0,0.0,9.4,3.79,0.0
20050118:0609,5.0,42.0,0.0,9.85,9.37,4.0,0.0
20050118:0709,120.0,103.0,0.0,18.95,9.71,4.0,0.0
20050118:0809,163.0,169.0,0.0,26.23,11.15,3.52,0.0
20050118:0909,111.0,242.0,0.0,30.98,11.85,2.83,0.0
20050118:1009,70.0,267.0,0.0,32.55,12.59,2.62,0.0
20050118:1109,135.0,253.0,0.0,30.68,12.94,1.86,0.0
20050118:1209,81.0,226.0,0.0,25.68,13.19,0.41,0.0
20050118:1309,116.0,153.0,0.0,18.22,13.21,1.59,0.0
20050118:1409,34.0,90.0,0.0,8.99,12.74,3.31,0.0
20050118:1509,0.0,0.0,0.0,-1.45,11.95,3.66,0.0
20050118:1609,0.0,0.0,0.0,0.0,12.48,3.17,0.0
20050118:1709,0.0,0.0,0.0,0.0,11.83,2.34,0.0
20050118:1809,0.0,0.0,0.0,0.0,11.69,1.93,0.0
20050118:1909,0.0,0.0,0.0,0.0,10.73,1.66,0.0
20050118:2009,0.0,0.0,0.0,0.0,10.34,1.79,0.0
20050118:2109,0.0,0.0,0.0,0.0,10.1,2.0,0.0
20050118:2209,0.0,0.0,0.0,0.0,9.64,1.72,0.0
20050118:2309,0.0,0.0,0.0,0.0,9.48,1.86,0.0
20050119:0009,0.0,0.0,0.0,0.0,9.3,2.28,0.0
20050119:0109,0.0,0.0,0.0,0.0,9.12,2.69,0.0
20050119:0209,0.0,0.0,0.0,0.0,8.89,2.69,0.0
20050119:0309,0.0,0.0,0.0,0.0,8.57,2.28,0.0
20050119:0409,0.0,0.0,0.0,0.0,8.54,2.14,0.0
20050119:0509,0.0,0.0,0.0,0.0,8.29,2.14,0.0
20050119:0609,25.0,44.0,0.0,9.94,8.3,2.21,0.0
20050119:0709,99.0,113.0,0.0,19.07,8.84,1.86,0.0
20050119:0809,153.0,174.0,0.0,26.38,10.23,1.1,0.0
20050119:0909,220.01,203.0,0.0,31.16,10.3,0.34,0.0
20050119:1009,173.0,250.0,0.0,32.75,11.0,0.69,0.0
20050119:1109,182.01,238.0,0.0,30.9,11.41,1.79,0.0
20050119:1209,25.0,214.0,0.0,25.9,11.58,2.69,0.0
20050119:1309,7.0,140.0,0.0,18.43,11.74,2.97,0.0
20050119:1409,0.0,56.0,0.0,9.19,11.6,2.55,0.0
20050119:1509,0.0,0.0,0.0,-1.26,11.26,2.34,0.0
20050119:1609,0.0,0.0,0.0,0.0,11.44,1.1,0.0
20050119:1709,0.0,0.0,0.0,0.0,10.31,0.97,0.0
20050119:1809,0.0,0.0,0.0,0.0,9.97,1.38,0.0
20050119:1909,0.0,0.0,0.0,0.0,9.89,1.52,0.0
20050119:2009,0.0,0.0,0.0,0.0,9.3,1.38,0.0
20050119:2109,0.0,0.0,0.0,0.0,9.31,1.03,0.0
20050119:2209,0.0,0.0,0.0,0.0,8.56,0.9,0.0
20050119:2309,0.0,0.0,0.0,0.0,8.43,0.76,0.0
20050120:0009,0.0,0.0,0.0,0.0,8.6,1.38,0.0
20050120:0109,0.0,0.0,0.0,0.0,8.64,1.66,0.0
20050120:0209,0.0,0.0,0.0,0.0,8.42,1.93,0.0
20050120:0309,0.0,0.0,0.0,0.0,8.45,1.86,0.0
20050120:0409,0.0,0.0,0.0,0.0,8.38,2.21,0.0
20050120:0509,0.0,0.0,0.0,0.0,8.48,2.0,0.0
20050120:0609,26.0,44.0,0.0,10.04,8.53,2.0,0.0
20050120:0709,31.0,127.0,0.0,19.2,8.76,2.14,0.0
20050120:0809,48.0,197.0,0.0,26.54,10.37,2.14,0.0
20050120:0909,46.0,243.0,0.0,31.35,10.38,1.93,0.0
20050120:1009,173.0,250.0,0.0,32.97,11.27,1.72,0.0
20050120:1109,0.0,152.0,0.0,31.13,11.64,1.72,0.0
20050120:1209,0.0,92.0,0.0,26.13,11.67,2.0,0.0
20050120:1309,0.0,64.0,0.0,18.64,11.42,2.69,0.0
20050120:1409,0.0,16.0,0.0,9.39,11.23,2.55,0.0
20050120:1509,0.0,0.0,0.0,-1.07,11.07,2.0,0.0
20050120:1609,0.0,0.0,0.0,0.0,11.05,1.93,0.0
20050120:1709,0.0,0.0,0.0,0.0,10.69,2.69,0.0
20050120:1809,0.0,0.0,0.0,0.0,10.7,3.66,0.0
20050120:1909,0.0,0.0,0.0,0.0,10.63,4.0,0.0
20050120:2009,0.0,0.0,0.0,0.0,10.37,4.14,0.0
20050120:2109,0.0,0.0,0.0,0.0,10.32,3.79,0.0
20050120:2209,0.0,0.0,0.0,0.0,10.52,4.69,0.0
20050120:2309,0.0,0.0,0.0,0.0,10.41,4.28,0.0
20050121:0009,0.0,0.0,0.0,0.0,10.14,3.86,0.0
20050121:0109,0.0,0.0,0.0,0.0,10.28,3.45,0.0
20050121:0209,0.0,0.0,0.0,0.0,10.27,3.17,0.0
20050121:0309,0.0,0.0,0.0,0.0,10.13,3.38,0.0
20050121:0409,0.0,0.0,0.0,0.0,10.57,3.59,0.0
20050121:0509,0.0,0.0,0.0,0.0,10.49,4.07,0.0
20050121:0609,26.0,45.0,0.0,10.15,10.49,5.17,0.0
20050121:0709,2.0,97.0,0.0,19.34,10.83,6.0,0.0
20050121:0809,2.0,142.0,0.0,26.71,11.34,7.79,0.0
20050121:0909,29.0,233.0,0.0,31.55,11.63,8.97,0.0
20050121:1009,0.0,59.0,0.0,33.19,12.22,9.24,0.0
20050121:1109,0.0,56.0,0.0,31.36,11.89,8.62,0.0
20050121:1209,0.0,41.0,0.0,26.35,11.77,9.24,0.0
20050121:1309,0.0,30.0,0.0,18.86,11.48,9.38,0.0
20050121:1409,0.0,16.0,0.0,9.59,11.79,9.59,0.0
20050121:1509,0.0,0.0,0.0,-0.87,11.13,9.17,0.0
20050121:1609,0.0,0.0,0.0,0.0,11.46,10.07,0.0
20050121:1709,0.0,0.0,0.0,0.0,10.91,9.86,0.0
20050121:1809,0.0,0.0,0.0,0.0,10.98,9.52,0.0
20050121:1909,0.0,0.0,0.0,0.0,10.82,8.9,0.0
20050121:2009,0.0,0.0,0.0,0.0,10.92,8.28,0.0
20050121:2109,0.0,0.0,0.0,0.0,10.59,7.03,0.0
20050121:2209,0.0,0.0,0.0,0.0,9.8,6.97,0.0
20050121:2309,0.0,0.0,0.0,0.0,9.86,5.59,0.0
20050122:0009,0.0,0.0,0.0,0.0,9.85,4.83,0.0
20050122:0109,0.0,0.0,0.0,0.0,9.77,4.69,0.0
20050122:0209,0.0,0.0,0.0,0.0,9.59,4.41,0.0
20050122:0309,0.0,0.0,0.0,0.0,9.3,4.0,0.0
20050122:0409,0.0,0.0,0.0,0.0,9.24,3.59,0.0
20050122:0509,0.0,0.0,0.0,0.0,9.04,2.34,0.0
20050122:0609,37.0,42.0,0.0,10.27,9.17,1.52,0.0
20050122:0709,115.0,109.0,0.0,19.48,9.48,1.59,0.0
20050122:0809,199.01,156.0,0.0,26.88,10.68,1.72,0.0
20050122:0909,238.01,199.0,0.0,31.75,10.78,2.21,0.0
20050122:1009,242.01,225.0,0.0,33.42,10.86,2.28,0.0
20050122:1109,176.0,246.0,0.0,31.59,11.17,2.41,0.0
20050122:1209,127.0,223.0,0.0,26.58,11.59,3.1,0.0
20050122:1309,27.0,168.0,0.0,19.08,11.84,3.45,0.0
20050122:1409,0.0,35.0,0.0,9.8,11.73,3.31,0.0
20050122:1509,0.0,0.0,0.0,-0.68,11.93,2.83,0.0
20050122:1609,0.0,0.0,0.0,0.0,11.92,2.34,0.0
20050122:1709,0.0,0.0,0.0,0.0,11.67,1.66,0.0
20050122:1809,0.0,0.0,0.0,0.0,11.44,1.86,0.0
20050122:1909,0.0,0.0,0.0,0.0,11.26,1.93,0.0
20050122:2009,0.0,0.0,0.0,0.0,11.09,1.79,0.0
20050122:2109,0.0,0.0,0.0,0.0,10.83,1.59,0.0
20050122:2209,0.0,0.0,0.0,0.0,10.49,1.52,0.0
20050122:2309,0.0,0.0,0.0,0.0,10.36,0.9,0.0
20050123:0009,0.0,0.0,0.0,0.0,10.36,0.69,0.0
20050123:0109,0.0,0.0,0.0,0.0,10.34,1.93,0.0
20050123:0209,0.0,0.0,0.0,0.0,10.3,2.76,0.0
20050123:0309,0.0,0.0,0.0,0.0,10.35,3.03,0.0
20050123:0409,0.0,0.0,0.0,0.0,10.39,3.1,0.0
20050123:0509,0.0,0.0,0.0,0.0,10.19,2.83,0.0
20050123:0609,8.0,47.0,0.0,10.39,10.09,2.55,0.0
20050123:0709,0.0,47.0,0.0,19.62,10.37,2.28,0.0
20050123:0809,12.0,178.0,0.0,27.06,10.76,1.52,0.0
20050123:0909,0.0,124.0,0.0,31.96,11.11,1.45,0.0
20050123:1009,0.0,68.0,0.0,33.65,12.2,1.59,0.0
20050123:1109,132.0,263.0,0.0,31.83,12.48,2.69,0.0
20050123:1209,122.0,228.0,0.0,26.82,12.68,3.31,0.0
20050123:1309,104.0,167.0,0.0,19.3,12.05,6.21,0.0
20050123:1409,83.0,85.0,0.0,10.01,11.2,8.48,0.0
20050123:1509,0.0,0.0,0.0,-0.48,10.94,9.52,0.0
20050123:1609,0.0,0.0,0.0,0.0,10.72,9.72,0.0
20050123:1709,0.0,0.0,0.0,0.0,10.1,9.31,0.0
20050123:1809,0.0,0.0,0.0,0.0,9.66,8.62,0.0
20050123:1909,0.0,0.0,0.0,0.0,9.24,8.07,0.0
20050123:2009,0.0,0.0,0.0,0.0,8.66,7.59,0.0
20050123:2109,0.0,0.0,0.0,0.0,8.29,7.17,0.0
20050123:2209,0.0,0.0,0.0,0.0,7.91,6.83,0.0
20050123:2309,0.0,0.0,0.0,0.0,7.73,6.55,0.0
20050124:0009,0.0,0.0,0.0,0.0,7.67,6.0,0.0
20050124:0109,0.0,0.0,0.0,0.0,7.59,5.66,0.0
20050124:0209,0.0,0.0,0.0,0.0,7.25,5.45,0.0
20050124:0309,0.0,0.0,0.0,0.0,7.03,5.03,0.0
20050124:0409,0.0,0.0,0.0,0.0,6.84,4.83,0.0
20050124:0509,0.0,0.0,0.0,0.0,6.6,4.83,0.0
20050124:0609,47.0,42.0,0.0,10.51,6.61,4.97,0.0
20050124:0709,86.0,129.0,0.0,19.78,7.18,4.83,0.0
20050124:0809,216.01,160.0,0.0,27.25,8.67,4.34,0.0
20050124:0909,262.01,201.0,0.0,32.18,9.22,3.59,0.0
20050124:1009,304.01,209.0,0.0,33.89,9.86,3.24,0.0
20050124:1109,248.01,230.0,0.0,32.08,10.21,2.0,0.0
20050124:1209,153.0,228.0,0.0,27.06,10.44,0.9,0.0
20050124:1309,103.0,175.0,0.0,19.53,10.48,1.93,0.0
20050124:1409,71.0,95.0,0.0,10.22,10.18,3.31,0.0
20050124:1509,0.0,0.0,0.0,-0.28,9.64,3.52,0.0
20050124:1609,0.0,0.0,0.0,0.0,10.33,3.03,0.0
20050124:1709,0.0,0.0,0.0,0.0,10.2,2.41,0.0
20050124:1809,0.0,0.0,0.0,0.0,9.5,1.93,0.0
20050124:1909,0.0,0.0,0.0,0.0,8.93,1.66,0.0
20050124:2009,0.0,0.0,0.0,0.0,8.85,1.59,0.0
20050124:2109,0.0,0.0,0.0,0.0,8.74,1.45,0.0
20050124:2209,0.0,0.0,0.0,0.0,8.31,1.66,0.0
20050124:2309,0.0,0.0,0.0,0.0,8.17,1.79,0.0
20050125:0009,0.0,0.0,0.0,0.0,8.2,1.45,0.0
20050125:0109,0.0,0.0,0.0,0.0,8.21,1.38,0.0
20050125:0209,0.0,0.0,0.0,0.0,8.54,1.66,0.0
20050125:0309,0.0,0.0,0.0,0.0,8.35,1.59,0.0
20050125:0409,0.0,0.0,0.0,0.0,8.57,1.03,0.0
20050125:0509,0.0,0.0,0.0,0.0,8.94,1.66,0.0
20050125:0609,0.0,30.0,0.0,10.64,8.53,2.48,0.0
20050125:0709,0.0,34.0,0.0,19.94,8.38,2.62,0.0
20050125:0809,0.0,95.0,0.0,27.44,8.81,2.69,0.0
20050125:0909,0.0,111.0,0.0,32.4,8.74,2.83,0.0
20050125:1009,0.0,50.0,0.0,34.13,8.89,2.83,0.0
20050125:1109,0.0,49.0,0.0,32.33,8.77,1.24,0.0
20050125:1209,0.0,90.0,0.0,27.3,9.47,0.76,0.0
20050125:1309,0.0,32.0,0.0,19.76,9.66,1.17,0.0
20050125:1409,0.0,17.0,0.0,10.44,9.75,1.31,0.0
20050125:1509,0.0,0.0,0.0,-0.08,10.14,1.24,0.0
20050125:1609,0.0,0.0,0.0,0.0,10.46,1.1,0.0
20050125:1709,0.0,0.0,0.0,0.0,11.1,1.66,0.0
20050125:1809,0.0,0.0,0.0,0.0,11.76,2.9,0.0
20050125:1909,0.0,0.0,0.0,0.0,12.12,5.52,0.0
20050125:2009,0.0,0.0,0.0,0.0,12.6,7.45,0.0
20050125:2109,0.0,0.0,0.0,0.0,12.54,8.83,0.0
20050125:2209,0.0,0.0,0.0,0.0,12.69,9.45,0.0
20050125:2309,0.0,0.0,0.0,0.0,12.85,9.45,0.0
20050126:0009,0.0,0.0,0.0,0.0,12.8,9.45,0.0
20050126:0109,0.0,0.0,0.0,0.0,12.76,9.31,0.0
20050126:0209,0.0,0.0,0.0,0.0,12.86,8.97,0.0
20050126:0309,0.0,0.0,0.0,0.0,12.92,8.97,0.0
20050126:0409,0.0,0.0,0.0,0.0,12.83,9.1,0.0
20050126:0509,0.0,0.0,0.0,0.0,12.79,8.76,0.0
20050126:0609,0.0,20.0,0.0,10.78,12.74,8.76,0.0
20050126:0709,0.0,23.0,0.0,20.1,12.81,8.76,0.0
20050126:0809,0.0,66.0,0.0,27.63,13.21,9.03,0.0
20050126:0909,9.0,211.0,0.0,32.63,13.1,9.45,0.0
20050126:1009,0.0,72.0,0.0,34.38,13.42,9.45,0.0
20050126:1109,0.0,131.0,0.0,32.58,13.47,8.9,0.0
20050126:1209,0.0,43.0,0.0,27.55,13.38,8.62,0.0
20050126:1309,0.0,32.0,0.0,20.0,13.22,8.14,0.0
20050126:1409,0.0,30.0,0.0,10.65,13.03,7.52,0.0
20050126:1509,0.0,3.0,0.0,0.12,13.16,7.1,0.0
20050126:1609,0.0,0.0,0.0,0.0,13.01,6.9,0.0
20050126:1709,0.0,0.0,0.0,0.0,12.68,6.83,0.0
20050126:1809,0.0,0.0,0.0,0.0,12.67,6.76,0.0
20050126:1909,0.0,0.0,0.0,0.0,12.75,6.76,0.0
20050126:2009,0.0,0.0,0.0,0.0,12.69,6.62,0.0
20050126:2109,0.0,0.0,0.0,0.0,12.79,6.55,0.0
20050126:2209,0.0,0.0,0.0,0.0,12.43,6.07,0.0
20050126:2309,0.0,0.0,0.0,0.0,12.3,6.28,0.0
20050127:0009,0.0,0.0,0.0,0.0,12.41,6.9,0.0
20050127:0109,0.0,0.0,0.0,0.0,12.5,7.38,0.0
20050127:0209,0.0,0.0,0.0,0.0,12.62,7.31,0.0
20050127:0309,0.0,0.0,0.0,0.0,12.5,7.31,0.0
20050127:0409,0.0,0.0,0.0,0.0,12.66,7.52,0.0
20050127:0509,0.0,0.0,0.0,0.0,12.65,7.52,0.0
20050127:0609,0.0,28.0,0.0,10.92,12.69,7.45,0.0
20050127:0709,0.0,59.0,0.0,20.28,12.85,7.31,0.0
20050127:0809,0.0,93.0,0.0,27.84,14.0,7.45,0.0
20050127:0909,0.0,50.0,0.0,32.86,14.01,7.59,0.0
20050127:1009,0.0,51.0,0.0,34.63,13.9,7.86,0.0
20050127:1109,0.0,50.0,0.0,32.84,14.3,8.28,0.0
20050127:1209,0.0,43.0,0.0,27.8,14.17,8.83,0.0
20050127:1309,0.0,41.0,0.0,20.23,14.27,8.34,0.0
20050127:1409,0.0,18.0,0.0,10.87,14.14,7.93,0.0
20050127:1509,0.0,6.0,0.0,0.32,14.11,7.1,0.0
20050127:1609,0.0,0.0,0.0,0.0,14.27,6.69,0.0
20050127:1709,0.0,0.0,0.0,0.0,14.15,6.48,0.0
20050127:1809,0.0,0.0,0.0,0.0,14.11,6.69,0.0
20050127:1909,0.0,0.0,0.0,0.0,14.1,6.62,0.0
20050127:2009,0.0,0.0,0.0,0.0,13.84,6.62,0.0
20050127:2109,0.0,0.0,0.0,0.0,13.83,6.55,0.0
20050127:2209,0.0,0.0,0.0,0.0,13.52,5.38,0.0
20050127:2309,0.0,0.0,0.0,0.0,13.49,4.69,0.0
20050128:0009,0.0,0.0,0.0,0.0,13.51,4.34,0.0
20050128:0109,0.0,0.0,0.0,0.0,13.53,4.41,0.0
20050128:0209,0.0,0.0,0.0,0.0,13.3,4.28,0.0
20050128:0309,0.0,0.0,0.0,0.0,13.36,3.86,0.0
20050128:0409,0.0,0.0,0.0,0.0,13.31,3.31,0.0
20050128:0509,0.0,0.0,0.0,0.0,13.26,3.17,0.0
20050128:0609,0.0,9.0,0.0,11.07,13.17,3.86,0.0
20050128:0709,0.0,61.0,0.0,20.45,13.6,4.69,0.0
20050128:0809,0.0,54.0,0.0,28.05,14.34,5.24,0.0
20050128:0909,0.0,60.0,0.0,33.1,14.15,4.83,0.0
20050128:1009,0.0,73.0,0.0,34.9,14.77,5.03,0.0
20050128:1109,0.0,66.0,0.0,33.11,14.78,4.21,0.0
20050128:1209,0.0,47.0,0.0,28.06,15.03,3.52,0.0
20050128:1309,0.0,40.0,0.0,20.47,15.09,3.45,0.0
20050128:1409,0.0,51.0,0.0,11.09,14.75,2.76,0.0
20050128:1509,0.0,10.0,0.0,0.53,14.63,2.21,0.0
20050128:1609,0.0,0.0,0.0,0.0,14.59,1.45,0.0
20050128:1709,0.0,0.0,0.0,0.0,14.11,1.24,0.0
20050128:1809,0.0,0.0,0.0,0.0,14.1,1.93,0.0
20050128:1909,0.0,0.0,0.0,0.0,14.29,1.72,0.0
20050128:2009,0.0,0.0,0.0,0.0,14.23,1.24,0.0
20050128:2109,0.0,0.0,0.0,0.0,14.01,2.21,0.0
20050128:2209,0.0,0.0,0.0,0.0,14.43,2.76,0.0
20050128:2309,0.0,0.0,0.0,0.0,14.4,2.97,0.0
20050129:0009,0.0,0.0,0.0,0.0,14.39,3.59,0.0
20050129:0109,0.0,0.0,0.0,0.0,14.42,3.52,0.0
20050129:0209,0.0,0.0,0.0,0.0,14.13,3.31,0.0
20050129:0309,0.0,0.0,0.0,0.0,14.13,4.07,0.0
20050129:0409,0.0,0.0,0.0,0.0,14.25,5.45,0.0
20050129:0509,0.0,0.0,0.0,0.0,14.22,6.76,0.0
20050129:0609,0.0,10.0,0.0,11.23,14.89,7.66,0.0
20050129:0709,0.0,58.0,0.0,20.64,15.43,8.41,0.0
20050129:0809,0.0,84.0,0.0,28.26,16.22,8.69,0.0
20050129:0909,0.0,74.0,0.0,33.35,16.17,8.48,0.0
20050129:1009,19.0,254.0,0.0,35.16,16.46,8.14,0.0
20050129:1109,33.0,264.0,0.0,33.38,16.64,7.03,0.0
20050129:1209,5.0,193.0,0.0,28.32,16.14,6.21,0.0
20050129:1309,31.0,181.0,0.0,20.71,16.15,5.72,0.0
20050129:1409,29.0,109.0,0.0,11.32,15.8,4.97,0.0
20050129:1509,0.0,23.0,0.0,0.73,15.63,3.93,0.0
20050129:1609,0.0,0.0,0.0,0.0,15.02,3.45,0.0
20050129:1709,0.0,0.0,0.0,0.0,15.68,4.07,0.0
20050129:1809,0.0,0.0,0.0,0.0,15.7,3.86,0.0
20050129:1909,0.0,0.0,0.0,0.0,15.43,4.41,0.0
20050129:2009,0.0,0.0,0.0,0.0,15.43,5.31,0.0
20050129:2109,0.0,0.0,0.0,0.0,15.2,5.93,0.0
20050129:2209,0.0,0.0,0.0,0.0,14.95,7.03,0.0
20050129:2309,0.0,0.0,0.0,0.0,15.18,7.38,0.0
20050130:0009,0.0,0.0,0.0,0.0,15.13,7.52,0.0
20050130:0109,0.0,0.0,0.0,0.0,15.47,7.52,0.0
20050130:0209,0.0,0.0,0.0,0.0,15.29,5.72,0.0
20050130:0309,0.0,0.0,0.0,0.0,14.95,3.31,0.0
20050130:0409,0.0,0.0,0.0,0.0,14.36,0.14,0.0
20050130:0509,0.0,0.0,0.0,0.0,14.0,2.0,0.0
20050130:0609,20.0,55.0,0.0,11.39,14.06,2.0,0.0
20050130:0709,73.0,135.0,0.0,20.82,14.19,1.52,0.0
20050130:0809,117.0,202.0,0.0,28.48,14.61,0.97,0.0
20050130:0909,95.0,261.0,0.0,33.6,14.61,0.69,0.0
20050130:1009,0.0,95.0,0.0,35.43,15.43,1.1,0.0
20050130:1109,141.0,272.0,0.0,33.65,15.6,2.14,0.0
20050130:1209,117.0,241.0,0.0,28.58,15.37,3.24,0.0
20050130:1309,86.0,185.0,0.0,20.96,14.88,3.59,0.0
20050130:1409,32.0,110.0,0.0,11.54,14.3,3.38,0.0
20050130:1509,0.0,24.0,0.0,0.94,13.67,4.14,0.0
20050130:1609,0.0,0.0,0.0,0.0,13.68,4.48,0.0
20050130:1709,0.0,0.0,0.0,0.0,12.92,4.97,0.0
20050130:1809,0.0,0.0,0.0,0.0,12.79,5.24,0.0
20050130:1909,0.0,0.0,0.0,0.0,13.06,5.03,0.0
20050130:2009,0.0,0.0,0.0,0.0,12.64,4.76,0.0
20050130:2109,0.0,0.0,0.0,0.0,12.53,4.48,0.0
20050130:2209,0.0,0.0,0.0,0.0,12.59,4.55,0.0
20050130:2309,0.0,0.0,0.0,0.0,12.66,3.79,0.0
20050131:0009,0.0,0.0,0.0,0.0,12.22,3.45,0.0
20050131:0109,0.0,0.0,0.0,0.0,11.97,3.45,0.0
20050131:0209,0.0,0.0,0.0,0.0,11.7,3.52,0.0
20050131:0309,0.0,0.0,0.0,0.0,11.18,3.45,0.0
20050131:0409,0.0,0.0,0.0,0.0,10.64,3.45,0.0
20050131:0509,0.0,0.0,0.0,0.0,10.18,3.38,0.0
20050131:0609,39.0,54.0,0.0,11.55,10.25,3.45,0.0
20050131:0709,133.0,118.0,0.0,21.02,11.14,2.97,0.0
20050131:0809,194.01,179.0,0.0,28.71,12.9,2.21,0.0
20050131:0909,251.01,216.0,0.0,33.86,13.42,1.1,0.0
20050131:1009,254.01,244.0,0.0,35.71,14.0,1.66,0.0
20050131:1109,204.01,260.0,0.0,33.93,13.92,3.03,0.0
20050131:1209,154.0,239.0,0.0,28.85,13.56,2.9,0.0
20050131:1309,55.0,194.0,0.0,21.2,13.33,1.38,0.0
20050131:1409,8.0,102.0,0.0,11.77,13.11,1.45,0.0
20050131:1509,0.0,27.0,0.0,1.15,12.89,1.66,0.0
20050131:1609,0.0,0.0,0.0,0.0,12.38,1.1,0.0
20050131:1709,0.0,0.0,0.0,0.0,11.96,0.83,0.0
20050131:1809,0.0,0.0,0.0,0.0,11.81,0.14,0.0
20050131:1909,0.0,0.0,0.0,0.0,11.49,0.83,0.0
20050131:2009,0.0,0.0,0.0,0.0,10.34,1.17,0.0
20050131:2109,0.0,0.0,0.0,0.0,10.11,1.79,0.0
20050131:2209,0.0,0.0,0.0,0.0,9.33,2.0,0.0
20050131:2309,0.0,0.0,0.0,0.0,9.4,1.59,0.0
20050201:0009,0.0,0.0,0.0,0.0,9.12,1.03,0.0
20050201:0109,0.0,0.0,0.0,0.0,8.92,1.66,0.0
20050201:0209,0.0,0.0,0.0,0.0,8.06,3.24,0.0
20050201:0309,0.0,0.0,0.0,0.0,8.25,4.07,0.0
20050201:0409,0.0,0.0,0.0,0.0,7.89,3.72,0.0
20050201:0509,0.0,0.0,0.0,0.0,7.4,3.03,0.0
20050201:0609,66.0,44.0,0.0,11.73,8.0,3.03,0.0
20050201:0709,204.01,85.0,0.0,21.22,9.01,3.38,0.0
20050201:0809,372.01,90.0,0.0,28.94,10.27,3.72,0.0
20050201:0909,456.01,109.0,0.0,34.12,10.89,2.97,0.0
20050201:1009,506.01,112.0,0.0,35.99,11.64,2.69,0.0
20050201:1109,489.01,115.0,0.0,34.22,11.99,2.21,0.0
20050201:1209,409.01,115.0,0.0,29.12,12.04,2.14,0.0
20050201:1309,333.01,82.0,0.0,21.45,11.95,2.21,0.0
20050201:1409,164.01,70.0,0.0,11.99,11.63,2.0,0.0
20050201:1509,0.0,30.0,0.0,1.36,11.68,1.38,0.0
20050201:1609,0.0,0.0,0.0,0.0,11.61,1.1,0.0
20050201:1709,0.0,0.0,0.0,0.0,11.25,1.03,0.0
20050201:1809,0.0,0.0,0.0,0.0,10.15,0.62,0.0
20050201:1909,0.0,0.0,0.0,0.0,10.23,0.62,0.0
20050201:2009,0.0,0.0,0.0,0.0,9.75,1.17,0.0
20050201:2109,0.0,0.0,0.0,0.0,9.39,1.66,0.0
20050201:2209,0.0,0.0,0.0,0.0,8.75,2.83,0.0
20050201:2309,0.0,0.0,0.0,0.0,8.55,3.1,0.0
20050202:0009,0.0,0.0,0.0,0.0,8.29,3.03,0.0
20050202:0109,0.0,0.0,0.0,0.0,7.95,3.1,0.0
20050202:0209,0.0,0.0,0.0,0.0,7.62,3.1,0.0
20050202:0309,0.0,0.0,0.0,0.0,7.53,2.97,0.0
20050202:0409,0.0,0.0,0.0,0.0,7.57,2.62,0.0
20050202:0509,0.0,0.0,0.0,0.0,7.73,2.28,0.0
20050202:0609,0.0,40.0,0.0,11.9,8.01,2.21,0.0
20050202:0709,14.0,135.0,0.0,21.43,8.67,2.07,0.0
20050202:0809,238.01,164.0,0.0,29.18,9.98,1.93,0.0
20050202:0909,176.0,254.0,0.0,34.39,10.17,1.93,0.0
20050202:1009,524.01,103.0,0.0,36.28,10.88,2.07,0.0
20050202:1109,507.01,106.0,0.0,34.5,11.11,2.21,0.0
20050202:1209,448.01,96.0,0.0,29.39,11.29,2.97,0.0
20050202:1309,308.01,95.0,0.0,21.7,11.33,3.17,0.0
20050202:1409,168.01,70.0,0.0,12.22,10.93,2.76,0.0
20050202:1509,0.0,30.0,0.0,1.57,11.05,2.07,0.0
20050202:1609,0.0,0.0,0.0,0.0,11.18,1.59,0.0
20050202:1709,0.0,0.0,0.0,0.0,10.57,1.45,0.0
20050202:1809,0.0,0.0,0.0,0.0,9.94,1.24,0.0
20050202:1909,0.0,0.0,0.0,0.0,10.13,1.38,0.0
20050202:2009,0.0,0.0,0.0,0.0,10.01,1.31,0.0
20050202:2109,0.0,0.0,0.0,0.0,9.99,1.03,0.0
20050202:2209,0.0,0.0,0.0,0.0,9.89,0.97,0.0
20050202:2309,0.0,0.0,0.0,0.0,9.86,1.03,0.0
20050203:0009,0.0,0.0,0.0,0.0,10.06,1.31,0.0
20050203:0109,0.0,0.0,0.0,0.0,10.2,1.79,0.0
20050203:0209,0.0,0.0,0.0,0.0,10.25,2.62,0.0
20050203:0309,0.0,0.0,0.0,0.0,10.13,3.93,0.0
20050203:0409,0.0,0.0,0.0,0.0,10.16,5.03,0.0
20050203:0509,0.0,0.0,0.0,0.0,9.39,5.38,0.0
20050203:0609,0.0,27.0,0.0,12.08,9.44,6.0,0.0
20050203:0709,0.0,26.0,0.0,21.64,9.3,6.83,0.0
20050203:0809,0.0,97.0,0.0,29.43,9.62,7.1,0.0
20050203:0909,0.0,169.0,0.0,34.66,9.47,7.17,0.0
20050203:1009,0.0,64.0,0.0,36.57,9.59,7.45,0.0
20050203:1109,0.0,117.0,0.0,34.8,9.76,6.9,0.0
20050203:1209,0.0,46.0,0.0,29.67,9.75,6.9,0.0
20050203:1309,0.0,35.0,0.0,21.95,9.64,6.28,0.0
20050203:1409,0.0,20.0,0.0,12.45,9.61,6.62,0.0
20050203:1509,0.0,9.0,0.0,1.78,9.29,6.34,0.0
20050203:1609,0.0,0.0,0.0,0.0,9.31,5.52,0.0
20050203:1709,0.0,0.0,0.0,0.0,9.39,4.97,0.0
20050203:1809,0.0,0.0,0.0,0.0,9.55,4.83,0.0
20050203:1909,0.0,0.0,0.0,0.0,9.64,4.69,0.0
20050203:2009,0.0,0.0,0.0,0.0,9.68,4.41,0.0
20050203:2109,0.0,0.0,0.0,0.0,9.53,3.93,0.0
20050203:2209,0.0,0.0,0.0,0.0,9.53,3.79,0.0
20050203:2309,0.0,0.0,0.0,0.0,9.5,3.93,0.0
20050204:0009,0.0,0.0,0.0,0.0,9.43,3.45,0.0
20050204:0109,0.0,0.0,0.0,0.0,9.12,2.69,0.0
20050204:0209,0.0,0.0,0.0,0.0,8.94,1.38,0.0
20050204:0309,0.0,0.0,0.0,0.0,8.75,0.41,0.0
20050204:0409,0.0,0.0,0.0,0.0,8.11,1.66,0.0
20050204:0509,0.0,0.0,0.0,0.0,7.47,2.9,0.0
20050204:0609,76.0,46.0,0.0,12.27,7.57,3.93,0.0
20050204:0709,235.01,74.0,0.0,21.85,7.67,4.0,0.0
20050204:0809,165.0,202.0,0.0,29.67,8.16,3.59,0.0
20050204:0909,353.01,174.0,0.0,34.94,8.31,2.83,0.0
20050204:1009,533.01,103.0,0.0,36.87,9.75,1.86,0.0
20050204:1109,439.01,150.0,0.0,35.09,10.33,1.52,0.0
20050204:1209,409.01,121.0,0.0,29.94,10.56,1.79,0.0
20050204:1309,307.01,101.0,0.0,22.21,10.07,2.28,0.0
20050204:1409,182.01,67.0,0.0,12.69,9.45,2.48,0.0
20050204:1509,0.0,31.0,0.0,2.0,9.45,2.21,0.0
20050204:1609,0.0,0.0,0.0,0.0,9.18,2.07,0.0
20050204:1709,0.0,0.0,0.0,0.0,8.17,1.66,0.0
20050204:1809,0.0,0.0,0.0,0.0,7.88,1.59,0.0
20050204:1909,0.0,0.0,0.0,0.0,7.85,2.21,0.0
20050204:2009,0.0,0.0,0.0,0.0,8.01,2.34,0.0
20050204:2109,0.0,0.0,0.0,0.0,7.86,2.41,0.0
20050204:2209,0.0,0.0,0.0,0.0,7.84,1.86,0.0
20050204:2309,0.0,0.0,0.0,0.0,7.79,1.72,0.0
20050205:0009,0.0,0.0,0.0,0.0,7.85,0.0,0.0
20050205:0109,0.0,0.0,0.0,0.0,8.05,0.0,0.0
20050205:0209,0.0,0.0,0.0,0.0,7.92,2.76,0.0
20050205:0309,0.0,0.0,0.0,0.0,7.9,2.83,0.0
20050205:0409,0.0,0.0,0.0,0.0,7.86,2.9,0.0
20050205:0509,0.0,0.0,0.0,0.0,7.78,3.1,0.0
20050205:0609,55.0,56.0,0.0,12.46,8.07,3.31,0.0
20050205:0709,201.01,94.0,0.0,22.07,8.75,3.17,0.0
20050205:0809,226.01,177.0,0.0,29.93,9.99,3.17,0.0
20050205:0909,167.0,264.0,0.0,35.23,10.69,3.66,0.0
20050205:1009,470.01,141.0,0.0,37.17,11.61,3.1,0.0
20050205:1109,515.01,110.0,0.0,35.39,11.95,2.41,0.0
20050205:1209,136.0,258.0,0.0,30.22,12.26,1.86,0.0
20050205:1309,175.01,174.0,0.0,22.46,12.39,1.31,0.0
20050205:1409,0.0,21.0,0.0,12.92,12.02,0.34,0.0
20050205:1509,0.0,6.0,0.0,2.21,11.48,2.07,0.0
20050205:1609,0.0,0.0,0.0,0.0,10.93,2.55,0.0
20050205:1709,0.0,0.0,0.0,0.0,9.69,2.62,0.0
20050205:1809,0.0,0.0,0.0,0.0,9.78,3.1,0.0
20050205:1909,0.0,0.0,0.0,0.0,9.53,3.86,0.0
20050205:2009,0.0,0.0,0.0,0.0,9.33,4.76,0.0
20050205:2109,0.0,0.0,0.0,0.0,9.39,5.93,0.0
20050205:2209,0.0,0.0,0.0,0.0,9.4,7.45,0.0
20050205:2309,0.0,0.0,0.0,0.0,9.12,7.45,0.0
20050206:0009,0.0,0.0,0.0,0.0,8.84,7.45,0.0
20050206:0109,0.0,0.0,0.0,0.0,8.41,7.79,0.0
20050206:0209,0.0,0.0,0.0,0.0,7.95,8.28,0.0
20050206:0309,0.0,0.0,0.0,0.0,7.64,8.48,0.0
20050206:0409,0.0,0.0,0.0,0.0,7.42,8.41,0.0
20050206:0509,0.0,0.0,0.0,0.0,7.13,8.28,0.0
20050206:0609,75.0,50.0,0.0,12.66,7.01,8.14,0.0
20050206:0709,217.01,91.0,0.0,22.3,7.57,8.28,0.0
20050206:0809,345.01,119.0,0.0,30.19,8.49,8.28,0.0
20050206:0909,459.01,123.0,0.0,35.52,9.2,7.93,0.0
20050206:1009,488.01,141.0,0.0,37.48,10.02,7.31,0.0
20050206:1109,498.01,128.0,0.0,35.69,10.36,7.03,0.0
20050206:1209,463.01,104.0,0.0,30.51,10.61,6.83,0.0
20050206:1309,363.01,82.0,0.0,22.72,10.57,6.83,0.0
20050206:1409,192.01,70.0,0.0,13.15,10.14,7.1,0.0
20050206:1509,0.0,38.0,0.0,2.42,9.74,7.17,0.0
20050206:1609,0.0,0.0,0.0,0.0,9.42,7.38,0.0
20050206:1709,0.0,0.0,0.0,0.0,8.69,7.52,0.0
20050206:1809,0.0,0.0,0.0,0.0,8.4,7.45,0.0
20050206:1909,0.0,0.0,0.0,0.0,8.07,7.45,0.0
20050206:2009,0.0,0.0,0.0,0.0,7.61,7.52,0.0
20050206:2109,0.0,0.0,0.0,0.0,7.27,7.38,0.0
20050206:2209,0.0,0.0,0.0,0.0,6.81,7.31,0.0
20050206:2309,0.0,0.0,0.0,0.0,6.5,7.38,0.0
20050207:0009,0.0,0.0,0.0,0.0,6.23,7.59,0.0
20050207:0109,0.0,0.0,0.0,0.0,6.05,7.86,0.0
20050207:0209,0.0,0.0,0.0,0.0,5.79,8.0,0.0
20050207:0309,0.0,0.0,0.0,0.0,5.51,8.28,0.0
20050207:0409,0.0,0.0,0.0,0.0,5.35,8.48,0.0
20050207:0509,0.0,0.0,0.0,0.0,5.29,8.69,0.0
20050207:0609,83.0,50.0,0.0,12.86,5.31,8.76,0.0
20050207:0709,227.01,91.0,0.0,22.53,5.53,9.03,0.0
20050207:0809,377.01,107.0,0.0,30.45,6.68,8.83,0.0
20050207:0909,529.01,93.0,0.0,35.81,7.31,8.62,0.0
20050207:1009,513.01,135.0,0.0,37.79,8.44,8.62,0.0
20050207:1109,537.01,114.0,0.0,36.0,8.93,8.28,0.0
20050207:1209,413.01,140.0,0.0,30.79,9.3,8.14,0.0
20050207:1309,359.01,90.0,0.0,22.98,9.68,8.28,0.0
20050207:1409,205.01,68.0,0.0,13.38,9.34,8.62,0.0
20050207:1509,0.0,39.0,0.0,2.64,8.9,8.55,0.0
20050207:1609,0.0,0.0,0.0,0.0,8.41,8.83,0.0
20050207:1709,0.0,0.0,0.0,0.0,7.71,9.1,0.0
20050207:1809,0.0,0.0,0.0,0.0,7.42,9.17,0.0
20050207:1909,0.0,0.0,0.0,0.0,7.18,9.38,0.0
20050207:2009,0.0,0.0,0.0,0.0,6.86,9.52,0.0
20050207:2109,0.0,0.0,0.0,0.0,6.72,9.66,0.0
20050207:2209,0.0,0.0,0.0,0.0,6.2,9.1,0.0
20050207:2309,0.0,0.0,0.0,0.0,6.18,9.03,0.0
20050208:0009,0.0,0.0,0.0,0.0,6.09,8.9,0.0
20050208:0109,0.0,0.0,0.0,0.0,6.02,9.17,0.0
20050208:0209,0.0,0.0,0.0,0.0,5.93,9.45,0.0
20050208:0309,0.0,0.0,0.0,0.0,5.79,9.72,0.0
20050208:0409,0.0,0.0,0.0,0.0,5.68,9.72,0.0
20050208:0509,0.0,0.0,0.0,0.0,5.64,9.72,0.0
20050208:0609,87.0,50.0,0.0,13.07,5.69,9.72,0.0
20050208:0709,234.01,89.0,0.0,22.77,6.01,9.59,0.0
20050208:0809,385.01,105.0,0.0,30.72,7.15,9.45,0.0
20050208:0909,484.01,119.0,0.0,36.11,7.81,9.31,0.0
20050208:1009,543.01,119.0,0.0,38.1,8.83,9.38,0.0
20050208:1109,498.01,139.0,0.0,36.31,9.28,9.03,0.0
20050208:1209,357.01,176.0,0.0,31.08,9.56,8.69,0.0
20050208:1309,321.01,113.0,0.0,23.24,9.74,8.34,0.0
20050208:1409,157.01,96.0,0.0,13.62,9.58,8.07,0.0
20050208:1509,0.0,40.0,0.0,2.85,9.28,7.72,0.0
20050208:1609,0.0,0.0,0.0,0.0,8.87,7.79,0.0
20050208:1709,0.0,0.0,0.0,0.0,8.24,7.86,0.0
20050208:1809,0.0,0.0,0.0,0.0,7.96,8.0,0.0
20050208:1909,0.0,0.0,0.0,0.0,7.78,7.93,0.0
20050208:2009,0.0,0.0,0.0,0.0,7.22,7.66,0.0
20050208:2109,0.0,0.0,0.0,0.0,7.03,7.45,0.0
20050208:2209,0.0,0.0,0.0,0.0,6.54,7.24,0.0
20050208:2309,0.0,0.0,0.0,0.0,6.36,7.45,0.0
20050209:0009,0.0,0.0,0.0,0.0,6.25,7.66,0.0
20050209:0109,0.0,0.0,0.0,0.0,6.07,7.86,0.0
20050209:0209,0.0,0.0,0.0,0.0,5.63,8.0,0.0
20050209:0309,0.0,0.0,0.0,0.0,5.45,8.07,0.0
20050209:0409,0.0,0.0,0.0,0.0,5.27,7.86,0.0
20050209:0509,0.0,0.0,0.0,0.0,5.28,7.72,0.0
20050209:0609,78.0,56.0,0.0,13.29,5.48,7.52,0.0
20050209:0709,224.01,98.0,0.0,23.01,6.02,7.52,0.0
20050209:0809,332.01,140.0,0.0,31.0,7.25,7.45,0.0
20050209:0909,428.01,157.0,0.0,36.41,7.72,6.97,0.0
20050209:1009,440.01,185.0,0.0,38.42,8.59,6.34,0.0
20050209:1109,424.01,187.0,0.0,36.62,9.06,6.0,0.0
20050209:1209,347.01,185.0,0.0,31.37,9.41,5.93,0.0
20050209:1309,285.01,137.0,0.0,23.5,9.6,5.72,0.0
20050209:1409,167.01,93.0,0.0,13.86,9.49,5.59,0.0
20050209:1509,0.0,43.0,0.0,3.06,9.14,5.38,0.0
20050209:1609,0.0,0.0,0.0,0.0,8.6,5.45,0.0
20050209:1709,0.0,0.0,0.0,0.0,7.7,5.59,0.0
20050209:1809,0.0,0.0,0.0,0.0,7.39,5.59,0.0
20050209:1909,0.0,0.0,0.0,0.0,7.17,5.59,0.0
20050209:2009,0.0,0.0,0.0,0.0,6.69,5.59,0.0
20050209:2109,0.0,0.0,0.0,0.0,6.49,5.66,0.0
20050209:2209,0.0,0.0,0.0,0.0,6.11,5.79,0.0
20050209:2309,0.0,0.0,0.0,0.0,6.03,5.79,0.0
20050210:0009,0.0,0.0,0.0,0.0,5.84,5.52,0.0
20050210:0109,0.0,0.0,0.0,0.0,5.66,5.45,0.0
20050210:0209,0.0,0.0,0.0,0.0,5.41,5.52,0.0
20050210:0309,0.0,0.0,0.0,0.0,5.23,5.66,0.0
20050210:0409,0.0,0.0,0.0,0.0,5.11,5.79,0.0
20050210:0509,0.0,0.0,0.0,0.0,4.99,5.72,0.0
20050210:0609,2.0,57.0,0.0,13.5,5.04,5.86,0.0
20050210:0709,63.0,167.0,0.0,23.26,5.75,5.79,0.0
20050210:0809,119.0,240.0,0.0,31.28,7.19,5.66,0.0
20050210:0909,380.01,188.0,0.0,36.72,7.87,5.03,0.0
20050210:1009,428.01,196.0,0.0,38.74,8.51,4.41,0.0
20050210:1109,387.01,213.0,0.0,36.94,8.81,4.0,0.0
20050210:1209,317.01,205.0,0.0,31.66,9.2,3.59,0.0
20050210:1309,318.01,122.0,0.0,23.77,9.39,3.52,0.0
20050210:1409,174.01,93.0,0.0,14.09,9.45,3.1,0.0
20050210:1509,0.0,44.0,0.0,3.28,9.37,2.21,0.0
20050210:1609,0.0,0.0,0.0,0.0,9.73,1.93,0.0
20050210:1709,0.0,0.0,0.0,0.0,8.37,2.62,0.0
20050210:1809,0.0,0.0,0.0,0.0,7.66,3.1,0.0
20050210:1909,0.0,0.0,0.0,0.0,7.51,3.59,0.0
20050210:2009,0.0,0.0,0.0,0.0,7.19,4.14,0.0
20050210:2109,0.0,0.0,0.0,0.0,6.76,4.55,0.0
20050210:2209,0.0,0.0,0.0,0.0,6.23,4.62,0.0
20050210:2309,0.0,0.0,0.0,0.0,5.81,5.1,0.0
20050211:0009,0.0,0.0,0.0,0.0,5.55,5.24,0.0
20050211:0109,0.0,0.0,0.0,0.0,5.33,5.1,0.0
20050211:0209,0.0,0.0,0.0,0.0,4.97,5.1,0.0
20050211:0309,0.0,0.0,0.0,0.0,4.76,5.1,0.0
20050211:0409,0.0,0.0,0.0,0.0,4.66,5.1,0.0
20050211:0509,0.0,0.0,0.0,0.0,4.72,5.1,0.0
20050211:0609,88.0,56.0,0.0,13.73,4.99,5.03,0.0
20050211:0709,236.01,97.0,0.0,23.51,5.63,4.83,0.0
20050211:0809,345.01,138.0,0.0,31.56,7.06,4.69,0.0
20050211:0909,446.01,152.0,0.0,37.04,7.41,4.14,0.0
20050211:1009,521.01,143.0,0.0,39.07,8.09,3.66,0.0
20050211:1109,440.01,185.0,0.0,37.26,8.37,3.17,0.0
20050211:1209,340.01,195.0,0.0,31.96,8.56,3.17,0.0
20050211:1309,358.01,101.0,0.0,24.03,8.59,3.1,0.0
20050211:1409,204.01,79.0,0.0,14.33,8.3,2.48,0.0
20050211:1509,0.0,46.0,0.0,3.49,8.07,1.59,0.0
20050211:1609,0.0,0.0,0.0,0.0,8.58,0.9,0.0
20050211:1709,0.0,0.0,0.0,0.0,7.89,0.28,0.0
20050211:1809,0.0,0.0,0.0,0.0,6.88,0.76,0.0
20050211:1909,0.0,0.0,0.0,0.0,6.52,1.1,0.0
20050211:2009,0.0,0.0,0.0,0.0,6.26,1.52,0.0
20050211:2109,0.0,0.0,0.0,0.0,6.13,1.86,0.0
20050211:2209,0.0,0.0,0.0,0.0,6.05,1.79,0.0
20050211:2309,0.0,0.0,0.0,0.0,5.86,2.69,0.0
20050212:0009,0.0,0.0,0.0,0.0,5.6,3.31,0.0
20050212:0109,0.0,0.0,0.0,0.0,5.39,3.52,0.0
20050212:0209,0.0,0.0,0.0,0.0,5.21,3.66,0.0
20050212:0309,0.0,0.0,0.0,0.0,5.1,3.86,0.0
20050212:0409,0.0,0.0,0.0,0.0,5.0,4.14,0.0
20050212:0509,0.0,0.0,0.0,0.0,4.86,4.34,0.0
20050212:0609,78.0,63.0,0.0,13.95,5.28,4.48,0.0
20050212:0709,219.01,108.0,0.0,23.76,6.14,4.28,0.0
20050212:0809,345.01,140.0,0.0,31.85,7.88,3.93,0.0
20050212:0909,446.01,154.0,0.0,37.35,8.47,3.38,0.0
20050212:1009,440.01,192.0,0.0,39.4,8.92,2.83,0.0
20050212:1109,468.01,169.0,0.0,37.58,9.18,2.07,0.0
20050212:1209,370.01,180.0,0.0,32.25,9.22,1.93,0.0
20050212:1309,294.01,140.0,0.0,24.29,9.07,2.62,0.0
20050212:1409,172.01,98.0,0.0,14.56,8.8,2.97,0.0
20050212:1509,0.0,48.0,0.0,3.71,8.18,3.31,0.0
20050212:1609,0.0,0.0,0.0,0.0,9.16,3.31,0.0
20050212:1709,0.0,0.0,0.0,0.0,8.46,2.62,0.0
20050212:1809,0.0,0.0,0.0,0.0,7.63,2.0,0.0
20050212:1909,0.0,0.0,0.0,0.0,7.01,1.45,0.0
20050212:2009,0.0,0.0,0.0,0.0,6.69,1.17,0.0
20050212:2109,0.0,0.0,0.0,0.0,6.61,0.76,0.0
20050212:2209,0.0,0.0,0.0,0.0,6.82,0.83,0.0
20050212:2309,0.0,0.0,0.0,0.0,6.82,1.52,0.0
20050213:0009,0.0,0.0,0.0,0.0,6.72,1.52,0.0
20050213:0109,0.0,0.0,0.0,0.0,6.39,1.66,0.0
20050213:0209,0.0,0.0,0.0,0.0,5.85,1.45,0.0
20050213:0309,0.0,0.0,0.0,0.0,5.56,1.17,0.0
20050213:0409,0.0,0.0,0.0,0.0,5.58,1.03,0.0
20050213:0509,0.0,0.0,0.0,0.0,5.42,0.76,0.0
20050213:0609,2.0,60.0,0.0,14.18,5.41,0.9,0.0
20050213:0709,107.0,157.0,0.0,24.02,5.72,1.24,0.0
20050213:0809,71.0,245.0,0.0,32.14,7.2,1.17,0.0
20050213:0909,399.01,173.0,0.0,37.68,7.23,1.66,0.0
20050213:1009,274.01,272.0,0.0,39.74,7.34,2.14,0.0
20050213:1109,62.0,314.0,0.0,37.9,7.47,2.97,0.0
20050213:1209,3.0,213.0,0.0,32.55,8.08,3.38,0.0
20050213:1309,19.0,204.0,0.0,24.56,8.51,3.72,0.0
20050213:1409,117.0,122.0,0.0,14.8,8.94,3.59,0.0
20050213:1509,0.0,46.0,0.0,3.92,9.53,3.38,0.0
20050213:1609,0.0,0.0,0.0,0.0,9.63,3.17,0.0
20050213:1709,0.0,0.0,0.0,0.0,9.53,3.38,0.0
20050213:1809,0.0,0.0,0.0,0.0,9.59,3.45,0.0
20050213:1909,0.0,0.0,0.0,0.0,9.53,3.24,0.0
20050213:2009,0.0,0.0,0.0,0.0,9.56,3.31,0.0
20050213:2109,0.0,0.0,0.0,0.0,9.61,2.9,0.0
20050213:2209,0.0,0.0,0.0,0.0,9.83,2.34,0.0
20050213:2309,0.0,0.0,0.0,0.0,9.91,1.93,0.0
20050214:0009,0.0,0.0,0.0,0.0,9.86,1.72,0.0
20050214:0109,0.0,0.0,0.0,0.0,10.19,1.66,0.0
20050214:0209,0.0,0.0,0.0,0.0,10.08,2.07,0.0
20050214:0309,0.0,0.0,0.0,0.0,9.83,2.83,0.0
20050214:0409,0.0,0.0,0.0,0.0,9.66,2.97,0.0
20050214:0509,0.0,0.0,0.0,0.0,9.55,3.24,0.0
20050214:0609,0.0,27.0,0.0,14.42,9.47,4.0,0.0
20050214:0709,6.0,140.0,0.0,24.29,9.63,5.1,0.0
20050214:0809,0.0,87.0,0.0,32.44,10.74,6.14,0.0
20050214:0909,0.0,102.0,0.0,38.0,11.43,6.83,0.0
20050214:1009,0.0,58.0,0.0,40.08,11.6,9.24,0.0
20050214:1109,0.0,58.0,0.0,38.23,11.45,10.0,0.0
20050214:1209,0.0,67.0,0.0,32.85,11.53,9.86,0.0
20050214:1309,0.0,47.0,0.0,24.83,11.85,9.72,0.0
20050214:1409,0.0,36.0,0.0,15.04,11.77,9.59,0.0
20050214:1509,0.0,8.0,0.0,4.14,11.74,9.66,0.0
20050214:1609,0.0,0.0,0.0,0.0,12.07,9.79,0.0
20050214:1709,0.0,0.0,0.0,0.0,11.82,9.86,0.0
20050214:1809,0.0,0.0,0.0,0.0,11.78,9.59,0.0
20050214:1909,0.0,0.0,0.0,0.0,11.74,9.59,0.0
20050214:2009,0.0,0.0,0.0,0.0,11.61,9.52,0.0
20050214:2109,0.0,0.0,0.0,0.0,11.75,9.17,0.0
20050214:2209,0.0,0.0,0.0,0.0,12.0,8.9,0.0
20050214:2309,0.0,0.0,0.0,0.0,12.02,8.41,0.0
20050215:0009,0.0,0.0,0.0,0.0,11.8,7.72,0.0
20050215:0109,0.0,0.0,0.0,0.0,11.7,7.72,0.0
20050215:0209,0.0,0.0,0.0,0.0,11.96,8.21,0.0
20050215:0309,0.0,0.0,0.0,0.0,11.68,8.9,0.0
20050215:0409,0.0,0.0,0.0,0.0,11.53,9.1,0.0
20050215:0509,0.0,0.0,0.0,0.0,11.37,9.24,0.0
20050215:0609,0.0,41.0,0.0,14.66,11.93,9.17,0.0
20050215:0709,0.0,34.0,0.0,24.56,12.23,9.1,0.0
20050215:0809,0.0,86.0,0.0,32.74,12.82,9.45,0.0
20050215:0909,14.0,257.0,0.0,38.33,13.25,10.07,0.0
20050215:1009,0.0,170.0,0.0,40.42,13.55,10.07,0.0
20050215:1109,81.0,319.0,0.0,38.56,13.75,10.34,0.0
20050215:1209,305.01,209.0,0.0,33.15,13.88,10.34,0.0
20050215:1309,319.01,121.0,0.0,25.09,13.93,10.0,0.0
20050215:1409,159.0,105.0,0.0,15.27,13.61,10.0,0.0
20050215:1509,7.0,46.71,0.0,4.35,13.68,10.0,0.0
20050215:1609,0.0,0.0,0.0,0.0,13.55,9.86,0.0
20050215:1709,0.0,0.0,0.0,0.0,13.66,10.0,0.0
20050215:1809,0.0,0.0,0.0,0.0,13.42,10.07,0.0
20050215:1909,0.0,0.0,0.0,0.0,13.57,10.28,0.0
20050215:2009,0.0,0.0,0.0,0.0,13.42,10.28,0.0
20050215:2109,0.0,0.0,0.0,0.0,13.5,10.14,0.0
20050215:2209,0.0,0.0,0.0,0.0,13.49,9.86,0.0
20050215:2309,0.0,0.0,0.0,0.0,13.5,10.14,0.0
20050216:0009,0.0,0.0,0.0,0.0,13.78,10.21,0.0
20050216:0109,0.0,0.0,0.0,0.0,13.83,9.86,0.0
20050216:0209,0.0,0.0,0.0,0.0,13.78,10.21,0.0
20050216:0309,0.0,0.0,0.0,0.0,13.76,10.28,0.0
20050216:0409,0.0,0.0,0.0,0.0,13.77,10.69,0.0
20050216:0509,0.0,0.0,0.0,0.0,13.87,11.45,0.0
20050216:0609,0.0,14.0,0.0,14.91,13.78,11.93,0.0
20050216:0709,0.0,76.0,0.0,24.83,13.77,12.34,0.0
20050216:0809,0.0,123.0,0.0,33.05,13.57,12.28,0.0
20050216:0909,0.0,144.0,0.0,38.67,13.13,11.93,0.0
20050216:1009,72.0,324.0,0.0,40.76,14.11,10.83,0.0
20050216:1109,0.0,145.0,0.0,38.89,14.03,9.1,0.0
20050216:1209,0.0,60.0,0.0,33.45,14.13,8.9,0.0
20050216:1309,0.0,49.0,0.0,25.36,14.28,9.31,0.0
20050216:1409,0.0,25.0,0.0,15.51,14.22,10.97,0.0
20050216:1509,0.0,9.0,0.0,4.57,14.16,12.28,0.0
20050216:1609,0.0,0.0,0.0,0.0,14.1,12.76,0.0
20050216:1709,0.0,0.0,0.0,0.0,13.93,11.59,0.0
20050216:1809,0.0,0.0,0.0,0.0,13.6,9.86,0.0
20050216:1909,0.0,0.0,0.0,0.0,13.39,8.97,0.0
20050216:2009,0.0,0.0,0.0,0.0,12.81,8.07,0.0
20050216:2109,0.0,0.0,0.0,0.0,13.32,7.45,0.0
20050216:2209,0.0,0.0,0.0,0.0,13.89,7.93,0.0
20050216:2309,0.0,0.0,0.0,0.0,14.12,6.69,0.0
20050217:0009,0.0,0.0,0.0,0.0,13.89,5.45,0.0
20050217:0109,0.0,0.0,0.0,0.0,13.43,4.48,0.0
20050217:0209,0.0,0.0,0.0,0.0,13.03,4.69,0.0
20050217:0309,0.0,0.0,0.0,0.0,12.98,5.17,0.0
20050217:0409,0.0,0.0,0.0,0.0,13.29,5.24,0.0
20050217:0509,0.0,0.0,0.0,0.0,13.51,5.03,0.0
20050217:0609,0.0,37.0,0.0,15.15,13.75,5.52,0.0
20050217:0709,0.0,61.0,0.0,25.11,14.04,5.38,0.0
20050217:0809,0.0,55.0,0.0,33.36,14.74,6.07,0.0
20050217:0909,0.0,89.0,0.0,39.01,14.46,8.0,0.0
20050217:1009,75.0,327.0,0.0,41.11,15.71,9.03,0.0
20050217:1109,380.01,219.0,0.0,39.23,15.94,9.17,0.0
20050217:1209,181.0,270.0,0.0,33.75,15.78,8.41,0.0
20050217:1309,23.0,213.0,0.0,25.63,15.6,7.66,0.0
20050217:1409,2.0,110.0,0.0,15.75,15.3,7.17,0.0
20050217:1509,0.0,9.0,0.0,4.78,15.2,6.21,0.0
20050217:1609,0.0,0.0,0.0,0.0,14.93,5.45,0.0
20050217:1709,0.0,0.0,0.0,0.0,14.5,4.28,0.0
20050217:1809,0.0,0.0,0.0,0.0,14.67,3.52,0.0
20050217:1909,0.0,0.0,0.0,0.0,14.57,3.03,0.0
20050217:2009,0.0,0.0,0.0,0.0,14.39,2.69,0.0
20050217:2109,0.0,0.0,0.0,0.0,14.34,2.69,0.0
20050217:2209,0.0,0.0,0.0,0.0,14.33,3.86,0.0
20050217:2309,0.0,0.0,0.0,0.0,14.31,4.21,0.0
20050218:0009,0.0,0.0,0.0,0.0,14.58,4.69,0.0
20050218:0109,0.0,0.0,0.0,0.0,14.46,5.45,0.0
20050218:0209,0.0,0.0,0.0,0.0,13.91,8.34,0.0
20050218:0309,0.0,0.0,0.0,0.0,14.09,8.0,0.0
20050218:0409,0.0,0.0,0.0,0.0,14.07,7.66,0.0
20050218:0509,0.0,0.0,0.0,0.0,14.3,8.0,0.0
20050218:0609,0.0,47.0,0.0,15.41,14.23,7.31,0.0
20050218:0709,0.0,31.0,0.0,25.39,14.37,6.28,0.0
20050218:0809,0.0,49.0,0.0,33.67,14.53,5.45,0.0
20050218:0909,0.0,94.0,0.0,39.35,14.82,5.31,0.0
20050218:1009,0.0,115.0,0.0,41.46,15.36,4.76,0.0
20050218:1109,11.0,270.0,0.0,39.56,15.34,5.45,0.0
20050218:1209,10.0,240.0,0.0,34.06,15.29,5.45,0.0
20050218:1309,0.0,99.0,0.0,25.89,15.17,5.86,0.0
20050218:1409,0.0,84.0,0.0,15.98,15.08,5.79,0.0
20050218:1509,0.0,19.0,0.0,4.99,15.01,4.76,0.0
20050218:1609,0.0,0.0,0.0,0.0,15.08,3.93,0.0
20050218:1709,0.0,0.0,0.0,0.0,14.49,2.76,0.0
20050218:1809,0.0,0.0,0.0,0.0,14.45,1.93,0.0
20050218:1909,0.0,0.0,0.0,0.0,14.22,1.86,0.0
20050218:2009,0.0,0.0,0.0,0.0,13.82,1.38,0.0
20050218:2109,0.0,0.0,0.0,0.0,13.85,0.97,0.0
20050218:2209,0.0,0.0,0.0,0.0,13.39,1.24,0.0
20050218:2309,0.0,0.0,0.0,0.0,13.22,1.31,0.0
20050219:0009,0.0,0.0,0.0,0.0,12.86,1.38,0.0
20050219:0109,0.0,0.0,0.0,0.0,12.69,1.72,0.0
20050219:0209,0.0,0.0,0.0,0.0,12.12,2.55,0.0
20050219:0309,0.0,0.0,0.0,0.0,11.95,2.97,0.0
20050219:0409,0.0,0.0,0.0,0.0,11.43,2.83,0.0
20050219:0509,0.0,0.0,0.0,0.0,11.32,2.69,0.0
20050219:0609,4.0,73.0,0.0,15.67,11.54,2.41,0.0
20050219:0709,81.0,177.0,0.0,25.68,11.85,2.0,0.0
20050219:0809,274.01,188.0,0.0,33.99,13.28,1.38,0.0
20050219:0909,67.0,307.0,0.0,39.69,13.47,1.72,0.0
20050219:1009,154.0,328.0,0.0,41.82,13.53,2.76,0.0
20050219:1109,502.01,155.0,0.0,39.9,13.57,3.52,0.0
20050219:1209,480.01,122.0,0.0,34.36,13.88,3.52,0.0
20050219:1309,148.0,218.0,0.0,26.16,14.08,3.45,0.0
20050219:1409,214.01,87.0,0.0,16.22,13.89,2.83,0.0
20050219:1509,7.0,52.91,0.0,5.2,13.65,2.14,0.0
20050219:1609,0.0,0.0,0.0,0.0,13.14,2.55,0.0
20050219:1709,0.0,0.0,0.0,0.0,12.1,2.34,0.0
20050219:1809,0.0,0.0,0.0,0.0,12.24,2.0,0.0
20050219:1909,0.0,0.0,0.0,0.0,11.69,2.48,0.0
20050219:2009,0.0,0.0,0.0,0.0,11.29,2.83,0.0
20050219:2109,0.0,0.0,0.0,0.0,11.0,3.1,0.0
20050219:2209,0.0,0.0,0.0,0.0,10.61,1.86,0.0
20050219:2309,0.0,0.0,0.0,0.0,10.81,1.59,0.0
20050220:0009,0.0,0.0,0.0,0.0,10.58,1.72,0.0
20050220:0109,0.0,0.0,0.0,0.0,9.99,2.55,0.0
20050220:0209,0.0,0.0,0.0,0.0,9.76,3.59,0.0
20050220:0309,0.0,0.0,0.0,0.0,9.56,4.0,0.0
20050220:0409,0.0,0.0,0.0,0.0,9.45,4.14,0.0
20050220:0509,0.0,0.0,0.0,0.0,9.17,3.93,0.0
20050220:0609,37.0,91.0,0.0,15.93,9.18,3.59,0.0
20050220:0709,54.0,183.0,0.0,25.97,9.84,2.76,0.0
20050220:0809,182.0,236.0,0.0,34.31,11.25,1.93,0.0
20050220:0909,525.01,120.0,0.0,40.04,11.61,1.17,0.0
20050220:1009,585.01,119.0,0.0,42.18,11.91,1.24,0.0
20050220:1109,533.01,142.0,0.0,40.24,12.17,1.59,0.0
20050220:1209,233.0,262.0,0.0,34.67,12.35,2.28,0.0
20050220:1309,411.01,89.0,0.0,26.43,12.64,2.9,0.0
20050220:1409,241.01,77.0,0.0,16.46,12.54,3.17,0.0
20050220:1509,74.0,20.21,0.0,5.42,12.47,3.1,0.0
20050220:1609,0.0,0.0,0.0,0.0,11.95,2.69,0.0
20050220:1709,0.0,0.0,0.0,0.0,10.94,2.48,0.0
20050220:1809,0.0,0.0,0.0,0.0,10.64,2.41,0.0
20050220:1909,0.0,0.0,0.0,0.0,10.6,2.9,0.0
20050220:2009,0.0,0.0,0.0,0.0,9.71,3.17,0.0
20050220:2109,0.0,0.0,0.0,0.0,9.88,3.31,0.0
20050220:2209,0.0,0.0,0.0,0.0,9.36,2.55,0.0
20050220:2309,0.0,0.0,0.0,0.0,9.44,2.21,0.0
20050221:0009,0.0,0.0,0.0,0.0,9.43,2.0,0.0
20050221:0109,0.0,0.0,0.0,0.0,9.39,2.0,0.0
20050221:0209,0.0,0.0,0.0,0.0,9.24,2.28,0.0
20050221:0309,0.0,0.0,0.0,0.0,9.11,2.41,0.0
20050221:0409,0.0,0.0,0.0,0.0,8.97,2.48,0.0
20050221:0509,0.0,0.0,0.0,0.0,9.01,2.48,0.0
20050221:0609,102.0,70.0,0.0,16.19,9.54,2.62,0.0
20050221:0709,279.01,93.0,0.0,26.26,10.14,2.62,0.0
20050221:0809,428.01,109.0,0.0,34.64,11.65,2.41,0.0
20050221:0909,514.01,128.0,0.0,40.4,11.94,2.0,0.0
20050221:1009,556.01,137.0,0.0,42.54,12.33,1.66,0.0
20050221:1109,516.01,155.0,0.0,40.58,12.52,2.9,0.0
20050221:1209,412.01,171.0,0.0,34.97,12.69,4.0,0.0
20050221:1309,342.01,129.0,0.0,26.7,12.64,4.55,0.0
20050221:1409,215.01,92.0,0.0,16.69,12.62,4.0,0.0
20050221:1509,2.0,50.26,0.0,5.63,12.89,2.97,0.0
20050221:1609,0.0,0.0,0.0,0.0,12.83,1.93,0.0
20050221:1709,0.0,0.0,0.0,0.0,12.01,1.66,0.0
20050221:1809,0.0,0.0,0.0,0.0,11.59,2.14,0.0
20050221:1909,0.0,0.0,0.0,0.0,11.22,2.55,0.0
20050221:2009,0.0,0.0,0.0,0.0,11.02,3.03,0.0
20050221:2109,0.0,0.0,0.0,0.0,10.82,3.1,0.0
20050221:2209,0.0,0.0,0.0,0.0,10.47,2.69,0.0
20050221:2309,0.0,0.0,0.0,0.0,10.36,2.62,0.0
20050222:0009,0.0,0.0,0.0,0.0,10.39,2.76,0.0
20050222:0109,0.0,0.0,0.0,0.0,10.13,2.9,0.0
20050222:0209,0.0,0.0,0.0,0.0,10.12,2.83,0.0
20050222:0309,0.0,0.0,0.0,0.0,9.92,2.76,0.0
20050222:0409,0.0,0.0,0.0,0.0,9.89,2.76,0.0
20050222:0509,0.0,2.0,0.0,5.34,9.88,2.83,0.0
20050222:0609,109.0,69.0,0.0,16.46,10.16,2.83,0.0
20050222:0709,271.01,100.0,0.0,26.56,10.86,2.55,0.0
20050222:0809,420.01,115.0,0.0,34.96,12.05,2.07,0.0
20050222:0909,462.01,163.0,0.0,40.75,12.89,1.72,0.0
20050222:1009,498.01,176.0,0.0,42.9,13.23,2.0,0.0
20050222:1109,628.01,95.0,0.0,40.93,13.15,2.48,0.0
20050222:1209,464.01,142.0,0.0,35.28,13.06,2.62,0.0
20050222:1309,326.01,141.0,0.0,26.96,12.96,2.21,0.0
20050222:1409,147.0,130.0,0.0,16.92,12.74,1.86,0.0
20050222:1509,63.0,54.0,0.0,5.84,12.91,1.66,0.0
20050222:1609,0.0,0.0,0.0,0.0,12.94,1.03,0.0
20050222:1709,0.0,0.0,0.0,0.0,11.84,0.55,0.0
20050222:1809,0.0,0.0,0.0,0.0,11.56,0.55,0.0
20050222:1909,0.0,0.0,0.0,0.0,11.65,0.69,0.0
20050222:2009,0.0,0.0,0.0,0.0,11.38,1.03,0.0
20050222:2109,0.0,0.0,0.0,0.0,11.27,1.31,0.0
20050222:2209,0.0,0.0,0.0,0.0,11.11,1.79,0.0
20050222:2309,0.0,0.0,0.0,0.0,11.1,1.93,0.0
20050223:0009,0.0,0.0,0.0,0.0,11.0,2.07,0.0
20050223:0109,0.0,0.0,0.0,0.0,11.12,1.93,0.0
20050223:0209,0.0,0.0,0.0,0.0,11.02,1.72,0.0
20050223:0309,0.0,0.0,0.0,0.0,10.84,1.72,0.0
20050223:0409,0.0,0.0,0.0,0.0,10.73,1.59,0.0
20050223:0509,0.0,1.0,0.0,5.59,10.75,1.59,0.0
20050223:0609,0.0,20.0,0.0,16.73,10.72,1.59,0.0
20050223:0709,13.0,169.0,0.0,26.86,11.21,1.31,0.0
20050223:0809,28.0,249.0,0.0,35.3,12.22,1.45,0.0
20050223:0909,0.0,118.0,0.0,41.11,12.28,1.86,0.0
20050223:1009,0.0,142.0,0.0,43.27,13.35,2.14,0.0
20050223:1109,0.0,191.0,0.0,41.27,13.41,2.9,0.0
20050223:1209,7.0,245.0,0.0,35.59,13.65,3.45,0.0
20050223:1309,0.0,44.0,0.0,27.23,13.59,3.31,0.0
20050223:1409,0.0,28.0,0.0,17.16,13.62,2.83,0.0
20050223:1509,0.0,11.0,0.0,6.05,13.58,2.07,0.0
20050223:1609,0.0,0.0,0.0,0.0,13.47,1.31,0.0
20050223:1709,0.0,0.0,0.0,0.0,13.23,1.03,0.0
20050223:1809,0.0,0.0,0.0,0.0,12.89,0.97,0.0
20050223:1909,0.0,0.0,0.0,0.0,12.66,0.76,0.0
20050223:2009,0.0,0.0,0.0,0.0,12.21,0.69,0.0
20050223:2109,0.0,0.0,0.0,0.0,12.19,0.48,0.0
20050223:2209,0.0,0.0,0.0,0.0,11.56,0.62,0.0
20050223:2309,0.0,0.0,0.0,0.0,11.27,1.38,0.0
20050224:0009,0.0,0.0,0.0,0.0,11.15,1.86,0.0
20050224:0109,0.0,0.0,0.0,0.0,11.03,2.34,0.0
20050224:0209,0.0,0.0,0.0,0.0,10.76,2.41,0.0
20050224:0309,0.0,0.0,0.0,0.0,10.39,2.55,0.0
20050224:0409,0.0,0.0,0.0,0.0,10.4,2.62,0.0
20050224:0509,0.0,3.0,0.0,5.85,10.72,2.83,0.0
20050224:0609,105.0,77.0,0.0,17.01,11.24,2.9,0.0
20050224:0709,267.01,107.0,0.0,27.16,12.07,2.34,0.0
20050224:0809,462.01,98.0,0.0,35.63,13.56,1.59,0.0
20050224:0909,568.01,107.0,0.0,41.47,14.0,0.76,0.0
20050224:1009,554.01,146.0,0.0,43.64,14.43,1.17,0.0
20050224:1109,265.0,298.0,0.0,41.62,14.44,2.55,0.0
20050224:1209,84.0,307.0,0.0,35.89,14.57,3.1,0.0
20050224:1309,90.0,245.0,0.0,27.5,14.61,3.38,0.0
20050224:1409,54.0,163.0,0.0,17.39,14.34,3.31,0.0
20050224:1509,12.0,67.0,0.0,6.26,14.28,2.48,0.0
20050224:1609,0.0,0.0,0.0,0.0,14.55,1.72,0.0
20050224:1709,0.0,0.0,0.0,0.0,13.82,0.97,0.0
20050224:1809,0.0,0.0,0.0,0.0,12.94,0.21,0.0
20050224:1909,0.0,0.0,0.0,0.0,12.62,0.97,0.0
20050224:2009,0.0,0.0,0.0,0.0,11.98,1.52,0.0
20050224:2109,0.0,0.0,0.0,0.0,11.48,1.93,0.0
20050224:2209,0.0,0.0,0.0,0.0,11.42,1.45,0.0
20050224:2309,0.0,0.0,0.0,0.0,11.15,1.66,0.0
20050225:0009,0.0,0.0,0.0,0.0,11.07,2.0,0.0
20050225:0109,0.0,0.0,0.0,0.0,11.12,2.14,0.0
20050225:0209,0.0,0.0,0.0,0.0,10.87,2.28,0.0
20050225:0309,0.0,0.0,0.0,0.0,10.77,2.55,0.0
20050225:0409,0.0,0.0,0.0,0.0,10.4,2.76,0.0
20050225:0509,0.0,8.0,0.0,6.11,10.26,2.83,0.0
20050225:0609,128.0,69.0,0.0,17.29,10.76,2.83,0.0
20050225:0709,309.01,90.0,0.0,27.46,11.68,2.48,0.0
20050225:0809,442.01,113.0,0.0,35.97,13.65,1.93,0.0
20050225:0909,587.01,102.0,0.0,41.84,14.04,1.45,0.0
20050225:1009,485.01,195.0,0.0,44.01,14.84,1.52,0.0
20050225:1109,534.01,158.0,0.0,41.97,14.61,2.76,0.0
20050225:1209,534.01,112.0,0.0,36.2,14.57,3.79,0.0
20050225:1309,333.01,146.0,0.0,27.76,14.63,3.86,0.0
20050225:1409,208.01,107.0,0.0,17.62,14.34,3.38,0.0
20050225:1509,54.0,64.0,0.0,6.47,14.34,2.55,0.0
20050225:1609,0.0,0.0,0.0,0.0,14.28,2.0,0.0
20050225:1709,0.0,0.0,0.0,0.0,13.59,0.97,0.0
20050225:1809,0.0,0.0,0.0,0.0,12.77,0.48,0.0
20050225:1909,0.0,0.0,0.0,0.0,12.66,0.97,0.0
20050225:2009,0.0,0.0,0.0,0.0,12.2,1.31,0.0
20050225:2109,0.0,0.0,0.0,0.0,12.13,1.38,0.0
20050225:2209,0.0,0.0,0.0,0.0,11.55,1.66,0.0
20050225:2309,0.0,0.0,0.0,0.0,11.52,1.24,0.0
20050226:0009,0.0,0.0,0.0,0.0,11.55,1.17,0.0
20050226:0109,0.0,0.0,0.0,0.0,11.53,0.76,0.0
20050226:0209,0.0,0.0,0.0,0.0,11.44,0.9,0.0
20050226:0309,0.0,0.0,0.0,0.0,11.27,0.69,0.0
20050226:0409,0.0,0.0,0.0,0.0,11.16,0.76,0.0
20050226:0509,0.0,2.0,0.0,6.37,11.12,0.97,0.0
20050226:0609,2.0,79.0,0.0,17.57,11.46,0.9,0.0
20050226:0709,159.0,170.0,0.0,27.77,11.92,1.45,0.0
20050226:0809,97.0,272.0,0.0,36.31,13.13,1.93,0.0
20050226:0909,362.01,232.0,0.0,42.21,13.07,2.34,0.0
20050226:1009,43.0,336.0,0.0,44.38,12.94,2.55,0.0
20050226:1109,26.0,314.0,0.0,42.32,12.99,2.83,0.0
20050226:1209,20.0,277.0,0.0,36.51,13.12,3.45,0.0
20050226:1309,0.0,154.0,0.0,28.03,13.21,3.31,0.0
20050226:1409,2.0,121.0,0.0,17.85,12.94,2.83,0.0
20050226:1509,0.0,37.0,0.0,6.67,12.94,2.48,0.0
20050226:1609,0.0,0.0,0.0,0.0,13.17,2.28,0.0
20050226:1709,0.0,0.0,0.0,0.0,12.41,1.17,0.0
20050226:1809,0.0,0.0,0.0,0.0,12.82,1.03,0.0
20050226:1909,0.0,0.0,0.0,0.0,12.33,1.17,0.0
20050226:2009,0.0,0.0,0.0,0.0,12.36,0.69,0.0
20050226:2109,0.0,0.0,0.0,0.0,12.35,0.14,0.0
20050226:2209,0.0,0.0,0.0,0.0,11.81,1.66,0.0
20050226:2309,0.0,0.0,0.0,0.0,11.84,2.21,0.0
20050227:0009,0.0,0.0,0.0,0.0,12.14,2.48,0.0
20050227:0109,0.0,0.0,0.0,0.0,12.09,2.69,0.0
20050227:0209,0.0,0.0,0.0,0.0,12.14,3.17,0.0
20050227:0309,0.0,0.0,0.0,0.0,12.04,3.79,0.0
20050227:0409,0.0,0.0,0.0,0.0,12.07,3.38,0.0
20050227:0509,1.0,12.0,0.0,6.63,12.12,3.66,0.0
20050227:0609,21.0,105.0,0.0,17.85,12.36,3.45,0.0
20050227:0709,252.0,125.0,0.0,28.09,12.41,3.66,0.0
20050227:0809,45.0,268.0,0.0,36.66,13.27,4.14,0.0
20050227:0909,284.01,273.0,0.0,42.58,13.35,4.55,0.0
20050227:1009,179.0,343.0,0.0,44.76,14.34,5.24,0.0
20050227:1109,0.0,223.0,0.0,42.67,14.38,5.93,0.0
20050227:1209,23.0,282.0,0.0,36.81,14.57,6.34,0.0
20050227:1309,327.01,152.0,0.0,28.29,14.95,7.03,0.0
20050227:1409,66.0,167.0,0.0,18.08,14.35,7.79,0.0
20050227:1509,0.0,12.0,0.0,6.88,14.21,7.86,0.0
20050227:1609,0.0,0.0,0.0,0.0,14.68,7.17,0.0
20050227:1709,0.0,0.0,0.0,0.0,14.65,6.48,0.0
20050227:1809,0.0,0.0,0.0,0.0,14.69,6.14,0.0
20050227:1909,0.0,0.0,0.0,0.0,14.61,5.38,0.0
20050227:2009,0.0,0.0,0.0,0.0,14.37,4.83,0.0
20050227:2109,0.0,0.0,0.0,0.0,13.87,4.28,0.0
20050227:2209,0.0,0.0,0.0,0.0,13.64,2.83,0.0
20050227:2309,0.0,0.0,0.0,0.0,13.11,2.55,0.0
20050228:0009,0.0,0.0,0.0,0.0,12.66,2.07,0.0
20050228:0109,0.0,0.0,0.0,0.0,12.51,2.07,0.0
20050228:0209,0.0,0.0,0.0,0.0,12.11,2.21,0.0
20050228:0309,0.0,0.0,0.0,0.0,12.1,2.48,0.0
20050228:0409,0.0,0.0,0.0,0.0,12.1,2.41,0.0
20050228:0509,1.0,11.0,0.0,6.9,11.99,2.28,0.0
20050228:0609,23.0,107.0,0.0,18.14,12.01,1.45,0.0
20050228:0709,210.0,150.0,0.0,28.4,12.46,0.41,0.0
20050228:0809,334.01,182.0,0.0,37.0,13.19,2.41,0.0
20050228:0909,320.01,258.0,0.0,42.95,13.37,3.52,0.0
20050228:1009,357.01,271.0,0.0,45.14,15.06,6.41,0.0
20050228:1109,15.0,298.0,0.0,43.02,15.28,6.69,0.0
20050228:1209,344.01,226.0,0.0,37.12,15.09,6.76,0.0
20050228:1309,311.01,163.0,0.0,28.55,14.84,7.03,0.0
20050228:1409,0.0,59.0,0.0,18.31,14.68,7.03,0.0
20050228:1509,0.0,32.0,0.0,7.09,14.91,6.48,0.0
20050228:1609,0.0,0.0,0.0,0.0,14.64,5.45,0.0
20050228:1709,0.0,0.0,0.0,0.0,14.18,4.62,0.0
20050228:1809,0.0,0.0,0.0,0.0,14.02,4.34,0.0
20050228:1909,0.0,0.0,0.0,0.0,13.88,4.28,0.0
20050228:2009,0.0,0.0,0.0,0.0,13.62,4.28,0.0
20050228:2109,0.0,0.0,0.0,0.0,13.64,3.86,0.0
20050228:2209,0.0,0.0,0.0,0.0,13.83,3.52,0.0
20050228:2309,0.0,0.0,0.0,0.0,13.45,3.66,0.0
20050301:0009,0.0,0.0,0.0,0.0,13.59,2.55,0.0
20050301:0109,0.0,0.0,0.0,0.0,13.58,1.79,0.0
20050301:0209,0.0,0.0,0.0,0.0,13.57,1.03,0.0
20050301:0309,0.0,0.0,0.0,0.0,13.52,0.97,0.0
20050301:0409,0.0,0.0,0.0,0.0,13.42,1.31,0.0
20050301:0509,1.0,13.0,0.0,7.17,13.37,1.72,0.0
20050301:0609,48.0,109.0,0.0,18.43,13.96,1.52,0.0
20050301:0709,32.0,195.0,0.0,28.72,14.61,2.07,0.0
20050301:0809,218.0,242.0,0.0,37.35,15.31,3.52,0.0
20050301:0909,138.0,327.0,0.0,43.33,15.29,4.69,0.0
20050301:1009,29.0,325.0,0.0,45.52,15.52,4.97,0.0
20050301:1109,0.0,211.0,0.0,43.37,15.61,5.38,0.0
20050301:1209,0.0,128.0,0.0,37.43,15.53,5.79,0.0
20050301:1309,4.0,190.0,0.0,28.82,15.6,5.72,0.0
20050301:1409,16.0,157.0,0.0,18.54,15.31,5.17,0.0
20050301:1509,51.0,72.0,0.0,7.29,15.33,4.14,0.0
20050301:1609,0.0,0.0,0.0,0.0,15.01,3.45,0.0
20050301:1709,0.0,0.0,0.0,0.0,14.69,2.97,0.0
20050301:1809,0.0,0.0,0.0,0.0,14.42,2.41,0.0
20050301:1909,0.0,0.0,0.0,0.0,14.46,1.1,0.0
20050301:2009,0.0,0.0,0.0,0.0,14.6,1.59,0.0
20050301:2109,0.0,0.0,0.0,0.0,14.58,1.24,0.0
20050301:2209,0.0,0.0,0.0,0.0,14.08,1.79,0.0
20050301:2309,0.0,0.0,0.0,0.0,14.19,1.59,0.0
20050302:0009,0.0,0.0,0.0,0.0,14.41,1.59,0.0
20050302:0109,0.0,0.0,0.0,0.0,14.34,1.52,0.0
20050302:0209,0.0,0.0,0.0,0.0,14.43,2.07,0.0
20050302:0309,0.0,0.0,0.0,0.0,14.49,2.0,0.0
20050302:0409,0.0,0.0,0.0,0.0,14.82,1.45,0.0
20050302:0509,1.0,17.0,0.0,7.45,15.55,0.62,0.0
20050302:0609,5.0,95.0,0.0,18.73,16.07,0.69,0.0
20050302:0709,6.0,165.0,0.0,29.04,16.37,1.79,0.0
20050302:0809,37.0,267.0,0.0,37.71,17.05,4.41,0.0
20050302:0909,139.0,329.0,0.0,43.71,16.5,5.93,0.0
20050302:1009,215.0,336.0,0.0,45.9,16.6,6.9,0.0
20050302:1109,42.0,335.0,0.0,43.72,16.52,7.1,0.0
20050302:1209,3.0,234.0,0.0,37.73,16.44,6.69,0.0
20050302:1309,53.0,252.0,0.0,29.08,16.35,5.45,0.0
20050302:1409,0.0,105.0,0.0,18.77,16.28,4.62,0.0
20050302:1509,0.0,15.0,0.0,7.49,16.35,4.83,0.0
20050302:1609,0.0,0.0,0.0,0.0,16.31,3.86,0.0
20050302:1709,0.0,0.0,0.0,0.0,15.85,3.03,0.0
20050302:1809,0.0,0.0,0.0,0.0,15.54,2.41,0.0
20050302:1909,0.0,0.0,0.0,0.0,15.86,2.76,0.0
20050302:2009,0.0,0.0,0.0,0.0,15.02,2.76,0.0
20050302:2109,0.0,0.0,0.0,0.0,14.76,2.55,0.0
20050302:2209,0.0,0.0,0.0,0.0,14.92,2.21,0.0
20050302:2309,0.0,0.0,0.0,0.0,14.84,2.48,0.0
20050303:0009,0.0,0.0,0.0,0.0,14.63,3.79,0.0
20050303:0109,0.0,0.0,0.0,0.0,14.73,3.79,0.0
20050303:0209,0.0,0.0,0.0,0.0,14.36,3.72,0.0
20050303:0309,0.0,0.0,0.0,0.0,14.56,3.1,0.0
20050303:0409,0.0,0.0,0.0,0.0,14.08,1.79,0.0
20050303:0509,3.0,20.0,0.0,7.73,13.87,1.66,0.0
20050303:0609,52.0,114.0,0.0,19.02,14.16,2.34,0.0
20050303:0709,45.0,206.0,0.0,29.36,13.7,2.55,0.0
20050303:0809,123.0,282.0,0.0,38.06,13.81,2.83,0.0
20050303:0909,459.01,194.0,0.0,44.09,13.85,2.9,0.0
20050303:1009,463.01,225.0,0.0,46.28,14.43,2.76,0.0
20050303:1109,301.01,302.0,0.0,44.08,14.19,2.76,0.0
20050303:1209,456.01,174.0,0.0,38.04,14.02,2.34,0.0
20050303:1309,259.0,201.0,0.0,29.34,14.37,3.52,0.0
20050303:1409,155.0,148.0,0.0,18.99,13.81,5.45,0.0
20050303:1509,3.0,65.0,0.0,7.7,13.73,5.17,0.0
20050303:1609,0.0,0.0,0.0,0.0,13.29,4.28,0.0
20050303:1709,0.0,0.0,0.0,0.0,13.09,3.45,0.0
20050303:1809,0.0,0.0,0.0,0.0,13.33,3.24,0.0
20050303:1909,0.0,0.0,0.0,0.0,13.27,4.34,0.0
20050303:2009,0.0,0.0,0.0,0.0,12.69,5.79,0.0
20050303:2109,0.0,0.0,0.0,0.0,12.43,6.69,0.0
20050303:2209,0.0,0.0,0.0,0.0,12.02,7.38,0.0
20050303:2309,0.0,0.0,0.0,0.0,11.85,7.17,0.0
20050304:0009,0.0,0.0,0.0,0.0,11.5,6.97,0.0
20050304:0109,0.0,0.0,0.0,0.0,11.3,7.03,0.0
20050304:0209,0.0,0.0,0.0,0.0,10.73,7.38,0.0
20050304:0309,0.0,0.0,0.0,0.0,10.42,7.38,0.0
20050304:0409,0.0,0.0,0.0,0.0,10.22,7.03,0.0
20050304:0509,19.0,22.0,0.0,8.01,9.98,6.9,0.0
20050304:0609,160.0,78.0,0.0,19.32,10.44,6.9,0.0
20050304:0709,351.01,98.0,0.0,29.69,11.3,6.97,0.0
20050304:0809,531.01,99.0,0.0,38.42,12.97,6.62,0.0
20050304:0909,646.01,104.0,0.0,44.47,14.09,5.86,0.0
20050304:1009,684.01,115.0,0.0,46.67,15.67,5.31,0.0
20050304:1109,696.01,101.0,0.0,44.43,16.23,3.72,0.0
20050304:1209,609.01,104.0,0.0,38.35,16.57,2.0,0.0
20050304:1309,458.01,106.0,0.0,29.6,16.43,0.83,0.0
20050304:1409,285.01,91.0,0.0,19.22,16.15,1.52,0.0
20050304:1509,87.0,68.0,0.0,7.9,15.69,2.55,0.0
20050304:1609,0.0,0.0,0.0,0.0,15.79,2.69,0.0
20050304:1709,0.0,0.0,0.0,0.0,15.28,2.48,0.0
20050304:1809,0.0,0.0,0.0,0.0,14.6,2.21,0.0
20050304:1909,0.0,0.0,0.0,0.0,13.62,1.93,0.0
20050304:2009,0.0,0.0,0.0,0.0,13.25,1.72,0.0
20050304:2109,0.0,0.0,0.0,0.0,13.19,1.52,0.0
20050304:2209,0.0,0.0,0.0,0.0,12.67,0.83,0.0
20050304:2309,0.0,0.0,0.0,0.0,12.47,0.48,0.0
20050305:0009,0.0,0.0,0.0,0.0,12.28,0.62,0.0
20050305:0109,0.0,0.0,0.0,0.0,12.03,0.69,0.0
20050305:0209,0.0,0.0,0.0,0.0,11.65,0.83,0.0
20050305:0309,0.0,0.0,0.0,0.0,11.41,1.52,0.0
20050305:0409,0.0,0.0,0.0,0.0,11.0,1.59,0.0
20050305:0509,0.0,17.0,0.0,8.29,11.1,1.79,0.0
20050305:0609,44.0,121.0,0.0,19.62,11.48,1.72,0.0
20050305:0709,214.0,167.0,0.0,30.02,12.27,1.86,0.0
20050305:0809,0.0,129.0,0.0,38.78,13.17,2.34,0.0
20050305:0909,0.0,140.0,0.0,44.85,13.31,2.83,0.0
20050305:1009,0.0,115.0,0.0,47.05,13.4,3.03,0.0
20050305:1109,25.0,327.0,0.0,44.78,13.37,4.07,0.0
20050305:1209,0.0,179.0,0.0,38.65,13.12,4.41,0.0
20050305:1309,66.0,264.0,0.0,29.86,13.25,4.34,0.0
20050305:1409,9.0,155.0,0.0,19.44,13.17,4.28,0.0
20050305:1509,0.0,46.0,0.0,8.1,13.26,4.14,0.0
20050305:1609,0.0,0.0,0.0,0.0,13.28,3.86,0.0
20050305:1709,0.0,0.0,0.0,0.0,13.0,3.79,0.0
20050305:1809,0.0,0.0,0.0,0.0,13.22,3.66,0.0
20050305:1909,0.0,0.0,0.0,0.0,13.26,4.21,0.0
20050305:2009,0.0,0.0,0.0,0.0,13.18,4.76,0.0
20050305:2109,0.0,0.0,0.0,0.0,13.14,4.55,0.0
20050305:2209,0.0,0.0,0.0,0.0,12.92,4.55,0.0
20050305:2309,0.0,0.0,0.0,0.0,12.86,5.38,0.0
20050306:0009,0.0,0.0,0.0,0.0,12.96,5.86,0.0
20050306:0109,0.0,0.0,0.0,0.0,12.81,5.86,0.0
20050306:0209,0.0,0.0,0.0,0.0,12.53,5.59,0.0
20050306:0309,0.0,0.0,0.0,0.0,12.19,5.1,0.0
20050306:0409,0.0,0.0,0.0,0.0,12.09,5.17,0.0
20050306:0509,0.0,4.0,0.0,8.58,12.04,5.72,0.0
20050306:0609,0.0,24.0,0.0,19.93,12.56,6.14,0.0
20050306:0709,0.0,52.0,0.0,30.35,12.17,6.69,0.0
20050306:0809,0.0,64.0,0.0,39.14,12.5,6.97,0.0
20050306:0909,0.0,69.0,0.0,45.24,12.41,7.03,0.0
20050306:1009,0.0,113.0,0.0,47.44,13.24,7.24,0.0
20050306:1109,0.0,102.0,0.0,45.14,13.26,6.9,0.0
20050306:1209,0.0,59.0,0.0,38.95,13.23,6.62,0.0
20050306:1309,0.0,101.0,0.0,30.11,13.66,6.28,0.0
20050306:1409,0.0,31.0,0.0,19.66,13.6,6.0,0.0
20050306:1509,0.0,14.0,0.0,8.3,13.77,5.45,0.0
20050306:1609,0.0,0.0,0.0,0.0,13.81,4.62,0.0
20050306:1709,0.0,0.0,0.0,0.0,13.71,3.66,0.0
20050306:1809,0.0,0.0,0.0,0.0,13.54,3.1,0.0
20050306:1909,0.0,0.0,0.0,0.0,13.31,2.55,0.0
20050306:2009,0.0,0.0,0.0,0.0,13.11,1.93,0.0
20050306:2109,0.0,0.0,0.0,0.0,12.99,1.72,0.0
20050306:2209,0.0,0.0,0.0,0.0,12.64,0.0,0.0
20050306:2309,0.0,0.0,0.0,0.0,12.53,0.0,0.0
20050307:0009,0.0,0.0,0.0,0.0,12.57,2.34,0.0
20050307:0109,0.0,0.0,0.0,0.0,12.38,2.28,0.0
20050307:0209,0.0,0.0,0.0,0.0,12.28,1.93,0.0
20050307:0309,0.0,0.0,0.0,0.0,12.46,2.0,0.0
20050307:0409,0.0,0.0,0.0,0.0,12.39,2.14,0.0
20050307:0509,0.0,4.0,0.0,8.86,12.47,2.34,0.0
20050307:0609,0.0,21.0,0.0,20.23,12.57,2.34,0.0
20050307:0709,0.0,69.0,0.0,30.68,12.89,2.07,0.0
20050307:0809,0.0,73.0,0.0,39.5,13.89,2.55,0.0
20050307:0909,0.0,109.0,0.0,45.63,14.09,3.03,0.0
20050307:1009,0.0,79.0,0.0,47.83,14.28,4.21,0.0
20050307:1109,0.0,67.0,0.0,45.49,14.38,5.1,0.0
20050307:1209,0.0,64.0,0.0,39.26,14.54,4.83,0.0
20050307:1309,0.0,76.0,0.0,30.37,14.77,4.69,0.0
20050307:1409,0.0,54.0,0.0,19.88,14.18,4.83,0.0
20050307:1509,0.0,29.0,0.0,8.5,14.34,5.1,0.0
20050307:1609,0.0,0.0,0.0,0.0,14.33,4.48,0.0
20050307:1709,0.0,0.0,0.0,0.0,14.12,3.72,0.0
20050307:1809,0.0,0.0,0.0,0.0,13.94,3.66,0.0
20050307:1909,0.0,0.0,0.0,0.0,13.73,3.79,0.0
20050307:2009,0.0,0.0,0.0,0.0,13.16,4.28,0.0
20050307:2109,0.0,0.0,0.0,0.0,12.47,4.14,0.0
20050307:2209,0.0,0.0,0.0,0.0,12.45,2.69,0.0
20050307:2309,0.0,0.0,0.0,0.0,12.14,2.28,0.0
20050308:0009,0.0,0.0,0.0,0.0,11.53,2.41,0.0
20050308:0109,0.0,0.0,0.0,0.0,11.48,2.34,0.0
20050308:0209,0.0,0.0,0.0,0.0,11.48,2.41,0.0
20050308:0309,0.0,0.0,0.0,0.0,11.3,2.28,0.0
20050308:0409,0.0,0.0,0.0,0.0,10.98,2.28,0.0
20050308:0509,0.0,5.0,0.0,9.15,11.49,2.28,0.0
20050308:0609,3.0,100.0,0.0,20.54,11.37,2.62,0.0
20050308:0709,7.0,180.0,0.0,31.01,11.92,3.1,0.0
20050308:0809,48.0,290.0,0.0,39.86,12.39,3.66,0.0
20050308:0909,25.0,317.0,0.0,46.02,12.57,4.48,0.0
20050308:1009,116.0,377.0,0.0,48.22,12.97,6.55,0.0
20050308:1109,1.0,239.0,0.0,45.85,13.42,6.9,0.0
20050308:1209,0.0,60.0,0.0,39.56,13.8,7.24,0.0
20050308:1309,4.0,207.0,0.0,30.62,14.09,6.76,0.0
20050308:1409,0.0,57.0,0.0,20.1,14.48,4.9,0.0
20050308:1509,12.0,85.0,0.0,8.69,14.76,2.55,0.0
20050308:1609,0.0,0.0,0.0,0.0,14.49,0.69,0.0
20050308:1709,0.0,0.0,0.0,0.0,13.16,1.03,0.0
20050308:1809,0.0,0.0,0.0,0.0,12.45,1.45,0.0
20050308:1909,0.0,0.0,0.0,0.0,12.31,1.86,0.0
20050308:2009,0.0,0.0,0.0,0.0,11.89,2.34,0.0
20050308:2109,0.0,0.0,0.0,0.0,11.78,2.62,0.0
20050308:2209,0.0,0.0,0.0,0.0,10.79,0.62,0.0
20050308:2309,0.0,0.0,0.0,0.0,9.83,0.62,0.0
20050309:0009,0.0,0.0,0.0,0.0,9.32,0.9,0.0
20050309:0109,0.0,0.0,0.0,0.0,9.36,2.14,0.0
20050309:0209,0.0,0.0,0.0,0.0,9.17,2.83,0.0
20050309:0309,0.0,0.0,0.0,0.0,8.86,3.1,0.0
20050309:0409,0.0,0.0,0.0,0.0,8.68,2.55,0.0
20050309:0509,15.0,35.0,0.0,9.44,8.67,2.21,0.0
20050309:0609,117.0,112.0,0.0,20.85,9.3,1.45,0.0
20050309:0709,349.01,110.0,0.0,31.35,9.97,1.59,0.0
20050309:0809,489.01,130.0,0.0,40.23,11.2,2.21,0.0
20050309:0909,595.01,139.0,0.0,46.41,11.24,2.55,0.0
20050309:1009,200.0,370.0,0.0,48.61,11.68,2.9,0.0
20050309:1109,422.01,265.0,0.0,46.2,11.66,3.1,0.0
20050309:1209,501.01,171.0,0.0,39.86,12.1,3.38,0.0
20050309:1309,396.01,146.0,0.0,30.88,12.67,3.86,0.0
20050309:1409,232.0,126.0,0.0,20.32,12.63,3.03,0.0
20050309:1509,47.0,91.0,0.0,8.89,12.54,0.97,0.0
20050309:1609,0.0,0.0,0.0,0.0,12.24,1.24,0.0
20050309:1709,0.0,0.0,0.0,0.0,10.9,3.31,0.0
20050309:1809,0.0,0.0,0.0,0.0,9.39,4.07,0.0
20050309:1909,0.0,0.0,0.0,0.0,9.47,4.41,0.0
20050309:2009,0.0,0.0,0.0,0.0,9.35,3.72,0.0
20050309:2109,0.0,0.0,0.0,0.0,9.32,2.9,0.0
20050309:2209,0.0,0.0,0.0,0.0,8.86,1.72,0.0
20050309:2309,0.0,0.0,0.0,0.0,8.45,1.03,0.0
20050310:0009,0.0,0.0,0.0,0.0,8.35,0.41,0.0
20050310:0109,0.0,0.0,0.0,0.0,8.57,2.14,0.0
20050310:0209,0.0,0.0,0.0,0.0,8.46,2.62,0.0
20050310:0309,0.0,0.0,0.0,0.0,8.36,2.69,0.0
20050310:0409,0.0,0.0,0.0,0.0,8.0,2.41,0.0
20050310:0509,29.0,34.0,0.0,9.74,7.99,2.69,0.0
20050310:0609,186.0,83.0,0.0,21.16,8.89,2.28,0.0
20050310:0709,380.01,101.0,0.0,31.68,9.61,1.45,0.0
20050310:0809,507.01,129.0,0.0,40.6,10.63,1.45,0.0
20050310:0909,530.01,189.0,0.0,46.81,10.81,1.38,0.0
20050310:1009,65.0,381.0,0.0,49.0,11.5,2.41,0.0
20050310:1109,214.0,367.0,0.0,46.55,11.65,3.79,0.0
20050310:1209,576.01,135.0,0.0,40.16,11.8,4.62,0.0
20050310:1309,156.0,269.0,0.0,31.13,11.61,4.07,0.0
20050310:1409,116.0,185.0,0.0,20.54,11.1,2.83,0.0
20050310:1509,0.0,20.0,0.0,9.08,10.39,0.83,0.0
20050310:1609,0.0,0.0,0.0,0.0,9.65,1.17,0.0
20050310:1709,0.0,0.0,0.0,0.0,9.3,2.07,0.0
20050310:1809,0.0,0.0,0.0,0.0,9.86,2.83,0.0
20050310:1909,0.0,0.0,0.0,0.0,10.33,3.52,0.0
20050310:2009,0.0,0.0,0.0,0.0,10.16,4.21,0.0
20050310:2109,0.0,0.0,0.0,0.0,9.69,4.69,0.0
20050310:2209,0.0,0.0,0.0,0.0,8.84,3.86,0.0
20050310:2309,0.0,0.0,0.0,0.0,8.47,3.17,0.0
20050311:0009,0.0,0.0,0.0,0.0,8.28,2.55,0.0
20050311:0109,0.0,0.0,0.0,0.0,8.04,2.21,0.0
20050311:0209,0.0,0.0,0.0,0.0,7.64,1.66,0.0
20050311:0309,0.0,0.0,0.0,0.0,7.43,1.17,0.0
20050311:0409,0.0,0.0,0.0,0.0,7.27,0.62,0.0
20050311:0509,7.0,38.0,0.0,10.03,7.6,0.28,0.0
20050311:0609,3.0,109.0,0.0,21.47,8.36,1.03,0.0
20050311:0709,0.0,103.0,0.0,32.02,9.05,2.48,0.0
20050311:0809,0.0,107.0,0.0,40.97,10.1,3.86,0.0
20050311:0909,0.0,210.0,0.0,47.2,10.47,4.62,0.0
20050311:1009,17.0,335.0,0.0,49.39,10.67,2.83,0.0
20050311:1109,6.0,294.0,0.0,46.91,10.71,3.79,0.0
20050311:1209,25.0,315.0,0.0,40.46,10.63,4.28,0.0
20050311:1309,10.0,233.0,0.0,31.38,11.06,4.07,0.0
20050311:1409,137.0,179.0,0.0,20.75,11.05,3.66,0.0
20050311:1509,10.0,89.0,0.0,9.28,10.89,0.55,0.0
20050311:1609,0.0,0.0,0.0,0.0,10.68,3.31,0.0
20050311:1709,0.0,0.0,0.0,0.0,9.45,5.17,0.0
20050311:1809,0.0,0.0,0.0,0.0,8.2,4.83,0.0
20050311:1909,0.0,0.0,0.0,0.0,8.13,3.86,0.0
20050311:2009,0.0,0.0,0.0,0.0,8.1,4.07,0.0
20050311:2109,0.0,0.0,0.0,0.0,8.12,5.17,0.0
20050311:2209,0.0,0.0,0.0,0.0,7.76,5.52,0.0
20050311:2309,0.0,0.0,0.0,0.0,7.38,5.93,0.0
20050312:0009,0.0,0.0,0.0,0.0,7.06,6.0,0.0
20050312:0109,0.0,0.0,0.0,0.0,6.76,6.0,0.0
20050312:0209,0.0,0.0,0.0,0.0,6.43,5.86,0.0
20050312:0309,0.0,0.0,0.0,0.0,6.25,5.79,0.0
20050312:0409,0.0,0.0,0.0,0.0,6.02,5.72,0.0
20050312:0509,43.0,35.0,0.0,10.33,6.26,5.45,0.0
20050312:0609,206.0,81.0,0.0,21.78,6.95,5.24,0.0
20050312:0709,0.0,0.0,0.0,0.0,7.65,4.83,0.0
20050312:0809,582.01,100.0,0.0,41.34,9.22,3.59,0.0
20050312:0909,697.01,104.0,0.0,47.59,9.86,2.07,0.0
20050312:1009,752.01,105.0,0.0,49.78,10.98,0.76,0.0
20050312:1109,727.01,110.0,0.0,47.26,11.2,2.55,0.0
20050312:1209,644.01,108.0,0.0,40.76,11.44,4.0,0.0
20050312:1309,503.01,103.0,0.0,31.63,11.56,4.9,0.0
20050312:1409,327.01,89.0,0.0,20.97,11.65,4.76,0.0
20050312:1509,131.0,65.0,0.0,9.47,11.72,3.79,0.0
20050312:1609,0.0,0.0,0.0,0.0,11.99,2.69,0.0
20050312:1709,0.0,0.0,0.0,0.0,11.01,1.31,0.0
20050312:1809,0.0,0.0,0.0,0.0,10.34,0.76,0.0
20050312:1909,0.0,0.0,0.0,0.0,9.73,0.69,0.0
20050312:2009,0.0,0.0,0.0,0.0,9.24,0.62,0.0
20050312:2109,0.0,0.0,0.0,0.0,9.12,0.83,0.0
20050312:2209,0.0,0.0,0.0,0.0,8.71,1.72,0.0
20050312:2309,0.0,0.0,0.0,0.0,8.37,2.21,0.0
20050313:0009,0.0,0.0,0.0,0.0,7.92,2.14,0.0
20050313:0109,0.0,0.0,0.0,0.0,7.73,2.0,0.0
20050313:0209,0.0,0.0,0.0,0.0,7.51,1.79,0.0
20050313:0309,0.0,0.0,0.0,0.0,7.45,1.38,0.0
20050313:0409,0.0,0.0,0.0,0.0,7.41,1.1,0.0
20050313:0509,4.0,40.0,0.0,10.63,7.99,1.1,0.0
20050313:0609,75.0,141.0,0.0,22.1,8.96,1.31,0.0
20050313:0709,205.0,202.0,0.0,32.7,9.22,1.66,0.0
20050313:0809,283.0,262.0,0.0,41.71,10.85,2.28,0.0
20050313:0909,229.0,348.0,0.0,47.99,11.03,2.83,0.0
20050313:1009,629.01,170.0,0.0,50.18,11.35,3.45,0.0
20050313:1109,640.01,153.0,0.0,47.61,11.73,4.0,0.0
20050313:1209,576.01,141.0,0.0,41.05,12.11,4.41,0.0
20050313:1309,310.0,209.0,0.0,31.87,12.3,4.28,0.0
20050313:1409,229.0,140.0,0.0,21.18,12.37,4.0,0.0
20050313:1509,6.0,86.0,0.0,9.66,12.43,3.45,0.0
20050313:1609,0.0,0.0,0.0,0.0,12.84,2.83,0.0
20050313:1709,0.0,0.0,0.0,0.0,11.73,2.07,0.0
20050313:1809,0.0,0.0,0.0,0.0,10.95,1.17,0.0
20050313:1909,0.0,0.0,0.0,0.0,10.8,0.62,0.0
20050313:2009,0.0,0.0,0.0,0.0,10.38,1.1,0.0
20050313:2109,0.0,0.0,0.0,0.0,10.08,1.93,0.0
20050313:2209,0.0,0.0,0.0,0.0,9.46,2.14,0.0
20050313:2309,0.0,0.0,0.0,0.0,8.98,2.41,0.0
20050314:0009,0.0,0.0,0.0,0.0,8.94,2.69,0.0
20050314:0109,0.0,0.0,0.0,0.0,8.76,2.9,0.0
20050314:0209,0.0,0.0,0.0,0.0,8.64,2.76,0.0
20050314:0309,0.0,0.0,0.0,0.0,8.68,2.62,0.0
20050314:0409,0.0,0.0,0.0,0.0,8.8,2.41,0.0
20050314:0509,40.0,41.0,0.0,10.93,9.32,2.34,0.0
20050314:0609,195.0,90.0,0.0,22.41,9.82,2.0,0.0
20050314:0709,372.01,114.0,0.0,33.04,10.66,1.45,0.0
20050314:0809,546.01,117.0,0.0,42.08,12.3,0.9,0.0
20050314:0909,658.01,122.0,0.0,48.39,12.93,1.1,0.0
20050314:1009,729.01,113.0,0.0,50.57,13.47,1.52,0.0
20050314:1109,658.01,143.0,0.0,47.96,13.6,2.83,0.0
20050314:1209,574.01,142.0,0.0,41.35,13.7,4.0,0.0
20050314:1309,416.01,149.0,0.0,32.12,13.67,4.55,0.0
20050314:1409,291.0,106.0,0.0,21.39,13.75,4.69,0.0
20050314:1509,77.0,91.0,0.0,9.85,14.05,4.14,0.0
20050314:1609,0.0,0.0,0.0,-2.07,14.42,2.62,0.0
20050314:1709,0.0,0.0,0.0,0.0,13.14,0.41,0.0
20050314:1809,0.0,0.0,0.0,0.0,12.42,1.24,0.0
20050314:1909,0.0,0.0,0.0,0.0,12.26,1.66,0.0
20050314:2009,0.0,0.0,0.0,0.0,11.56,1.72,0.0
20050314:2109,0.0,0.0,0.0,0.0,11.43,1.79,0.0
20050314:2209,0.0,0.0,0.0,0.0,10.7,1.38,0.0
20050314:2309,0.0,0.0,0.0,0.0,10.6,1.45,0.0
20050315:0009,0.0,0.0,0.0,0.0,10.85,2.21,0.0
20050315:0109,0.0,0.0,0.0,0.0,11.13,2.48,0.0
20050315:0209,0.0,0.0,0.0,0.0,11.18,2.83,0.0
20050315:0309,0.0,0.0,0.0,0.0,11.47,3.17,0.0
20050315:0409,0.0,0.0,0.0,0.0,11.63,3.52,0.0
20050315:0509,27.0,48.0,0.0,11.23,12.2,3.79,0.0
20050315:0609,192.0,95.0,0.0,22.73,12.95,3.66,0.0
20050315:0709,369.01,120.0,0.0,33.38,13.89,3.1,0.0
20050315:0809,509.01,141.0,0.0,42.45,16.17,2.62,0.0
20050315:0909,613.01,151.0,0.0,48.79,16.88,2.21,0.0
20050315:1009,648.01,163.0,0.0,50.97,17.17,1.86,0.0
20050315:1109,657.01,147.0,0.0,48.31,17.15,1.38,0.0
20050315:1209,561.01,154.0,0.0,41.64,17.03,2.41,0.0
20050315:1309,405.01,159.0,0.0,32.36,16.71,3.93,0.0
20050315:1409,261.0,126.0,0.0,21.6,16.68,4.97,0.0
20050315:1509,110.0,79.0,0.0,10.04,16.74,4.76,0.0
20050315:1609,0.0,0.0,0.0,-1.88,16.13,4.21,0.0
20050315:1709,0.0,0.0,0.0,0.0,15.62,2.55,0.0
20050315:1809,0.0,0.0,0.0,0.0,14.75,1.52,0.0
20050315:1909,0.0,0.0,0.0,0.0,14.3,1.93,0.0
20050315:2009,0.0,0.0,0.0,0.0,13.74,2.34,0.0
20050315:2109,0.0,0.0,0.0,0.0,13.45,2.69,0.0
20050315:2209,0.0,0.0,0.0,0.0,12.99,2.69,0.0
20050315:2309,0.0,0.0,0.0,0.0,12.87,3.24,0.0
20050316:0009,0.0,0.0,0.0,0.0,12.6,3.79,0.0
20050316:0109,0.0,0.0,0.0,0.0,12.44,4.0,0.0
20050316:0209,0.0,0.0,0.0,0.0,12.28,4.28,0.0
20050316:0309,0.0,0.0,0.0,0.0,12.3,4.48,0.0
20050316:0409,0.0,0.0,0.0,0.0,12.24,4.55,0.0
20050316:0509,32.0,49.0,0.0,11.53,12.91,4.62,0.0
20050316:0609,182.0,104.0,0.0,23.05,13.89,4.62,0.0
20050316:0709,341.0,140.0,0.0,33.72,15.11,4.21,0.0
20050316:0809,496.01,154.0,0.0,42.83,17.25,4.07,0.0
20050316:0909,619.01,151.0,0.0,49.19,17.9,4.41,0.0
20050316:1009,678.01,148.0,0.0,51.36,18.64,4.41,0.0
20050316:1109,681.01,138.0,0.0,48.66,18.78,3.52,0.0
20050316:1209,545.01,167.0,0.0,41.93,18.77,2.34,0.0
20050316:1309,484.01,117.0,0.0,32.6,18.72,1.03,0.0
20050316:1409,325.0,95.0,0.0,21.8,18.52,0.76,0.0
20050316:1509,115.0,78.0,0.0,10.22,18.03,1.72,0.0
20050316:1609,0.0,0.0,0.0,-1.71,17.23,1.93,0.0
20050316:1709,0.0,0.0,0.0,0.0,16.96,2.55,0.0
20050316:1809,0.0,0.0,0.0,0.0,16.69,4.21,0.0
20050316:1909,0.0,0.0,0.0,0.0,15.91,5.1,0.0
20050316:2009,0.0,0.0,0.0,0.0,15.1,5.1,0.0
20050316:2109,0.0,0.0,0.0,0.0,15.07,5.38,0.0
20050316:2209,0.0,0.0,0.0,0.0,14.77,5.72,0.0
20050316:2309,0.0,0.0,0.0,0.0,14.66,6.07,0.0
20050317:0009,0.0,0.0,0.0,0.0,14.41,6.41,0.0
20050317:0109,0.0,0.0,0.0,0.0,14.13,6.41,0.0
20050317:0209,0.0,0.0,0.0,0.0,13.63,6.28,0.0
20050317:0309,0.0,0.0,0.0,0.0,13.23,5.86,0.0
20050317:0409,0.0,0.0,0.0,0.0,12.92,5.52,0.0
20050317:0509,50.0,45.0,0.0,11.83,13.11,5.45,0.0
20050317:0609,210.0,93.0,0.0,23.36,13.83,5.31,0.0
20050317:0709,388.01,117.0,0.0,34.06,14.64,5.1,0.0
20050317:0809,562.01,121.0,0.0,43.2,16.5,5.38,0.0
20050317:0909,682.01,122.0,0.0,49.59,17.15,4.97,0.0
20050317:1009,686.01,148.0,0.0,51.75,18.14,4.0,0.0
20050317:1109,670.01,148.0,0.0,49.01,18.4,2.76,0.0
20050317:1209,644.01,115.0,0.0,42.22,18.41,1.45,0.0
20050317:1309,491.01,117.0,0.0,32.84,18.42,0.55,0.0
20050317:1409,331.0,95.0,0.0,22.01,18.35,1.59,0.0
20050317:1509,121.0,78.0,0.0,10.41,17.9,2.69,0.0
20050317:1609,0.0,0.0,0.0,-1.53,17.28,3.24,0.0
20050317:1709,0.0,0.0,0.0,0.0,16.75,3.1,0.0
20050317:1809,0.0,0.0,0.0,0.0,15.71,2.9,0.0
20050317:1909,0.0,0.0,0.0,0.0,15.98,2.97,0.0
20050317:2009,0.0,0.0,0.0,0.0,15.38,3.17,0.0
20050317:2109,0.0,0.0,0.0,0.0,15.02,3.38,0.0
20050317:2209,0.0,0.0,0.0,0.0,14.13,3.03,0.0
20050317:2309,0.0,0.0,0.0,0.0,13.65,3.24,0.0
20050318:0009,0.0,0.0,0.0,0.0,13.27,3.24,0.0
20050318:0109,0.0,0.0,0.0,0.0,13.02,3.24,0.0
20050318:0209,0.0,0.0,0.0,0.0,12.55,3.24,0.0
20050318:0309,0.0,0.0,0.0,0.0,12.42,3.31,0.0
20050318:0409,0.0,0.0,0.0,0.0,12.32,3.24,0.0
20050318:0509,62.0,44.0,0.0,12.13,12.9,3.17,0.0
20050318:0609,214.0,93.0,0.0,23.68,13.71,2.41,0.0
20050318:0709,369.01,129.0,0.0,34.41,15.29,1.31,0.0
20050318:0809,545.01,131.0,0.0,43.57,16.67,0.55,0.0
20050318:0909,613.01,160.0,0.0,49.99,16.89,1.72,0.0
20050318:1009,683.01,149.0,0.0,52.15,17.33,3.24,0.0
20050318:1109,644.01,163.0,0.0,49.36,17.4,4.41,0.0
20050318:1209,607.01,135.0,0.0,42.51,17.39,4.97,0.0
20050318:1309,430.01,151.0,0.0,33.08,17.18,4.69,0.0
20050318:1409,300.0,110.0,0.0,22.21,16.96,3.86,0.0
20050318:1509,123.0,78.0,0.0,10.6,16.77,2.34,0.0
20050318:1609,0.0,0.0,0.0,-1.35,16.05,0.97,0.0
20050318:1709,0.0,0.0,0.0,0.0,15.03,1.52,0.0
20050318:1809,0.0,0.0,0.0,0.0,14.6,2.41,0.0
20050318:1909,0.0,0.0,0.0,0.0,14.44,2.41,0.0
20050318:2009,0.0,0.0,0.0,0.0,14.03,1.86,0.0
20050318:2109,0.0,0.0,0.0,0.0,13.64,1.66,0.0
20050318:2209,0.0,0.0,0.0,0.0,13.18,1.93,0.0
20050318:2309,0.0,0.0,0.0,0.0,13.28,2.34,0.0
20050319:0009,0.0,0.0,0.0,0.0,13.29,2.83,0.0
20050319:0109,0.0,0.0,0.0,0.0,13.37,3.31,0.0
20050319:0209,0.0,0.0,0.0,0.0,13.27,3.66,0.0
20050319:0309,0.0,0.0,0.0,0.0,13.31,3.86,0.0
20050319:0409,0.0,0.0,0.0,0.0,13.34,3.86,0.0
20050319:0509,49.0,51.0,0.0,12.44,13.85,3.72,0.0
20050319:0609,202.0,101.0,0.0,24.0,14.89,2.9,0.0
20050319:0709,356.0,139.0,0.0,34.75,15.89,1.24,0.0
20050319:0809,513.01,149.0,0.0,43.95,17.95,0.76,0.0
20050319:0909,590.01,175.0,0.0,50.39,18.23,2.55,0.0
20050319:1009,691.01,146.0,0.0,52.54,18.26,3.52,0.0
20050319:1109,631.01,171.0,0.0,49.71,18.12,4.48,0.0
20050319:1209,590.01,144.0,0.0,42.79,17.92,4.76,0.0
20050319:1309,481.01,122.0,0.0,33.31,17.74,4.34,0.0
20050319:1409,284.0,120.0,0.0,22.42,17.29,3.66,0.0
20050319:1509,146.0,69.0,0.0,10.78,17.1,2.69,0.0
20050319:1609,0.0,0.0,0.0,-1.17,16.23,1.93,0.0
20050319:1709,0.0,0.0,0.0,0.0,14.94,1.66,0.0
20050319:1809,0.0,0.0,0.0,0.0,14.62,2.48,0.0
20050319:1909,0.0,0.0,0.0,0.0,14.42,2.83,0.0
20050319:2009,0.0,0.0,0.0,0.0,14.0,2.48,0.0
20050319:2109,0.0,0.0,0.0,0.0,13.99,2.21,0.0
20050319:2209,0.0,0.0,0.0,0.0,13.37,1.66,0.0
20050319:2309,0.0,0.0,0.0,0.0,13.42,1.66,0.0
20050320:0009,0.0,0.0,0.0,0.0,13.4,1.93,0.0
20050320:0109,0.0,0.0,0.0,0.0,13.09,2.34,0.0
20050320:0209,0.0,0.0,0.0,0.0,12.49,2.41,0.0
20050320:0309,0.0,0.0,0.0,0.0,12.32,2.41,0.0
20050320:0409,0.0,0.0,0.0,0.0,12.17,2.28,0.0
20050320:0509,53.0,51.0,0.0,12.74,12.88,2.07,0.0
20050320:0609,204.0,101.0,0.0,24.32,13.93,1.31,0.0
20050320:0709,380.01,124.0,0.0,35.09,14.91,0.14,0.0
20050320:0809,488.01,164.0,0.0,44.32,16.24,1.66,0.0
20050320:0909,595.01,169.0,0.0,50.79,16.27,2.69,0.0
20050320:1009,639.01,174.0,0.0,52.94,16.24,3.38,0.0
20050320:1109,624.01,172.0,0.0,50.05,16.1,4.0,0.0
20050320:1209,583.01,145.0,0.0,43.08,16.29,3.86,0.0
20050320:1309,364.0,188.0,0.0,33.55,16.5,3.66,0.0
20050320:1409,192.0,168.0,0.0,22.62,16.17,3.38,0.0
20050320:1509,87.0,96.0,0.0,10.96,16.07,2.97,0.0
20050320:1609,0.0,0.0,0.0,-0.99,15.8,1.24,0.0
20050320:1709,0.0,0.0,0.0,0.0,14.46,1.59,0.0
20050320:1809,0.0,0.0,0.0,0.0,14.46,2.07,0.0
20050320:1909,0.0,0.0,0.0,0.0,14.65,1.86,0.0
20050320:2009,0.0,0.0,0.0,0.0,13.8,1.31,0.0
20050320:2109,0.0,0.0,0.0,0.0,13.76,1.17,0.0
20050320:2209,0.0,0.0,0.0,0.0,13.34,0.9,0.0
20050320:2309,0.0,0.0,0.0,0.0,13.18,1.03,0.0
20050321:0009,0.0,0.0,0.0,0.0,13.08,1.52,0.0
20050321:0109,0.0,0.0,0.0,0.0,13.06,1.86,0.0
20050321:0209,0.0,0.0,0.0,0.0,12.91,2.07,0.0
20050321:0309,0.0,0.0,0.0,0.0,12.94,2.21,0.0
20050321:0409,0.0,0.0,0.0,0.0,12.84,2.21,0.0
20050321:0509,7.0,57.0,0.0,13.04,13.3,2.21,0.0
20050321:0609,114.0,147.0,0.0,24.64,14.26,1.86,0.0
20050321:0709,383.0,125.0,0.0,35.44,14.81,1.72,0.0
20050321:0809,500.01,158.0,0.0,44.7,16.18,1.79,0.0
20050321:0909,574.01,184.0,0.0,51.19,16.15,1.66,0.0
20050321:1009,628.01,182.0,0.0,53.33,16.66,1.24,0.0
20050321:1109,578.01,202.0,0.0,50.4,16.41,2.69,0.0
20050321:1209,543.01,171.0,0.0,43.36,16.2,0.0,0.0
20050321:1309,372.0,185.0,0.0,33.78,16.11,0.0,0.0
20050321:1409,227.0,152.0,0.0,22.82,16.09,3.93,0.0
20050321:1509,101.0,92.0,0.0,11.14,16.06,2.97,0.0
20050321:1609,0.0,0.0,0.0,-0.82,16.0,2.07,0.0
20050321:1709,0.0,0.0,0.0,0.0,15.08,0.14,0.0
20050321:1809,0.0,0.0,0.0,0.0,14.72,1.52,0.0
20050321:1909,0.0,0.0,0.0,0.0,14.44,2.34,0.0
20050321:2009,0.0,0.0,0.0,0.0,13.85,2.34,0.0
20050321:2109,0.0,0.0,0.0,0.0,13.74,2.07,0.0
20050321:2209,0.0,0.0,0.0,0.0,13.2,1.79,0.0
20050321:2309,0.0,0.0,0.0,0.0,13.18,1.45,0.0
20050322:0009,0.0,0.0,0.0,0.0,13.25,1.79,0.0
20050322:0109,0.0,0.0,0.0,0.0,13.07,2.28,0.0
20050322:0209,0.0,0.0,0.0,0.0,12.86,2.69,0.0
20050322:0309,0.0,0.0,0.0,0.0,12.81,3.17,0.0
20050322:0409,0.0,0.0,0.0,0.0,12.66,3.45,0.0
20050322:0509,0.0,16.0,0.0,13.35,12.88,3.52,0.0
20050322:0609,242.0,92.0,0.0,24.95,13.65,3.24,0.0
20050322:0709,388.0,132.0,0.0,35.78,14.76,2.69,0.0
20050322:0809,482.01,181.0,0.0,45.07,16.36,2.28,0.0
20050322:0909,292.0,347.0,0.0,51.59,16.72,1.59,0.0
20050322:1009,234.0,395.0,0.0,53.72,17.09,1.03,0.0
20050322:1109,222.0,389.0,0.0,50.74,16.63,1.79,0.0
20050322:1209,455.01,235.0,0.0,43.64,16.59,1.93,0.0
20050322:1309,178.0,284.0,0.0,34.01,16.52,2.0,0.0
20050322:1409,0.0,111.0,0.0,23.01,16.35,1.52,0.0
20050322:1509,25.0,112.0,0.0,11.32,16.32,2.14,0.0
20050322:1609,0.0,0.0,0.0,-0.64,16.35,2.48,0.0
20050322:1709,0.0,0.0,0.0,0.0,16.14,2.28,0.0
20050322:1809,0.0,0.0,0.0,0.0,14.69,2.55,0.0
20050322:1909,0.0,0.0,0.0,0.0,15.03,2.83,0.0
20050322:2009,0.0,0.0,0.0,0.0,14.98,3.72,0.0
20050322:2109,0.0,0.0,0.0,0.0,14.67,4.97,0.0
20050322:2209,0.0,0.0,0.0,0.0,14.09,5.66,0.0
20050322:2309,0.0,0.0,0.0,0.0,13.76,6.07,0.0
20050323:0009,0.0,0.0,0.0,0.0,13.44,6.14,0.0
20050323:0109,0.0,0.0,0.0,0.0,13.1,6.14,0.0
20050323:0209,0.0,0.0,0.0,0.0,12.44,6.34,0.0
20050323:0309,0.0,0.0,0.0,0.0,11.97,6.28,0.0
20050323:0409,0.0,0.0,0.0,0.0,11.56,6.41,0.0
20050323:0509,84.0,50.0,0.0,13.65,11.4,6.55,0.0
20050323:0609,250.0,95.0,0.0,25.27,11.8,6.9,0.0
20050323:0709,409.01,131.0,0.0,36.12,12.49,7.45,0.0
20050323:0809,525.01,169.0,0.0,45.44,14.3,7.52,0.0
20050323:0909,633.01,176.0,0.0,51.99,14.99,7.45,0.0
20050323:1009,690.01,173.0,0.0,54.11,16.16,6.62,0.0
20050323:1109,635.01,195.0,0.0,51.08,16.56,6.34,0.0
20050323:1209,598.01,163.0,0.0,43.92,16.87,6.07,0.0
20050323:1309,491.01,135.0,0.0,34.24,17.12,5.86,0.0
20050323:1409,330.0,110.0,0.0,23.21,17.01,5.52,0.0
20050323:1509,112.0,96.0,0.0,11.5,16.68,4.97,0.0
20050323:1609,0.0,0.0,0.0,-0.47,16.05,4.55,0.0
20050323:1709,0.0,0.0,0.0,0.0,14.78,4.28,0.0
20050323:1809,0.0,0.0,0.0,0.0,14.23,4.41,0.0
20050323:1909,0.0,0.0,0.0,0.0,13.76,4.62,0.0
20050323:2009,0.0,0.0,0.0,0.0,13.09,4.9,0.0
20050323:2109,0.0,0.0,0.0,0.0,12.83,5.24,0.0
20050323:2209,0.0,0.0,0.0,0.0,12.44,5.66,0.0
20050323:2309,0.0,0.0,0.0,0.0,12.08,5.59,0.0
20050324:0009,0.0,0.0,0.0,0.0,11.74,5.66,0.0
20050324:0109,0.0,0.0,0.0,0.0,11.41,5.86,0.0
20050324:0209,0.0,0.0,0.0,0.0,10.9,6.07,0.0
20050324:0309,0.0,0.0,0.0,0.0,10.64,6.14,0.0
20050324:0409,0.0,0.0,0.0,0.0,10.56,6.34,0.0
20050324:0509,88.0,51.0,0.0,13.96,10.87,6.48,0.0
20050324:0609,250.0,97.0,0.0,25.59,11.61,6.62,0.0
20050324:0709,415.01,128.0,0.0,36.46,12.53,6.48,0.0
20050324:0809,543.01,157.0,0.0,45.82,14.62,5.93,0.0
20050324:0909,654.01,161.0,0.0,52.38,15.44,5.03,0.0
20050324:1009,686.01,173.0,0.0,54.51,16.61,3.93,0.0
20050324:1109,656.01,180.0,0.0,51.42,17.0,2.55,0.0
20050324:1209,627.01,143.0,0.0,44.19,17.03,1.93,0.0
20050324:1309,433.01,169.0,0.0,34.46,16.84,3.17,0.0
20050324:1409,304.0,125.0,0.0,23.4,16.87,4.21,0.0
20050324:1509,113.0,96.0,0.0,11.68,16.76,4.21,0.0
20050324:1609,0.0,0.0,0.0,-0.29,16.07,3.52,0.0
20050324:1709,0.0,0.0,0.0,0.0,15.76,2.48,0.0
20050324:1809,0.0,0.0,0.0,0.0,15.2,1.1,0.0
20050324:1909,0.0,0.0,0.0,0.0,14.68,0.76,0.0
20050324:2009,0.0,0.0,0.0,0.0,14.12,1.03,0.0
20050324:2109,0.0,0.0,0.0,0.0,13.83,1.38,0.0
20050324:2209,0.0,0.0,0.0,0.0,12.88,1.52,0.0
20050324:2309,0.0,0.0,0.0,0.0,12.59,1.52,0.0
20050325:0009,0.0,0.0,0.0,0.0,12.54,2.28,0.0
20050325:0109,0.0,0.0,0.0,0.0,12.42,2.83,0.0
20050325:0209,0.0,0.0,0.0,0.0,11.97,3.17,0.0
20050325:0309,0.0,0.0,0.0,0.0,11.95,3.52,0.0
20050325:0409,0.0,0.0,0.0,0.0,11.94,3.86,0.0
20050325:0509,81.0,56.0,0.0,14.26,12.78,4.34,0.0
20050325:0609,220.0,114.0,0.0,25.91,13.47,4.41,0.0
20050325:0709,398.0,139.0,0.0,36.8,14.27,4.34,0.0
20050325:0809,509.01,177.0,0.0,46.19,16.04,4.07,0.0
20050325:0909,650.01,162.0,0.0,52.78,16.35,3.1,0.0
20050325:1009,655.01,191.0,0.0,54.9,16.82,2.41,0.0
20050325:1109,664.01,173.0,0.0,51.76,16.5,3.24,0.0
20050325:1209,648.01,131.0,0.0,44.47,16.2,4.41,0.0
20050325:1309,491.01,133.0,0.0,34.69,16.06,4.9,0.0
20050325:1409,307.0,123.0,0.0,23.6,16.13,4.62,0.0
20050325:1509,114.0,97.0,0.0,11.86,16.05,3.79,0.0
20050325:1609,0.0,0.0,0.0,-0.12,15.64,2.55,0.0
20050325:1709,0.0,0.0,0.0,0.0,14.79,0.97,0.0
20050325:1809,0.0,0.0,0.0,0.0,13.97,0.41,0.0
20050325:1909,0.0,0.0,0.0,0.0,13.4,1.1,0.0
20050325:2009,0.0,0.0,0.0,0.0,12.48,1.24,0.0
20050325:2109,0.0,0.0,0.0,0.0,12.34,1.24,0.0
20050325:2209,0.0,0.0,0.0,0.0,11.62,1.17,0.0
20050325:2309,0.0,0.0,0.0,0.0,11.39,0.83,0.0
20050326:0009,0.0,0.0,0.0,0.0,11.27,0.83,0.0
20050326:0109,0.0,0.0,0.0,0.0,11.17,0.97,0.0
20050326:0209,0.0,0.0,0.0,0.0,10.97,1.17,0.0
20050326:0309,0.0,0.0,0.0,0.0,11.0,1.24,0.0
20050326:0409,0.0,0.0,0.0,0.0,11.02,1.24,0.0
20050326:0509,3.0,60.0,0.0,14.56,12.0,1.1,0.0
20050326:0609,65.0,175.0,0.0,26.22,12.68,0.62,0.0
20050326:0709,43.0,260.0,0.0,37.14,13.34,0.83,0.0
20050326:0809,151.0,339.0,0.0,46.56,15.05,1.86,0.0
20050326:0909,60.0,383.0,0.0,53.18,15.17,2.9,0.0
20050326:1009,248.0,393.0,0.0,55.29,15.43,3.72,0.0
20050326:1109,425.01,304.0,0.0,52.09,15.47,4.69,0.0
20050326:1209,513.01,204.0,0.0,44.74,15.58,4.83,0.0
20050326:1309,366.0,201.0,0.0,34.91,15.61,4.28,0.0
20050326:1409,33.0,209.0,0.0,23.79,15.3,3.45,0.0
20050326:1509,12.0,108.0,0.0,12.03,15.19,2.62,0.0
20050326:1609,0.0,19.0,0.0,0.05,15.12,2.0,0.0
20050326:1709,0.0,0.0,0.0,0.0,14.6,1.38,0.0
20050326:1809,0.0,0.0,0.0,0.0,14.05,1.1,0.0
20050326:1909,0.0,0.0,0.0,0.0,13.41,0.97,0.0
20050326:2009,0.0,0.0,0.0,0.0,12.92,1.17,0.0
20050326:2109,0.0,0.0,0.0,0.0,12.69,1.31,0.0
20050326:2209,0.0,0.0,0.0,0.0,12.19,0.9,0.0
20050326:2309,0.0,0.0,0.0,0.0,12.21,0.69,0.0
20050327:0009,0.0,0.0,0.0,0.0,12.11,0.76,0.0
20050327:0109,0.0,0.0,0.0,0.0,12.12,0.97,0.0
20050327:0209,0.0,0.0,0.0,0.0,11.8,1.1,0.0
20050327:0309,0.0,0.0,0.0,0.0,11.93,1.03,0.0
20050327:0409,0.0,0.0,0.0,0.0,11.87,0.97,0.0
20050327:0509,52.0,71.0,0.0,14.86,12.69,0.76,0.0
20050327:0609,176.0,138.0,0.0,26.54,13.75,0.55,0.0
20050327:0709,339.0,170.0,0.0,37.48,14.19,1.52,0.0
20050327:0809,314.0,279.0,0.0,46.93,15.17,0.0,0.0
20050327:0909,0.0,174.0,0.0,53.58,15.36,0.0,0.0
20050327:1009,7.0,323.0,0.0,55.67,15.9,3.93,0.0
20050327:1109,48.0,388.0,0.0,52.43,15.49,4.69,0.0
20050327:1209,174.0,361.0,0.0,45.01,15.33,4.62,0.0
20050327:1309,307.0,231.0,0.0,35.13,15.36,4.07,0.0
20050327:1409,264.0,143.0,0.0,23.98,15.28,3.45,0.0
20050327:1509,100.0,102.0,0.0,12.21,15.2,3.03,0.0
20050327:1609,0.0,22.0,0.0,0.23,15.24,1.72,0.0
20050327:1709,0.0,0.0,0.0,0.0,15.29,1.17,0.0
20050327:1809,0.0,0.0,0.0,0.0,14.92,1.24,0.0
20050327:1909,0.0,0.0,0.0,0.0,14.19,1.38,0.0
20050327:2009,0.0,0.0,0.0,0.0,13.84,1.17,0.0
20050327:2109,0.0,0.0,0.0,0.0,13.67,1.17,0.0
20050327:2209,0.0,0.0,0.0,0.0,13.1,1.1,0.0
20050327:2309,0.0,0.0,0.0,0.0,13.12,0.9,0.0
20050328:0009,0.0,0.0,0.0,0.0,13.13,0.62,0.0
20050328:0109,0.0,0.0,0.0,0.0,13.18,0.62,0.0
20050328:0209,0.0,0.0,0.0,0.0,13.12,0.76,0.0
20050328:0309,0.0,0.0,0.0,0.0,13.27,0.76,0.0
20050328:0409,0.0,0.0,0.0,0.0,13.51,0.62,0.0
20050328:0509,0.0,19.0,0.0,15.17,14.09,0.48,0.0
20050328:0609,1.0,126.0,0.0,26.85,14.88,1.1,0.0
20050328:0709,161.0,255.0,0.0,37.82,15.01,1.79,0.0
20050328:0809,416.0,226.0,0.0,47.3,16.14,2.48,0.0
20050328:0909,433.01,283.0,0.0,53.98,16.06,3.59,0.0
20050328:1009,319.0,366.0,0.0,56.06,16.4,4.14,0.0
20050328:1109,327.0,351.0,0.0,52.76,16.36,5.17,0.0
20050328:1209,242.0,340.0,0.0,45.27,16.46,5.72,0.0
20050328:1309,21.0,272.0,0.0,35.35,16.32,5.31,0.0
20050328:1409,0.0,79.0,0.0,24.16,15.79,4.62,0.0
20050328:1509,0.0,43.0,0.0,12.38,15.57,4.21,0.0
20050328:1609,0.0,6.0,0.0,0.4,15.47,3.72,0.0
20050328:1709,0.0,0.0,0.0,0.0,14.82,3.31,0.0
20050328:1809,0.0,0.0,0.0,0.0,14.88,3.1,0.0
20050328:1909,0.0,0.0,0.0,0.0,15.01,3.03,0.0
20050328:2009,0.0,0.0,0.0,0.0,14.9,2.97,0.0
20050328:2109,0.0,0.0,0.0,0.0,14.84,3.03,0.0
20050328:2209,0.0,0.0,0.0,0.0,14.3,3.31,0.0
20050328:2309,0.0,0.0,0.0,0.0,14.55,3.38,0.0
20050329:0009,0.0,0.0,0.0,0.0,14.54,3.45,0.0
20050329:0109,0.0,0.0,0.0,0.0,14.35,3.03,0.0
20050329:0209,0.0,0.0,0.0,0.0,14.29,2.69,0.0
20050329:0309,0.0,0.0,0.0,0.0,14.51,2.62,0.0
20050329:0409,0.0,0.0,0.0,0.0,14.7,2.55,0.0
20050329:0509,0.0,22.0,0.0,15.47,15.03,2.62,0.0
20050329:0609,1.0,117.0,0.0,27.17,15.27,3.1,0.0
20050329:0709,11.0,232.0,0.0,38.15,15.32,3.59,0.0
20050329:0809,162.0,341.0,0.0,47.67,15.84,4.21,0.0
20050329:0909,72.0,392.0,0.0,54.37,15.81,4.83,0.0
20050329:1009,191.0,412.0,0.0,56.45,16.11,5.24,0.0
20050329:1109,88.0,408.0,0.0,53.09,16.06,5.66,0.0
20050329:1209,314.0,312.0,0.0,45.54,16.06,5.66,0.0
20050329:1309,48.0,296.0,0.0,35.56,16.07,5.31,0.0
20050329:1409,0.0,103.0,0.0,24.35,15.82,4.48,0.0
20050329:1509,0.0,20.0,0.0,12.55,15.72,3.17,0.0
20050329:1609,0.0,5.0,0.0,0.57,15.67,2.0,0.0
20050329:1709,0.0,0.0,0.0,0.0,14.78,1.52,0.0
20050329:1809,0.0,0.0,0.0,0.0,14.65,1.52,0.0
20050329:1909,0.0,0.0,0.0,0.0,14.74,1.79,0.0
20050329:2009,0.0,0.0,0.0,0.0,14.22,2.14,0.0
20050329:2109,0.0,0.0,0.0,0.0,14.29,2.55,0.0
20050329:2209,0.0,0.0,0.0,0.0,13.62,2.76,0.0
20050329:2309,0.0,0.0,0.0,0.0,13.62,2.69,0.0
20050330:0009,0.0,0.0,0.0,0.0,13.57,3.03,0.0
20050330:0109,0.0,0.0,0.0,0.0,13.5,3.24,0.0
20050330:0209,0.0,0.0,0.0,0.0,13.1,3.24,0.0
20050330:0309,0.0,0.0,0.0,0.0,13.12,3.31,0.0
20050330:0409,0.0,0.0,0.0,0.0,13.14,3.38,0.0
20050330:0509,19.0,82.0,0.0,15.77,14.03,3.24,0.0
20050330:0609,0.0,54.0,0.0,27.48,15.07,2.41,0.0
20050330:0709,8.0,226.0,0.0,38.49,15.66,1.1,0.0
20050330:0809,40.0,332.0,0.0,48.04,16.86,0.21,0.0
20050330:0909,306.0,352.0,0.0,54.77,16.58,0.97,0.0
20050330:1009,686.01,170.0,0.0,56.83,16.95,1.38,0.0
20050330:1109,44.0,389.0,0.0,53.42,17.13,2.9,0.0
20050330:1209,24.0,334.0,0.0,45.8,16.98,3.66,0.0
20050330:1309,16.0,269.0,0.0,35.78,16.99,3.79,0.0
20050330:1409,69.0,222.0,0.0,24.53,16.45,3.59,0.0
20050330:1509,13.0,114.0,0.0,12.72,16.28,2.21,0.0
20050330:1609,0.0,25.0,0.0,0.74,16.42,0.69,0.0
20050330:1709,0.0,0.0,0.0,0.0,15.88,0.69,0.0
20050330:1809,0.0,0.0,0.0,0.0,14.89,0.9,0.0
20050330:1909,0.0,0.0,0.0,0.0,14.86,1.03,0.0
20050330:2009,0.0,0.0,0.0,0.0,14.6,1.59,0.0
20050330:2109,0.0,0.0,0.0,0.0,14.61,2.28,0.0
20050330:2209,0.0,0.0,0.0,0.0,14.51,1.59,0.0
20050330:2309,0.0,0.0,0.0,0.0,14.56,2.21,0.0
20050331:0009,0.0,0.0,0.0,0.0,14.63,1.72,0.0
20050331:0109,0.0,0.0,0.0,0.0,14.74,1.52,0.0
20050331:0209,0.0,0.0,0.0,0.0,14.65,1.66,0.0
20050331:0309,0.0,0.0,0.0,0.0,14.47,2.0,0.0
20050331:0409,0.0,0.0,0.0,0.0,14.26,2.55,0.0
20050331:0509,0.0,29.0,0.0,16.06,14.71,2.9,0.0
20050331:0609,0.0,79.0,0.0,27.79,15.18,2.34,0.0
20050331:0709,0.0,81.0,0.0,38.82,15.69,2.0,0.0
20050331:0809,249.0,319.0,0.0,48.4,16.82,2.28,0.0
20050331:0909,237.0,381.0,0.0,55.16,16.97,1.86,0.0
20050331:1009,0.0,167.0,0.0,57.22,18.14,0.55,0.0
20050331:1109,93.0,414.0,0.0,53.74,18.28,0.0,0.0
20050331:1209,342.0,304.0,0.0,46.06,18.04,0.21,0.0
20050331:1309,102.0,310.0,0.0,35.99,17.97,0.62,0.0
20050331:1409,0.0,47.0,0.0,24.72,17.37,0.62,0.0
20050331:1509,14.0,117.0,0.0,12.89,17.13,1.1,0.0
20050331:1609,0.0,27.0,0.0,0.91,17.2,1.45,0.0
20050331:1709,0.0,0.0,0.0,0.0,16.26,1.79,0.0
20050331:1809,0.0,0.0,0.0,0.0,16.13,1.24,0.0
20050331:1909,0.0,0.0,0.0,0.0,16.05,1.66,0.0
20050331:2009,0.0,0.0,0.0,0.0,15.38,2.69,0.0
20050331:2109,0.0,0.0,0.0,0.0,15.09,2.83,0.0
20050331:2209,0.0,0.0,0.0,0.0,14.13,1.38,0.0
20050331:2309,0.0,0.0,0.0,0.0,13.79,2.28,0.0
20050401:0009,0.0,0.0,0.0,0.0,13.68,2.76,0.0
20050401:0109,0.0,0.0,0.0,0.0,13.09,1.72,0.0
20050401:0209,0.0,0.0,0.0,0.0,12.08,1.17,0.0
20050401:0309,0.0,0.0,0.0,0.0,12.45,0.97,0.0
20050401:0409,0.0,0.0,0.0,0.0,12.39,1.1,0.0
20050401:0509,70.0,79.0,0.0,16.36,12.51,1.79,0.0
20050401:0609,205.0,139.0,0.0,28.1,12.48,2.0,0.0
20050401:0709,21.0,253.0,0.0,39.15,12.98,2.14,0.0
20050401:0809,273.0,313.0,0.0,48.76,13.65,2.48,0.0
20050401:0909,177.0,400.0,0.0,55.55,13.5,2.41,0.0
20050401:1009,146.0,426.0,0.0,57.6,14.3,2.14,0.0
20050401:1109,302.0,373.0,0.0,54.07,14.21,1.59,0.0
20050401:1209,0.0,193.0,0.0,46.32,14.32,1.45,0.0
20050401:1309,0.0,181.0,0.0,36.2,14.72,2.76,0.0
20050401:1409,3.0,166.0,0.0,24.9,13.95,2.41,0.0
20050401:1509,8.0,109.0,0.0,13.06,13.44,1.52,0.0
20050401:1609,0.0,18.0,0.0,1.08,13.12,1.72,0.0
20050401:1709,0.0,0.0,0.0,0.0,12.34,2.9,0.0
20050401:1809,0.0,0.0,0.0,0.0,12.57,3.38,0.0
20050401:1909,0.0,0.0,0.0,0.0,12.78,3.52,0.0
20050401:2009,0.0,0.0,0.0,0.0,12.34,4.62,0.0
20050401:2109,0.0,0.0,0.0,0.0,12.15,5.59,0.0
20050401:2209,0.0,0.0,0.0,0.0,11.94,6.14,0.0
20050401:2309,0.0,0.0,0.0,0.0,12.09,6.14,0.0
20050402:0009,0.0,0.0,0.0,0.0,12.13,6.21,0.0
20050402:0109,0.0,0.0,0.0,0.0,11.98,6.48,0.0
20050402:0209,0.0,0.0,0.0,0.0,11.67,6.69,0.0
20050402:0309,0.0,0.0,0.0,0.0,11.52,6.69,0.0
20050402:0409,0.0,0.0,0.0,0.0,11.44,6.69,0.0
20050402:0509,94.0,74.0,0.0,16.66,11.54,6.76,0.0
20050402:0609,126.0,181.0,0.0,28.4,11.65,6.97,0.0
20050402:0709,60.0,285.0,0.0,39.48,11.95,6.76,0.0
20050402:0809,4.0,271.0,0.0,49.13,12.64,6.0,0.0
20050402:0909,0.0,227.0,0.0,55.94,13.2,5.03,0.0
20050402:1009,0.0,133.0,0.0,57.98,13.79,5.17,0.0
20050402:1109,0.0,88.0,0.0,54.39,13.9,4.76,0.0
20050402:1209,0.0,164.0,0.0,46.57,14.0,4.41,0.0
20050402:1309,0.0,144.0,0.0,36.41,14.09,4.62,0.0
20050402:1409,0.0,123.0,0.0,25.08,13.93,5.03,0.0
20050402:1509,2.0,93.0,0.0,13.23,13.74,5.17,0.0
20050402:1609,0.0,27.0,0.0,1.25,13.23,5.38,0.0
20050402:1709,0.0,0.0,0.0,0.0,12.41,6.21,0.0
20050402:1809,0.0,0.0,0.0,0.0,11.72,6.97,0.0
20050402:1909,0.0,0.0,0.0,0.0,11.1,7.24,0.0
20050402:2009,0.0,0.0,0.0,0.0,10.44,7.17,0.0
20050402:2109,0.0,0.0,0.0,0.0,10.25,6.97,0.0
20050402:2209,0.0,0.0,0.0,0.0,10.07,6.9,0.0
20050402:2309,0.0,0.0,0.0,0.0,9.97,7.1,0.0
20050403:0009,0.0,0.0,0.0,0.0,9.87,7.24,0.0
20050403:0109,0.0,0.0,0.0,0.0,9.8,7.24,0.0
20050403:0209,0.0,0.0,0.0,0.0,9.44,7.38,0.0
20050403:0309,0.0,0.0,0.0,0.0,9.16,7.86,0.0
20050403:0409,0.0,0.0,0.0,0.0,8.98,8.21,0.0
20050403:0509,119.0,67.0,0.0,16.95,9.31,8.28,0.0
20050403:0609,264.0,121.0,0.0,28.71,9.53,8.62,0.0
20050403:0709,422.0,156.0,0.0,39.81,10.18,8.41,0.0
20050403:0809,550.01,183.0,0.0,49.48,11.6,7.59,0.0
20050403:0909,655.01,189.0,0.0,56.33,12.52,6.69,0.0
20050403:1009,281.0,410.0,0.0,58.36,13.57,7.17,0.0
20050403:1109,536.01,275.0,0.0,54.71,14.26,7.03,0.0
20050403:1209,10.0,316.0,0.0,46.83,14.54,6.76,0.0
20050403:1309,0.0,139.0,0.0,36.61,14.56,6.41,0.0
20050403:1409,0.0,103.0,0.0,25.26,14.34,6.41,0.0
20050403:1509,0.0,55.0,0.0,13.4,14.12,6.41,0.0
20050403:1609,0.0,27.0,0.0,1.42,13.6,6.48,0.0
20050403:1709,0.0,0.0,0.0,0.0,12.75,7.03,0.0
20050403:1809,0.0,0.0,0.0,0.0,12.35,7.38,0.0
20050403:1909,0.0,0.0,0.0,0.0,11.94,7.52,0.0
20050403:2009,0.0,0.0,0.0,0.0,11.26,7.52,0.0
20050403:2109,0.0,0.0,0.0,0.0,10.88,7.52,0.0
20050403:2209,0.0,0.0,0.0,0.0,10.28,7.86,0.0
20050403:2309,0.0,0.0,0.0,0.0,9.97,7.93,0.0
20050404:0009,0.0,0.0,0.0,0.0,9.66,7.79,0.0
20050404:0109,0.0,0.0,0.0,0.0,9.38,7.52,0.0
20050404:0209,0.0,0.0,0.0,0.0,8.99,7.24,0.0
20050404:0309,0.0,0.0,0.0,0.0,8.88,7.03,0.0
20050404:0409,0.0,0.0,0.0,0.0,8.69,6.97,0.0
20050404:0509,115.0,72.0,0.0,17.24,9.18,6.97,0.0
20050404:0609,296.0,111.0,0.0,29.01,9.74,7.38,0.0
20050404:0709,459.0,142.0,0.0,40.13,10.51,7.1,0.0
20050404:0809,623.01,149.0,0.0,49.84,12.0,6.28,0.0
20050404:0909,696.01,172.0,0.0,56.72,12.76,5.24,0.0
20050404:1009,723.01,185.0,0.0,58.74,13.73,4.14,0.0
20050404:1109,739.01,161.0,0.0,55.03,14.24,3.24,0.0
20050404:1209,612.01,181.0,0.0,47.08,14.48,2.76,0.0
20050404:1309,494.0,159.0,0.0,36.82,14.4,2.28,0.0
20050404:1409,338.0,130.0,0.0,25.44,14.28,1.86,0.0
20050404:1509,168.0,90.0,0.0,13.56,13.79,2.69,0.0
20050404:1609,0.0,33.0,0.0,1.59,13.45,3.1,0.0
20050404:1709,0.0,0.0,0.0,0.0,13.07,3.03,0.0
20050404:1809,0.0,0.0,0.0,0.0,13.86,2.14,0.0
20050404:1909,0.0,0.0,0.0,0.0,13.68,1.31,0.0
20050404:2009,0.0,0.0,0.0,0.0,12.58,1.17,0.0
20050404:2109,0.0,0.0,0.0,0.0,12.34,1.86,0.0
20050404:2209,0.0,0.0,0.0,0.0,11.9,3.03,0.0
20050404:2309,0.0,0.0,0.0,0.0,11.43,3.45,0.0
20050405:0009,0.0,0.0,0.0,0.0,10.87,3.45,0.0
20050405:0109,0.0,0.0,0.0,0.0,10.56,3.31,0.0
20050405:0209,0.0,0.0,0.0,0.0,10.1,3.24,0.0
20050405:0309,0.0,0.0,0.0,0.0,10.37,3.1,0.0
20050405:0409,4.0,5.82,0.0,5.55,10.14,2.9,0.0
20050405:0509,106.0,79.0,0.0,17.53,10.31,2.69,0.0
20050405:0609,284.0,117.0,0.0,29.31,10.97,2.28,0.0
20050405:0709,456.0,144.0,0.0,40.45,11.73,2.21,0.0
20050405:0809,645.01,137.0,0.0,50.2,13.06,2.41,0.0
20050405:0909,732.01,151.0,0.0,57.1,13.25,2.55,0.0
20050405:1009,718.01,186.0,0.0,59.11,13.05,2.62,0.0
20050405:1109,711.01,175.0,0.0,55.34,13.11,3.52,0.0
20050405:1209,619.01,175.0,0.0,47.32,13.11,4.07,0.0
20050405:1309,445.0,186.0,0.0,37.02,13.13,4.55,0.0
20050405:1409,355.0,121.0,0.0,25.61,13.11,4.69,0.0
20050405:1509,151.0,99.0,0.0,13.73,13.24,4.48,0.0
20050405:1609,0.0,32.0,0.0,1.75,13.51,3.24,0.0
20050405:1709,0.0,0.0,0.0,0.0,12.49,1.38,0.0
20050405:1809,0.0,0.0,0.0,0.0,11.95,0.0,0.0
20050405:1909,0.0,0.0,0.0,0.0,11.92,0.0,0.0
20050405:2009,0.0,0.0,0.0,0.0,11.78,2.34,0.0
20050405:2109,0.0,0.0,0.0,0.0,11.61,2.28,0.0
20050405:2209,0.0,0.0,0.0,0.0,10.97,2.48,0.0
20050405:2309,0.0,0.0,0.0,0.0,10.84,2.55,0.0
20050406:0009,0.0,0.0,0.0,0.0,10.86,2.48,0.0
20050406:0109,0.0,0.0,0.0,0.0,10.95,2.83,0.0
20050406:0209,0.0,0.0,0.0,0.0,10.64,3.17,0.0
20050406:0309,0.0,0.0,0.0,0.0,10.79,3.38,0.0
20050406:0409,3.0,7.0,0.0,5.84,10.66,3.72,0.0
20050406:0509,114.0,78.0,0.0,17.82,11.91,4.21,0.0
20050406:0609,274.0,127.0,0.0,29.61,12.77,4.34,0.0
20050406:0709,469.0,141.0,0.0,40.77,13.73,4.69,0.0
20050406:0809,618.01,154.0,0.0,50.55,15.66,5.03,0.0
20050406:0909,719.01,162.0,0.0,57.49,16.39,3.93,0.0
20050406:1009,724.01,186.0,0.0,59.48,17.27,2.83,0.0
20050406:1109,664.01,208.0,0.0,55.65,17.29,2.0,0.0
20050406:1209,526.01,234.0,0.0,47.57,17.2,2.21,0.0
20050406:1309,318.0,258.0,0.0,37.22,17.02,3.59,0.0
20050406:1409,109.0,234.0,0.0,25.79,16.63,4.83,0.0
20050406:1509,24.0,132.0,0.0,13.9,16.47,3.45,0.0
20050406:1609,0.0,33.0,0.0,1.92,16.63,2.07,0.0
20050406:1709,0.0,0.0,0.0,0.0,15.81,2.14,0.0
20050406:1809,0.0,0.0,0.0,0.0,15.81,1.59,0.0
20050406:1909,0.0,0.0,0.0,0.0,15.44,1.17,0.0
20050406:2009,0.0,0.0,0.0,0.0,14.56,0.62,0.0
20050406:2109,0.0,0.0,0.0,0.0,14.22,0.83,0.0
20050406:2209,0.0,0.0,0.0,0.0,13.68,1.1,0.0
20050406:2309,0.0,0.0,0.0,0.0,13.23,1.17,0.0
20050407:0009,0.0,0.0,0.0,0.0,13.04,1.52,0.0
20050407:0109,0.0,0.0,0.0,0.0,12.85,1.86,0.0
20050407:0209,0.0,0.0,0.0,0.0,12.74,1.86,0.0
20050407:0309,0.0,0.0,0.0,0.0,12.98,1.93,0.0
20050407:0409,1.0,8.0,0.0,6.12,12.91,2.62,0.0
20050407:0509,48.0,103.0,0.0,18.1,13.76,2.83,0.0
20050407:0609,65.0,206.0,0.0,29.9,14.14,2.9,0.0
20050407:0709,112.0,298.0,0.0,41.09,14.72,2.76,0.0
20050407:0809,240.0,347.0,0.0,50.9,16.65,2.69,0.0
20050407:0909,670.01,183.0,0.0,57.87,16.84,2.69,0.0
20050407:1009,735.01,171.0,0.0,59.86,17.88,1.86,0.0
20050407:1109,723.01,165.0,0.0,55.96,18.29,1.24,0.0
20050407:1209,545.01,216.0,0.0,47.81,18.49,0.76,0.0
20050407:1309,176.0,312.0,0.0,37.42,18.49,0.69,0.0
20050407:1409,88.0,235.0,0.0,25.96,18.12,0.69,0.0
20050407:1509,154.0,98.0,0.0,14.06,17.83,1.03,0.0
20050407:1609,0.0,36.0,0.0,2.09,17.42,1.79,0.0
20050407:1709,0.0,0.0,0.0,0.0,16.62,2.28,0.0
20050407:1809,0.0,0.0,0.0,0.0,16.46,2.76,0.0
20050407:1909,0.0,0.0,0.0,0.0,16.39,3.03,0.0
20050407:2009,0.0,0.0,0.0,0.0,15.86,3.45,0.0
20050407:2109,0.0,0.0,0.0,0.0,15.79,3.45,0.0
20050407:2209,0.0,0.0,0.0,0.0,15.08,3.24,0.0
20050407:2309,0.0,0.0,0.0,0.0,15.06,3.24,0.0
20050408:0009,0.0,0.0,0.0,0.0,14.97,3.79,0.0
20050408:0109,0.0,0.0,0.0,0.0,14.93,3.93,0.0
20050408:0209,0.0,0.0,0.0,0.0,15.12,4.48,0.0
20050408:0309,0.0,0.0,0.0,0.0,15.33,4.69,0.0
20050408:0409,0.0,2.0,0.0,6.4,15.3,4.97,0.0
20050408:0509,44.0,106.0,0.0,18.39,15.92,5.17,0.0
20050408:0609,49.0,206.0,0.0,30.2,16.74,5.38,0.0
20050408:0709,152.0,293.0,0.0,41.4,17.81,4.62,0.0
20050408:0809,0.0,188.0,0.0,51.25,19.79,4.14,0.0
20050408:0909,0.0,109.0,0.0,58.25,20.15,3.86,0.0
20050408:1009,47.0,418.0,0.0,60.22,21.65,4.0,0.0
20050408:1109,4.0,319.0,0.0,56.27,21.71,2.97,0.0
20050408:1209,45.0,371.0,0.0,48.05,21.67,2.55,0.0
20050408:1309,27.0,297.0,0.0,37.61,21.7,2.34,0.0
20050408:1409,2.0,171.0,0.0,26.13,21.13,2.69,0.0
20050408:1509,2.0,98.0,0.0,14.22,20.93,3.03,0.0
20050408:1609,0.0,12.0,0.0,2.25,20.81,3.03,0.0
20050408:1709,0.0,0.0,0.0,0.0,20.14,3.66,0.0
20050408:1809,0.0,0.0,0.0,0.0,20.05,4.41,0.0
20050408:1909,0.0,0.0,0.0,0.0,19.64,4.69,0.0
20050408:2009,0.0,0.0,0.0,0.0,18.66,4.76,0.0
20050408:2109,0.0,0.0,0.0,0.0,18.29,4.76,0.0
20050408:2209,0.0,0.0,0.0,0.0,17.06,4.41,0.0
20050408:2309,0.0,0.0,0.0,0.0,16.76,4.83,0.0
20050409:0009,0.0,0.0,0.0,0.0,16.65,4.83,0.0
20050409:0109,0.0,0.0,0.0,0.0,16.51,4.62,0.0
20050409:0209,0.0,0.0,0.0,0.0,16.24,4.41,0.0
20050409:0309,0.0,0.0,0.0,0.0,16.15,4.28,0.0
20050409:0409,0.0,10.0,0.0,6.68,15.83,4.55,0.0
20050409:0509,75.0,101.0,0.0,18.67,16.47,4.48,0.0
20050409:0609,235.0,152.0,0.0,30.49,17.46,3.66,0.0
20050409:0709,418.0,171.0,0.0,41.71,18.01,2.28,0.0
20050409:0809,581.01,174.0,0.0,51.59,19.69,1.31,0.0
20050409:0909,699.01,170.0,0.0,58.62,19.91,0.48,0.0
20050409:1009,727.01,179.0,0.0,60.59,21.14,2.34,0.0
20050409:1109,717.01,170.0,0.0,56.57,20.83,4.28,0.0
20050409:1209,625.01,170.0,0.0,48.29,20.49,4.83,0.0
20050409:1309,504.0,151.0,0.0,37.81,20.2,4.21,0.0
20050409:1409,308.0,148.0,0.0,26.3,19.84,3.66,0.0
20050409:1509,130.0,113.0,0.0,14.38,19.41,2.34,0.0
20050409:1609,0.0,38.0,0.0,2.42,18.62,0.83,0.0
20050409:1709,0.0,0.0,0.0,0.0,18.2,0.62,0.0
20050409:1809,0.0,0.0,0.0,0.0,16.62,1.59,0.0
20050409:1909,0.0,0.0,0.0,0.0,16.45,2.0,0.0
20050409:2009,0.0,0.0,0.0,0.0,15.68,2.14,0.0
20050409:2109,0.0,0.0,0.0,0.0,15.81,2.41,0.0
20050409:2209,0.0,0.0,0.0,0.0,15.48,2.41,0.0
20050409:2309,0.0,0.0,0.0,0.0,15.54,3.17,0.0
20050410:0009,0.0,0.0,0.0,0.0,15.58,3.17,0.0
20050410:0109,0.0,0.0,0.0,0.0,15.59,3.24,0.0
20050410:0209,0.0,0.0,0.0,0.0,15.49,3.17,0.0
20050410:0309,0.0,0.0,0.0,0.0,15.68,3.24,0.0
20050410:0409,0.0,9.0,0.0,6.96,15.65,3.45,0.0
20050410:0509,93.0,96.0,0.0,18.94,16.95,3.45,0.0
20050410:0609,270.0,135.0,0.0,30.77,17.62,2.76,0.0
20050410:0709,419.0,172.0,0.0,42.02,18.98,1.45,0.0
20050410:0809,603.01,162.0,0.0,51.93,21.04,0.0,0.0
20050410:0909,688.01,177.0,0.0,59.0,20.43,1.52,0.0
20050410:1009,749.01,167.0,0.0,60.95,21.63,3.17,0.0
20050410:1109,736.01,161.0,0.0,56.87,21.87,3.93,0.0
20050410:1209,644.01,160.0,0.0,48.52,21.92,3.72,0.0
20050410:1309,503.0,153.0,0.0,38.0,21.81,3.17,0.0
20050410:1409,309.0,148.0,0.0,26.47,21.51,2.55,0.0
20050410:1509,146.0,107.0,0.0,14.55,21.0,1.66,0.0
20050410:1609,0.0,39.0,0.0,2.59,20.73,0.55,0.0
20050410:1709,0.0,0.0,0.0,0.0,20.18,0.9,0.0
20050410:1809,0.0,0.0,0.0,0.0,18.71,1.86,0.0
20050410:1909,0.0,0.0,0.0,0.0,17.84,2.21,0.0
20050410:2009,0.0,0.0,0.0,0.0,17.12,2.48,0.0
20050410:2109,0.0,0.0,0.0,0.0,17.12,2.83,0.0
20050410:2209,0.0,0.0,0.0,0.0,16.79,2.83,0.0
20050410:2309,0.0,0.0,0.0,0.0,16.94,3.52,0.0
20050411:0009,0.0,0.0,0.0,0.0,17.04,3.79,0.0
20050411:0109,0.0,0.0,0.0,0.0,17.1,3.79,0.0
20050411:0209,0.0,0.0,0.0,0.0,16.82,3.86,0.0
20050411:0309,0.0,0.0,0.0,0.0,16.78,4.0,0.0
20050411:0409,1.0,14.0,0.0,7.24,16.93,4.14,0.0
20050411:0509,97.0,97.0,0.0,19.22,18.42,4.14,0.0
20050411:0609,262.0,142.0,0.0,31.06,18.94,3.52,0.0
20050411:0709,447.0,157.0,0.0,42.33,20.04,2.0,0.0
20050411:0809,573.01,182.0,0.0,52.27,23.43,0.48,0.0
20050411:0909,721.01,160.0,0.0,59.37,22.35,0.69,0.0
20050411:1009,751.01,167.0,0.0,61.32,22.56,1.86,0.0
20050411:1109,692.01,187.0,0.0,57.17,22.74,2.9,0.0
20050411:1209,662.01,152.0,0.0,48.76,22.63,3.1,0.0
20050411:1309,504.0,153.0,0.0,38.19,22.41,2.83,0.0
20050411:1409,293.0,158.0,0.0,26.64,21.94,2.14,0.0
20050411:1509,150.0,106.0,0.0,14.71,21.75,1.17,0.0
20050411:1609,0.0,41.0,0.0,2.75,22.19,0.83,0.0
20050411:1709,0.0,0.0,0.0,0.0,20.78,1.86,0.0
20050411:1809,0.0,0.0,0.0,0.0,19.56,2.48,0.0
20050411:1909,0.0,0.0,0.0,0.0,19.19,2.76,0.0
20050411:2009,0.0,0.0,0.0,0.0,18.79,3.24,0.0
20050411:2109,0.0,0.0,0.0,0.0,18.7,3.66,0.0
20050411:2209,0.0,0.0,0.0,0.0,18.46,4.0,0.0
20050411:2309,0.0,0.0,0.0,0.0,18.59,4.69,0.0
20050412:0009,0.0,0.0,0.0,0.0,18.54,4.76,0.0
20050412:0109,0.0,0.0,0.0,0.0,18.5,4.48,0.0
20050412:0209,0.0,0.0,0.0,0.0,18.26,4.28,0.0
20050412:0309,0.0,0.0,0.0,0.0,18.37,4.14,0.0
20050412:0409,0.0,8.0,0.0,7.51,18.41,3.86,0.0
20050412:0509,20.0,112.0,0.0,19.49,19.1,3.45,0.0
20050412:0609,42.0,214.0,0.0,31.34,19.23,2.48,0.0
20050412:0709,4.0,228.0,0.0,42.63,22.39,1.03,0.0
20050412:0809,417.0,278.0,0.0,52.6,22.82,0.21,0.0
20050412:0909,569.01,257.0,0.0,59.74,21.85,0.76,0.0
20050412:1009,726.01,188.0,0.0,61.68,23.7,0.97,0.0
20050412:1109,819.01,123.0,0.0,57.46,23.23,1.45,0.0
20050412:1209,701.01,136.0,0.0,48.99,23.44,1.72,0.0
20050412:1309,496.0,162.0,0.0,38.38,23.75,1.45,0.0
20050412:1409,391.0,110.0,0.0,26.81,23.94,0.97,0.0
20050412:1509,196.0,87.0,0.0,14.87,25.11,0.34,0.0
20050412:1609,0.0,40.0,0.0,2.92,24.22,1.1,0.0
20050412:1709,0.0,0.0,0.0,0.0,21.51,2.07,0.0
20050412:1809,0.0,0.0,0.0,0.0,21.11,2.76,0.0
20050412:1909,0.0,0.0,0.0,0.0,20.83,3.24,0.0
20050412:2009,0.0,0.0,0.0,0.0,19.99,3.52,0.0
20050412:2109,0.0,0.0,0.0,0.0,19.6,3.72,0.0
20050412:2209,0.0,0.0,0.0,0.0,19.18,3.38,0.0
20050412:2309,0.0,0.0,0.0,0.0,19.14,3.45,0.0
20050413:0009,0.0,0.0,0.0,0.0,18.96,3.31,0.0
20050413:0109,0.0,0.0,0.0,0.0,18.81,2.9,0.0
20050413:0209,0.0,0.0,0.0,0.0,18.56,2.76,0.0
20050413:0309,0.0,0.0,0.0,0.0,18.05,2.62,0.0
20050413:0409,0.0,12.0,0.0,7.78,17.87,2.41,0.0
20050413:0509,76.0,111.0,0.0,19.76,19.63,1.79,0.0
20050413:0609,262.0,148.0,0.0,31.61,21.62,0.48,0.0
20050413:0709,440.0,168.0,0.0,42.93,19.69,1.31,0.0
20050413:0809,605.01,169.0,0.0,52.94,20.52,2.28,0.0
20050413:0909,700.01,177.0,0.0,60.1,20.3,2.9,0.0
20050413:1009,724.01,189.0,0.0,62.03,20.51,2.76,0.0
20050413:1109,737.01,166.0,0.0,57.76,20.35,3.45,0.0
20050413:1209,662.01,156.0,0.0,49.21,20.24,3.93,0.0
20050413:1309,519.0,149.0,0.0,38.56,20.18,4.0,0.0
20050413:1409,304.0,156.0,0.0,26.97,19.54,3.86,0.0
20050413:1509,131.0,118.0,0.0,15.03,19.26,3.66,0.0
20050413:1609,0.0,43.0,0.0,3.08,18.79,3.24,0.0
20050413:1709,0.0,0.0,0.0,0.0,17.55,2.83,0.0
20050413:1809,0.0,0.0,0.0,0.0,17.08,2.69,0.0
20050413:1909,0.0,0.0,0.0,0.0,16.61,2.34,0.0
20050413:2009,0.0,0.0,0.0,0.0,16.04,1.93,0.0
20050413:2109,0.0,0.0,0.0,0.0,15.77,2.41,0.0
20050413:2209,0.0,0.0,0.0,0.0,15.23,2.0,0.0
20050413:2309,0.0,0.0,0.0,0.0,14.66,2.62,0.0
20050414:0009,0.0,0.0,0.0,0.0,14.68,2.76,0.0
20050414:0109,0.0,0.0,0.0,0.0,14.73,3.24,0.0
20050414:0209,0.0,0.0,0.0,0.0,14.49,3.24,0.0
20050414:0309,0.0,0.0,0.0,0.0,14.21,3.03,0.0
20050414:0409,0.0,15.0,0.0,8.04,14.06,2.28,0.0
20050414:0509,78.0,112.0,0.0,20.03,14.8,1.1,0.0
20050414:0609,262.0,149.0,0.0,31.89,14.88,0.34,0.0
20050414:0709,384.0,201.0,0.0,43.22,14.93,1.79,0.0
20050414:0809,536.0,210.0,0.0,53.26,15.66,3.86,0.0
20050414:0909,610.01,231.0,0.0,60.46,16.04,5.93,0.0
20050414:1009,17.0,381.0,0.0,62.39,16.42,6.21,0.0
20050414:1109,599.01,247.0,0.0,58.05,16.5,7.17,0.0
20050414:1209,442.0,282.0,0.0,49.44,16.47,7.72,0.0
20050414:1309,53.0,321.0,0.0,38.75,16.44,7.66,0.0
20050414:1409,0.0,147.0,0.0,27.13,16.59,0.0,0.0
20050414:1509,9.0,124.0,0.0,15.18,16.35,0.0,0.0
20050414:1609,19.0,33.13,0.0,3.24,16.28,4.34,0.0
20050414:1709,0.0,0.0,0.0,0.0,15.79,1.45,0.0
20050414:1809,0.0,0.0,0.0,0.0,15.76,1.72,0.0
20050414:1909,0.0,0.0,0.0,0.0,14.61,2.69,0.0
20050414:2009,0.0,0.0,0.0,0.0,13.32,3.24,0.0
20050414:2109,0.0,0.0,0.0,0.0,12.78,3.66,0.0
20050414:2209,0.0,0.0,0.0,0.0,12.79,3.17,0.0
20050414:2309,0.0,0.0,0.0,0.0,12.73,3.79,0.0
20050415:0009,0.0,0.0,0.0,0.0,12.78,3.52,0.0
20050415:0109,0.0,0.0,0.0,0.0,12.92,3.38,0.0
20050415:0209,0.0,0.0,0.0,0.0,12.4,3.1,0.0
20050415:0309,0.0,0.0,0.0,0.0,12.57,2.62,0.0
20050415:0409,0.0,7.0,0.0,8.31,12.61,2.69,0.0
20050415:0509,1.0,84.0,0.0,20.29,13.09,2.69,0.0
20050415:0609,268.0,148.0,0.0,32.16,13.27,2.28,0.0
20050415:0709,467.0,154.0,0.0,43.51,13.37,2.14,0.0
20050415:0809,289.0,341.0,0.0,53.59,14.33,2.14,0.0
20050415:0909,107.0,432.0,0.0,60.82,14.4,1.86,0.0
20050415:1009,78.0,442.0,0.0,62.74,15.12,2.07,0.0
20050415:1109,449.0,333.0,0.0,58.33,15.75,3.52,0.0
20050415:1209,425.0,292.0,0.0,49.66,15.55,4.0,0.0
20050415:1309,34.0,309.0,0.0,38.93,15.52,3.52,0.0
20050415:1409,167.0,223.0,0.0,27.3,15.62,2.48,0.0
20050415:1509,67.0,142.0,0.0,15.34,15.44,1.79,0.0
20050415:1609,27.0,29.29,0.0,3.41,15.32,2.0,0.0
20050415:1709,0.0,0.0,0.0,0.0,14.64,2.83,0.0
20050415:1809,0.0,0.0,0.0,0.0,14.42,2.97,0.0
20050415:1909,0.0,0.0,0.0,0.0,14.59,2.62,0.0
20050415:2009,0.0,0.0,0.0,0.0,13.71,2.28,0.0
20050415:2109,0.0,0.0,0.0,0.0,13.68,2.0,0.0
20050415:2209,0.0,0.0,0.0,0.0,13.14,1.79,0.0
20050415:2309,0.0,0.0,0.0,0.0,13.1,1.03,0.0
20050416:0009,0.0,0.0,0.0,0.0,12.81,1.31,0.0
20050416:0109,0.0,0.0,0.0,0.0,12.69,1.52,0.0
20050416:0209,0.0,0.0,0.0,0.0,12.6,1.52,0.0
20050416:0309,0.0,0.0,0.0,0.0,12.64,1.66,0.0
20050416:0409,1.0,20.0,0.0,8.57,12.95,2.0,0.0
20050416:0509,126.0,98.0,0.0,20.55,14.24,1.59,0.0
20050416:0609,232.0,172.0,0.0,32.43,15.14,0.55,0.0
20050416:0709,477.0,154.0,0.0,43.8,15.66,0.55,0.0
20050416:0809,626.01,163.0,0.0,53.91,16.84,1.66,0.0
20050416:0909,731.01,165.0,0.0,61.18,16.94,2.9,0.0
20050416:1009,759.01,173.0,0.0,63.09,17.18,3.93,0.0
20050416:1109,745.01,166.0,0.0,58.61,17.33,5.24,0.0
20050416:1209,628.01,180.0,0.0,49.88,17.36,5.52,0.0
20050416:1309,472.0,182.0,0.0,39.11,17.3,5.03,0.0
20050416:1409,146.0,234.0,0.0,27.46,17.34,4.28,0.0
20050416:1509,71.0,144.0,0.0,15.5,17.33,3.38,0.0
20050416:1609,5.0,40.46,0.0,3.57,16.87,2.14,0.0
20050416:1709,0.0,0.0,0.0,0.0,15.55,1.59,0.0
20050416:1809,0.0,0.0,0.0,0.0,15.03,1.72,0.0
20050416:1909,0.0,0.0,0.0,0.0,14.78,2.07,0.0
20050416:2009,0.0,0.0,0.0,0.0,14.35,2.07,0.0
20050416:2109,0.0,0.0,0.0,0.0,14.21,2.14,0.0
20050416:2209,0.0,0.0,0.0,0.0,13.58,2.07,0.0
20050416:2309,0.0,0.0,0.0,0.0,13.58,1.24,0.0
20050417:0009,0.0,0.0,0.0,0.0,13.65,1.1,0.0
20050417:0109,0.0,0.0,0.0,0.0,13.61,1.1,0.0
20050417:0209,0.0,0.0,0.0,0.0,13.45,1.24,0.0
20050417:0309,0.0,0.0,0.0,0.0,13.32,1.1,0.0
20050417:0409,1.0,23.0,0.0,8.83,13.29,1.17,0.0
20050417:0509,46.0,125.0,0.0,20.8,14.26,1.24,0.0
20050417:0609,202.0,186.0,0.0,32.69,14.79,1.24,0.0
20050417:0709,381.0,208.0,0.0,44.08,15.04,1.52,0.0
20050417:0809,533.0,216.0,0.0,54.22,16.11,2.62,0.0
20050417:0909,622.01,227.0,0.0,61.53,16.05,3.52,0.0
20050417:1009,209.0,444.0,0.0,63.43,16.03,3.86,0.0
20050417:1109,185.0,436.0,0.0,58.89,16.22,4.48,0.0
20050417:1209,472.0,268.0,0.0,50.1,16.27,4.69,0.0
20050417:1309,46.0,319.0,0.0,39.29,16.28,4.48,0.0
20050417:1409,13.0,211.0,0.0,27.62,15.77,3.45,0.0
20050417:1509,0.0,55.0,0.0,15.65,15.82,2.28,0.0
20050417:1609,0.0,17.0,0.0,3.73,15.62,1.86,0.0
20050417:1709,0.0,0.0,0.0,0.0,15.27,1.45,0.0
20050417:1809,0.0,0.0,0.0,0.0,15.51,1.52,0.0
20050417:1909,0.0,0.0,0.0,0.0,15.34,1.17,0.0
20050417:2009,0.0,0.0,0.0,0.0,14.75,0.62,0.0
20050417:2109,0.0,0.0,0.0,0.0,14.66,0.21,0.0
20050417:2209,0.0,0.0,0.0,0.0,14.25,0.41,0.0
20050417:2309,0.0,0.0,0.0,0.0,14.19,0.69,0.0
20050418:0009,0.0,0.0,0.0,0.0,14.36,1.31,0.0
20050418:0109,0.0,0.0,0.0,0.0,14.41,2.07,0.0
20050418:0209,0.0,0.0,0.0,0.0,14.42,2.48,0.0
20050418:0309,0.0,0.0,0.0,0.0,14.81,2.07,0.0
20050418:0409,0.0,0.0,0.0,0.0,15.19,1.52,0.0
20050418:0509,0.0,0.0,0.0,0.0,16.05,0.76,0.0
20050418:0609,0.0,0.0,0.0,0.0,16.31,1.45,0.0
20050418:0709,0.0,0.0,0.0,0.0,16.39,1.72,0.0
20050418:0809,0.0,0.0,0.0,0.0,16.64,1.72,0.0
20050418:0909,0.0,0.0,0.0,0.0,16.4,1.59,0.0
20050418:1009,0.0,0.0,0.0,0.0,16.88,0.97,0.0
20050418:1109,0.0,0.0,0.0,0.0,16.88,1.66,0.0
20050418:1209,0.0,0.0,0.0,0.0,16.88,2.76,0.0
20050418:1309,0.0,100.0,0.0,39.47,16.22,2.14,0.0
20050418:1409,0.0,65.0,0.0,27.78,15.75,1.31,0.0
20050418:1509,12.0,132.0,0.0,15.81,15.75,1.38,0.0
20050418:1609,2.0,39.13,0.0,3.9,15.81,3.1,0.0
20050418:1709,0.0,0.0,0.0,0.0,15.59,3.03,0.0
20050418:1809,0.0,0.0,0.0,0.0,15.51,2.55,0.0
20050418:1909,0.0,0.0,0.0,0.0,15.08,2.55,0.0
20050418:2009,0.0,0.0,0.0,0.0,14.78,2.97,0.0
20050418:2109,0.0,0.0,0.0,0.0,14.52,2.41,0.0
20050418:2209,0.0,0.0,0.0,0.0,14.71,1.52,0.0
20050418:2309,0.0,0.0,0.0,0.0,14.8,1.31,0.0
20050419:0009,0.0,0.0,0.0,0.0,14.38,0.48,0.0
20050419:0109,0.0,0.0,0.0,0.0,13.79,1.79,0.0
20050419:0209,0.0,0.0,0.0,0.0,13.58,2.9,0.0
20050419:0309,0.0,0.0,0.0,0.0,13.53,3.1,0.0
20050419:0409,1.0,26.0,0.0,9.33,13.58,2.55,0.0
20050419:0509,159.0,89.0,0.0,21.3,14.3,2.0,0.0
20050419:0609,346.0,118.0,0.0,33.2,14.73,0.69,0.0
20050419:0709,492.0,151.0,0.0,44.63,15.13,0.83,0.0
20050419:0809,667.01,146.0,0.0,54.84,16.07,1.86,0.0
20050419:0909,746.01,161.0,0.0,62.23,16.26,2.62,0.0
20050419:1009,773.01,168.0,0.0,64.11,16.89,3.59,0.0
20050419:1109,758.01,162.0,0.0,59.45,16.8,4.0,0.0
20050419:1209,700.01,143.0,0.0,50.52,16.72,4.9,0.0
20050419:1309,522.0,154.0,0.0,39.64,16.89,4.97,0.0
20050419:1409,308.0,162.0,0.0,27.94,16.69,4.55,0.0
20050419:1509,168.0,109.0,0.0,15.96,16.7,4.21,0.0
20050419:1609,29.0,34.19,0.0,4.06,16.56,3.03,0.0
20050419:1709,0.0,0.0,0.0,0.0,15.41,2.21,0.0
20050419:1809,0.0,0.0,0.0,0.0,15.14,2.69,0.0
20050419:1909,0.0,0.0,0.0,0.0,14.86,3.31,0.0
20050419:2009,0.0,0.0,0.0,0.0,14.23,4.14,0.0
20050419:2109,0.0,0.0,0.0,0.0,14.2,4.21,0.0
20050419:2209,0.0,0.0,0.0,0.0,13.88,4.41,0.0
20050419:2309,0.0,0.0,0.0,0.0,13.95,4.21,0.0
20050420:0009,0.0,0.0,0.0,0.0,13.86,3.31,0.0
20050420:0109,0.0,0.0,0.0,0.0,13.87,2.9,0.0
20050420:0209,0.0,0.0,0.0,0.0,13.54,2.48,0.0
20050420:0309,0.0,0.0,0.0,0.0,13.67,2.28,0.0
20050420:0409,0.0,17.0,0.0,9.58,13.68,2.21,0.0
20050420:0509,6.0,111.0,0.0,21.55,14.82,2.0,0.0
20050420:0609,21.0,211.0,0.0,33.46,15.28,1.86,0.0
20050420:0709,47.0,310.0,0.0,44.9,15.61,1.66,0.0
20050420:0809,598.0,185.0,0.0,55.15,16.76,1.72,0.0
20050420:0909,745.01,162.0,0.0,62.57,16.66,2.48,0.0
20050420:1009,772.01,169.0,0.0,64.45,16.95,3.79,0.0
20050420:1109,710.01,189.0,0.0,59.72,16.95,5.1,0.0
20050420:1209,572.0,216.0,0.0,50.73,17.02,5.17,0.0
20050420:1309,475.0,182.0,0.0,39.81,17.09,4.48,0.0
20050420:1409,291.0,172.0,0.0,28.09,16.91,3.79,0.0
20050420:1509,168.0,110.0,0.0,16.12,16.86,2.9,0.0
20050420:1609,38.0,29.09,0.0,4.22,16.85,2.0,0.0
20050420:1709,0.0,0.0,0.0,0.0,16.24,1.31,0.0
20050420:1809,0.0,0.0,0.0,0.0,16.01,0.9,0.0
20050420:1909,0.0,0.0,0.0,0.0,15.39,0.97,0.0
20050420:2009,0.0,0.0,0.0,0.0,14.63,1.31,0.0
20050420:2109,0.0,0.0,0.0,0.0,14.61,1.72,0.0
20050420:2209,0.0,0.0,0.0,0.0,13.75,1.66,0.0
20050420:2309,0.0,0.0,0.0,0.0,13.76,1.38,0.0
20050421:0009,0.0,0.0,0.0,0.0,13.89,1.1,0.0
20050421:0109,0.0,0.0,0.0,0.0,13.91,1.17,0.0
20050421:0209,0.0,0.0,0.0,0.0,14.0,1.86,0.0
20050421:0309,0.0,0.0,0.0,0.0,14.04,2.48,0.0
20050421:0409,2.0,31.0,0.0,9.82,14.0,2.83,0.0
20050421:0509,154.0,94.0,0.0,21.79,15.54,2.76,0.0
20050421:0609,332.0,126.0,0.0,33.7,16.31,2.34,0.0
20050421:0709,510.0,143.0,0.0,45.17,16.69,1.52,0.0
20050421:0809,636.0,162.0,0.0,55.45,17.95,1.38,0.0
20050421:0909,681.01,197.0,0.0,62.91,18.08,1.79,0.0
20050421:1009,409.0,373.0,0.0,64.78,19.04,1.45,0.0
20050421:1109,639.01,230.0,0.0,59.98,19.07,2.0,0.0
20050421:1209,268.0,370.0,0.0,50.94,19.11,3.24,0.0
20050421:1309,243.0,301.0,0.0,39.99,18.96,3.31,0.0
20050421:1409,0.0,53.0,0.0,28.25,18.75,2.21,0.0
20050421:1509,0.0,96.0,0.0,16.27,18.61,0.28,0.0
20050421:1609,4.0,44.22,0.0,4.38,17.96,2.21,0.0
20050421:1709,0.0,0.0,0.0,0.0,17.92,3.79,0.0
20050421:1809,0.0,0.0,0.0,0.0,17.49,4.48,0.0
20050421:1909,0.0,0.0,0.0,0.0,17.82,4.28,0.0
20050421:2009,0.0,0.0,0.0,0.0,17.45,4.21,0.0
20050421:2109,0.0,0.0,0.0,0.0,17.58,4.55,0.0
20050421:2209,0.0,0.0,0.0,0.0,18.01,4.48,0.0
20050421:2309,0.0,0.0,0.0,0.0,18.04,3.79,0.0
20050422:0009,0.0,0.0,0.0,0.0,17.92,3.1,0.0
20050422:0109,0.0,0.0,0.0,0.0,17.95,2.48,0.0
20050422:0209,0.0,0.0,0.0,0.0,17.97,2.41,0.0
20050422:0309,0.0,0.0,0.0,0.0,17.76,2.62,0.0
20050422:0409,0.0,6.0,0.0,10.06,17.74,2.76,0.0
20050422:0509,4.0,107.0,0.0,22.03,18.35,3.1,0.0
20050422:0609,9.0,193.0,0.0,33.95,18.47,2.9,0.0
20050422:0709,15.0,277.0,0.0,45.43,18.48,2.34,0.0
20050422:0809,81.0,387.0,0.0,55.74,19.49,2.69,0.0
20050422:0909,34.0,399.0,0.0,63.24,19.38,2.83,0.0
20050422:1009,265.0,431.0,0.0,65.11,19.36,2.0,0.0
20050422:1109,614.0,243.0,0.0,60.25,19.11,2.34,0.0
20050422:1209,545.0,228.0,0.0,51.14,18.51,3.86,0.0
20050422:1309,393.0,227.0,0.0,40.16,18.24,4.28,0.0
20050422:1409,223.0,205.0,0.0,28.4,17.6,3.52,0.0
20050422:1509,9.0,131.0,0.0,16.42,17.51,2.28,0.0
20050422:1609,7.0,46.73,0.0,4.54,17.47,1.66,0.0
20050422:1709,0.0,0.0,0.0,0.0,17.12,1.59,0.0
20050422:1809,0.0,0.0,0.0,0.0,16.67,0.97,0.0
20050422:1909,0.0,0.0,0.0,0.0,16.87,1.17,0.0
20050422:2009,0.0,0.0,0.0,0.0,16.75,1.52,0.0
20050422:2109,0.0,0.0,0.0,0.0,16.85,2.28,0.0
20050422:2209,0.0,0.0,0.0,0.0,16.22,1.59,0.0
20050422:2309,0.0,0.0,0.0,0.0,16.14,0.48,0.0
20050423:0009,0.0,0.0,0.0,0.0,16.09,0.62,0.0
20050423:0109,0.0,0.0,0.0,0.0,16.07,0.83,0.0
20050423:0209,0.0,0.0,0.0,0.0,15.79,0.83,0.0
20050423:0309,0.0,0.0,0.0,0.0,15.91,0.62,0.0
20050423:0409,0.0,9.0,0.0,10.3,15.78,0.9,0.0
20050423:0509,0.0,37.0,0.0,22.26,16.38,0.9,0.0
20050423:0609,12.0,202.0,0.0,34.18,16.33,1.31,0.0
20050423:0709,28.0,297.0,0.0,45.69,16.49,2.14,0.0
20050423:0809,222.0,376.0,0.0,56.03,17.18,3.1,0.0
20050423:0909,32.0,399.0,0.0,63.57,17.7,4.28,0.0
20050423:1009,245.0,440.0,0.0,65.44,18.16,4.14,0.0
20050423:1109,538.0,291.0,0.0,60.51,18.28,4.48,0.0
20050423:1209,626.0,182.0,0.0,51.35,18.44,3.52,0.0
20050423:1309,510.0,161.0,0.0,40.32,18.49,3.59,0.0
20050423:1409,337.0,147.0,0.0,28.56,18.48,2.07,0.0
20050423:1509,175.0,109.0,0.0,16.58,17.71,1.03,0.0
20050423:1609,48.0,27.79,0.0,4.7,17.32,2.41,0.0
20050423:1709,0.0,0.0,0.0,0.0,16.62,2.83,0.0
20050423:1809,0.0,0.0,0.0,0.0,16.45,3.1,0.0
20050423:1909,0.0,0.0,0.0,0.0,16.58,3.59,0.0
20050423:2009,0.0,0.0,0.0,0.0,16.03,3.52,0.0
20050423:2109,0.0,0.0,0.0,0.0,16.14,3.1,0.0
20050423:2209,0.0,0.0,0.0,0.0,15.69,3.03,0.0
20050423:2309,0.0,0.0,0.0,0.0,15.5,3.1,0.0
20050424:0009,0.0,0.0,0.0,0.0,15.44,3.45,0.0
20050424:0109,0.0,0.0,0.0,0.0,15.32,3.79,0.0
20050424:0209,0.0,0.0,0.0,0.0,15.1,4.21,0.0
20050424:0309,0.0,0.0,0.0,0.0,14.92,4.55,0.0
20050424:0409,6.0,39.0,0.0,10.53,14.94,4.9,0.0
20050424:0509,180.0,93.0,0.0,22.49,16.46,5.1,0.0
20050424:0609,365.0,123.0,0.0,34.42,17.52,4.97,0.0
20050424:0709,550.0,137.0,0.0,45.94,18.41,5.1,0.0
20050424:0809,671.0,159.0,0.0,56.31,20.0,4.41,0.0
20050424:0909,787.01,154.0,0.0,63.9,20.3,3.24,0.0
20050424:1009,824.01,155.0,0.0,65.76,21.0,1.86,0.0
20050424:1109,776.01,165.0,0.0,60.77,20.91,1.45,0.0
20050424:1209,699.0,155.0,0.0,51.55,20.61,2.97,0.0
20050424:1309,576.0,139.0,0.0,40.49,20.64,3.93,0.0
20050424:1409,358.0,146.0,0.0,28.71,20.49,4.28,0.0
20050424:1509,177.0,115.0,0.0,16.73,20.27,4.07,0.0
20050424:1609,34.0,39.38,0.0,4.86,19.95,3.52,0.0
20050424:1709,0.0,0.0,0.0,0.0,19.47,3.38,0.0
20050424:1809,0.0,0.0,0.0,0.0,18.55,3.24,0.0
20050424:1909,0.0,0.0,0.0,0.0,18.2,3.52,0.0
20050424:2009,0.0,0.0,0.0,0.0,17.73,4.07,0.0
20050424:2109,0.0,0.0,0.0,0.0,17.79,4.41,0.0
20050424:2209,0.0,0.0,0.0,0.0,17.87,4.55,0.0
20050424:2309,0.0,0.0,0.0,0.0,17.57,4.83,0.0
20050425:0009,0.0,0.0,0.0,0.0,17.35,4.83,0.0
20050425:0109,0.0,0.0,0.0,0.0,17.12,4.76,0.0
20050425:0209,0.0,0.0,0.0,0.0,16.52,4.83,0.0
20050425:0309,0.0,0.0,0.0,0.0,16.22,4.83,0.0
20050425:0409,7.0,42.0,0.0,10.76,16.01,4.9,0.0
20050425:0509,188.0,92.0,0.0,22.71,17.32,4.76,0.0
20050425:0609,377.0,120.0,0.0,34.65,18.42,4.55,0.0
20050425:0709,558.0,136.0,0.0,46.19,19.26,4.34,0.0
20050425:0809,679.0,158.0,0.0,56.59,20.91,4.07,0.0
20050425:0909,774.01,164.0,0.0,64.22,21.12,3.24,0.0
20050425:1009,810.01,166.0,0.0,66.08,21.79,2.0,0.0
20050425:1109,783.01,165.0,0.0,61.02,21.74,0.76,0.0
20050425:1209,706.0,155.0,0.0,51.74,21.87,1.66,0.0
20050425:1309,583.0,138.0,0.0,40.65,21.73,3.1,0.0
20050425:1409,432.0,110.0,0.0,28.86,21.6,4.21,0.0
20050425:1509,232.0,91.0,0.0,16.88,21.28,4.21,0.0
20050425:1609,56.0,26.33,0.0,5.02,20.82,4.0,0.0
20050425:1709,0.0,0.0,0.0,0.0,20.4,3.66,0.0
20050425:1809,0.0,0.0,0.0,0.0,19.02,3.03,0.0
20050425:1909,0.0,0.0,0.0,0.0,18.66,2.41,0.0
20050425:2009,0.0,0.0,0.0,0.0,18.03,2.07,0.0
20050425:2109,0.0,0.0,0.0,0.0,18.04,1.93,0.0
20050425:2209,0.0,0.0,0.0,0.0,17.19,2.14,0.0
20050425:2309,0.0,0.0,0.0,0.0,17.19,2.34,0.0
20050426:0009,0.0,0.0,0.0,0.0,17.2,2.48,0.0
20050426:0109,0.0,0.0,0.0,0.0,17.17,2.76,0.0
20050426:0209,0.0,0.0,0.0,0.0,16.83,3.24,0.0
20050426:0309,0.0,0.0,0.0,0.0,16.75,3.38,0.0
20050426:0409,3.0,38.0,0.0,10.98,16.78,3.31,0.0
20050426:0509,152.0,107.0,0.0,22.93,18.13,3.38,0.0
20050426:0609,360.0,124.0,0.0,34.87,19.41,2.62,0.0
20050426:0709,535.0,140.0,0.0,46.43,20.35,1.24,0.0
20050426:0809,653.0,162.0,0.0,56.87,21.11,1.03,0.0
20050426:0909,766.01,157.0,0.0,64.54,21.22,2.41,0.0
20050426:1009,743.01,192.0,0.0,66.4,21.87,3.86,0.0
20050426:1109,704.01,199.0,0.0,61.27,21.84,5.03,0.0
20050426:1209,506.0,261.0,0.0,51.94,21.76,5.03,0.0
20050426:1309,343.0,262.0,0.0,40.82,21.46,4.62,0.0
20050426:1409,227.0,211.0,0.0,29.01,20.58,3.66,0.0
20050426:1509,96.0,149.0,0.0,17.03,19.79,2.28,0.0
20050426:1609,3.0,48.77,0.0,5.18,19.43,1.03,0.0
20050426:1709,0.0,0.0,0.0,0.0,18.24,1.24,0.0
20050426:1809,0.0,0.0,0.0,0.0,17.78,1.79,0.0
20050426:1909,0.0,0.0,0.0,0.0,17.94,1.93,0.0
20050426:2009,0.0,0.0,0.0,0.0,17.75,1.86,0.0
20050426:2109,0.0,0.0,0.0,0.0,17.94,1.72,0.0
20050426:2209,0.0,0.0,0.0,0.0,16.96,1.79,0.0
20050426:2309,0.0,0.0,0.0,0.0,17.02,1.31,0.0
20050427:0009,0.0,0.0,0.0,0.0,16.86,1.45,0.0
20050427:0109,0.0,0.0,0.0,0.0,16.87,1.52,0.0
20050427:0209,0.0,0.0,0.0,0.0,16.69,1.52,0.0
20050427:0309,0.0,0.0,0.0,0.0,16.8,1.72,0.0
20050427:0409,2.0,38.0,0.0,11.2,17.27,1.66,0.0
20050427:0509,83.0,138.0,0.0,23.15,18.51,1.17,0.0
20050427:0609,52.0,240.0,0.0,35.09,19.73,1.79,0.0
20050427:0709,185.0,317.0,0.0,46.66,18.94,3.03,0.0
20050427:0809,234.0,381.0,0.0,57.14,19.6,3.38,0.0
20050427:0909,499.0,315.0,0.0,64.85,19.32,3.03,0.0
20050427:1009,689.01,227.0,0.0,66.71,19.12,3.86,0.0
20050427:1109,734.01,181.0,0.0,61.52,19.45,3.31,0.0
20050427:1209,663.0,168.0,0.0,52.13,19.57,3.17,0.0
20050427:1309,546.0,149.0,0.0,40.98,19.47,2.41,0.0
20050427:1409,355.0,144.0,0.0,29.16,19.3,1.45,0.0
20050427:1509,179.0,114.0,0.0,17.18,19.49,0.76,0.0
20050427:1609,29.0,45.38,0.0,5.34,19.32,0.76,0.0
20050427:1709,0.0,0.0,0.0,0.0,18.71,0.55,0.0
20050427:1809,0.0,0.0,0.0,0.0,18.63,1.1,0.0
20050427:1909,0.0,0.0,0.0,0.0,18.6,1.66,0.0
20050427:2009,0.0,0.0,0.0,0.0,17.56,2.0,0.0
20050427:2109,0.0,0.0,0.0,0.0,17.6,1.93,0.0
20050427:2209,0.0,0.0,0.0,0.0,16.92,1.38,0.0
20050427:2309,0.0,0.0,0.0,0.0,17.02,1.24,0.0
20050428:0009,0.0,0.0,0.0,0.0,17.14,1.52,0.0
20050428:0109,0.0,0.0,0.0,0.0,17.15,2.0,0.0
20050428:0209,0.0,0.0,0.0,0.0,16.96,2.69,0.0
20050428:0309,0.0,0.0,0.0,0.0,17.1,3.38,0.0
20050428:0409,3.0,41.0,0.0,11.42,17.14,4.14,0.0
20050428:0509,186.0,97.0,0.0,23.36,18.54,4.76,0.0
20050428:0609,382.0,121.0,0.0,35.31,19.54,5.31,0.0
20050428:0709,540.0,146.0,0.0,46.9,20.21,5.79,0.0
20050428:0809,683.0,155.0,0.0,57.4,21.35,5.38,0.0
20050428:0909,809.01,144.0,0.0,65.16,21.73,4.62,0.0
20050428:1009,813.01,162.0,0.0,67.02,22.19,3.93,0.0
20050428:1109,796.01,156.0,0.0,61.77,22.25,2.97,0.0
20050428:1209,718.0,146.0,0.0,52.32,22.21,1.59,0.0
20050428:1309,614.0,120.0,0.0,41.14,22.14,0.97,0.0
20050428:1409,386.0,133.0,0.0,29.31,21.9,2.21,0.0
20050428:1509,206.0,104.0,0.0,17.33,21.59,3.1,0.0
20050428:1609,42.0,39.15,0.0,5.5,21.43,3.17,0.0
20050428:1709,0.0,0.0,0.0,0.0,20.8,2.69,0.0
20050428:1809,0.0,0.0,0.0,0.0,19.46,1.72,0.0
20050428:1909,0.0,0.0,0.0,0.0,19.26,1.79,0.0
20050428:2009,0.0,0.0,0.0,0.0,18.58,2.14,0.0
20050428:2109,0.0,0.0,0.0,0.0,18.36,2.34,0.0
20050428:2209,0.0,0.0,0.0,0.0,17.47,2.34,0.0
20050428:2309,0.0,0.0,0.0,0.0,17.47,2.55,0.0
20050429:0009,0.0,0.0,0.0,0.0,17.49,3.03,0.0
20050429:0109,0.0,0.0,0.0,0.0,17.34,3.45,0.0
20050429:0209,0.0,0.0,0.0,0.0,17.04,3.52,0.0
20050429:0309,0.0,0.0,0.0,0.0,16.86,3.52,0.0
20050429:0409,0.0,13.0,0.0,11.63,16.9,3.24,0.0
20050429:0509,158.0,113.0,0.0,23.57,17.96,2.83,0.0
20050429:0609,296.0,167.0,0.0,35.52,18.49,1.72,0.0
20050429:0709,271.0,291.0,0.0,47.12,18.84,1.1,0.0
20050429:0809,334.0,348.0,0.0,57.66,19.48,1.66,0.0
20050429:0909,85.0,447.0,0.0,65.46,19.36,2.28,0.0
20050429:1009,1.0,316.0,0.0,67.32,19.52,2.41,0.0
20050429:1109,665.0,232.0,0.0,62.01,19.52,3.17,0.0
20050429:1209,695.0,157.0,0.0,52.51,19.59,3.93,0.0
20050429:1309,417.0,230.0,0.0,41.3,19.19,4.55,0.0
20050429:1409,182.0,237.0,0.0,29.46,18.44,4.41,0.0
20050429:1509,74.0,160.0,0.0,17.47,18.24,3.66,0.0
20050429:1609,8.0,55.45,0.0,5.66,18.02,2.9,0.0
20050429:1709,0.0,0.0,0.0,0.0,16.81,1.93,0.0
20050429:1809,0.0,0.0,0.0,0.0,16.72,1.66,0.0
20050429:1909,0.0,0.0,0.0,0.0,16.44,1.79,0.0
20050429:2009,0.0,0.0,0.0,0.0,15.97,2.14,0.0
20050429:2109,0.0,0.0,0.0,0.0,15.86,2.69,0.0
20050429:2209,0.0,0.0,0.0,0.0,15.4,2.14,0.0
20050429:2309,0.0,0.0,0.0,0.0,15.62,2.69,0.0
20050430:0009,0.0,0.0,0.0,0.0,15.49,2.55,0.0
20050430:0109,0.0,0.0,0.0,0.0,15.22,3.52,0.0
20050430:0209,0.0,0.0,0.0,0.0,15.02,4.55,0.0
20050430:0309,0.0,0.0,0.0,0.0,15.33,5.59,0.0
20050430:0409,0.0,21.0,0.0,11.84,15.54,5.03,0.0
20050430:0509,194.0,98.0,0.0,23.77,16.52,4.69,0.0
20050430:0609,405.0,113.0,0.0,35.73,16.99,5.52,0.0
20050430:0709,554.0,142.0,0.0,47.34,17.56,5.86,0.0
20050430:0809,688.0,156.0,0.0,57.92,18.67,4.97,0.0
20050430:0909,814.01,144.0,0.0,65.76,19.13,3.79,0.0
20050430:1009,840.01,150.0,0.0,67.62,19.39,4.07,0.0
20050430:1109,845.01,132.0,0.0,62.25,19.32,3.03,0.0
20050430:1209,742.0,136.0,0.0,52.69,19.0,2.69,0.0
20050430:1309,502.0,185.0,0.0,41.45,18.55,3.59,0.0
20050430:1409,412.0,123.0,0.0,29.6,18.74,5.31,0.0
20050430:1509,236.0,94.0,0.0,17.62,18.14,5.86,0.0
20050430:1609,47.0,59.0,0.0,5.81,18.09,5.31,0.0
20050430:1709,0.0,0.0,0.0,0.0,17.16,4.48,0.0
20050430:1809,0.0,0.0,0.0,0.0,17.03,2.76,0.0
20050430:1909,0.0,0.0,0.0,0.0,16.83,1.38,0.0
20050430:2009,0.0,0.0,0.0,0.0,16.15,1.86,0.0
20050430:2109,0.0,0.0,0.0,0.0,15.8,2.62,0.0
20050430:2209,0.0,0.0,0.0,0.0,16.02,3.24,0.0
20050430:2309,0.0,0.0,0.0,0.0,16.13,3.72,0.0
20050501:0009,0.0,0.0,0.0,0.0,16.04,4.76,0.0
20050501:0109,0.0,0.0,0.0,0.0,15.83,5.52,0.0
20050501:0209,0.0,0.0,0.0,0.0,15.49,6.0,0.0
20050501:0309,0.0,0.0,0.0,0.0,15.46,6.34,0.0
20050501:0409,34.0,52.0,0.0,12.04,15.29,6.62,0.0
20050501:0509,215.0,91.0,0.0,23.96,16.28,6.76,0.0
20050501:0609,390.0,122.0,0.0,35.93,16.75,7.31,0.0
20050501:0709,565.0,139.0,0.0,47.56,17.32,6.9,0.0
20050501:0809,653.0,181.0,0.0,58.17,18.54,6.14,0.0
20050501:0909,782.01,164.0,0.0,66.05,19.27,5.17,0.0
20050501:1009,816.01,166.0,0.0,67.92,19.97,4.55,0.0
20050501:1109,747.01,190.0,0.0,62.48,20.07,3.86,0.0
20050501:1209,704.0,158.0,0.0,52.87,20.12,2.83,0.0
20050501:1309,528.0,173.0,0.0,41.61,20.03,1.52,0.0
20050501:1409,379.0,143.0,0.0,29.75,19.8,0.41,0.0
20050501:1509,210.0,108.0,0.0,17.77,19.77,0.69,0.0
20050501:1609,13.0,65.0,0.0,5.97,19.13,2.14,0.0
20050501:1709,0.0,0.0,0.0,0.0,18.01,4.55,0.0
20050501:1809,0.0,0.0,0.0,0.0,19.03,5.93,0.0
20050501:1909,0.0,0.0,0.0,0.0,19.06,6.62,0.0
20050501:2009,0.0,0.0,0.0,0.0,18.28,6.41,0.0
20050501:2109,0.0,0.0,0.0,0.0,17.84,6.28,0.0
20050501:2209,0.0,0.0,0.0,0.0,17.06,6.14,0.0
20050501:2309,0.0,0.0,0.0,0.0,16.69,5.59,0.0
20050502:0009,0.0,0.0,0.0,0.0,16.44,5.45,0.0
20050502:0109,0.0,0.0,0.0,0.0,16.21,5.31,0.0
20050502:0209,0.0,0.0,0.0,0.0,15.79,5.24,0.0
20050502:0309,0.0,0.0,0.0,0.0,15.53,5.31,0.0
20050502:0409,28.0,55.0,0.0,12.24,15.45,5.59,0.0
20050502:0509,186.0,106.0,0.0,24.16,16.43,6.14,0.0
20050502:0609,358.0,140.0,0.0,36.12,16.89,7.59,0.0
20050502:0709,518.0,165.0,0.0,47.77,17.49,7.52,0.0
20050502:0809,398.0,325.0,0.0,58.41,18.67,6.76,0.0
20050502:0909,198.0,453.0,0.0,66.34,19.45,5.59,0.0
20050502:1009,634.0,276.0,0.0,68.21,20.27,5.66,0.0
20050502:1109,27.0,408.0,0.0,62.71,20.43,5.72,0.0
20050502:1209,162.0,417.0,0.0,53.05,20.74,5.52,0.0
20050502:1309,131.0,351.0,0.0,41.76,20.73,4.76,0.0
20050502:1409,0.0,128.0,0.0,29.89,20.63,3.93,0.0
20050502:1509,74.0,164.0,0.0,17.91,20.37,3.59,0.0
20050502:1609,1.0,46.0,0.0,6.12,20.29,3.66,0.0
20050502:1709,0.0,0.0,0.0,0.0,19.43,3.79,0.0
20050502:1809,0.0,0.0,0.0,0.0,19.02,0.0,0.0
20050502:1909,0.0,0.0,0.0,0.0,18.8,0.0,0.0
20050502:2009,0.0,0.0,0.0,0.0,18.27,5.1,0.0
20050502:2109,0.0,0.0,0.0,0.0,18.1,5.24,0.0
20050502:2209,0.0,0.0,0.0,0.0,17.26,5.45,0.0
20050502:2309,0.0,0.0,0.0,0.0,16.97,5.45,0.0
20050503:0009,0.0,0.0,0.0,0.0,16.89,5.52,0.0
20050503:0109,0.0,0.0,0.0,0.0,16.81,5.52,0.0
20050503:0209,0.0,0.0,0.0,0.0,16.39,5.66,0.0
20050503:0309,0.0,0.0,0.0,0.0,16.27,5.59,0.0
20050503:0409,22.0,57.0,0.0,12.43,16.09,5.66,0.0
20050503:0509,173.0,114.0,0.0,24.35,17.54,5.52,0.0
20050503:0609,337.0,153.0,0.0,36.31,18.35,5.66,0.0
20050503:0709,561.0,140.0,0.0,47.98,19.05,6.62,0.0
20050503:0809,684.0,159.0,0.0,58.65,20.58,6.48,0.0
20050503:0909,719.0,200.0,0.0,66.63,21.09,6.0,0.0
20050503:1009,795.01,175.0,0.0,68.5,22.1,5.38,0.0
20050503:1109,739.0,192.0,0.0,62.94,22.56,4.48,0.0
20050503:1209,189.0,412.0,0.0,53.23,22.67,3.86,0.0
20050503:1309,227.0,326.0,0.0,41.91,22.98,3.1,0.0
20050503:1409,200.0,236.0,0.0,30.03,24.53,2.48,0.0
20050503:1509,196.0,116.0,0.0,18.06,23.32,1.52,0.0
20050503:1609,1.0,48.0,0.0,6.28,21.96,0.21,0.0
20050503:1709,0.0,0.0,0.0,0.0,22.36,0.83,0.0
20050503:1809,0.0,0.0,0.0,0.0,20.77,1.93,0.0
20050503:1909,0.0,0.0,0.0,0.0,20.55,2.9,0.0
20050503:2009,0.0,0.0,0.0,0.0,19.73,3.52,0.0
20050503:2109,0.0,0.0,0.0,0.0,19.25,3.93,0.0
20050503:2209,0.0,0.0,0.0,0.0,18.44,3.38,0.0
20050503:2309,0.0,0.0,0.0,0.0,18.33,3.24,0.0
20050504:0009,0.0,0.0,0.0,0.0,18.16,3.52,0.0
20050504:0109,0.0,0.0,0.0,0.0,18.04,4.0,0.0
20050504:0209,0.0,0.0,0.0,0.0,17.47,4.48,0.0
20050504:0309,0.0,0.0,0.0,0.0,16.86,4.9,0.0
20050504:0409,37.0,57.0,0.0,12.62,16.69,5.79,0.0
20050504:0509,220.0,95.0,0.0,24.53,17.0,6.76,0.0
20050504:0609,394.0,128.0,0.0,36.5,16.8,7.52,0.0
20050504:0709,0.0,0.0,0.0,0.0,16.97,7.31,0.0
20050504:0809,643.0,196.0,0.0,58.88,18.28,6.69,0.0
20050504:0909,785.01,171.0,0.0,66.91,18.88,5.66,0.0
20050504:1009,788.01,193.0,0.0,68.78,20.35,4.48,0.0
20050504:1109,762.0,190.0,0.0,63.17,20.58,3.66,0.0
20050504:1209,654.0,198.0,0.0,53.4,20.68,2.83,0.0
20050504:1309,520.0,186.0,0.0,42.06,20.72,2.14,0.0
20050504:1409,337.0,175.0,0.0,30.17,20.63,1.24,0.0
20050504:1509,229.0,104.0,0.0,18.2,20.44,1.24,0.0
20050504:1609,16.0,70.0,0.0,6.43,19.73,2.69,0.0
20050504:1709,0.0,0.0,0.0,0.0,19.75,3.45,0.0
20050504:1809,0.0,0.0,0.0,0.0,19.29,3.72,0.0
20050504:1909,0.0,0.0,0.0,0.0,19.17,3.31,0.0
20050504:2009,0.0,0.0,0.0,0.0,17.72,2.9,0.0
20050504:2109,0.0,0.0,0.0,0.0,17.16,2.48,0.0
20050504:2209,0.0,0.0,0.0,0.0,16.77,2.0,0.0
20050504:2309,0.0,0.0,0.0,0.0,16.84,1.45,0.0
20050505:0009,0.0,0.0,0.0,0.0,16.67,1.24,0.0
20050505:0109,0.0,0.0,0.0,0.0,16.7,1.31,0.0
20050505:0209,0.0,0.0,0.0,0.0,16.52,1.45,0.0
20050505:0309,0.0,0.0,0.0,0.0,16.39,1.79,0.0
20050505:0409,37.0,57.0,0.0,12.8,16.1,1.86,0.0
20050505:0509,212.0,97.0,0.0,24.71,17.44,1.66,0.0
20050505:0609,379.0,130.0,0.0,36.68,18.38,0.83,0.0
20050505:0709,547.0,148.0,0.0,48.37,18.89,1.1,0.0
20050505:0809,693.0,155.0,0.0,59.1,20.01,2.34,0.0
20050505:0909,732.0,191.0,0.0,67.18,19.76,3.45,0.0
20050505:1009,793.01,176.0,0.0,69.06,20.1,4.28,0.0
20050505:1109,790.0,161.0,0.0,63.39,20.14,5.38,0.0
20050505:1209,658.0,184.0,0.0,53.58,20.0,5.72,0.0
20050505:1309,502.0,187.0,0.0,42.21,20.0,4.9,0.0
20050505:1409,81.0,266.0,0.0,30.31,19.95,3.93,0.0
20050505:1509,45.0,168.0,0.0,18.34,19.74,2.9,0.0
20050505:1609,12.0,68.0,0.0,6.58,19.27,2.21,0.0
20050505:1709,0.0,0.0,0.0,0.0,18.1,1.59,0.0
20050505:1809,0.0,0.0,0.0,0.0,17.65,1.38,0.0
20050505:1909,0.0,0.0,0.0,0.0,17.55,1.31,0.0
20050505:2009,0.0,0.0,0.0,0.0,16.75,1.17,0.0
20050505:2109,0.0,0.0,0.0,0.0,16.93,0.97,0.0
20050505:2209,0.0,0.0,0.0,0.0,16.72,0.83,0.0
20050505:2309,0.0,0.0,0.0,0.0,16.47,0.83,0.0
20050506:0009,0.0,0.0,0.0,0.0,16.54,0.83,0.0
20050506:0109,0.0,0.0,0.0,0.0,16.5,1.17,0.0
20050506:0209,0.0,0.0,0.0,0.0,16.5,1.38,0.0
20050506:0309,0.0,0.0,0.0,0.0,16.61,1.03,0.0
20050506:0409,0.0,9.0,0.0,12.98,16.87,0.28,0.0
20050506:0509,161.0,120.0,0.0,24.88,18.11,0.69,0.0
20050506:0609,24.0,234.0,0.0,36.86,18.33,1.66,0.0
20050506:0709,37.0,319.0,0.0,48.56,18.15,2.41,0.0
20050506:0809,318.0,353.0,0.0,59.32,18.71,3.17,0.0
20050506:0909,118.0,450.0,0.0,67.45,18.66,3.86,0.0
20050506:1009,518.0,328.0,0.0,69.34,18.76,3.93,0.0
20050506:1109,373.0,385.0,0.0,63.6,18.63,4.62,0.0
20050506:1209,637.0,185.0,0.0,53.75,18.64,4.21,0.0
20050506:1309,425.0,223.0,0.0,42.36,18.87,3.59,0.0
20050506:1409,113.0,259.0,0.0,30.45,18.42,3.24,0.0
20050506:1509,76.0,164.0,0.0,18.48,18.48,2.83,0.0
20050506:1609,2.0,55.0,0.0,6.74,18.38,1.93,0.0
20050506:1709,0.0,0.0,0.0,0.0,17.65,0.97,0.0
20050506:1809,0.0,0.0,0.0,0.0,18.03,0.48,0.0
20050506:1909,0.0,0.0,0.0,0.0,17.93,0.83,0.0
20050506:2009,0.0,0.0,0.0,0.0,18.0,0.83,0.0
20050506:2109,0.0,0.0,0.0,0.0,17.99,0.9,0.0
20050506:2209,0.0,0.0,0.0,0.0,17.47,0.55,0.0
20050506:2309,0.0,0.0,0.0,0.0,17.21,0.76,0.0
20050507:0009,0.0,0.0,0.0,0.0,17.12,0.76,0.0
20050507:0109,0.0,0.0,0.0,0.0,17.03,0.76,0.0
20050507:0209,0.0,0.0,0.0,0.0,17.01,0.34,0.0
20050507:0309,0.0,0.0,0.0,0.0,16.94,0.21,0.0
20050507:0409,7.0,57.0,0.0,13.16,17.19,0.48,0.0
20050507:0509,11.0,139.0,0.0,25.05,17.7,0.21,0.0
20050507:0609,44.0,249.0,0.0,37.03,17.73,2.0,0.0
20050507:0709,150.0,336.0,0.0,48.74,17.87,3.17,0.0
20050507:0809,284.0,371.0,0.0,59.54,18.37,3.66,0.0
20050507:0909,306.0,414.0,0.0,67.71,18.41,4.07,0.0
20050507:1009,17.0,395.0,0.0,69.61,18.98,4.0,0.0
20050507:1109,69.0,444.0,0.0,63.82,19.08,4.41,0.0
20050507:1209,5.0,313.0,0.0,53.91,19.08,4.55,0.0
20050507:1309,90.0,349.0,0.0,42.5,19.08,4.55,0.0
20050507:1409,206.0,231.0,0.0,30.59,18.81,4.0,0.0
20050507:1509,92.0,162.0,0.0,18.63,18.7,3.31,0.0
20050507:1609,10.0,67.0,0.0,6.89,18.7,2.41,0.0
20050507:1709,0.0,0.0,0.0,0.0,18.09,2.14,0.0
20050507:1809,0.0,0.0,0.0,0.0,18.12,2.21,0.0
20050507:1909,0.0,0.0,0.0,0.0,18.04,1.45,0.0
20050507:2009,0.0,0.0,0.0,0.0,17.16,1.03,0.0
20050507:2109,0.0,0.0,0.0,0.0,17.14,1.24,0.0
20050507:2209,0.0,0.0,0.0,0.0,16.34,0.97,0.0
20050507:2309,0.0,0.0,0.0,0.0,16.4,1.79,0.0
20050508:0009,0.0,0.0,0.0,0.0,16.7,1.72,0.0
20050508:0109,0.0,0.0,0.0,0.0,16.48,1.45,0.0
20050508:0209,0.0,0.0,0.0,0.0,16.3,1.31,0.0
20050508:0309,0.0,0.0,0.0,0.0,16.13,0.69,0.0
20050508:0409,57.0,55.0,0.0,13.32,15.71,3.31,0.0
20050508:0509,35.0,159.0,0.0,25.21,15.68,4.48,0.0
20050508:0609,315.0,169.0,0.0,37.19,15.73,4.34,0.0
20050508:0709,506.0,174.0,0.0,48.92,15.57,3.72,0.0
20050508:0809,607.0,206.0,0.0,59.75,15.76,2.62,0.0
20050508:0909,0.0,253.0,0.0,67.96,16.38,2.07,0.0
20050508:1009,614.0,283.0,0.0,69.88,18.06,1.72,0.0
20050508:1109,513.0,323.0,0.0,64.03,17.7,2.76,0.0
20050508:1209,629.0,200.0,0.0,54.08,17.99,3.17,0.0
20050508:1309,420.0,234.0,0.0,42.65,17.21,1.17,0.0
20050508:1409,0.0,105.0,0.0,30.73,17.45,1.31,0.0
20050508:1509,132.0,151.0,0.0,18.77,17.52,2.97,0.0
20050508:1609,17.0,72.0,0.0,7.04,17.8,2.34,0.0
20050508:1709,0.0,0.0,0.0,0.0,17.34,1.66,0.0
20050508:1809,0.0,0.0,0.0,0.0,17.46,1.1,0.0
20050508:1909,0.0,0.0,0.0,0.0,17.36,0.69,0.0
20050508:2009,0.0,0.0,0.0,0.0,16.64,0.69,0.0
20050508:2109,0.0,0.0,0.0,0.0,16.38,0.69,0.0
20050508:2209,0.0,0.0,0.0,0.0,15.76,0.9,0.0
20050508:2309,0.0,0.0,0.0,0.0,15.62,1.1,0.0
20050509:0009,0.0,0.0,0.0,0.0,15.44,1.38,0.0
20050509:0109,0.0,0.0,0.0,0.0,15.55,1.66,0.0
20050509:0209,0.0,0.0,0.0,0.0,15.53,1.93,0.0
20050509:0309,0.0,0.0,0.0,0.0,15.64,2.0,0.0
20050509:0409,0.0,19.0,0.0,13.49,15.87,1.86,0.0
20050509:0509,226.0,96.0,0.0,25.37,17.91,1.17,0.0
20050509:0609,391.0,130.0,0.0,37.35,18.61,0.62,0.0
20050509:0709,560.0,146.0,0.0,49.09,18.95,1.52,0.0
20050509:0809,717.0,145.0,0.0,59.95,19.8,2.62,0.0
20050509:0909,777.0,166.0,0.0,68.22,19.6,3.52,0.0
20050509:1009,796.0,176.0,0.0,70.14,19.66,0.0,0.0
20050509:1109,770.0,174.0,0.0,64.24,19.68,0.0,0.0
20050509:1209,708.0,156.0,0.0,54.24,19.99,4.69,0.0
20050509:1309,537.0,169.0,0.0,42.79,20.05,4.21,0.0
20050509:1409,403.0,134.0,0.0,30.87,19.88,3.86,0.0
20050509:1509,231.0,104.0,0.0,18.9,19.64,3.03,0.0
20050509:1609,19.0,73.0,0.0,7.19,19.53,2.21,0.0
20050509:1709,0.0,0.0,0.0,0.0,18.95,1.1,0.0
20050509:1809,0.0,0.0,0.0,0.0,18.35,0.41,0.0
20050509:1909,0.0,0.0,0.0,0.0,17.75,1.24,0.0
20050509:2009,0.0,0.0,0.0,0.0,16.59,1.59,0.0
20050509:2109,0.0,0.0,0.0,0.0,16.21,1.38,0.0
20050509:2209,0.0,0.0,0.0,0.0,15.4,1.24,0.0
20050509:2309,0.0,0.0,0.0,0.0,15.38,0.83,0.0
20050510:0009,0.0,0.0,0.0,0.0,15.31,0.62,0.0
20050510:0109,0.0,0.0,0.0,0.0,15.33,0.97,0.0
20050510:0209,0.0,0.0,0.0,0.0,15.21,1.31,0.0
20050510:0309,0.0,0.0,0.0,0.0,15.29,1.52,0.0
20050510:0409,26.0,67.0,0.0,13.65,15.64,1.38,0.0
20050510:0509,206.0,109.0,0.0,25.52,17.56,0.76,0.0
20050510:0609,314.0,178.0,0.0,37.51,17.88,0.62,0.0
20050510:0709,569.0,146.0,0.0,49.26,17.97,1.31,0.0
20050510:0809,727.0,145.0,0.0,60.14,19.12,2.14,0.0
20050510:0909,798.0,160.0,0.0,68.46,19.21,3.03,0.0
20050510:1009,807.0,175.0,0.0,70.4,19.9,3.59,0.0
20050510:1109,804.0,160.0,0.0,64.44,20.14,4.41,0.0
20050510:1209,718.0,156.0,0.0,54.4,20.26,4.55,0.0
20050510:1309,592.0,142.0,0.0,42.93,20.45,4.14,0.0
20050510:1409,428.0,125.0,0.0,31.0,20.48,3.79,0.0
20050510:1509,222.0,112.0,0.0,19.04,20.26,3.17,0.0
20050510:1609,16.0,75.0,0.0,7.33,20.08,2.41,0.0
20050510:1709,0.0,0.0,0.0,0.0,19.09,1.52,0.0
20050510:1809,0.0,0.0,0.0,0.0,18.81,0.69,0.0
20050510:1909,0.0,0.0,0.0,0.0,18.87,0.62,0.0
20050510:2009,0.0,0.0,0.0,0.0,17.84,0.83,0.0
20050510:2109,0.0,0.0,0.0,0.0,17.35,1.1,0.0
20050510:2209,0.0,0.0,0.0,0.0,16.76,1.45,0.0
20050510:2309,0.0,0.0,0.0,0.0,16.71,2.0,0.0
20050511:0009,0.0,0.0,0.0,0.0,16.88,2.0,0.0
20050511:0109,0.0,0.0,0.0,0.0,17.05,2.0,0.0
20050511:0209,0.0,0.0,0.0,0.0,17.02,2.34,0.0
20050511:0309,0.0,0.0,0.0,0.0,17.13,2.69,0.0
20050511:0409,47.0,63.0,0.0,13.8,17.5,2.69,0.0
20050511:0509,223.0,100.0,0.0,25.67,19.34,1.86,0.0
20050511:0609,402.0,127.0,0.0,37.65,20.79,0.21,0.0
20050511:0709,613.0,121.0,0.0,49.42,20.07,1.72,0.0
20050511:0809,722.0,145.0,0.0,60.33,20.86,2.28,0.0
20050511:0909,814.0,149.0,0.0,68.7,21.0,2.69,0.0
20050511:1009,895.01,124.0,0.0,70.65,22.25,3.1,0.0
20050511:1109,798.0,161.0,0.0,64.64,22.27,3.72,0.0
20050511:1209,733.0,145.0,0.0,54.56,22.61,3.66,0.0
20050511:1309,612.0,130.0,0.0,43.07,22.52,3.72,0.0
20050511:1409,386.0,147.0,0.0,31.13,22.35,3.17,0.0
20050511:1509,220.0,113.0,0.0,19.18,21.89,2.07,0.0
20050511:1609,40.0,75.0,0.0,7.48,21.69,1.03,0.0
20050511:1709,0.0,0.0,0.0,0.0,21.18,1.03,0.0
20050511:1809,0.0,0.0,0.0,0.0,20.63,1.66,0.0
20050511:1909,0.0,0.0,0.0,0.0,20.7,2.07,0.0
20050511:2009,0.0,0.0,0.0,0.0,19.78,1.86,0.0
20050511:2109,0.0,0.0,0.0,0.0,19.52,1.86,0.0
20050511:2209,0.0,0.0,0.0,0.0,19.23,2.69,0.0
20050511:2309,0.0,0.0,0.0,0.0,19.33,3.38,0.0
20050512:0009,0.0,0.0,0.0,0.0,19.4,3.59,0.0
20050512:0109,0.0,0.0,0.0,0.0,19.33,3.45,0.0
20050512:0209,0.0,0.0,0.0,0.0,19.22,3.79,0.0
20050512:0309,0.0,0.0,0.0,0.0,19.04,4.21,0.0
20050512:0409,62.0,59.0,0.0,13.95,19.17,4.62,0.0
20050512:0509,223.0,102.0,0.0,25.82,20.77,4.69,0.0
20050512:0609,419.0,119.0,0.0,37.8,22.63,4.28,0.0
20050512:0709,507.0,181.0,0.0,49.58,23.47,3.93,0.0
20050512:0809,668.0,175.0,0.0,60.52,25.33,3.66,0.0
20050512:0909,791.0,161.0,0.0,68.93,25.78,2.9,0.0
20050512:1009,847.01,150.0,0.0,70.9,26.76,1.72,0.0
20050512:1109,819.0,149.0,0.0,64.84,26.98,0.34,0.0
20050512:1209,771.0,125.0,0.0,54.72,26.14,2.41,0.0
20050512:1309,611.0,131.0,0.0,43.2,25.76,3.59,0.0
20050512:1409,424.0,127.0,0.0,31.26,25.48,4.07,0.0
20050512:1509,225.0,111.0,0.0,19.31,25.13,4.21,0.0
20050512:1609,17.0,77.0,0.0,7.63,24.62,3.72,0.0
20050512:1709,0.0,0.0,0.0,0.0,23.73,3.66,0.0
20050512:1809,0.0,0.0,0.0,0.0,22.44,2.55,0.0
20050512:1909,0.0,0.0,0.0,0.0,22.04,1.72,0.0
20050512:2009,0.0,0.0,0.0,0.0,22.91,1.66,0.0
20050512:2109,0.0,0.0,0.0,0.0,23.37,1.79,0.0
20050512:2209,0.0,0.0,0.0,0.0,21.77,1.45,0.0
20050512:2309,0.0,0.0,0.0,0.0,22.34,1.17,0.0
20050513:0009,0.0,0.0,0.0,0.0,21.41,1.38,0.0
20050513:0109,0.0,0.0,0.0,0.0,21.09,3.24,0.0
20050513:0209,0.0,0.0,0.0,0.0,20.81,2.55,0.0
20050513:0309,0.0,0.0,0.0,0.0,20.58,2.07,0.0
20050513:0409,0.0,21.0,0.0,14.1,20.9,1.93,0.0
20050513:0509,21.0,158.0,0.0,25.95,21.62,2.14,0.0
20050513:0609,165.0,245.0,0.0,37.94,22.47,1.38,0.0
20050513:0709,343.0,270.0,0.0,49.73,22.33,1.38,0.0
20050513:0809,8.0,324.0,0.0,60.69,23.06,1.38,0.0
20050513:0909,523.0,317.0,0.0,69.16,23.24,1.93,0.0
20050513:1009,806.0,168.0,0.0,71.15,23.64,2.41,0.0
20050513:1109,790.0,161.0,0.0,65.03,24.11,2.9,0.0
20050513:1209,696.0,162.0,0.0,54.87,24.48,3.1,0.0
20050513:1309,495.0,195.0,0.0,43.34,24.46,2.9,0.0
20050513:1409,348.0,168.0,0.0,31.4,24.43,2.83,0.0
20050513:1509,206.0,121.0,0.0,19.45,24.35,2.48,0.0
20050513:1609,18.0,77.0,0.0,7.77,23.76,1.93,0.0
20050513:1709,0.0,0.0,0.0,0.0,23.09,2.0,0.0
20050513:1809,0.0,0.0,0.0,0.0,23.27,2.55,0.0
20050513:1909,0.0,0.0,0.0,0.0,22.12,3.1,0.0
20050513:2009,0.0,0.0,0.0,0.0,21.9,3.66,0.0
20050513:2109,0.0,0.0,0.0,0.0,22.48,4.62,0.0
20050513:2209,0.0,0.0,0.0,0.0,22.29,5.17,0.0
20050513:2309,0.0,0.0,0.0,0.0,22.16,5.38,0.0
20050514:0009,0.0,0.0,0.0,0.0,21.97,5.52,0.0
20050514:0109,0.0,0.0,0.0,0.0,21.66,5.45,0.0
20050514:0209,0.0,0.0,0.0,0.0,21.29,5.31,0.0
20050514:0309,0.0,0.0,0.0,0.0,20.96,5.24,0.0
20050514:0409,5.0,63.0,0.0,14.24,20.98,5.17,0.0
20050514:0509,197.0,117.0,0.0,26.09,22.21,5.1,0.0
20050514:0609,395.0,133.0,0.0,38.07,23.01,5.03,0.0
20050514:0709,568.0,146.0,0.0,49.87,23.38,5.31,0.0
20050514:0809,670.0,176.0,0.0,60.87,24.42,4.76,0.0
20050514:0909,685.0,227.0,0.0,69.38,24.5,4.28,0.0
20050514:1009,786.0,186.0,0.0,71.39,25.27,4.41,0.0
20050514:1109,654.0,249.0,0.0,65.22,25.54,4.34,0.0
20050514:1209,679.0,177.0,0.0,55.02,25.39,3.79,0.0
20050514:1309,553.0,164.0,0.0,43.47,26.56,3.52,0.0
20050514:1409,334.0,179.0,0.0,31.53,25.35,3.79,0.0
20050514:1509,246.0,103.0,0.0,19.58,24.78,3.52,0.0
20050514:1609,19.0,79.0,0.0,7.91,24.58,3.66,0.0
20050514:1709,0.0,0.0,0.0,0.0,23.95,4.34,0.0
20050514:1809,0.0,0.0,0.0,0.0,23.83,4.97,0.0
20050514:1909,0.0,0.0,0.0,0.0,23.39,5.24,0.0
20050514:2009,0.0,0.0,0.0,0.0,22.54,5.24,0.0
20050514:2109,0.0,0.0,0.0,0.0,22.11,4.97,0.0
20050514:2209,0.0,0.0,0.0,0.0,21.32,0.0,0.0
20050514:2309,0.0,0.0,0.0,0.0,20.99,0.0,0.0
20050515:0009,0.0,0.0,0.0,0.0,20.73,5.24,0.0
20050515:0109,0.0,0.0,0.0,0.0,20.57,5.66,0.0
20050515:0209,0.0,0.0,0.0,0.0,20.21,5.93,0.0
20050515:0309,0.0,0.0,0.0,0.0,20.07,5.93,0.0
20050515:0409,80.0,57.0,0.0,14.37,19.89,5.93,0.0
20050515:0509,214.0,115.0,0.0,26.22,21.14,5.79,0.0
20050515:0609,443.0,116.0,0.0,38.2,21.82,5.66,0.0
20050515:0709,632.0,122.0,0.0,50.01,22.35,5.1,0.0
20050515:0809,750.0,142.0,0.0,61.03,23.7,4.34,0.0
20050515:0909,878.0,127.0,0.0,69.6,23.95,3.24,0.0
20050515:1009,925.01,121.0,0.0,71.62,24.46,2.0,0.0
20050515:1109,872.0,133.0,0.0,65.41,24.45,1.31,0.0
20050515:1209,812.0,115.0,0.0,55.17,24.28,2.76,0.0
20050515:1309,90.0,365.0,0.0,43.61,24.36,4.28,0.0
20050515:1409,197.0,254.0,0.0,31.65,23.72,4.97,0.0
20050515:1509,146.0,159.0,0.0,19.71,23.26,4.69,0.0
20050515:1609,90.0,63.0,0.0,8.06,22.96,3.79,0.0
20050515:1709,0.0,0.0,0.0,0.0,21.35,2.76,0.0
20050515:1809,0.0,0.0,0.0,0.0,21.19,1.17,0.0
20050515:1909,0.0,0.0,0.0,0.0,20.57,1.45,0.0
20050515:2009,0.0,0.0,0.0,0.0,19.81,2.21,0.0
20050515:2109,0.0,0.0,0.0,0.0,19.76,2.0,0.0
20050515:2209,0.0,0.0,0.0,0.0,19.73,2.0,0.0
20050515:2309,0.0,0.0,0.0,0.0,19.65,1.66,0.0
20050516:0009,0.0,0.0,0.0,0.0,19.7,0.83,0.0
20050516:0109,0.0,0.0,0.0,0.0,19.86,1.86,0.0
20050516:0209,0.0,0.0,0.0,0.0,19.64,2.55,0.0
20050516:0309,0.0,0.0,0.0,0.0,19.69,2.34,0.0
20050516:0409,8.0,68.0,0.0,14.5,19.94,2.07,0.0
20050516:0509,209.0,116.0,0.0,26.34,21.04,1.52,0.0
20050516:0609,369.0,154.0,0.0,38.32,21.59,0.97,0.0
20050516:0709,579.0,146.0,0.0,50.14,21.71,1.24,0.0
20050516:0809,716.0,155.0,0.0,61.19,22.41,1.86,0.0
20050516:0909,828.0,148.0,0.0,69.8,22.4,2.83,0.0
20050516:1009,839.0,161.0,0.0,71.85,23.25,4.0,0.0
20050516:1109,772.0,183.0,0.0,65.59,23.11,4.97,0.0
20050516:1209,736.0,151.0,0.0,55.31,22.87,5.24,0.0
20050516:1309,609.0,139.0,0.0,43.74,22.63,4.9,0.0
20050516:1409,450.0,120.0,0.0,31.78,22.49,4.14,0.0
20050516:1509,223.0,120.0,0.0,19.85,22.14,3.31,0.0
20050516:1609,21.0,83.0,0.0,8.2,21.82,2.0,0.0
20050516:1709,0.0,0.0,0.0,0.0,20.63,0.97,0.0
20050516:1809,0.0,0.0,0.0,0.0,20.6,0.55,0.0
20050516:1909,0.0,0.0,0.0,0.0,20.14,0.69,0.0
20050516:2009,0.0,0.0,0.0,0.0,19.05,0.83,0.0
20050516:2109,0.0,0.0,0.0,0.0,19.08,0.83,0.0
20050516:2209,0.0,0.0,0.0,0.0,18.41,0.97,0.0
20050516:2309,0.0,0.0,0.0,0.0,18.44,1.38,0.0
20050517:0009,0.0,0.0,0.0,0.0,18.58,1.59,0.0
20050517:0109,0.0,0.0,0.0,0.0,18.58,1.72,0.0
20050517:0209,0.0,0.0,0.0,0.0,18.22,2.07,0.0
20050517:0309,0.0,0.0,0.0,0.0,18.36,2.48,0.0
20050517:0409,65.0,65.0,0.0,14.63,19.07,2.69,0.0
20050517:0509,226.0,106.0,0.0,26.46,21.14,2.28,0.0
20050517:0609,379.0,146.0,0.0,38.44,22.87,0.97,0.0
20050517:0709,514.0,182.0,0.0,50.27,22.39,0.62,0.0
20050517:0809,568.0,241.0,0.0,61.34,23.47,2.28,0.0
20050517:0909,786.0,167.0,0.0,70.01,23.46,3.59,0.0
20050517:1009,864.0,144.0,0.0,72.07,25.05,4.34,0.0
20050517:1109,792.0,166.0,0.0,65.77,24.94,4.83,0.0
20050517:1209,684.0,177.0,0.0,55.46,24.54,4.83,0.0
20050517:1309,586.0,148.0,0.0,43.86,24.53,4.07,0.0
20050517:1409,427.0,130.0,0.0,31.91,24.15,3.38,0.0
20050517:1509,271.0,96.0,0.0,19.98,23.65,2.69,0.0
20050517:1609,18.0,82.0,0.0,8.34,23.28,1.45,0.0
20050517:1709,0.0,0.0,0.0,0.0,22.06,0.76,0.0
20050517:1809,0.0,0.0,0.0,0.0,21.94,1.24,0.0
20050517:1909,0.0,0.0,0.0,0.0,21.49,1.86,0.0
20050517:2009,0.0,0.0,0.0,0.0,20.22,1.93,0.0
20050517:2109,0.0,0.0,0.0,0.0,20.25,2.07,0.0
20050517:2209,0.0,0.0,0.0,0.0,19.94,2.07,0.0
20050517:2309,0.0,0.0,0.0,0.0,20.21,2.76,0.0
20050518:0009,0.0,0.0,0.0,0.0,20.45,3.03,0.0
20050518:0109,0.0,0.0,0.0,0.0,20.57,3.1,0.0
20050518:0209,0.0,0.0,0.0,0.0,20.26,3.24,0.0
20050518:0309,0.0,0.0,0.0,0.0,20.26,3.52,0.0
20050518:0409,57.0,69.0,0.0,14.75,20.91,3.79,0.0
20050518:0509,230.0,106.0,0.0,26.57,22.91,3.38,0.0
20050518:0609,405.0,133.0,0.0,38.55,23.79,2.0,0.0
20050518:0709,578.0,146.0,0.0,50.39,24.4,0.28,0.0
20050518:0809,704.0,161.0,0.0,61.49,24.99,1.66,0.0
20050518:0909,814.0,155.0,0.0,70.2,24.88,3.03,0.0
20050518:1009,825.0,167.0,0.0,72.29,26.1,4.14,0.0
20050518:1109,798.0,166.0,0.0,65.94,26.01,4.69,0.0
20050518:1209,734.0,151.0,0.0,55.6,25.79,4.83,0.0
20050518:1309,625.0,130.0,0.0,43.99,25.52,4.41,0.0
20050518:1409,450.0,121.0,0.0,32.03,25.14,3.79,0.0
20050518:1509,246.0,108.0,0.0,20.1,24.71,2.62,0.0
20050518:1609,22.0,85.0,0.0,8.47,26.02,1.24,0.0
20050518:1709,0.0,0.0,0.0,0.0,23.11,1.17,0.0
20050518:1809,0.0,0.0,0.0,0.0,22.32,1.72,0.0
20050518:1909,0.0,0.0,0.0,0.0,21.59,2.28,0.0
20050518:2009,0.0,0.0,0.0,0.0,20.87,2.34,0.0
20050518:2109,0.0,0.0,0.0,0.0,21.18,2.28,0.0
20050518:2209,0.0,0.0,0.0,0.0,20.68,2.14,0.0
20050518:2309,0.0,0.0,0.0,0.0,20.85,3.1,0.0
20050519:0009,0.0,0.0,0.0,0.0,21.0,3.17,0.0
20050519:0109,0.0,0.0,0.0,0.0,21.17,3.17,0.0
20050519:0209,0.0,0.0,0.0,0.0,20.84,3.38,0.0
20050519:0309,0.0,0.0,0.0,0.0,20.87,3.52,0.0
20050519:0409,46.0,73.0,0.0,14.86,21.45,3.52,0.0
20050519:0509,210.0,116.0,0.0,26.68,23.25,2.97,0.0
20050519:0609,385.0,142.0,0.0,38.66,25.7,1.38,0.0
20050519:0709,562.0,152.0,0.0,50.5,24.54,0.83,0.0
20050519:0809,715.0,151.0,0.0,61.63,25.23,2.28,0.0
20050519:0909,755.0,184.0,0.0,70.39,25.37,3.24,0.0
20050519:1009,815.0,168.0,0.0,72.51,26.17,3.86,0.0
20050519:1109,810.0,155.0,0.0,66.11,26.18,4.34,0.0
20050519:1209,725.0,152.0,0.0,55.74,26.06,4.14,0.0
20050519:1309,625.0,128.0,0.0,44.12,25.79,3.52,0.0
20050519:1409,385.0,154.0,0.0,32.15,25.1,2.9,0.0
20050519:1509,245.0,109.0,0.0,20.23,24.68,1.86,0.0
20050519:1609,13.0,80.0,0.0,8.61,25.58,0.62,0.0
20050519:1709,0.0,0.0,0.0,0.0,23.5,0.76,0.0
20050519:1809,0.0,0.0,0.0,0.0,23.11,1.45,0.0
20050519:1909,0.0,0.0,0.0,0.0,23.07,1.52,0.0
20050519:2009,0.0,0.0,0.0,0.0,22.76,1.24,0.0
20050519:2109,0.0,0.0,0.0,0.0,22.45,1.38,0.0
20050519:2209,0.0,0.0,0.0,0.0,22.08,1.52,0.0
20050519:2309,0.0,0.0,0.0,0.0,21.98,2.14,0.0
20050520:0009,0.0,0.0,0.0,0.0,21.82,1.93,0.0
20050520:0109,0.0,0.0,0.0,0.0,21.84,1.59,0.0
20050520:0209,0.0,0.0,0.0,0.0,21.66,1.93,0.0
20050520:0309,0.0,0.0,0.0,0.0,21.76,1.72,0.0
20050520:0409,0.0,12.0,0.0,14.97,22.78,1.03,0.0
20050520:0509,0.0,30.0,0.0,26.78,24.3,0.34,0.0
20050520:0609,0.0,48.0,0.0,38.76,22.84,1.52,0.0
20050520:0709,0.0,130.0,0.0,50.61,22.43,2.21,0.0
20050520:0809,25.0,372.0,0.0,61.76,22.98,2.48,0.0
20050520:0909,88.0,457.0,0.0,70.57,23.19,2.41,0.0
20050520:1009,127.0,478.0,0.0,72.72,23.48,1.52,0.0
20050520:1109,105.0,463.0,0.0,66.28,23.76,1.66,0.0
20050520:1209,363.0,354.0,0.0,55.88,23.77,2.07,0.0
20050520:1309,318.0,296.0,0.0,44.24,23.8,2.9,0.0
20050520:1409,13.0,237.0,0.0,32.27,23.14,3.31,0.0
20050520:1509,3.0,138.0,0.0,20.35,22.98,2.41,0.0
20050520:1609,0.0,44.0,0.0,8.74,22.65,1.86,0.0
20050520:1709,0.0,0.0,0.0,0.0,22.3,1.38,0.0
20050520:1809,0.0,0.0,0.0,0.0,22.12,0.55,0.0
20050520:1909,0.0,0.0,0.0,0.0,21.4,0.83,0.0
20050520:2009,0.0,0.0,0.0,0.0,20.83,1.24,0.0
20050520:2109,0.0,0.0,0.0,0.0,20.53,1.52,0.0
20050520:2209,0.0,0.0,0.0,0.0,19.78,1.45,0.0
20050520:2309,0.0,0.0,0.0,0.0,19.86,1.86,0.0
20050521:0009,0.0,0.0,0.0,0.0,19.89,1.93,0.0
20050521:0109,0.0,0.0,0.0,0.0,19.91,1.93,0.0
20050521:0209,0.0,0.0,0.0,0.0,19.58,2.14,0.0
20050521:0309,0.0,0.0,0.0,0.0,19.67,2.07,0.0
20050521:0409,93.0,59.0,0.0,15.08,20.17,1.86,0.0
20050521:0509,256.0,98.0,0.0,26.88,21.75,1.17,0.0
20050521:0609,421.0,130.0,0.0,38.86,22.1,1.45,0.0
20050521:0709,561.0,162.0,0.0,50.72,21.88,2.83,0.0
20050521:0809,716.0,160.0,0.0,61.89,22.45,3.52,0.0
20050521:0909,694.0,234.0,0.0,70.75,22.39,3.86,0.0
20050521:1009,808.0,185.0,0.0,72.92,22.81,4.41,0.0
20050521:1109,738.0,211.0,0.0,66.45,22.8,5.24,0.0
20050521:1209,727.0,160.0,0.0,56.01,22.8,5.52,0.0
20050521:1309,604.0,147.0,0.0,44.36,22.66,5.31,0.0
20050521:1409,432.0,135.0,0.0,32.39,22.09,4.83,0.0
20050521:1509,263.0,106.0,0.0,20.48,21.96,4.07,0.0
20050521:1609,14.0,85.0,0.0,8.87,21.65,2.97,0.0
20050521:1709,0.0,0.0,0.0,0.0,20.11,1.93,0.0
20050521:1809,0.0,0.0,0.0,0.0,19.43,1.79,0.0
20050521:1909,0.0,0.0,0.0,0.0,19.48,1.93,0.0
20050521:2009,0.0,0.0,0.0,0.0,18.79,2.34,0.0
20050521:2109,0.0,0.0,0.0,0.0,18.05,2.55,0.0
20050521:2209,0.0,0.0,0.0,0.0,17.79,2.48,0.0
20050521:2309,0.0,0.0,0.0,0.0,17.42,2.48,0.0
20050522:0009,0.0,0.0,0.0,0.0,17.05,1.79,0.0
20050522:0109,0.0,0.0,0.0,0.0,16.97,1.52,0.0
20050522:0209,0.0,0.0,0.0,0.0,16.8,1.52,0.0
20050522:0309,0.0,0.0,0.0,0.0,16.84,1.72,0.0
20050522:0409,69.0,69.0,0.0,15.18,17.47,1.86,0.0
20050522:0509,259.0,97.0,0.0,26.97,19.26,1.66,0.0
20050522:0609,400.0,141.0,0.0,38.95,19.75,1.72,0.0
20050522:0709,595.0,142.0,0.0,50.82,19.9,1.93,0.0
20050522:0809,714.0,160.0,0.0,62.01,20.65,2.69,0.0
20050522:0909,835.0,148.0,0.0,70.92,20.68,3.72,0.0
20050522:1009,893.0,135.0,0.0,73.12,20.76,4.0,0.0
20050522:1109,841.0,148.0,0.0,66.61,21.07,4.83,0.0
20050522:1209,686.0,185.0,0.0,56.14,21.24,4.83,0.0
20050522:1309,603.0,147.0,0.0,44.48,21.06,4.21,0.0
20050522:1409,443.0,130.0,0.0,32.51,20.83,3.52,0.0
20050522:1509,247.0,114.0,0.0,20.6,21.18,2.62,0.0
20050522:1609,27.0,89.0,0.0,9.0,20.98,2.21,0.0
20050522:1709,0.0,0.0,0.0,0.0,20.09,0.9,0.0
20050522:1809,0.0,0.0,0.0,0.0,19.83,1.03,0.0
20050522:1909,0.0,0.0,0.0,0.0,19.35,1.52,0.0
20050522:2009,0.0,0.0,0.0,0.0,18.63,1.86,0.0
20050522:2109,0.0,0.0,0.0,0.0,18.53,1.72,0.0
20050522:2209,0.0,0.0,0.0,0.0,18.05,1.31,0.0
20050522:2309,0.0,0.0,0.0,0.0,18.0,1.66,0.0
20050523:0009,0.0,0.0,0.0,0.0,17.97,1.72,0.0
20050523:0109,0.0,0.0,0.0,0.0,17.97,1.31,0.0
20050523:0209,0.0,0.0,0.0,0.0,17.82,1.1,0.0
20050523:0309,0.0,0.0,0.0,0.0,17.89,1.38,0.0
20050523:0409,54.0,74.0,0.0,15.27,18.31,1.59,0.0
20050523:0509,188.0,131.0,0.0,27.06,20.16,0.9,0.0
20050523:0609,388.0,144.0,0.0,39.03,20.8,0.62,0.0
20050523:0709,545.0,164.0,0.0,50.91,20.74,1.38,0.0
20050523:0809,673.0,177.0,0.0,62.13,21.35,2.28,0.0
20050523:0909,784.0,167.0,0.0,71.08,21.59,3.52,0.0
20050523:1009,743.0,215.0,0.0,73.31,22.43,4.34,0.0
20050523:1109,762.0,185.0,0.0,66.77,22.66,4.28,0.0
20050523:1209,670.0,186.0,0.0,56.27,22.51,4.83,0.0
20050523:1309,629.0,128.0,0.0,44.6,21.75,4.76,0.0
20050523:1409,397.0,151.0,0.0,32.63,22.2,4.0,0.0
20050523:1509,254.0,109.0,0.0,20.72,22.38,2.55,0.0
20050523:1609,22.0,88.0,0.0,9.13,22.07,2.07,0.0
20050523:1709,0.0,0.0,0.0,0.0,21.31,1.66,0.0
20050523:1809,0.0,0.0,0.0,0.0,21.0,0.14,0.0
20050523:1909,0.0,0.0,0.0,0.0,20.19,1.52,0.0
20050523:2009,0.0,0.0,0.0,0.0,19.81,2.07,0.0
20050523:2109,0.0,0.0,0.0,0.0,19.69,2.07,0.0
20050523:2209,0.0,0.0,0.0,0.0,19.03,1.86,0.0
20050523:2309,0.0,0.0,0.0,0.0,19.04,2.34,0.0
20050524:0009,0.0,0.0,0.0,0.0,18.96,2.69,0.0
20050524:0109,0.0,0.0,0.0,0.0,19.03,2.83,0.0
20050524:0209,0.0,0.0,0.0,0.0,19.15,2.97,0.0
20050524:0309,0.0,0.0,0.0,0.0,19.31,3.24,0.0
20050524:0409,57.0,74.0,0.0,15.36,19.66,3.45,0.0
20050524:0509,238.0,106.0,0.0,27.14,21.39,3.03,0.0
20050524:0609,409.0,133.0,0.0,39.11,22.6,2.55,0.0
20050524:0709,582.0,144.0,0.0,51.0,23.18,2.48,0.0
20050524:0809,718.0,152.0,0.0,62.24,24.01,1.38,0.0
20050524:0909,785.0,167.0,0.0,71.24,23.91,2.14,0.0
20050524:1009,829.0,162.0,0.0,73.5,23.77,4.41,0.0
20050524:1109,813.0,156.0,0.0,66.92,23.55,5.66,0.0
20050524:1209,672.0,186.0,0.0,56.4,23.64,5.66,0.0
20050524:1309,598.0,145.0,0.0,44.72,23.28,4.76,0.0
20050524:1409,399.0,150.0,0.0,32.74,22.95,3.66,0.0
20050524:1509,241.0,116.0,0.0,20.84,22.74,2.76,0.0
20050524:1609,23.0,89.0,0.0,9.26,22.32,1.93,0.0
20050524:1709,0.0,0.0,0.0,-1.74,21.17,1.24,0.0
20050524:1809,0.0,0.0,0.0,0.0,20.98,0.69,0.0
20050524:1909,0.0,0.0,0.0,0.0,20.3,1.52,0.0
20050524:2009,0.0,0.0,0.0,0.0,19.86,2.07,0.0
20050524:2109,0.0,0.0,0.0,0.0,19.78,2.14,0.0
20050524:2209,0.0,0.0,0.0,0.0,19.25,1.79,0.0
20050524:2309,0.0,0.0,0.0,0.0,19.34,1.79,0.0
20050525:0009,0.0,0.0,0.0,0.0,19.36,1.93,0.0
20050525:0109,0.0,0.0,0.0,0.0,19.36,1.59,0.0
20050525:0209,0.0,0.0,0.0,0.0,19.01,1.31,0.0
20050525:0309,0.0,0.0,0.0,0.0,19.03,1.24,0.0
20050525:0409,28.0,81.0,0.0,15.44,19.45,1.31,0.0
20050525:0509,158.0,145.0,0.0,27.22,21.15,0.97,0.0
20050525:0609,312.0,186.0,0.0,39.19,21.32,0.62,0.0
20050525:0709,465.0,210.0,0.0,51.08,21.26,1.59,0.0
20050525:0809,667.0,178.0,0.0,62.34,21.86,2.62,0.0
20050525:0909,750.0,185.0,0.0,71.39,21.63,3.52,0.0
20050525:1009,737.0,215.0,0.0,73.69,21.58,3.72,0.0
20050525:1109,359.0,406.0,0.0,67.07,21.54,3.86,0.0
20050525:1209,197.0,417.0,0.0,56.52,22.09,3.93,0.0
20050525:1309,60.0,353.0,0.0,44.83,22.17,3.72,0.0
20050525:1409,380.0,160.0,0.0,32.85,21.4,3.66,0.0
20050525:1509,277.0,99.0,0.0,20.96,21.27,2.14,0.0
20050525:1609,26.0,91.0,0.0,9.38,21.02,0.69,0.0
20050525:1709,0.0,0.0,0.0,-1.61,20.25,1.1,0.0
20050525:1809,0.0,0.0,0.0,0.0,20.23,1.45,0.0
20050525:1909,0.0,0.0,0.0,0.0,20.14,1.31,0.0
20050525:2009,0.0,0.0,0.0,0.0,19.64,1.45,0.0
20050525:2109,0.0,0.0,0.0,0.0,19.31,1.17,0.0
20050525:2209,0.0,0.0,0.0,0.0,18.78,0.97,0.0
20050525:2309,0.0,0.0,0.0,0.0,18.67,1.24,0.0
20050526:0009,0.0,0.0,0.0,0.0,18.55,1.52,0.0
20050526:0109,0.0,0.0,0.0,0.0,18.5,1.59,0.0
20050526:0209,0.0,0.0,0.0,0.0,18.36,1.66,0.0
20050526:0309,0.0,0.0,0.0,0.0,18.44,1.86,0.0
20050526:0409,4.0,69.0,0.0,15.52,18.75,1.79,0.0
20050526:0509,119.0,162.0,0.0,27.29,20.4,1.03,0.0
20050526:0609,4.0,206.0,0.0,39.26,20.75,0.62,0.0
20050526:0709,110.0,354.0,0.0,51.15,20.74,1.79,0.0
20050526:0809,520.0,267.0,0.0,62.44,21.35,2.83,0.0
20050526:0909,596.0,280.0,0.0,71.53,21.28,3.24,0.0
20050526:1009,821.0,164.0,0.0,73.86,21.36,4.55,0.0
20050526:1109,0.0,160.0,0.0,67.22,20.91,4.76,0.0
20050526:1209,9.0,336.0,0.0,56.65,21.57,3.66,0.0
20050526:1309,382.0,268.0,0.0,44.94,21.45,4.55,0.0
20050526:1409,470.0,113.0,0.0,32.97,21.04,5.1,0.0
20050526:1509,47.0,186.0,0.0,21.07,20.91,3.72,0.0
20050526:1609,20.0,89.0,0.0,9.51,19.73,1.59,0.0
20050526:1709,0.0,0.0,0.0,-1.47,19.23,1.72,0.0
20050526:1809,0.0,0.0,0.0,0.0,19.47,2.0,0.0
20050526:1909,0.0,0.0,0.0,0.0,19.52,2.14,0.0
20050526:2009,0.0,0.0,0.0,0.0,19.25,2.62,0.0
20050526:2109,0.0,0.0,0.0,0.0,19.26,2.9,0.0
20050526:2209,0.0,0.0,0.0,0.0,19.23,2.76,0.0
20050526:2309,0.0,0.0,0.0,0.0,19.11,3.03,0.0
20050527:0009,0.0,0.0,0.0,0.0,18.91,3.03,0.0
20050527:0109,0.0,0.0,0.0,0.0,18.75,2.9,0.0
20050527:0209,0.0,0.0,0.0,0.0,18.46,2.69,0.0
20050527:0309,0.0,0.0,0.0,0.0,18.41,2.55,0.0
20050527:0409,74.0,70.0,0.0,15.6,18.87,2.48,0.0
20050527:0509,257.0,99.0,0.0,27.36,20.96,2.0,0.0
20050527:0609,428.0,125.0,0.0,39.33,21.58,1.17,0.0
20050527:0709,568.0,151.0,0.0,51.23,21.91,1.1,0.0
20050527:0809,699.0,162.0,0.0,62.53,22.54,1.93,0.0
20050527:0909,786.0,167.0,0.0,71.67,22.53,2.76,0.0
20050527:1009,774.0,196.0,0.0,74.03,23.12,2.83,0.0
20050527:1109,264.0,446.0,0.0,67.36,23.0,3.45,0.0
20050527:1209,721.0,158.0,0.0,56.76,23.08,4.14,0.0
20050527:1309,511.0,198.0,0.0,45.05,23.1,4.62,0.0
20050527:1409,431.0,135.0,0.0,33.07,22.78,4.97,0.0
20050527:1509,253.0,113.0,0.0,21.18,22.32,4.07,0.0
20050527:1609,29.0,92.0,0.0,9.63,22.01,3.31,0.0
20050527:1709,0.0,0.0,0.0,-1.34,21.19,2.0,0.0
20050527:1809,0.0,0.0,0.0,0.0,20.68,0.83,0.0
20050527:1909,0.0,0.0,0.0,0.0,20.41,1.45,0.0
20050527:2009,0.0,0.0,0.0,0.0,19.71,1.79,0.0
20050527:2109,0.0,0.0,0.0,0.0,19.55,2.0,0.0
20050527:2209,0.0,0.0,0.0,0.0,19.04,1.86,0.0
20050527:2309,0.0,0.0,0.0,0.0,19.08,1.93,0.0
20050528:0009,0.0,0.0,0.0,0.0,19.06,2.07,0.0
20050528:0109,0.0,0.0,0.0,0.0,18.97,2.0,0.0
20050528:0209,0.0,0.0,0.0,0.0,18.51,1.72,0.0
20050528:0309,0.0,0.0,0.0,0.0,18.72,1.52,0.0
20050528:0409,33.0,83.0,0.0,15.67,19.29,1.45,0.0
20050528:0509,227.0,113.0,0.0,27.42,20.88,1.17,0.0
20050528:0609,325.0,183.0,0.0,39.39,21.06,0.62,0.0
20050528:0709,508.0,189.0,0.0,51.29,21.14,1.52,0.0
20050528:0809,337.0,365.0,0.0,62.61,21.71,2.76,0.0
20050528:0909,603.0,280.0,0.0,71.8,21.6,3.45,0.0
20050528:1009,707.0,239.0,0.0,74.2,21.72,3.66,0.0
20050528:1109,751.0,194.0,0.0,67.5,21.9,4.34,0.0
20050528:1209,723.0,158.0,0.0,56.88,21.38,4.41,0.0
20050528:1309,602.0,145.0,0.0,45.16,22.02,4.07,0.0
20050528:1409,116.0,281.0,0.0,33.18,22.08,3.72,0.0
20050528:1509,85.0,187.0,0.0,21.3,21.91,3.45,0.0
20050528:1609,4.0,77.0,0.0,9.75,21.5,2.69,0.0
20050528:1709,0.0,0.0,0.0,-1.21,20.45,1.45,0.0
20050528:1809,0.0,0.0,0.0,0.0,20.49,0.62,0.0
20050528:1909,0.0,0.0,0.0,0.0,20.33,0.69,0.0
20050528:2009,0.0,0.0,0.0,0.0,19.85,1.45,0.0
20050528:2109,0.0,0.0,0.0,0.0,19.21,1.66,0.0
20050528:2209,0.0,0.0,0.0,0.0,18.37,1.59,0.0
20050528:2309,0.0,0.0,0.0,0.0,18.33,1.66,0.0
20050529:0009,0.0,0.0,0.0,0.0,18.32,1.66,0.0
20050529:0109,0.0,0.0,0.0,0.0,18.14,1.52,0.0
20050529:0209,0.0,0.0,0.0,0.0,17.52,1.45,0.0
20050529:0309,0.0,0.0,0.0,0.0,17.47,1.66,0.0
20050529:0409,53.0,79.0,0.0,15.73,18.18,1.66,0.0
20050529:0509,213.0,121.0,0.0,27.48,19.88,0.83,0.0
20050529:0609,336.0,176.0,0.0,39.44,20.62,0.34,0.0
20050529:0709,546.0,164.0,0.0,51.35,21.0,1.45,0.0
20050529:0809,736.0,142.0,0.0,62.69,21.91,2.69,0.0
20050529:0909,770.0,175.0,0.0,71.92,22.06,3.66,0.0
20050529:1009,787.0,187.0,0.0,74.36,22.39,3.86,0.0
20050529:1109,777.0,176.0,0.0,67.63,22.36,4.41,0.0
20050529:1209,646.0,203.0,0.0,57.0,22.38,4.34,0.0
20050529:1309,511.0,198.0,0.0,45.27,22.58,3.79,0.0
20050529:1409,367.0,172.0,0.0,33.29,22.31,3.45,0.0
20050529:1509,59.0,190.0,0.0,21.4,22.34,3.24,0.0
20050529:1609,3.0,74.0,0.0,9.86,21.93,2.21,0.0
20050529:1709,0.0,0.0,0.0,-1.09,20.93,1.24,0.0
20050529:1809,0.0,0.0,0.0,0.0,20.91,1.52,0.0
20050529:1909,0.0,0.0,0.0,0.0,20.74,1.31,0.0
20050529:2009,0.0,0.0,0.0,0.0,20.37,1.66,0.0
20050529:2109,0.0,0.0,0.0,0.0,20.16,1.31,0.0
20050529:2209,0.0,0.0,0.0,0.0,20.24,0.62,0.0
20050529:2309,0.0,0.0,0.0,0.0,19.74,1.1,0.0
20050530:0009,0.0,0.0,0.0,0.0,19.43,0.48,0.0
20050530:0109,0.0,0.0,0.0,0.0,19.19,0.55,0.0
20050530:0209,0.0,0.0,0.0,0.0,18.96,0.62,0.0
20050530:0309,0.0,0.0,0.0,0.0,19.03,0.62,0.0
20050530:0409,0.0,19.0,0.0,15.79,19.36,0.62,0.0
20050530:0509,0.0,65.0,0.0,27.53,20.69,0.62,0.0
20050530:0609,172.0,250.0,0.0,39.49,20.85,0.97,0.0
20050530:0709,514.0,178.0,0.0,51.41,20.89,1.59,0.0
20050530:0809,659.0,179.0,0.0,62.77,21.89,2.83,0.0
20050530:0909,769.0,169.0,0.0,72.04,21.81,4.07,0.0
20050530:1009,238.0,461.0,0.0,74.51,21.48,3.52,0.0
20050530:1109,583.0,287.0,0.0,67.77,21.93,3.72,0.0
20050530:1209,123.0,424.0,0.0,57.11,22.06,4.48,0.0
20050530:1309,0.0,127.0,0.0,45.37,21.9,3.79,0.0
20050530:1409,34.0,266.0,0.0,33.39,21.04,3.93,0.0
20050530:1509,45.0,187.0,0.0,21.51,21.02,2.97,0.0
20050530:1609,44.0,93.0,0.0,9.97,20.66,3.17,0.0
20050530:1709,0.0,0.0,0.0,-0.97,20.0,2.21,0.0
20050530:1809,0.0,0.0,0.0,0.0,19.77,2.76,0.0
20050530:1909,0.0,0.0,0.0,0.0,19.72,3.31,0.0
20050530:2009,0.0,0.0,0.0,0.0,18.91,3.24,0.0
20050530:2109,0.0,0.0,0.0,0.0,18.91,2.97,0.0
20050530:2209,0.0,0.0,0.0,0.0,17.95,3.45,0.0
20050530:2309,0.0,0.0,0.0,0.0,18.14,3.24,0.0
20050531:0009,0.0,0.0,0.0,0.0,18.14,3.03,0.0
20050531:0109,0.0,0.0,0.0,0.0,17.99,2.97,0.0
20050531:0209,0.0,0.0,0.0,0.0,17.89,2.34,0.0
20050531:0309,0.0,0.0,0.0,0.0,17.75,2.69,0.0
20050531:0409,0.0,13.0,0.0,15.84,17.75,3.52,0.0
20050531:0509,0.0,30.0,0.0,27.58,17.9,3.93,0.0
20050531:0609,0.0,57.0,0.0,39.54,17.8,4.07,0.0
20050531:0709,0.0,157.0,0.0,51.46,17.95,3.79,0.0
20050531:0809,34.0,382.0,0.0,62.83,18.33,2.83,0.0
20050531:0909,241.0,441.0,0.0,72.14,18.48,1.93,0.0
20050531:1009,53.0,450.0,0.0,74.66,18.57,2.55,0.0
20050531:1109,0.0,159.0,0.0,67.89,18.84,2.62,0.0
20050531:1209,16.0,358.0,0.0,57.22,18.59,2.55,0.0
20050531:1309,27.0,327.0,0.0,45.47,18.5,1.93,0.0
20050531:1409,0.0,112.0,0.0,33.49,19.12,1.93,0.0
20050531:1509,0.0,114.0,0.0,21.62,19.43,1.72,0.0
20050531:1609,1.0,69.0,0.0,10.09,18.89,1.52,0.0
20050531:1709,0.0,0.0,0.0,-0.85,18.07,1.45,0.0
20050531:1809,0.0,0.0,0.0,0.0,17.97,1.66,0.0
20050531:1909,0.0,0.0,0.0,0.0,17.92,2.07,0.0
20050531:2009,0.0,0.0,0.0,0.0,17.62,1.93,0.0
20050531:2109,0.0,0.0,0.0,0.0,17.6,1.45,0.0
20050531:2209,0.0,0.0,0.0,0.0,17.51,2.48,0.0
20050531:2309,0.0,0.0,0.0,0.0,17.46,1.45,0.0
20050601:0009,0.0,0.0,0.0,0.0,17.33,0.0,0.0
20050601:0109,0.0,0.0,0.0,0.0,17.74,0.0,0.0
20050601:0209,0.0,0.0,0.0,0.0,17.81,1.72,0.0
20050601:0309,0.0,0.0,0.0,0.0,17.79,2.0,0.0
20050601:0409,0.0,34.0,0.0,15.89,17.78,1.52,0.0
20050601:0509,106.0,167.0,0.0,27.62,18.37,1.24,0.0
20050601:0609,270.0,206.0,0.0,39.58,18.77,1.31,0.0
20050601:0709,202.0,333.0,0.0,51.51,19.25,1.66,0.0
20050601:0809,339.0,355.0,0.0,62.89,20.06,2.48,0.0
20050601:0909,676.0,224.0,0.0,72.25,20.29,2.76,0.0
20050601:1009,26.0,417.0,0.0,74.81,20.35,2.9,0.0
20050601:1109,443.0,361.0,0.0,68.02,20.09,3.38,0.0
20050601:1209,0.0,161.0,0.0,57.32,20.44,3.45,0.0
20050601:1309,0.0,76.0,0.0,45.57,21.03,3.17,0.0
20050601:1409,13.0,242.0,0.0,33.59,20.89,2.69,0.0
20050601:1509,171.0,156.0,0.0,21.72,20.6,1.79,0.0
20050601:1609,15.0,92.0,0.0,10.19,20.28,2.0,0.0
20050601:1709,0.0,0.0,0.0,-0.73,19.61,2.07,0.0
20050601:1809,0.0,0.0,0.0,0.0,19.73,2.14,0.0
20050601:1909,0.0,0.0,0.0,0.0,19.77,1.86,0.0
20050601:2009,0.0,0.0,0.0,0.0,19.38,1.52,0.0
20050601:2109,0.0,0.0,0.0,0.0,19.16,1.72,0.0
20050601:2209,0.0,0.0,0.0,0.0,18.88,1.38,0.0
20050601:2309,0.0,0.0,0.0,0.0,18.8,1.17,0.0
20050602:0009,0.0,0.0,0.0,0.0,18.62,1.17,0.0
20050602:0109,0.0,0.0,0.0,0.0,18.55,1.1,0.0
20050602:0209,0.0,0.0,0.0,0.0,18.61,1.1,0.0
20050602:0309,0.0,0.0,0.0,0.0,18.58,1.38,0.0
20050602:0409,60.0,77.0,0.0,15.94,19.1,1.93,0.0
20050602:0509,226.0,112.0,0.0,27.66,20.94,1.79,0.0
20050602:0609,404.0,132.0,0.0,39.62,21.95,1.38,0.0
20050602:0709,544.0,160.0,0.0,51.55,22.7,1.24,0.0
20050602:0809,682.0,164.0,0.0,62.95,23.57,0.9,0.0
20050602:0909,790.0,157.0,0.0,72.34,23.37,1.31,0.0
20050602:1009,811.0,165.0,0.0,74.94,24.3,2.48,0.0
20050602:1109,884.0,111.0,0.0,68.14,24.11,3.72,0.0
20050602:1209,129.0,426.0,0.0,57.43,23.78,4.41,0.0
20050602:1309,309.0,304.0,0.0,45.67,23.44,4.48,0.0
20050602:1409,381.0,163.0,0.0,33.69,23.11,2.9,0.0
20050602:1509,287.0,99.0,0.0,21.82,22.96,1.93,0.0
20050602:1609,4.0,80.0,0.0,10.3,22.75,2.21,0.0
20050602:1709,0.0,0.0,0.0,-0.62,21.68,1.66,0.0
20050602:1809,0.0,0.0,0.0,0.0,21.05,0.48,0.0
20050602:1909,0.0,0.0,0.0,0.0,21.17,1.38,0.0
20050602:2009,0.0,0.0,0.0,0.0,21.09,1.79,0.0
20050602:2109,0.0,0.0,0.0,0.0,21.28,2.21,0.0
20050602:2209,0.0,0.0,0.0,0.0,21.05,2.21,0.0
20050602:2309,0.0,0.0,0.0,0.0,21.18,2.62,0.0
20050603:0009,0.0,0.0,0.0,0.0,21.2,2.9,0.0
20050603:0109,0.0,0.0,0.0,0.0,21.17,3.31,0.0
20050603:0209,0.0,0.0,0.0,0.0,20.83,3.52,0.0
20050603:0309,0.0,0.0,0.0,0.0,20.72,3.52,0.0
20050603:0409,75.0,73.0,0.0,15.98,20.84,3.59,0.0
20050603:0509,261.0,98.0,0.0,27.7,22.57,3.38,0.0
20050603:0609,390.0,145.0,0.0,39.65,23.37,3.03,0.0
20050603:0709,563.0,153.0,0.0,51.58,23.87,2.83,0.0
20050603:0809,692.0,164.0,0.0,63.0,24.78,2.0,0.0
20050603:0909,777.0,170.0,0.0,72.43,24.73,1.45,0.0
20050603:1009,794.0,181.0,0.0,75.07,24.73,1.24,0.0
20050603:1109,741.0,198.0,0.0,68.25,24.71,2.28,0.0
20050603:1209,338.0,372.0,0.0,57.53,24.7,3.38,0.0
20050603:1309,65.0,360.0,0.0,45.77,24.11,4.34,0.0
20050603:1409,0.0,51.0,0.0,33.78,24.01,3.86,0.0
20050603:1509,0.0,94.0,0.0,21.92,23.77,2.83,0.0
20050603:1609,92.0,81.0,0.0,10.4,23.85,1.93,0.0
20050603:1709,0.0,0.0,0.0,-0.51,22.79,0.97,0.0
20050603:1809,0.0,0.0,0.0,0.0,22.31,0.48,0.0
20050603:1909,0.0,0.0,0.0,0.0,22.35,1.1,0.0
20050603:2009,0.0,0.0,0.0,0.0,21.84,1.24,0.0
20050603:2109,0.0,0.0,0.0,0.0,21.44,1.45,0.0
20050603:2209,0.0,0.0,0.0,0.0,21.02,1.79,0.0
20050603:2309,0.0,0.0,0.0,0.0,20.93,2.69,0.0
20050604:0009,0.0,0.0,0.0,0.0,20.93,3.17,0.0
20050604:0109,0.0,0.0,0.0,0.0,21.11,3.17,0.0
20050604:0209,0.0,0.0,0.0,0.0,21.13,3.66,0.0
20050604:0309,0.0,0.0,0.0,0.0,21.08,4.0,0.0
20050604:0409,0.0,37.0,0.0,16.01,21.56,3.59,0.0
20050604:0509,233.0,111.0,0.0,27.72,22.72,2.76,0.0
20050604:0609,322.0,185.0,0.0,39.68,23.51,2.0,0.0
20050604:0709,440.0,227.0,0.0,51.61,23.93,1.52,0.0
20050604:0809,693.0,164.0,0.0,63.05,24.89,1.24,0.0
20050604:0909,683.0,229.0,0.0,72.51,24.71,1.79,0.0
20050604:1009,632.0,282.0,0.0,75.2,25.05,2.62,0.0
20050604:1109,157.0,469.0,0.0,68.37,25.01,3.93,0.0
20050604:1209,247.0,408.0,0.0,57.63,24.36,4.21,0.0
20050604:1309,152.0,364.0,0.0,45.86,24.09,3.59,0.0
20050604:1409,336.0,194.0,0.0,33.88,23.78,2.55,0.0
20050604:1509,70.0,194.0,0.0,22.01,23.78,1.86,0.0
20050604:1609,45.0,98.0,0.0,10.5,23.44,1.24,0.0
20050604:1709,0.0,0.0,0.0,-0.4,22.8,0.69,0.0
20050604:1809,0.0,0.0,0.0,0.0,22.46,0.41,0.0
20050604:1909,0.0,0.0,0.0,0.0,22.52,0.69,0.0
20050604:2009,0.0,0.0,0.0,0.0,22.22,0.83,0.0
20050604:2109,0.0,0.0,0.0,0.0,21.82,1.17,0.0
20050604:2209,0.0,0.0,0.0,0.0,21.33,1.17,0.0
20050604:2309,0.0,0.0,0.0,0.0,21.41,1.59,0.0
20050605:0009,0.0,0.0,0.0,0.0,21.25,2.21,0.0
20050605:0109,0.0,0.0,0.0,0.0,21.07,2.62,0.0
20050605:0209,0.0,0.0,0.0,0.0,20.78,2.9,0.0
20050605:0309,0.0,0.0,0.0,0.0,20.69,3.24,0.0
20050605:0409,80.0,72.0,0.0,16.05,20.86,3.45,0.0
20050605:0509,239.0,111.0,0.0,27.75,22.89,3.03,0.0
20050605:0609,421.0,131.0,0.0,39.7,23.85,2.62,0.0
20050605:0709,574.0,152.0,0.0,51.64,24.34,1.93,0.0
20050605:0809,726.0,150.0,0.0,63.09,25.19,1.24,0.0
20050605:0909,790.0,168.0,0.0,72.59,24.95,0.83,0.0
20050605:1009,807.0,181.0,0.0,75.32,26.02,1.59,0.0
20050605:1109,754.0,198.0,0.0,68.48,26.23,2.9,0.0
20050605:1209,707.0,173.0,0.0,57.72,26.27,4.48,0.0
20050605:1309,574.0,168.0,0.0,45.95,26.01,5.59,0.0
20050605:1409,440.0,138.0,0.0,33.97,25.54,5.93,0.0
20050605:1509,306.0,96.0,0.0,22.11,25.36,5.45,0.0
20050605:1609,114.0,74.0,0.0,10.6,25.21,4.28,0.0
20050605:1709,0.0,0.0,0.0,-0.3,23.95,2.83,0.0
20050605:1809,0.0,0.0,0.0,0.0,23.35,0.9,0.0
20050605:1909,0.0,0.0,0.0,0.0,22.81,1.52,0.0
20050605:2009,0.0,0.0,0.0,0.0,21.79,2.14,0.0
20050605:2109,0.0,0.0,0.0,0.0,21.57,2.21,0.0
20050605:2209,0.0,0.0,0.0,0.0,21.13,2.0,0.0
20050605:2309,0.0,0.0,0.0,0.0,21.08,2.0,0.0
20050606:0009,0.0,0.0,0.0,0.0,20.95,1.93,0.0
20050606:0109,0.0,0.0,0.0,0.0,20.79,2.07,0.0
20050606:0209,0.0,0.0,0.0,0.0,20.41,2.34,0.0
20050606:0309,0.0,0.0,0.0,0.0,20.52,2.41,0.0
20050606:0409,80.0,72.0,0.0,16.07,21.14,2.41,0.0
20050606:0509,237.0,111.0,0.0,27.77,23.01,1.79,0.0
20050606:0609,381.0,153.0,0.0,39.72,23.55,1.1,0.0
20050606:0709,560.0,159.0,0.0,51.66,23.92,1.1,0.0
20050606:0809,557.0,251.0,0.0,63.12,24.77,1.72,0.0
20050606:0909,650.0,254.0,0.0,72.66,24.53,2.83,0.0
20050606:1009,803.0,181.0,0.0,75.43,25.28,4.07,0.0
20050606:1109,765.0,189.0,0.0,68.58,25.28,4.62,0.0
20050606:1209,730.0,157.0,0.0,57.81,25.34,4.14,0.0
20050606:1309,612.0,145.0,0.0,46.04,25.33,3.66,0.0
20050606:1409,458.0,128.0,0.0,34.06,25.12,3.45,0.0
20050606:1509,259.0,119.0,0.0,22.2,24.8,2.83,0.0
20050606:1609,127.0,70.0,0.0,10.7,24.4,1.93,0.0
20050606:1709,0.0,0.0,0.0,-0.2,23.85,1.1,0.0
20050606:1809,0.0,0.0,0.0,0.0,23.49,0.69,0.0
20050606:1909,0.0,0.0,0.0,0.0,23.03,1.1,0.0
20050606:2009,0.0,0.0,0.0,0.0,22.06,1.52,0.0
20050606:2109,0.0,0.0,0.0,0.0,21.6,1.52,0.0
20050606:2209,0.0,0.0,0.0,0.0,20.81,1.45,0.0
20050606:2309,0.0,0.0,0.0,0.0,20.8,1.66,0.0
20050607:0009,0.0,0.0,0.0,0.0,20.77,1.59,0.0
20050607:0109,0.0,0.0,0.0,0.0,20.72,1.45,0.0
20050607:0209,0.0,0.0,0.0,0.0,20.35,1.38,0.0
20050607:0309,0.0,0.0,0.0,0.0,20.38,1.45,0.0
20050607:0409,83.0,72.0,0.0,16.09,20.81,1.59,0.0
20050607:0509,223.0,121.0,0.0,27.79,22.93,1.03,0.0
20050607:0609,400.0,144.0,0.0,39.73,23.51,0.28,0.0
20050607:0709,533.0,179.0,0.0,51.68,23.37,1.38,0.0
20050607:0809,641.0,204.0,0.0,63.15,24.15,2.41,0.0
20050607:0909,793.0,168.0,0.0,72.72,24.1,3.24,0.0
20050607:1009,764.0,210.0,0.0,75.53,24.57,3.45,0.0
20050607:1109,772.0,188.0,0.0,68.68,24.67,3.79,0.0
20050607:1209,711.0,172.0,0.0,57.9,24.71,3.79,0.0
20050607:1309,653.0,126.0,0.0,46.13,24.73,3.72,0.0
20050607:1409,451.0,134.0,0.0,34.14,24.61,3.45,0.0
20050607:1509,282.0,109.0,0.0,22.28,24.48,2.76,0.0
20050607:1609,130.0,70.0,0.0,10.79,24.23,1.79,0.0
20050607:1709,0.0,0.0,0.0,-0.11,23.55,0.76,0.0
20050607:1809,0.0,0.0,0.0,0.0,23.22,0.69,0.0
20050607:1909,0.0,0.0,0.0,0.0,22.67,1.52,0.0
20050607:2009,0.0,0.0,0.0,0.0,21.42,1.72,0.0
20050607:2109,0.0,0.0,0.0,0.0,21.47,1.38,0.0
20050607:2209,0.0,0.0,0.0,0.0,20.81,1.72,0.0
20050607:2309,0.0,0.0,0.0,0.0,20.82,1.93,0.0
20050608:0009,0.0,0.0,0.0,0.0,20.92,2.0,0.0
20050608:0109,0.0,0.0,0.0,0.0,20.98,2.34,0.0
20050608:0209,0.0,0.0,0.0,0.0,20.9,2.69,0.0
20050608:0309,2.0,4.91,0.0,4.91,20.85,2.69,0.0
20050608:0409,72.0,77.0,0.0,16.11,21.14,2.34,0.0
20050608:0509,226.0,121.0,0.0,27.8,22.99,1.45,0.0
20050608:0609,405.0,143.0,0.0,39.74,23.79,0.76,0.0
20050608:0709,582.0,151.0,0.0,51.69,23.97,1.86,0.0
20050608:0809,713.0,162.0,0.0,63.17,25.0,2.62,0.0
20050608:0909,755.0,196.0,0.0,72.78,25.17,3.24,0.0
20050608:1009,847.0,161.0,0.0,75.63,25.59,3.38,0.0
20050608:1109,794.0,178.0,0.0,68.78,25.59,3.59,0.0
20050608:1209,785.0,134.0,0.0,57.99,25.62,3.59,0.0
20050608:1309,643.0,134.0,0.0,46.21,25.46,3.45,0.0
20050608:1409,470.0,127.0,0.0,34.23,25.1,2.97,0.0
20050608:1509,235.0,138.0,0.0,22.37,24.78,2.41,0.0
20050608:1609,45.0,103.0,0.0,10.88,24.49,1.72,0.0
20050608:1709,0.0,0.0,0.0,-0.01,23.52,0.83,0.0
20050608:1809,0.0,0.0,0.0,0.0,23.04,0.41,0.0
20050608:1909,0.0,0.0,0.0,0.0,22.86,1.45,0.0
20050608:2009,0.0,0.0,0.0,0.0,21.92,1.79,0.0
20050608:2109,0.0,0.0,0.0,0.0,21.81,1.79,0.0
20050608:2209,0.0,0.0,0.0,0.0,21.24,2.14,0.0
20050608:2309,0.0,0.0,0.0,0.0,21.29,2.21,0.0
20050609:0009,0.0,0.0,0.0,0.0,21.34,1.79,0.0
20050609:0109,0.0,0.0,0.0,0.0,21.3,1.59,0.0
20050609:0209,0.0,0.0,0.0,0.0,21.26,1.86,0.0
20050609:0309,2.0,5.89,0.0,4.93,21.28,2.34,0.0
20050609:0409,97.0,66.0,0.0,16.12,21.99,2.34,0.0
20050609:0509,258.0,103.0,0.0,27.81,23.32,1.45,0.0
20050609:0609,424.0,131.0,0.0,39.75,24.09,0.28,0.0
20050609:0709,535.0,178.0,0.0,51.7,23.89,2.0,0.0
20050609:0809,708.0,163.0,0.0,63.19,24.62,2.9,0.0
20050609:0909,820.0,153.0,0.0,72.83,24.6,3.59,0.0
20050609:1009,854.0,155.0,0.0,75.73,25.28,3.79,0.0
20050609:1109,853.0,142.0,0.0,68.87,25.34,4.0,0.0
20050609:1209,674.0,197.0,0.0,58.08,25.27,3.79,0.0
20050609:1309,640.0,134.0,0.0,46.29,25.2,3.59,0.0
20050609:1409,455.0,134.0,0.0,34.31,24.87,3.38,0.0
20050609:1509,290.0,107.0,0.0,22.45,24.62,2.55,0.0
20050609:1609,109.0,81.0,0.0,10.96,24.28,1.52,0.0
20050609:1709,0.0,17.0,0.0,0.08,23.67,0.48,0.0
20050609:1809,0.0,0.0,0.0,0.0,23.21,1.17,0.0
20050609:1909,0.0,0.0,0.0,0.0,23.16,1.38,0.0
20050609:2009,0.0,0.0,0.0,0.0,22.39,1.52,0.0
20050609:2109,0.0,0.0,0.0,0.0,22.13,1.31,0.0
20050609:2209,0.0,0.0,0.0,0.0,21.54,0.62,0.0
20050609:2309,0.0,0.0,0.0,0.0,21.39,0.21,0.0
20050610:0009,0.0,0.0,0.0,0.0,21.24,0.14,0.0
20050610:0109,0.0,0.0,0.0,0.0,21.08,0.07,0.0
20050610:0209,0.0,0.0,0.0,0.0,20.78,0.28,0.0
20050610:0309,0.0,1.0,0.0,4.94,20.78,0.34,0.0
20050610:0409,0.0,14.0,0.0,16.13,21.15,0.21,0.0
20050610:0509,0.0,106.0,0.0,27.81,22.36,0.55,0.0
20050610:0609,0.0,124.0,0.0,39.75,22.26,1.52,0.0
20050610:0709,29.0,325.0,0.0,51.7,22.19,2.14,0.0
20050610:0809,191.0,413.0,0.0,63.2,23.18,2.9,0.0
20050610:0909,593.0,282.0,0.0,72.87,23.39,3.66,0.0
20050610:1009,735.0,219.0,0.0,75.81,23.71,3.79,0.0
20050610:1109,772.0,180.0,0.0,68.96,23.91,4.83,0.0
20050610:1209,723.0,158.0,0.0,58.16,24.03,4.83,0.0
20050610:1309,649.0,124.0,0.0,46.37,24.12,4.69,0.0
20050610:1409,455.0,130.0,0.0,34.38,23.83,4.48,0.0
20050610:1509,263.0,118.0,0.0,22.53,23.57,3.59,0.0
20050610:1609,62.0,98.0,0.0,11.04,23.24,2.76,0.0
20050610:1709,0.0,13.0,0.0,0.16,22.06,1.72,0.0
20050610:1809,0.0,0.0,0.0,0.0,22.3,2.28,0.0
20050610:1909,0.0,0.0,0.0,0.0,22.57,2.69,0.0
20050610:2009,0.0,0.0,0.0,0.0,22.12,2.41,0.0
20050610:2109,0.0,0.0,0.0,0.0,21.87,2.28,0.0
20050610:2209,0.0,0.0,0.0,0.0,20.56,2.07,0.0
20050610:2309,0.0,0.0,0.0,0.0,20.59,1.79,0.0
20050611:0009,0.0,0.0,0.0,0.0,20.42,1.52,0.0
20050611:0109,0.0,0.0,0.0,0.0,20.18,1.17,0.0
20050611:0209,0.0,0.0,0.0,0.0,19.91,0.83,0.0
20050611:0309,0.0,1.0,0.0,4.95,19.73,0.62,0.0
20050611:0409,13.0,82.0,0.0,16.13,20.2,0.41,0.0
20050611:0509,91.0,176.0,0.0,27.81,21.75,0.69,0.0
20050611:0609,312.0,191.0,0.0,39.75,21.9,1.79,0.0
20050611:0709,312.0,296.0,0.0,51.7,21.91,2.55,0.0
20050611:0809,632.0,204.0,0.0,63.21,22.2,3.24,0.0
20050611:0909,739.0,196.0,0.0,72.9,22.19,3.79,0.0
20050611:1009,740.0,219.0,0.0,75.89,22.68,4.07,0.0
20050611:1109,793.0,170.0,0.0,69.04,22.76,4.14,0.0
20050611:1209,749.0,147.0,0.0,58.23,22.98,3.93,0.0
20050611:1309,605.0,149.0,0.0,46.44,23.06,3.59,0.0
20050611:1409,448.0,135.0,0.0,34.46,23.11,2.97,0.0
20050611:1509,267.0,118.0,0.0,22.61,23.26,2.9,0.0
20050611:1609,109.0,81.0,0.0,11.12,23.23,2.34,0.0
20050611:1709,0.0,18.0,0.0,0.24,21.98,1.93,0.0
20050611:1809,0.0,0.0,0.0,0.0,22.31,2.41,0.0
20050611:1909,0.0,0.0,0.0,0.0,21.74,2.97,0.0
20050611:2009,0.0,0.0,0.0,0.0,21.37,3.24,0.0
20050611:2109,0.0,0.0,0.0,0.0,21.39,3.24,0.0
20050611:2209,0.0,0.0,0.0,0.0,20.65,2.9,0.0
20050611:2309,0.0,0.0,0.0,0.0,20.5,2.69,0.0
20050612:0009,0.0,0.0,0.0,0.0,20.41,2.41,0.0
20050612:0109,0.0,0.0,0.0,0.0,20.34,1.93,0.0
20050612:0209,0.0,0.0,0.0,0.0,20.25,1.72,0.0
20050612:0309,0.0,1.0,0.0,4.96,20.61,2.07,0.0
20050612:0409,57.0,82.0,0.0,16.13,21.12,2.28,0.0
20050612:0509,238.0,111.0,0.0,27.8,22.55,1.72,0.0
20050612:0609,430.0,126.0,0.0,39.74,23.48,0.62,0.0
20050612:0709,605.0,134.0,0.0,51.69,23.74,1.03,0.0
20050612:0809,733.0,145.0,0.0,63.22,24.29,2.55,0.0
20050612:0909,773.0,178.0,0.0,72.93,24.19,3.52,0.0
20050612:1009,790.0,191.0,0.0,75.97,24.63,3.86,0.0
20050612:1109,754.0,198.0,0.0,69.12,24.71,4.34,0.0
20050612:1209,709.0,172.0,0.0,58.31,24.54,4.28,0.0
20050612:1309,555.0,183.0,0.0,46.52,24.46,4.07,0.0
20050612:1409,437.0,144.0,0.0,34.53,24.24,3.52,0.0
20050612:1509,315.0,97.0,0.0,22.68,24.05,2.83,0.0
20050612:1609,21.0,104.0,0.0,11.2,23.83,1.86,0.0
20050612:1709,0.0,18.0,0.0,0.32,22.87,1.03,0.0
20050612:1809,0.0,0.0,0.0,0.0,23.06,0.21,0.0
20050612:1909,0.0,0.0,0.0,0.0,22.69,0.41,0.0
20050612:2009,0.0,0.0,0.0,0.0,21.64,1.03,0.0
20050612:2109,0.0,0.0,0.0,0.0,21.4,1.45,0.0
20050612:2209,0.0,0.0,0.0,0.0,20.41,2.0,0.0
20050612:2309,0.0,0.0,0.0,0.0,20.38,2.14,0.0
20050613:0009,0.0,0.0,0.0,0.0,20.38,2.07,0.0
20050613:0109,0.0,0.0,0.0,0.0,20.32,1.66,0.0
20050613:0209,0.0,0.0,0.0,0.0,20.08,1.31,0.0
20050613:0309,3.0,4.87,0.0,4.96,20.21,1.31,0.0
20050613:0409,70.0,77.0,0.0,16.13,20.68,1.24,0.0
20050613:0509,206.0,129.0,0.0,27.79,22.44,0.48,0.0
20050613:0609,297.0,201.0,0.0,39.73,22.64,0.97,0.0
20050613:0709,520.0,185.0,0.0,51.69,22.5,2.0,0.0
20050613:0809,664.0,187.0,0.0,63.22,23.16,2.83,0.0
20050613:0909,746.0,196.0,0.0,72.96,23.19,3.52,0.0
20050613:1009,763.0,209.0,0.0,76.04,23.8,3.45,0.0
20050613:1109,787.0,178.0,0.0,69.19,23.96,3.59,0.0
20050613:1209,738.0,156.0,0.0,58.38,23.86,3.59,0.0
20050613:1309,558.0,183.0,0.0,46.59,23.8,3.52,0.0
20050613:1409,456.0,134.0,0.0,34.6,23.97,3.24,0.0
20050613:1509,273.0,118.0,0.0,22.75,23.95,3.31,0.0
20050613:1609,129.0,74.0,0.0,11.27,23.65,2.9,0.0
20050613:1709,0.0,20.0,0.0,0.4,22.4,1.86,0.0
20050613:1809,0.0,0.0,0.0,0.0,22.65,1.03,0.0
20050613:1909,0.0,0.0,0.0,0.0,22.58,0.41,0.0
20050613:2009,0.0,0.0,0.0,0.0,21.85,0.69,0.0
20050613:2109,0.0,0.0,0.0,0.0,21.57,0.83,0.0
20050613:2209,0.0,0.0,0.0,0.0,20.83,1.45,0.0
20050613:2309,0.0,0.0,0.0,0.0,20.77,1.72,0.0
20050614:0009,0.0,0.0,0.0,0.0,20.76,1.72,0.0
20050614:0109,0.0,0.0,0.0,0.0,20.84,1.79,0.0
20050614:0209,0.0,0.0,0.0,0.0,20.66,1.93,0.0
20050614:0309,0.0,1.0,0.0,4.95,20.92,2.0,0.0
20050614:0409,56.0,82.0,0.0,16.12,21.32,1.59,0.0
20050614:0509,236.0,111.0,0.0,27.78,22.79,0.48,0.0
20050614:0609,378.0,154.0,0.0,39.72,23.07,1.38,0.0
20050614:0709,497.0,196.0,0.0,51.67,22.71,2.34,0.0
20050614:0809,748.0,135.0,0.0,63.21,23.39,2.76,0.0
20050614:0909,894.0,108.0,0.0,72.98,23.35,2.97,0.0
20050614:1009,933.0,107.0,0.0,76.1,23.65,2.62,0.0
20050614:1109,908.0,108.0,0.0,69.26,23.63,2.9,0.0
20050614:1209,793.0,125.0,0.0,58.45,23.57,3.17,0.0
20050614:1309,532.0,196.0,0.0,46.65,23.91,2.69,0.0
20050614:1409,0.0,66.0,0.0,34.67,23.41,2.76,0.0
20050614:1509,304.0,102.0,0.0,22.82,23.54,2.55,0.0
20050614:1609,1.0,71.0,0.0,11.34,23.4,1.79,0.0
20050614:1709,0.0,17.0,0.0,0.47,22.64,1.59,0.0
20050614:1809,0.0,0.0,0.0,0.0,22.71,1.93,0.0
20050614:1909,0.0,0.0,0.0,0.0,22.9,1.93,0.0
20050614:2009,0.0,0.0,0.0,0.0,22.16,1.72,0.0
20050614:2109,0.0,0.0,0.0,0.0,21.82,1.59,0.0
20050614:2209,0.0,0.0,0.0,0.0,21.38,1.24,0.0
20050614:2309,0.0,0.0,0.0,0.0,21.45,2.21,0.0
20050615:0009,0.0,0.0,0.0,0.0,21.37,2.9,0.0
20050615:0109,0.0,0.0,0.0,0.0,21.37,2.83,0.0
20050615:0209,0.0,0.0,0.0,0.0,21.02,2.9,0.0
20050615:0309,0.0,1.0,0.0,4.95,21.0,3.24,0.0
20050615:0409,67.0,78.0,0.0,16.1,21.27,3.45,0.0
20050615:0509,216.0,122.0,0.0,27.76,23.48,3.31,0.0
20050615:0609,376.0,153.0,0.0,39.7,24.27,3.24,0.0
20050615:0709,554.0,159.0,0.0,51.65,24.7,2.9,0.0
20050615:0809,681.0,171.0,0.0,63.2,25.51,2.07,0.0
20050615:0909,722.0,206.0,0.0,72.99,25.23,1.52,0.0
20050615:1009,739.0,219.0,0.0,76.15,25.73,2.14,0.0
20050615:1109,733.0,207.0,0.0,69.33,25.61,3.1,0.0
20050615:1209,651.0,206.0,0.0,58.51,25.7,3.93,0.0
20050615:1309,503.0,212.0,0.0,46.72,25.42,3.93,0.0
20050615:1409,501.0,110.0,0.0,34.73,25.64,3.31,0.0
20050615:1509,189.0,162.0,0.0,22.89,25.45,2.55,0.0
20050615:1609,135.0,72.0,0.0,11.4,25.14,1.93,0.0
20050615:1709,0.0,21.0,0.0,0.53,23.95,1.52,0.0
20050615:1809,0.0,0.0,0.0,0.0,24.06,1.31,0.0
20050615:1909,0.0,0.0,0.0,0.0,24.21,1.52,0.0
20050615:2009,0.0,0.0,0.0,0.0,23.24,2.14,0.0
20050615:2109,0.0,0.0,0.0,0.0,23.24,2.62,0.0
20050615:2209,0.0,0.0,0.0,0.0,22.95,2.83,0.0
20050615:2309,0.0,0.0,0.0,0.0,23.23,3.59,0.0
20050616:0009,0.0,0.0,0.0,0.0,23.29,4.21,0.0
20050616:0109,0.0,0.0,0.0,0.0,23.14,4.55,0.0
20050616:0209,0.0,0.0,0.0,0.0,22.83,4.62,0.0
20050616:0309,0.0,1.0,0.0,4.93,22.77,4.76,0.0
20050616:0409,95.0,66.0,0.0,16.09,22.78,4.69,0.0
20050616:0509,239.0,111.0,0.0,27.74,24.64,4.34,0.0
20050616:0609,432.0,125.0,0.0,39.67,25.49,4.21,0.0
20050616:0709,640.0,116.0,0.0,51.63,25.88,4.0,0.0
20050616:0809,755.0,134.0,0.0,63.18,26.87,3.31,0.0
20050616:0909,860.0,130.0,0.0,72.99,26.95,2.41,0.0
20050616:1009,910.0,123.0,0.0,76.2,27.41,1.31,0.0
20050616:1109,898.0,117.0,0.0,69.39,27.34,1.24,0.0
20050616:1209,781.0,135.0,0.0,58.57,27.24,2.07,0.0
20050616:1309,651.0,130.0,0.0,46.78,27.32,3.17,0.0
20050616:1409,498.0,115.0,0.0,34.79,27.19,4.34,0.0
20050616:1509,299.0,107.0,0.0,22.95,26.93,4.62,0.0
20050616:1609,134.0,74.0,0.0,11.47,26.67,3.86,0.0
20050616:1709,0.0,22.0,0.0,0.59,25.51,2.97,0.0
20050616:1809,0.0,0.0,0.0,0.0,24.88,2.0,0.0
20050616:1909,0.0,0.0,0.0,0.0,24.37,1.31,0.0
20050616:2009,0.0,0.0,0.0,0.0,23.71,1.66,0.0
20050616:2109,0.0,0.0,0.0,0.0,23.55,1.93,0.0
20050616:2209,0.0,0.0,0.0,0.0,23.2,2.34,0.0
20050616:2309,0.0,0.0,0.0,0.0,23.19,2.69,0.0
20050617:0009,0.0,0.0,0.0,0.0,23.26,3.24,0.0
20050617:0109,0.0,0.0,0.0,0.0,23.45,3.66,0.0
20050617:0209,0.0,0.0,0.0,0.0,23.22,3.86,0.0
20050617:0309,0.0,1.0,0.0,4.91,23.3,4.07,0.0
20050617:0409,17.0,86.0,0.0,16.06,23.51,4.14,0.0
20050617:0509,104.0,174.0,0.0,27.72,25.2,3.72,0.0
20050617:0609,115.0,273.0,0.0,39.65,25.81,3.24,0.0
20050617:0709,348.0,283.0,0.0,51.61,26.16,2.76,0.0
20050617:0809,530.0,270.0,0.0,63.17,27.21,2.34,0.0
20050617:0909,571.0,305.0,0.0,72.99,27.22,1.59,0.0
20050617:1009,244.0,473.0,0.0,76.24,28.38,0.83,0.0
20050617:1109,794.0,178.0,0.0,69.45,28.64,1.17,0.0
20050617:1209,706.0,181.0,0.0,58.63,28.82,2.41,0.0
20050617:1309,600.0,161.0,0.0,46.83,28.7,3.17,0.0
20050617:1409,447.0,144.0,0.0,34.85,28.44,3.79,0.0
20050617:1509,270.0,124.0,0.0,23.0,28.15,4.0,0.0
20050617:1609,110.0,86.0,0.0,11.52,27.62,3.59,0.0
20050617:1709,0.0,21.0,0.0,0.65,26.6,3.31,0.0
20050617:1809,0.0,0.0,0.0,0.0,25.8,2.76,0.0
20050617:1909,0.0,0.0,0.0,0.0,25.44,2.41,0.0
20050617:2009,0.0,0.0,0.0,0.0,24.77,2.21,0.0
20050617:2109,0.0,0.0,0.0,0.0,24.73,2.14,0.0
20050617:2209,0.0,0.0,0.0,0.0,24.26,2.07,0.0
20050617:2309,0.0,0.0,0.0,0.0,24.25,2.83,0.0
20050618:0009,0.0,0.0,0.0,0.0,24.38,3.38,0.0
20050618:0109,0.0,0.0,0.0,0.0,24.46,3.86,0.0
20050618:0209,0.0,0.0,0.0,0.0,24.2,4.28,0.0
20050618:0309,0.0,1.0,0.0,4.89,24.07,4.62,0.0
20050618:0409,69.0,77.0,0.0,16.04,24.24,4.83,0.0
20050618:0509,219.0,121.0,0.0,27.69,25.88,4.69,0.0
20050618:0609,395.0,144.0,0.0,39.62,26.9,4.07,0.0
20050618:0709,548.0,166.0,0.0,51.58,27.49,3.52,0.0
20050618:0809,661.0,187.0,0.0,63.14,29.25,2.97,0.0
20050618:0909,729.0,206.0,0.0,72.99,29.76,1.86,0.0
20050618:1009,761.0,210.0,0.0,76.27,29.82,0.69,0.0
20050618:1109,756.0,198.0,0.0,69.5,29.95,1.79,0.0
20050618:1209,699.0,181.0,0.0,58.69,29.61,3.38,0.0
20050618:1309,593.0,162.0,0.0,46.89,29.52,4.21,0.0
20050618:1409,442.0,145.0,0.0,34.91,29.08,5.1,0.0
20050618:1509,282.0,116.0,0.0,23.06,28.78,5.17,0.0
20050618:1609,123.0,79.0,0.0,11.58,28.21,4.28,0.0
20050618:1709,0.0,22.0,0.0,0.7,26.49,3.17,0.0
20050618:1809,0.0,0.0,0.0,0.0,26.63,1.72,0.0
20050618:1909,0.0,0.0,0.0,0.0,25.87,0.9,0.0
20050618:2009,0.0,0.0,0.0,0.0,24.51,1.38,0.0
20050618:2109,0.0,0.0,0.0,0.0,24.62,1.52,0.0
20050618:2209,0.0,0.0,0.0,0.0,24.16,1.59,0.0
20050618:2309,0.0,0.0,0.0,0.0,24.27,2.21,0.0
20050619:0009,0.0,0.0,0.0,0.0,24.42,2.76,0.0
20050619:0109,0.0,0.0,0.0,0.0,24.56,3.03,0.0
20050619:0209,0.0,0.0,0.0,0.0,24.31,3.17,0.0
20050619:0309,0.0,1.0,0.0,4.87,24.22,3.52,0.0
20050619:0409,53.0,81.0,0.0,16.01,24.32,3.66,0.0
20050619:0509,198.0,129.0,0.0,27.66,25.97,2.97,0.0
20050619:0609,353.0,164.0,0.0,39.59,26.72,1.72,0.0
20050619:0709,518.0,179.0,0.0,51.55,29.03,0.69,0.0
20050619:0809,626.0,203.0,0.0,63.11,28.75,0.62,0.0
20050619:0909,718.0,206.0,0.0,72.97,28.51,2.07,0.0
20050619:1009,780.0,191.0,0.0,76.3,28.69,3.66,0.0
20050619:1109,731.0,207.0,0.0,69.55,28.71,5.03,0.0
20050619:1209,727.0,158.0,0.0,58.74,28.54,5.59,0.0
20050619:1309,606.0,149.0,0.0,46.94,28.32,5.03,0.0
20050619:1409,435.0,145.0,0.0,34.96,27.83,3.79,0.0
20050619:1509,261.0,125.0,0.0,23.11,27.12,2.34,0.0
20050619:1609,95.0,92.0,0.0,11.63,26.68,2.0,0.0
20050619:1709,0.0,21.0,0.0,0.75,25.33,2.14,0.0
20050619:1809,0.0,0.0,0.0,0.0,25.55,2.55,0.0
20050619:1909,0.0,0.0,0.0,0.0,25.09,2.83,0.0
20050619:2009,0.0,0.0,0.0,0.0,24.79,2.76,0.0
20050619:2109,0.0,0.0,0.0,0.0,25.04,2.69,0.0
20050619:2209,0.0,0.0,0.0,0.0,24.9,2.69,0.0
20050619:2309,0.0,0.0,0.0,0.0,25.26,3.24,0.0
20050620:0009,0.0,0.0,0.0,0.0,25.62,3.66,0.0
20050620:0109,0.0,0.0,0.0,0.0,25.72,4.07,0.0
20050620:0209,0.0,0.0,0.0,0.0,25.18,4.28,0.0
20050620:0309,0.0,0.0,0.0,0.0,24.91,4.48,0.0
20050620:0409,35.0,85.0,0.0,15.97,24.83,4.41,0.0
20050620:0509,200.0,129.0,0.0,27.62,26.17,4.14,0.0
20050620:0609,389.0,145.0,0.0,39.55,27.03,4.07,0.0
20050620:0709,581.0,142.0,0.0,51.51,27.38,3.93,0.0
20050620:0809,693.0,163.0,0.0,63.08,28.09,2.83,0.0
20050620:0909,780.0,169.0,0.0,72.96,28.13,1.59,0.0
20050620:1009,785.0,190.0,0.0,76.32,28.12,1.93,0.0
20050620:1109,480.0,356.0,0.0,69.59,27.75,3.66,0.0
20050620:1209,584.0,249.0,0.0,58.78,27.71,4.55,0.0
20050620:1309,338.0,305.0,0.0,46.99,27.69,5.1,0.0
20050620:1409,12.0,248.0,0.0,35.01,27.17,5.24,0.0
20050620:1509,62.0,203.0,0.0,23.16,26.78,4.48,0.0
20050620:1609,1.0,79.0,0.0,11.67,26.58,3.17,0.0
20050620:1709,0.0,21.0,0.0,0.8,25.6,2.34,0.0
20050620:1809,0.0,0.0,0.0,0.0,25.39,2.21,0.0
20050620:1909,0.0,0.0,0.0,0.0,25.42,2.07,0.0
20050620:2009,0.0,0.0,0.0,0.0,25.09,1.86,0.0
20050620:2109,0.0,0.0,0.0,0.0,24.7,1.59,0.0
20050620:2209,0.0,0.0,0.0,0.0,24.1,0.9,0.0
20050620:2309,0.0,0.0,0.0,0.0,24.16,1.79,0.0
20050621:0009,0.0,0.0,0.0,0.0,24.02,2.97,0.0
20050621:0109,0.0,0.0,0.0,0.0,24.23,3.24,0.0
20050621:0209,0.0,0.0,0.0,0.0,24.27,3.38,0.0
20050621:0309,0.0,0.0,0.0,0.0,24.3,3.72,0.0
20050621:0409,15.0,82.0,0.0,15.94,24.23,3.86,0.0
20050621:0509,209.0,123.0,0.0,27.58,25.7,3.66,0.0
20050621:0609,192.0,245.0,0.0,39.51,26.54,3.45,0.0
20050621:0709,80.0,352.0,0.0,51.47,26.9,3.17,0.0
20050621:0809,664.0,180.0,0.0,63.05,27.65,2.21,0.0
20050621:0909,812.0,150.0,0.0,72.93,27.6,0.9,0.0
20050621:1009,82.0,472.0,0.0,76.33,27.71,0.76,0.0
20050621:1109,180.0,469.0,0.0,69.63,27.37,2.55,0.0
20050621:1209,138.0,435.0,0.0,58.83,27.22,3.79,0.0
20050621:1309,175.0,366.0,0.0,47.03,26.79,4.34,0.0
20050621:1409,0.0,58.0,0.0,35.05,26.15,4.41,0.0
20050621:1509,0.0,73.0,0.0,23.2,26.06,3.59,0.0
20050621:1609,3.0,84.0,0.0,11.72,25.93,2.62,0.0
20050621:1709,0.0,18.0,0.0,0.84,25.19,1.79,0.0
20050621:1809,0.0,0.0,0.0,0.0,24.76,0.76,0.0
20050621:1909,0.0,0.0,0.0,0.0,24.34,0.69,0.0
20050621:2009,0.0,0.0,0.0,0.0,23.62,0.9,0.0
20050621:2109,0.0,0.0,0.0,0.0,23.66,1.52,0.0
20050621:2209,0.0,0.0,0.0,0.0,23.17,1.93,0.0
20050621:2309,0.0,0.0,0.0,0.0,23.12,2.28,0.0
20050622:0009,0.0,0.0,0.0,0.0,23.32,2.62,0.0
20050622:0109,0.0,0.0,0.0,0.0,23.43,3.1,0.0
20050622:0209,0.0,0.0,0.0,0.0,23.36,3.72,0.0
20050622:0309,0.0,0.0,0.0,0.0,23.39,4.41,0.0
20050622:0409,92.0,66.0,0.0,15.9,23.4,4.69,0.0
20050622:0509,278.0,91.0,0.0,27.54,24.86,4.69,0.0
20050622:0609,462.0,109.0,0.0,39.47,25.6,4.83,0.0
20050622:0709,656.0,107.0,0.0,51.43,26.2,4.69,0.0
20050622:0809,778.0,122.0,0.0,63.01,27.47,3.93,0.0
20050622:0909,907.0,105.0,0.0,72.9,27.66,2.9,0.0
20050622:1009,927.0,116.0,0.0,76.34,27.8,2.34,0.0
20050622:1109,904.0,116.0,0.0,69.66,27.41,1.79,0.0
20050622:1209,789.0,134.0,0.0,58.87,27.42,1.93,0.0
20050622:1309,641.0,139.0,0.0,47.07,27.5,2.76,0.0
20050622:1409,473.0,132.0,0.0,35.09,27.81,3.31,0.0
20050622:1509,273.0,125.0,0.0,23.24,27.67,3.66,0.0
20050622:1609,131.0,78.0,0.0,11.76,27.45,3.31,0.0
20050622:1709,0.0,24.0,0.0,0.87,26.51,3.1,0.0
20050622:1809,0.0,0.0,0.0,0.0,26.56,2.97,0.0
20050622:1909,0.0,0.0,0.0,0.0,26.1,2.9,0.0
20050622:2009,0.0,0.0,0.0,0.0,25.01,3.03,0.0
20050622:2109,0.0,0.0,0.0,0.0,24.87,3.24,0.0
20050622:2209,0.0,0.0,0.0,0.0,24.6,3.24,0.0
20050622:2309,0.0,0.0,0.0,0.0,24.58,4.0,0.0
20050623:0009,0.0,0.0,0.0,0.0,24.45,4.41,0.0
20050623:0109,0.0,0.0,0.0,0.0,24.3,4.76,0.0
20050623:0209,0.0,0.0,0.0,0.0,23.96,4.97,0.0
20050623:0309,0.0,0.0,0.0,0.0,23.81,5.03,0.0
20050623:0409,106.0,61.0,0.0,15.85,23.62,4.97,0.0
20050623:0509,281.0,90.0,0.0,27.49,24.8,4.69,0.0
20050623:0609,477.0,102.0,0.0,39.42,25.48,4.55,0.0
20050623:0709,661.0,107.0,0.0,51.38,26.12,4.21,0.0
20050623:0809,813.0,106.0,0.0,62.96,27.26,3.31,0.0
20050623:0909,915.0,104.0,0.0,72.87,27.34,2.55,0.0
20050623:1009,911.0,128.0,0.0,76.34,27.73,2.55,0.0
20050623:1109,817.0,167.0,0.0,69.69,27.31,3.38,0.0
20050623:1209,796.0,133.0,0.0,58.9,26.9,5.03,0.0
20050623:1309,683.0,120.0,0.0,47.11,26.48,6.28,0.0
20050623:1409,479.0,131.0,0.0,35.13,26.23,5.86,0.0
20050623:1509,315.0,105.0,0.0,23.28,26.34,4.9,0.0
20050623:1609,120.0,85.0,0.0,11.79,26.34,3.66,0.0
20050623:1709,0.0,24.0,0.0,0.91,24.91,1.79,0.0
20050623:1809,0.0,0.0,0.0,0.0,24.55,0.62,0.0
20050623:1909,0.0,0.0,0.0,0.0,24.09,1.93,0.0
20050623:2009,0.0,0.0,0.0,0.0,22.79,2.28,0.0
20050623:2109,0.0,0.0,0.0,0.0,22.77,2.34,0.0
20050623:2209,0.0,0.0,0.0,0.0,22.45,2.48,0.0
20050623:2309,0.0,0.0,0.0,0.0,22.4,2.34,0.0
20050624:0009,0.0,0.0,0.0,0.0,22.37,2.55,0.0
20050624:0109,0.0,0.0,0.0,0.0,22.31,2.83,0.0
20050624:0209,0.0,0.0,0.0,0.0,22.04,3.03,0.0
20050624:0309,0.0,0.0,0.0,0.0,22.06,3.31,0.0
20050624:0409,92.0,65.0,0.0,15.8,22.47,3.45,0.0
20050624:0509,265.0,96.0,0.0,27.44,24.74,3.03,0.0
20050624:0609,462.0,109.0,0.0,39.37,25.7,2.28,0.0
20050624:0709,609.0,132.0,0.0,51.33,26.41,1.45,0.0
20050624:0809,780.0,122.0,0.0,62.91,27.89,0.76,0.0
20050624:0909,832.0,147.0,0.0,72.83,27.78,0.97,0.0
20050624:1009,951.0,104.0,0.0,76.33,28.85,1.93,0.0
20050624:1109,837.0,154.0,0.0,69.71,28.99,3.38,0.0
20050624:1209,761.0,150.0,0.0,58.94,29.12,4.55,0.0
20050624:1309,627.0,148.0,0.0,47.15,29.08,5.59,0.0
20050624:1409,453.0,145.0,0.0,35.16,28.64,5.93,0.0
20050624:1509,275.0,125.0,0.0,23.31,28.4,5.38,0.0
20050624:1609,118.0,86.0,0.0,11.82,28.08,4.28,0.0
20050624:1709,0.0,24.0,0.0,0.93,26.49,3.17,0.0
20050624:1809,0.0,0.0,0.0,0.0,25.75,1.72,0.0
20050624:1909,0.0,0.0,0.0,0.0,25.52,1.45,0.0
20050624:2009,0.0,0.0,0.0,0.0,24.81,2.21,0.0
20050624:2109,0.0,0.0,0.0,0.0,24.64,2.21,0.0
20050624:2209,0.0,0.0,0.0,0.0,24.27,2.07,0.0
20050624:2309,0.0,0.0,0.0,0.0,24.22,2.69,0.0
20050625:0009,0.0,0.0,0.0,0.0,24.36,3.38,0.0
20050625:0109,0.0,0.0,0.0,0.0,24.71,3.93,0.0
20050625:0209,0.0,0.0,0.0,0.0,24.92,4.76,0.0
20050625:0309,0.0,0.0,0.0,0.0,24.91,5.79,0.0
20050625:0409,73.0,72.0,0.0,15.75,24.8,6.21,0.0
20050625:0509,244.0,104.0,0.0,27.39,25.83,6.69,0.0
20050625:0609,435.0,119.0,0.0,39.32,26.43,6.97,0.0
20050625:0709,544.0,165.0,0.0,51.28,27.04,6.69,0.0
20050625:0809,728.0,145.0,0.0,62.86,28.46,6.28,0.0
20050625:0909,770.0,178.0,0.0,72.78,29.0,5.72,0.0
20050625:1009,835.0,162.0,0.0,76.31,29.67,5.03,0.0
20050625:1109,801.0,169.0,0.0,69.73,29.85,4.0,0.0
20050625:1209,728.0,164.0,0.0,58.96,29.86,2.76,0.0
20050625:1309,574.0,176.0,0.0,47.18,29.42,0.9,0.0
20050625:1409,468.0,133.0,0.0,35.19,30.37,1.31,0.0
20050625:1509,270.0,126.0,0.0,23.34,28.62,1.79,0.0
20050625:1609,129.0,79.0,0.0,11.85,28.26,1.31,0.0
20050625:1709,0.0,24.0,0.0,0.95,27.77,2.07,0.0
20050625:1809,0.0,0.0,0.0,0.0,27.8,4.83,0.0
20050625:1909,0.0,0.0,0.0,0.0,28.11,6.9,0.0
20050625:2009,0.0,0.0,0.0,0.0,27.18,7.1,0.0
20050625:2109,0.0,0.0,0.0,0.0,26.87,7.03,0.0
20050625:2209,0.0,0.0,0.0,0.0,26.09,6.69,0.0
20050625:2309,0.0,0.0,0.0,0.0,25.85,6.76,0.0
20050626:0009,0.0,0.0,0.0,0.0,25.59,7.03,0.0
20050626:0109,0.0,0.0,0.0,0.0,25.22,7.24,0.0
20050626:0209,0.0,0.0,0.0,0.0,24.82,6.83,0.0
20050626:0309,0.0,0.0,0.0,0.0,24.66,6.97,0.0
20050626:0409,102.0,61.0,0.0,15.69,24.41,7.03,0.0
20050626:0509,265.0,96.0,0.0,27.34,25.4,7.03,0.0
20050626:0609,445.0,117.0,0.0,39.26,25.89,7.72,0.0
20050626:0709,594.0,140.0,0.0,51.23,26.48,7.1,0.0
20050626:0809,656.0,194.0,0.0,62.81,27.83,6.07,0.0
20050626:0909,724.0,214.0,0.0,72.73,28.22,5.1,0.0
20050626:1009,732.0,234.0,0.0,76.29,29.24,4.21,0.0
20050626:1109,725.0,225.0,0.0,69.74,29.34,3.24,0.0
20050626:1209,713.0,181.0,0.0,58.99,29.33,2.41,0.0
20050626:1309,630.0,148.0,0.0,47.2,29.49,1.31,0.0
20050626:1409,456.0,144.0,0.0,35.22,30.28,0.28,0.0
20050626:1509,262.0,134.0,0.0,23.37,29.84,1.79,0.0
20050626:1609,120.0,86.0,0.0,11.87,29.21,2.62,0.0
20050626:1709,0.0,25.0,0.0,0.97,27.55,3.17,0.0
20050626:1809,0.0,0.0,0.0,0.0,27.55,3.38,0.0
20050626:1909,0.0,0.0,0.0,0.0,28.16,4.14,0.0
20050626:2009,0.0,0.0,0.0,0.0,27.52,4.83,0.0
20050626:2109,0.0,0.0,0.0,0.0,27.15,5.24,0.0
20050626:2209,0.0,0.0,0.0,0.0,26.65,5.66,0.0
20050626:2309,0.0,0.0,0.0,0.0,26.4,5.31,0.0
20050627:0009,0.0,0.0,0.0,0.0,26.26,5.52,0.0
20050627:0109,0.0,0.0,0.0,0.0,26.14,5.72,0.0
20050627:0209,0.0,0.0,0.0,0.0,25.75,5.72,0.0
20050627:0309,0.0,0.0,0.0,0.0,25.32,5.52,0.0
20050627:0409,101.0,61.0,0.0,15.63,24.88,5.24,0.0
20050627:0509,266.0,95.0,0.0,27.28,26.4,4.9,0.0
20050627:0609,428.0,126.0,0.0,39.2,27.31,4.76,0.0
20050627:0709,578.0,150.0,0.0,51.17,27.84,4.55,0.0
20050627:0809,712.0,160.0,0.0,62.75,28.7,3.72,0.0
20050627:0909,826.0,153.0,0.0,72.67,28.68,2.69,0.0
20050627:1009,823.0,179.0,0.0,76.26,29.23,1.31,0.0
20050627:1109,773.0,197.0,0.0,69.75,29.21,1.03,0.0
20050627:1209,689.0,198.0,0.0,59.01,28.99,2.28,0.0
20050627:1309,611.0,161.0,0.0,47.23,29.12,3.66,0.0
20050627:1409,442.0,154.0,0.0,35.24,29.02,4.83,0.0
20050627:1509,264.0,134.0,0.0,23.39,28.84,4.9,0.0
20050627:1609,122.0,85.0,0.0,11.89,28.58,4.14,0.0
20050627:1709,0.0,25.0,0.0,0.98,27.25,2.9,0.0
20050627:1809,0.0,0.0,0.0,0.0,26.38,1.59,0.0
20050627:1909,0.0,0.0,0.0,0.0,25.9,1.24,0.0
20050627:2009,0.0,0.0,0.0,0.0,25.38,2.0,0.0
20050627:2109,0.0,0.0,0.0,0.0,25.27,2.21,0.0
20050627:2209,0.0,0.0,0.0,0.0,24.65,2.34,0.0
20050627:2309,0.0,0.0,0.0,0.0,24.63,2.9,0.0
20050628:0009,0.0,0.0,0.0,0.0,24.79,3.59,0.0
20050628:0109,0.0,0.0,0.0,0.0,25.11,3.93,0.0
20050628:0209,0.0,0.0,0.0,0.0,24.86,4.14,0.0
20050628:0309,0.0,0.0,0.0,0.0,24.93,4.28,0.0
20050628:0409,99.0,61.0,0.0,15.57,25.03,4.21,0.0
20050628:0509,263.0,96.0,0.0,27.22,26.74,3.72,0.0
20050628:0609,443.0,117.0,0.0,39.14,27.47,3.03,0.0
20050628:0709,592.0,140.0,0.0,51.1,27.76,2.55,0.0
20050628:0809,760.0,132.0,0.0,62.68,28.42,1.93,0.0
20050628:0909,753.0,195.0,0.0,72.61,28.16,1.38,0.0
20050628:1009,849.0,160.0,0.0,76.23,29.23,2.41,0.0
20050628:1109,815.0,168.0,0.0,69.75,29.11,3.52,0.0
20050628:1209,774.0,145.0,0.0,59.02,29.06,4.34,0.0
20050628:1309,563.0,190.0,0.0,47.25,28.86,4.76,0.0
20050628:1409,439.0,155.0,0.0,35.26,28.55,4.62,0.0
20050628:1509,300.0,113.0,0.0,23.4,28.25,4.14,0.0
20050628:1609,137.0,78.0,0.0,11.9,27.71,3.1,0.0
20050628:1709,0.0,25.0,0.0,0.99,27.04,1.59,0.0
20050628:1809,0.0,0.0,0.0,0.0,25.68,0.34,0.0
20050628:1909,0.0,0.0,0.0,0.0,25.41,1.72,0.0
20050628:2009,0.0,0.0,0.0,0.0,24.58,2.21,0.0
20050628:2109,0.0,0.0,0.0,0.0,24.2,2.07,0.0
20050628:2209,0.0,0.0,0.0,0.0,23.76,2.07,0.0
20050628:2309,0.0,0.0,0.0,0.0,23.77,2.21,0.0
20050629:0009,0.0,0.0,0.0,0.0,23.9,2.21,0.0
20050629:0109,0.0,0.0,0.0,0.0,23.97,2.21,0.0
20050629:0209,0.0,0.0,0.0,0.0,23.74,2.34,0.0
20050629:0309,0.0,0.0,0.0,0.0,23.9,2.55,0.0
20050629:0409,55.0,76.0,0.0,15.51,24.34,2.55,0.0
20050629:0509,217.0,114.0,0.0,27.15,25.87,1.86,0.0
20050629:0609,374.0,148.0,0.0,39.08,26.46,0.28,0.0
20050629:0709,535.0,164.0,0.0,51.04,26.37,1.38,0.0
20050629:0809,687.0,162.0,0.0,62.62,26.91,2.55,0.0
20050629:0909,732.0,196.0,0.0,72.54,26.57,3.52,0.0
20050629:1009,781.0,191.0,0.0,76.18,27.79,4.34,0.0
20050629:1109,734.0,207.0,0.0,69.74,27.85,5.03,0.0
20050629:1209,584.0,250.0,0.0,59.03,27.49,5.03,0.0
20050629:1309,488.0,225.0,0.0,47.26,27.32,3.72,0.0
20050629:1409,124.0,294.0,0.0,35.28,27.0,2.48,0.0
20050629:1509,304.0,107.0,0.0,23.42,26.6,1.59,0.0
20050629:1609,50.0,110.0,0.0,11.91,26.32,1.72,0.0
20050629:1709,0.0,25.0,0.0,0.99,25.04,0.62,0.0
20050629:1809,0.0,0.0,0.0,0.0,24.67,0.83,0.0
20050629:1909,0.0,0.0,0.0,0.0,24.85,1.03,0.0
20050629:2009,0.0,0.0,0.0,0.0,24.82,1.86,0.0
20050629:2109,0.0,0.0,0.0,0.0,25.12,1.86,0.0
20050629:2209,0.0,0.0,0.0,0.0,24.16,1.17,0.0
20050629:2309,0.0,0.0,0.0,0.0,24.09,1.59,0.0
20050630:0009,0.0,0.0,0.0,0.0,23.98,2.55,0.0
20050630:0109,0.0,0.0,0.0,0.0,24.18,2.62,0.0
20050630:0209,0.0,0.0,0.0,0.0,24.0,2.41,0.0
20050630:0309,0.0,0.0,0.0,0.0,24.18,2.41,0.0
20050630:0409,51.0,77.0,0.0,15.44,24.3,2.48,0.0
20050630:0509,211.0,115.0,0.0,27.08,25.86,1.79,0.0
20050630:0609,368.0,148.0,0.0,39.01,27.08,0.14,0.0
20050630:0709,527.0,165.0,0.0,50.97,26.71,1.59,0.0
20050630:0809,652.0,180.0,0.0,62.55,27.45,2.55,0.0
20050630:0909,789.0,156.0,0.0,72.47,27.22,3.66,0.0
20050630:1009,772.0,191.0,0.0,76.14,28.08,4.14,0.0
20050630:1109,740.0,198.0,0.0,69.74,27.84,4.69,0.0
20050630:1209,734.0,153.0,0.0,59.04,27.59,4.83,0.0
20050630:1309,604.0,151.0,0.0,47.27,27.53,5.1,0.0
20050630:1409,419.0,156.0,0.0,35.29,27.49,4.97,0.0
20050630:1509,268.0,123.0,0.0,23.43,27.29,3.86,0.0
20050630:1609,113.0,86.0,0.0,11.91,27.06,2.48,0.0
20050630:1709,0.0,24.0,0.0,0.99,25.86,1.17,0.0
20050630:1809,0.0,0.0,0.0,0.0,25.9,0.69,0.0
20050630:1909,0.0,0.0,0.0,0.0,25.95,1.17,0.0
20050630:2009,0.0,0.0,0.0,0.0,25.03,1.59,0.0
20050630:2109,0.0,0.0,0.0,0.0,24.65,1.66,0.0
20050630:2209,0.0,0.0,0.0,0.0,23.97,1.38,0.0
20050630:2309,0.0,0.0,0.0,0.0,23.99,1.45,0.0
20050701:0009,0.0,0.0,0.0,0.0,24.15,1.52,0.0
20050701:0109,0.0,0.0,0.0,0.0,24.34,1.86,0.0
20050701:0209,0.0,0.0,0.0,0.0,24.1,2.28,0.0
20050701:0309,0.0,0.0,0.0,0.0,24.4,2.55,0.0
20050701:0409,87.0,63.0,0.0,15.37,24.73,2.9,0.0
20050701:0509,260.0,93.0,0.0,27.01,26.07,2.41,0.0
20050701:0609,455.0,105.0,0.0,38.94,27.14,1.38,0.0
20050701:0709,599.0,129.0,0.0,50.9,28.29,0.41,0.0
20050701:0809,788.0,109.0,0.0,62.47,29.28,0.69,0.0
20050701:0909,890.0,107.0,0.0,72.39,29.37,2.0,0.0
20050701:1009,853.0,150.0,0.0,76.08,29.83,3.66,0.0
20050701:1109,856.0,137.0,0.0,69.72,30.05,4.83,0.0
20050701:1209,800.0,124.0,0.0,59.04,30.09,5.59,0.0
20050701:1309,625.0,145.0,0.0,47.28,29.98,5.59,0.0
20050701:1409,462.0,135.0,0.0,35.3,29.73,5.1,0.0
20050701:1509,299.0,110.0,0.0,23.43,29.29,4.0,0.0
20050701:1609,129.0,80.0,0.0,11.91,28.33,2.21,0.0
20050701:1709,0.0,25.0,0.0,0.99,28.62,0.48,0.0
20050701:1809,0.0,0.0,0.0,0.0,26.75,2.07,0.0
20050701:1909,0.0,0.0,0.0,0.0,26.41,2.48,0.0
20050701:2009,0.0,0.0,0.0,0.0,25.61,2.0,0.0
20050701:2109,0.0,0.0,0.0,0.0,25.65,2.07,0.0
20050701:2209,0.0,0.0,0.0,0.0,25.14,2.0,0.0
20050701:2309,0.0,0.0,0.0,0.0,25.46,2.28,0.0
20050702:0009,0.0,0.0,0.0,0.0,25.71,2.48,0.0
20050702:0109,0.0,0.0,0.0,0.0,25.96,2.69,0.0
20050702:0209,0.0,0.0,0.0,0.0,25.82,2.83,0.0
20050702:0309,0.0,0.0,0.0,0.0,26.08,3.03,0.0
20050702:0409,71.0,68.0,0.0,15.29,26.14,3.17,0.0
20050702:0509,193.0,125.0,0.0,26.94,27.59,2.9,0.0
20050702:0609,369.0,148.0,0.0,38.87,28.03,1.66,0.0
20050702:0709,575.0,138.0,0.0,50.83,28.95,0.14,0.0
20050702:0809,681.0,163.0,0.0,62.4,29.72,1.52,0.0
20050702:0909,783.0,161.0,0.0,72.31,29.52,3.24,0.0
20050702:1009,855.0,145.0,0.0,76.02,30.11,4.55,0.0
20050702:1109,679.0,239.0,0.0,69.7,30.13,4.9,0.0
20050702:1209,1.0,278.0,0.0,59.04,29.63,5.17,0.0
20050702:1309,0.0,137.0,0.0,47.28,29.86,4.07,0.0
20050702:1409,0.0,91.0,0.0,35.3,31.19,3.17,0.0
20050702:1509,141.0,188.0,0.0,23.43,29.38,2.55,0.0
20050702:1609,138.0,76.0,0.0,11.91,28.47,1.79,0.0
20050702:1709,0.0,25.0,0.0,0.97,27.32,0.48,0.0
20050702:1809,0.0,0.0,0.0,0.0,27.53,0.9,0.0
20050702:1909,0.0,0.0,0.0,0.0,28.05,1.45,0.0
20050702:2009,0.0,0.0,0.0,0.0,26.8,1.45,0.0
20050702:2109,0.0,0.0,0.0,0.0,26.47,1.38,0.0
20050702:2209,0.0,0.0,0.0,0.0,25.2,1.24,0.0
20050702:2309,0.0,0.0,0.0,0.0,25.12,1.1,0.0
20050703:0009,0.0,0.0,0.0,0.0,25.07,1.24,0.0
20050703:0109,0.0,0.0,0.0,0.0,25.04,1.24,0.0
20050703:0209,0.0,0.0,0.0,0.0,24.71,1.17,0.0
20050703:0309,0.0,0.0,0.0,0.0,24.84,0.69,0.0
20050703:0409,45.0,76.0,0.0,15.21,25.09,0.48,0.0
20050703:0509,67.0,171.0,0.0,26.86,26.52,0.62,0.0
20050703:0609,176.0,243.0,0.0,38.79,26.66,1.45,0.0
20050703:0709,120.0,348.0,0.0,50.75,26.22,2.41,0.0
20050703:0809,331.0,357.0,0.0,62.32,26.8,3.66,0.0
20050703:0909,737.0,188.0,0.0,72.23,26.79,4.55,0.0
20050703:1009,729.0,219.0,0.0,75.94,26.96,5.24,0.0
20050703:1109,741.0,199.0,0.0,69.67,26.95,5.52,0.0
20050703:1209,358.0,367.0,0.0,59.03,27.12,5.59,0.0
20050703:1309,95.0,373.0,0.0,47.28,27.08,5.31,0.0
20050703:1409,37.0,281.0,0.0,35.3,26.81,4.97,0.0
20050703:1509,79.0,204.0,0.0,23.43,26.58,4.48,0.0
20050703:1609,77.0,102.0,0.0,11.9,26.4,3.93,0.0
20050703:1709,0.0,25.0,0.0,0.96,25.35,3.1,0.0
20050703:1809,0.0,0.0,0.0,0.0,24.84,2.48,0.0
20050703:1909,0.0,0.0,0.0,0.0,24.47,2.48,0.0
20050703:2009,0.0,0.0,0.0,0.0,23.89,2.55,0.0
20050703:2109,0.0,0.0,0.0,0.0,23.46,3.03,0.0
20050703:2209,0.0,0.0,0.0,0.0,23.33,4.34,0.0
20050703:2309,0.0,0.0,0.0,0.0,23.29,4.97,0.0
20050704:0009,0.0,0.0,0.0,0.0,23.26,4.83,0.0
20050704:0109,0.0,0.0,0.0,0.0,23.26,4.07,0.0
20050704:0209,0.0,0.0,0.0,0.0,23.03,3.31,0.0
20050704:0309,0.0,0.0,0.0,0.0,22.74,2.69,0.0
20050704:0409,9.0,71.0,0.0,15.13,22.63,0.0,0.0
20050704:0509,63.0,170.0,0.0,26.79,22.99,0.0,0.0
20050704:0609,392.0,129.0,0.0,38.72,23.01,1.1,0.0
20050704:0709,547.0,147.0,0.0,50.68,22.72,2.97,0.0
20050704:0809,168.0,408.0,0.0,62.24,23.49,4.07,0.0
20050704:0909,0.0,203.0,0.0,72.13,23.92,4.41,0.0
20050704:1009,0.0,133.0,0.0,75.87,24.5,3.72,0.0
20050704:1109,0.0,184.0,0.0,69.64,24.56,3.45,0.0
20050704:1209,41.0,400.0,0.0,59.02,24.93,2.55,0.0
20050704:1309,74.0,367.0,0.0,47.27,24.79,2.34,0.0
20050704:1409,0.0,102.0,0.0,35.29,24.11,1.72,0.0
20050704:1509,42.0,201.0,0.0,23.42,23.85,0.97,0.0
20050704:1609,136.0,76.0,0.0,11.88,23.85,0.83,0.0
20050704:1709,0.0,22.0,0.0,0.94,23.66,0.9,0.0
20050704:1809,0.0,0.0,0.0,0.0,23.69,1.24,0.0
20050704:1909,0.0,0.0,0.0,0.0,23.55,1.66,0.0
20050704:2009,0.0,0.0,0.0,0.0,22.91,1.79,0.0
20050704:2109,0.0,0.0,0.0,0.0,22.72,1.79,0.0
20050704:2209,0.0,0.0,0.0,0.0,22.22,2.0,0.0
20050704:2309,0.0,0.0,0.0,0.0,22.07,1.52,0.0
20050705:0009,0.0,0.0,0.0,0.0,21.95,1.24,0.0
20050705:0109,0.0,0.0,0.0,0.0,21.9,1.17,0.0
20050705:0209,0.0,0.0,0.0,0.0,21.86,1.1,0.0
20050705:0309,0.0,0.0,0.0,0.0,22.08,1.24,0.0
20050705:0409,75.0,63.0,0.0,15.05,22.61,1.45,0.0
20050705:0509,230.0,101.0,0.0,26.7,23.94,1.17,0.0
20050705:0609,422.0,114.0,0.0,38.64,24.66,0.48,0.0
20050705:0709,596.0,123.0,0.0,50.59,25.16,0.07,0.0
20050705:0809,711.0,141.0,0.0,62.15,26.08,0.48,0.0
20050705:0909,760.0,169.0,0.0,72.04,26.28,2.34,0.0
20050705:1009,845.0,145.0,0.0,75.78,27.03,3.17,0.0
20050705:1109,883.0,114.0,0.0,69.6,27.38,4.0,0.0
20050705:1209,781.0,127.0,0.0,59.0,27.56,4.48,0.0
20050705:1309,627.0,138.0,0.0,47.26,27.7,4.55,0.0
20050705:1409,480.0,122.0,0.0,35.28,27.6,4.34,0.0
20050705:1509,271.0,121.0,0.0,23.41,27.35,4.34,0.0
20050705:1609,122.0,81.0,0.0,11.87,27.34,3.79,0.0
20050705:1709,0.0,25.0,0.0,0.91,26.49,2.55,0.0
20050705:1809,0.0,0.0,0.0,0.0,26.48,1.45,0.0
20050705:1909,0.0,0.0,0.0,0.0,26.39,1.38,0.0
20050705:2009,0.0,0.0,0.0,0.0,25.62,2.14,0.0
20050705:2109,0.0,0.0,0.0,0.0,25.68,2.69,0.0
20050705:2209,0.0,0.0,0.0,0.0,25.64,3.17,0.0
20050705:2309,0.0,0.0,0.0,0.0,25.6,3.52,0.0
20050706:0009,0.0,0.0,0.0,0.0,25.36,3.86,0.0
20050706:0109,0.0,0.0,0.0,0.0,24.99,4.0,0.0
20050706:0209,0.0,0.0,0.0,0.0,24.44,4.14,0.0
20050706:0309,0.0,0.0,0.0,0.0,24.21,4.07,0.0
20050706:0409,86.0,60.0,0.0,14.96,24.26,4.07,0.0
20050706:0509,249.0,94.0,0.0,26.62,25.58,3.93,0.0
20050706:0609,413.0,122.0,0.0,38.55,26.39,3.79,0.0
20050706:0709,575.0,138.0,0.0,50.51,26.97,3.38,0.0
20050706:0809,723.0,140.0,0.0,62.06,28.18,2.41,0.0
20050706:0909,818.0,143.0,0.0,71.94,28.11,1.52,0.0
20050706:1009,859.0,144.0,0.0,75.69,28.56,1.93,0.0
20050706:1109,829.0,149.0,0.0,69.56,28.06,3.79,0.0
20050706:1209,734.0,157.0,0.0,58.98,27.94,5.17,0.0
20050706:1309,0.0,0.0,0.0,0.0,27.93,5.72,0.0
20050706:1409,434.0,151.0,0.0,35.27,28.06,5.17,0.0
20050706:1509,297.0,110.0,0.0,23.39,28.02,4.34,0.0
20050706:1609,127.0,80.0,0.0,11.84,27.85,3.17,0.0
20050706:1709,0.0,24.0,0.0,0.88,26.49,1.52,0.0
20050706:1809,0.0,0.0,0.0,0.0,26.5,0.41,0.0
20050706:1909,0.0,0.0,0.0,0.0,25.85,1.38,0.0
20050706:2009,0.0,0.0,0.0,0.0,25.2,1.66,0.0
20050706:2109,0.0,0.0,0.0,0.0,24.95,1.86,0.0
20050706:2209,0.0,0.0,0.0,0.0,23.83,2.0,0.0
20050706:2309,0.0,0.0,0.0,0.0,23.82,1.86,0.0
20050707:0009,0.0,0.0,0.0,0.0,23.74,1.79,0.0
20050707:0109,0.0,0.0,0.0,0.0,23.71,1.66,0.0
20050707:0209,0.0,0.0,0.0,0.0,23.5,1.52,0.0
20050707:0309,0.0,0.0,0.0,0.0,23.65,1.72,0.0
20050707:0409,72.0,63.0,0.0,14.87,24.08,2.0,0.0
20050707:0509,229.0,101.0,0.0,26.53,25.75,1.59,0.0
20050707:0609,408.0,122.0,0.0,38.47,26.79,0.55,0.0
20050707:0709,569.0,139.0,0.0,50.43,27.25,0.97,0.0
20050707:0809,717.0,141.0,0.0,61.97,27.94,2.69,0.0
20050707:0909,801.0,150.0,0.0,71.83,27.64,4.0,0.0
20050707:1009,841.0,151.0,0.0,75.59,27.93,4.9,0.0
20050707:1109,823.0,150.0,0.0,69.5,28.04,5.03,0.0
20050707:1209,790.0,125.0,0.0,58.95,28.0,4.69,0.0
20050707:1309,598.0,156.0,0.0,47.23,27.75,3.93,0.0
20050707:1409,467.0,131.0,0.0,35.25,27.74,3.31,0.0
20050707:1509,293.0,112.0,0.0,23.37,27.25,3.1,0.0
20050707:1609,112.0,86.0,0.0,11.81,26.96,2.14,0.0
20050707:1709,0.0,24.0,0.0,0.84,25.61,1.03,0.0
20050707:1809,0.0,0.0,0.0,0.0,25.7,0.14,0.0
20050707:1909,0.0,0.0,0.0,0.0,25.76,0.62,0.0
20050707:2009,0.0,0.0,0.0,0.0,24.73,0.83,0.0
20050707:2109,0.0,0.0,0.0,0.0,24.4,0.9,0.0
20050707:2209,0.0,0.0,0.0,0.0,24.03,0.83,0.0
20050707:2309,0.0,0.0,0.0,0.0,24.18,1.45,0.0
20050708:0009,0.0,0.0,0.0,0.0,24.33,1.52,0.0
20050708:0109,0.0,0.0,0.0,0.0,24.52,1.66,0.0
20050708:0209,0.0,0.0,0.0,0.0,24.28,2.0,0.0
20050708:0309,0.0,0.0,0.0,0.0,24.45,2.28,0.0
20050708:0409,70.0,63.0,0.0,14.78,24.75,2.14,0.0
20050708:0509,227.0,101.0,0.0,26.45,26.6,1.45,0.0
20050708:0609,390.0,130.0,0.0,38.38,27.8,0.34,0.0
20050708:0709,552.0,146.0,0.0,50.34,27.29,1.45,0.0
20050708:0809,715.0,141.0,0.0,61.87,27.87,2.41,0.0
20050708:0909,799.0,150.0,0.0,71.72,27.92,3.24,0.0
20050708:1009,817.0,162.0,0.0,75.49,29.07,3.79,0.0
20050708:1109,756.0,189.0,0.0,69.45,29.07,4.28,0.0
20050708:1209,747.0,147.0,0.0,58.92,29.03,4.21,0.0
20050708:1309,632.0,138.0,0.0,47.21,28.82,3.66,0.0
20050708:1409,466.0,131.0,0.0,35.23,28.45,3.17,0.0
20050708:1509,304.0,106.0,0.0,23.34,28.35,2.83,0.0
20050708:1609,124.0,80.0,0.0,11.78,28.09,2.21,0.0
20050708:1709,0.0,25.0,0.0,0.8,26.86,1.03,0.0
20050708:1809,0.0,0.0,0.0,0.0,26.35,0.28,0.0
20050708:1909,0.0,0.0,0.0,0.0,26.74,1.03,0.0
20050708:2009,0.0,0.0,0.0,0.0,25.81,1.17,0.0
20050708:2109,0.0,0.0,0.0,0.0,25.28,1.1,0.0
20050708:2209,0.0,0.0,0.0,0.0,25.13,1.31,0.0
20050708:2309,0.0,0.0,0.0,0.0,25.41,2.0,0.0
20050709:0009,0.0,0.0,0.0,0.0,25.55,2.28,0.0
20050709:0109,0.0,0.0,0.0,0.0,25.72,2.55,0.0
20050709:0209,0.0,0.0,0.0,0.0,25.78,2.97,0.0
20050709:0309,0.0,0.0,0.0,0.0,26.04,3.45,0.0
20050709:0409,55.0,69.0,0.0,14.69,26.44,3.66,0.0
20050709:0509,227.0,100.0,0.0,26.36,28.23,3.31,0.0
20050709:0609,376.0,138.0,0.0,38.3,29.22,2.14,0.0
20050709:0709,583.0,130.0,0.0,50.25,29.77,0.69,0.0
20050709:0809,687.0,155.0,0.0,61.77,31.75,1.38,0.0
20050709:0909,800.0,150.0,0.0,71.6,30.93,2.76,0.0
20050709:1009,774.0,190.0,0.0,75.38,30.5,3.66,0.0
20050709:1109,787.0,170.0,0.0,69.38,30.48,4.21,0.0
20050709:1209,689.0,182.0,0.0,58.88,30.52,4.14,0.0
20050709:1309,598.0,156.0,0.0,47.18,30.32,3.66,0.0
20050709:1409,447.0,141.0,0.0,35.2,30.02,3.17,0.0
20050709:1509,275.0,120.0,0.0,23.31,29.77,2.69,0.0
20050709:1609,124.0,80.0,0.0,11.74,29.74,1.72,0.0
20050709:1709,0.0,24.0,0.0,0.75,28.77,0.62,0.0
20050709:1809,0.0,0.0,0.0,0.0,27.96,1.03,0.0
20050709:1909,0.0,0.0,0.0,0.0,27.53,1.66,0.0
20050709:2009,0.0,0.0,0.0,0.0,27.01,1.86,0.0
20050709:2109,0.0,0.0,0.0,0.0,27.0,1.79,0.0
20050709:2209,0.0,0.0,0.0,0.0,26.27,1.52,0.0
20050709:2309,0.0,0.0,0.0,0.0,26.53,2.07,0.0
20050710:0009,0.0,0.0,0.0,0.0,26.65,2.34,0.0
20050710:0109,0.0,0.0,0.0,0.0,26.75,2.48,0.0
20050710:0209,0.0,0.0,0.0,0.0,26.4,2.69,0.0
20050710:0309,0.0,0.0,0.0,0.0,26.43,3.1,0.0
20050710:0409,52.0,69.0,0.0,14.59,26.63,3.31,0.0
20050710:0509,191.0,118.0,0.0,26.26,28.15,3.1,0.0
20050710:0609,388.0,129.0,0.0,38.2,28.87,2.07,0.0
20050710:0709,565.0,138.0,0.0,50.15,29.97,0.34,0.0
20050710:0809,684.0,156.0,0.0,61.67,30.45,1.45,0.0
20050710:0909,798.0,149.0,0.0,71.49,30.09,2.76,0.0
20050710:1009,772.0,190.0,0.0,75.26,31.03,0.0,0.0
20050710:1109,820.0,151.0,0.0,69.32,31.07,0.0,0.0
20050710:1209,746.0,148.0,0.0,58.84,31.1,3.66,0.0
20050710:1309,615.0,146.0,0.0,47.14,30.87,3.38,0.0
20050710:1409,446.0,140.0,0.0,35.17,30.74,2.97,0.0
20050710:1509,274.0,120.0,0.0,23.27,30.29,2.48,0.0
20050710:1609,110.0,87.0,0.0,11.7,30.32,1.66,0.0
20050710:1709,0.0,23.0,0.0,0.7,30.46,0.28,0.0
20050710:1809,0.0,0.0,0.0,0.0,29.11,0.97,0.0
20050710:1909,0.0,0.0,0.0,0.0,28.63,1.66,0.0
20050710:2009,0.0,0.0,0.0,0.0,27.83,2.0,0.0
20050710:2109,0.0,0.0,0.0,0.0,27.76,2.07,0.0
20050710:2209,0.0,0.0,0.0,0.0,26.76,1.52,0.0
20050710:2309,0.0,0.0,0.0,0.0,26.86,1.52,0.0
20050711:0009,0.0,0.0,0.0,0.0,26.91,1.93,0.0
20050711:0109,0.0,0.0,0.0,0.0,26.93,2.34,0.0
20050711:0209,0.0,0.0,0.0,0.0,26.69,2.69,0.0
20050711:0309,0.0,0.0,0.0,0.0,26.86,3.1,0.0
20050711:0409,64.0,63.0,0.0,14.49,27.12,3.52,0.0
20050711:0509,208.0,109.0,0.0,26.17,28.61,3.31,0.0
20050711:0609,401.0,124.0,0.0,38.11,29.48,2.28,0.0
20050711:0709,585.0,129.0,0.0,50.06,30.29,1.03,0.0
20050711:0809,737.0,130.0,0.0,61.57,31.07,0.69,0.0
20050711:0909,814.0,143.0,0.0,71.36,30.67,2.07,0.0
20050711:1009,808.0,170.0,0.0,75.14,31.3,3.72,0.0
20050711:1109,826.0,150.0,0.0,69.24,31.27,4.48,0.0
20050711:1209,752.0,147.0,0.0,58.79,31.19,4.48,0.0
20050711:1309,620.0,145.0,0.0,47.11,31.09,4.14,0.0
20050711:1409,483.0,123.0,0.0,35.13,30.93,3.66,0.0
20050711:1509,307.0,105.0,0.0,23.23,30.66,3.1,0.0
20050711:1609,125.0,80.0,0.0,11.65,30.11,2.28,0.0
20050711:1709,0.0,23.0,0.0,0.64,29.9,1.24,0.0
20050711:1809,0.0,0.0,0.0,0.0,28.97,1.17,0.0
20050711:1909,0.0,0.0,0.0,0.0,28.42,2.07,0.0
20050711:2009,0.0,0.0,0.0,0.0,28.06,2.28,0.0
20050711:2109,0.0,0.0,0.0,0.0,27.64,2.28,0.0
20050711:2209,0.0,0.0,0.0,0.0,27.04,2.0,0.0
20050711:2309,0.0,0.0,0.0,0.0,27.26,2.76,0.0
20050712:0009,0.0,0.0,0.0,0.0,27.48,2.9,0.0
20050712:0109,0.0,0.0,0.0,0.0,27.5,3.03,0.0
20050712:0209,0.0,0.0,0.0,0.0,27.28,3.24,0.0
20050712:0309,0.0,0.0,0.0,0.0,27.36,3.59,0.0
20050712:0409,63.0,63.0,0.0,14.39,27.7,3.79,0.0
20050712:0509,209.0,109.0,0.0,26.07,28.81,3.59,0.0
20050712:0609,392.0,129.0,0.0,38.02,29.89,2.55,0.0
20050712:0709,557.0,144.0,0.0,49.96,30.32,1.1,0.0
20050712:0809,693.0,154.0,0.0,61.46,31.77,0.9,0.0
20050712:0909,819.0,142.0,0.0,71.23,31.54,2.28,0.0
20050712:1009,884.0,130.0,0.0,75.01,31.86,3.17,0.0
20050712:1109,854.0,137.0,0.0,69.16,31.95,4.28,0.0
20050712:1209,809.0,118.0,0.0,58.74,31.98,4.69,0.0
20050712:1309,691.0,110.0,0.0,47.06,31.92,4.55,0.0
20050712:1409,473.0,129.0,0.0,35.09,31.73,4.14,0.0
20050712:1509,279.0,119.0,0.0,23.19,31.47,3.38,0.0
20050712:1609,127.0,78.0,0.0,11.6,30.84,2.07,0.0
20050712:1709,0.0,23.0,0.0,0.58,30.99,0.0,0.0
20050712:1809,0.0,0.0,0.0,0.0,28.93,1.59,0.0
20050712:1909,0.0,0.0,0.0,0.0,28.6,2.28,0.0
20050712:2009,0.0,0.0,0.0,0.0,27.51,2.14,0.0
20050712:2109,0.0,0.0,0.0,0.0,27.57,1.93,0.0
20050712:2209,0.0,0.0,0.0,0.0,26.94,1.45,0.0
20050712:2309,0.0,0.0,0.0,0.0,27.07,1.52,0.0
20050713:0009,0.0,0.0,0.0,0.0,27.18,1.38,0.0
20050713:0109,0.0,0.0,0.0,0.0,27.2,1.38,0.0
20050713:0209,0.0,0.0,0.0,0.0,26.76,1.52,0.0
20050713:0309,0.0,0.0,0.0,0.0,26.81,1.66,0.0
20050713:0409,15.0,71.0,0.0,14.28,26.94,1.52,0.0
20050713:0509,31.0,162.0,0.0,25.97,28.28,1.1,0.0
20050713:0609,188.0,234.0,0.0,37.92,28.52,1.17,0.0
20050713:0709,345.0,266.0,0.0,49.86,28.82,1.86,0.0
20050713:0809,402.0,323.0,0.0,61.35,29.32,2.21,0.0
20050713:0909,677.0,228.0,0.0,71.1,29.1,2.48,0.0
20050713:1009,766.0,199.0,0.0,74.87,29.12,2.41,0.0
20050713:1109,808.0,161.0,0.0,69.07,29.3,3.31,0.0
20050713:1209,710.0,173.0,0.0,58.68,29.42,3.86,0.0
20050713:1309,538.0,197.0,0.0,47.02,29.35,3.79,0.0
20050713:1409,318.0,217.0,0.0,35.04,28.99,2.97,0.0
20050713:1509,208.0,158.0,0.0,23.14,28.73,2.0,0.0
20050713:1609,75.0,101.0,0.0,11.54,28.38,1.38,0.0
20050713:1709,0.0,23.0,0.0,0.51,27.47,1.1,0.0
20050713:1809,0.0,0.0,0.0,0.0,27.69,1.66,0.0
20050713:1909,0.0,0.0,0.0,0.0,27.74,1.86,0.0
20050713:2009,0.0,0.0,0.0,0.0,26.96,1.79,0.0
20050713:2109,0.0,0.0,0.0,0.0,26.46,1.59,0.0
20050713:2209,0.0,0.0,0.0,0.0,26.15,1.17,0.0
20050713:2309,0.0,0.0,0.0,0.0,25.48,1.17,0.0
20050714:0009,0.0,0.0,0.0,0.0,25.36,1.31,0.0
20050714:0109,0.0,0.0,0.0,0.0,25.32,1.38,0.0
20050714:0209,0.0,0.0,0.0,0.0,25.34,2.0,0.0
20050714:0309,0.0,0.0,0.0,0.0,25.78,2.48,0.0
20050714:0409,25.0,70.0,0.0,14.18,25.98,2.41,0.0
20050714:0509,117.0,148.0,0.0,25.87,27.27,1.52,0.0
20050714:0609,308.0,170.0,0.0,37.82,28.24,0.76,0.0
20050714:0709,440.0,207.0,0.0,49.76,28.22,1.17,0.0
20050714:0809,429.0,301.0,0.0,61.24,28.57,2.55,0.0
20050714:0909,588.0,272.0,0.0,70.96,28.27,3.93,0.0
20050714:1009,721.0,218.0,0.0,74.72,28.71,4.9,0.0
20050714:1109,734.0,198.0,0.0,68.97,28.6,4.76,0.0
20050714:1209,681.0,182.0,0.0,58.62,28.63,4.41,0.0
20050714:1309,609.0,146.0,0.0,46.96,28.65,4.07,0.0
20050714:1409,440.0,141.0,0.0,34.99,27.98,3.79,0.0
20050714:1509,282.0,113.0,0.0,23.08,27.79,3.52,0.0
20050714:1609,117.0,81.0,0.0,11.48,27.66,2.83,0.0
20050714:1709,0.0,21.0,0.0,0.43,26.56,2.0,0.0
20050714:1809,0.0,0.0,0.0,0.0,26.2,1.45,0.0
20050714:1909,0.0,0.0,0.0,0.0,26.31,1.59,0.0
20050714:2009,0.0,0.0,0.0,0.0,25.88,2.07,0.0
20050714:2109,0.0,0.0,0.0,0.0,25.97,2.14,0.0
20050714:2209,0.0,0.0,0.0,0.0,25.3,1.24,0.0
20050714:2309,0.0,0.0,0.0,0.0,25.14,1.31,0.0
20050715:0009,0.0,0.0,0.0,0.0,25.01,1.45,0.0
20050715:0109,0.0,0.0,0.0,0.0,24.91,1.52,0.0
20050715:0209,0.0,0.0,0.0,0.0,24.64,1.52,0.0
20050715:0309,0.0,0.0,0.0,0.0,24.77,1.31,0.0
20050715:0409,24.0,69.0,0.0,14.07,24.59,1.1,0.0
20050715:0509,3.0,121.0,0.0,25.77,25.18,1.03,0.0
20050715:0609,160.0,239.0,0.0,37.72,25.12,1.38,0.0
20050715:0709,405.0,225.0,0.0,49.66,25.27,1.93,0.0
20050715:0809,625.0,186.0,0.0,61.13,26.16,2.62,0.0
20050715:0909,787.0,150.0,0.0,70.82,26.22,2.83,0.0
20050715:1009,828.0,152.0,0.0,74.57,26.82,3.38,0.0
20050715:1109,822.0,145.0,0.0,68.87,26.59,3.24,0.0
20050715:1209,738.0,148.0,0.0,58.55,26.98,3.72,0.0
20050715:1309,624.0,138.0,0.0,46.9,27.07,4.0,0.0
20050715:1409,458.0,131.0,0.0,34.93,27.11,3.45,0.0
20050715:1509,281.0,113.0,0.0,23.02,26.75,2.97,0.0
20050715:1609,0.0,33.0,0.0,11.41,26.46,2.41,0.0
20050715:1709,0.0,22.0,0.0,0.36,25.56,2.14,0.0
20050715:1809,0.0,0.0,0.0,0.0,24.87,1.86,0.0
20050715:1909,0.0,0.0,0.0,0.0,24.88,2.14,0.0
20050715:2009,0.0,0.0,0.0,0.0,24.17,2.21,0.0
20050715:2109,0.0,0.0,0.0,0.0,23.83,2.28,0.0
20050715:2209,0.0,0.0,0.0,0.0,23.81,1.93,0.0
20050715:2309,0.0,0.0,0.0,0.0,23.84,1.72,0.0
20050716:0009,0.0,0.0,0.0,0.0,23.51,1.93,0.0
20050716:0109,0.0,0.0,0.0,0.0,23.42,1.93,0.0
20050716:0209,0.0,0.0,0.0,0.0,22.99,1.66,0.0
20050716:0309,0.0,0.0,0.0,0.0,22.84,2.07,0.0
20050716:0409,10.0,66.0,0.0,13.96,23.15,2.28,0.0
20050716:0509,148.0,132.0,0.0,25.67,24.2,1.79,0.0
20050716:0609,333.0,152.0,0.0,37.62,24.64,1.24,0.0
20050716:0709,542.0,142.0,0.0,49.55,24.98,0.97,0.0
20050716:0809,669.0,156.0,0.0,61.01,25.66,1.45,0.0
20050716:0909,761.0,162.0,0.0,70.68,25.61,2.34,0.0
20050716:1009,801.0,164.0,0.0,74.42,26.84,2.9,0.0
20050716:1109,743.0,189.0,0.0,68.77,27.03,3.38,0.0
20050716:1209,569.0,248.0,0.0,58.47,26.83,3.52,0.0
20050716:1309,620.0,138.0,0.0,46.84,26.58,3.52,0.0
20050716:1409,435.0,141.0,0.0,34.87,26.97,3.24,0.0
20050716:1509,289.0,109.0,0.0,22.96,27.27,3.17,0.0
20050716:1609,112.0,81.0,0.0,11.34,27.13,2.69,0.0
20050716:1709,0.0,21.0,0.0,0.27,26.39,2.28,0.0
20050716:1809,0.0,0.0,0.0,0.0,25.99,1.66,0.0
20050716:1909,0.0,0.0,0.0,0.0,26.3,0.97,0.0
20050716:2009,0.0,0.0,0.0,0.0,25.91,1.59,0.0
20050716:2109,0.0,0.0,0.0,0.0,25.38,2.07,0.0
20050716:2209,0.0,0.0,0.0,0.0,25.22,2.21,0.0
20050716:2309,0.0,0.0,0.0,0.0,25.55,3.03,0.0
20050717:0009,0.0,0.0,0.0,0.0,26.04,3.93,0.0
20050717:0109,0.0,0.0,0.0,0.0,26.17,4.62,0.0
20050717:0209,0.0,0.0,0.0,0.0,25.65,4.9,0.0
20050717:0309,0.0,0.0,0.0,0.0,25.57,4.97,0.0
20050717:0409,71.0,55.0,0.0,13.85,25.41,5.03,0.0
20050717:0509,224.0,95.0,0.0,25.56,26.65,5.03,0.0
20050717:0609,410.0,114.0,0.0,37.52,27.4,5.38,0.0
20050717:0709,555.0,140.0,0.0,49.45,27.98,5.17,0.0
20050717:0809,694.0,149.0,0.0,60.89,29.38,4.28,0.0
20050717:0909,788.0,155.0,0.0,70.53,29.71,3.1,0.0
20050717:1009,805.0,170.0,0.0,74.26,30.3,2.0,0.0
20050717:1109,824.0,149.0,0.0,68.65,30.28,1.03,0.0
20050717:1209,729.0,158.0,0.0,58.39,30.1,2.41,0.0
20050717:1309,599.0,155.0,0.0,46.77,29.84,3.72,0.0
20050717:1409,447.0,140.0,0.0,34.81,29.91,4.34,0.0
20050717:1509,268.0,122.0,0.0,22.89,29.77,4.34,0.0
20050717:1609,117.0,80.0,0.0,11.26,29.57,3.86,0.0
20050717:1709,0.0,21.0,0.0,0.18,28.49,3.17,0.0
20050717:1809,0.0,0.0,0.0,0.0,28.07,2.21,0.0
20050717:1909,0.0,0.0,0.0,0.0,27.38,1.93,0.0
20050717:2009,0.0,0.0,0.0,0.0,27.22,2.28,0.0
20050717:2109,0.0,0.0,0.0,0.0,27.46,2.76,0.0
20050717:2209,0.0,0.0,0.0,0.0,26.94,2.97,0.0
20050717:2309,0.0,0.0,0.0,0.0,27.02,3.52,0.0
20050718:0009,0.0,0.0,0.0,0.0,26.86,3.93,0.0
20050718:0109,0.0,0.0,0.0,0.0,26.63,4.28,0.0
20050718:0209,0.0,0.0,0.0,0.0,26.46,4.55,0.0
20050718:0309,0.0,0.0,0.0,0.0,26.32,4.76,0.0
20050718:0409,72.0,54.0,0.0,13.73,26.3,4.83,0.0
20050718:0509,224.0,96.0,0.0,25.45,27.68,4.62,0.0
20050718:0609,399.0,121.0,0.0,37.41,28.97,4.55,0.0
20050718:0709,561.0,140.0,0.0,49.34,29.62,4.48,0.0
20050718:0809,667.0,169.0,0.0,60.76,30.87,3.93,0.0
20050718:0909,786.0,159.0,0.0,70.37,31.11,3.03,0.0
20050718:1009,783.0,189.0,0.0,74.09,31.65,2.21,0.0
20050718:1109,810.0,161.0,0.0,68.53,31.59,0.83,0.0
20050718:1209,712.0,172.0,0.0,58.3,31.77,1.66,0.0
20050718:1309,606.0,155.0,0.0,46.7,31.18,3.24,0.0
20050718:1409,427.0,155.0,0.0,34.74,31.02,4.34,0.0
20050718:1509,287.0,113.0,0.0,22.81,30.84,4.55,0.0
20050718:1609,120.0,79.0,0.0,11.18,30.54,4.0,0.0
20050718:1709,0.0,20.0,0.0,0.09,29.19,3.45,0.0
20050718:1809,0.0,0.0,0.0,0.0,28.87,2.41,0.0
20050718:1909,0.0,0.0,0.0,0.0,28.18,1.79,0.0
20050718:2009,0.0,0.0,0.0,0.0,27.69,1.79,0.0
20050718:2109,0.0,0.0,0.0,0.0,27.83,2.14,0.0
20050718:2209,0.0,0.0,0.0,0.0,27.37,2.41,0.0
20050718:2309,0.0,0.0,0.0,0.0,27.34,3.17,0.0
20050719:0009,0.0,0.0,0.0,0.0,27.47,4.07,0.0
20050719:0109,0.0,0.0,0.0,0.0,27.53,4.62,0.0
20050719:0209,0.0,0.0,0.0,0.0,27.58,5.17,0.0
20050719:0309,0.0,0.0,0.0,0.0,27.86,5.52,0.0
20050719:0409,55.0,59.0,0.0,13.62,27.73,5.72,0.0
20050719:0509,192.0,110.0,0.0,25.34,28.95,5.59,0.0
20050719:0609,376.0,130.0,0.0,37.3,29.81,5.45,0.0
20050719:0709,555.0,140.0,0.0,49.23,30.41,5.31,0.0
20050719:0809,714.0,139.0,0.0,60.64,31.68,4.69,0.0
20050719:0909,779.0,160.0,0.0,70.21,31.95,3.79,0.0
20050719:1009,807.0,170.0,0.0,73.91,32.74,3.24,0.0
20050719:1109,826.0,149.0,0.0,68.4,32.67,2.21,0.0
20050719:1209,752.0,146.0,0.0,58.21,32.74,1.24,0.0
20050719:1309,636.0,136.0,0.0,46.62,33.4,0.28,0.0
20050719:1409,461.0,132.0,0.0,34.66,32.86,1.52,0.0
20050719:1509,283.0,113.0,0.0,22.73,32.77,3.17,0.0
20050719:1609,114.0,81.0,0.0,11.09,31.95,3.52,0.0
20050719:1709,0.0,0.0,0.0,-0.01,30.66,3.72,0.0
20050719:1809,0.0,0.0,0.0,0.0,30.89,3.66,0.0
20050719:1909,0.0,0.0,0.0,0.0,30.2,3.52,0.0
20050719:2009,0.0,0.0,0.0,0.0,29.71,3.52,0.0
20050719:2109,0.0,0.0,0.0,0.0,29.33,3.66,0.0
20050719:2209,0.0,0.0,0.0,0.0,28.4,3.45,0.0
20050719:2309,0.0,0.0,0.0,0.0,28.39,3.86,0.0
20050720:0009,0.0,0.0,0.0,0.0,28.33,4.28,0.0
20050720:0109,0.0,0.0,0.0,0.0,28.13,4.55,0.0
20050720:0209,0.0,0.0,0.0,0.0,27.67,4.83,0.0
20050720:0309,0.0,0.0,0.0,0.0,27.57,5.1,0.0
20050720:0409,54.0,59.0,0.0,13.5,27.56,5.24,0.0
20050720:0509,190.0,111.0,0.0,25.23,29.03,4.97,0.0
20050720:0609,391.0,123.0,0.0,37.2,30.19,4.62,0.0
20050720:0709,542.0,149.0,0.0,49.11,30.9,4.76,0.0
20050720:0809,666.0,168.0,0.0,60.51,32.47,4.62,0.0
20050720:0909,743.0,185.0,0.0,70.05,32.73,3.93,0.0
20050720:1009,782.0,189.0,0.0,73.73,33.58,3.52,0.0
20050720:1109,796.0,169.0,0.0,68.27,33.53,2.48,0.0
20050720:1209,684.0,189.0,0.0,58.11,34.06,1.52,0.0
20050720:1309,594.0,161.0,0.0,46.54,34.12,0.41,0.0
20050720:1409,426.0,154.0,0.0,34.58,33.61,2.41,0.0
20050720:1509,286.0,112.0,0.0,22.65,32.98,3.38,0.0
20050720:1609,116.0,79.0,0.0,11.0,32.44,3.72,0.0
20050720:1709,0.0,0.0,0.0,-0.12,32.0,3.93,0.0
20050720:1809,0.0,0.0,0.0,0.0,30.97,3.45,0.0
20050720:1909,0.0,0.0,0.0,0.0,30.94,2.76,0.0
20050720:2009,0.0,0.0,0.0,0.0,30.1,2.48,0.0
20050720:2109,0.0,0.0,0.0,0.0,29.62,2.41,0.0
20050720:2209,0.0,0.0,0.0,0.0,28.58,2.07,0.0
20050720:2309,0.0,0.0,0.0,0.0,28.65,2.55,0.0
20050721:0009,0.0,0.0,0.0,0.0,28.86,3.31,0.0
20050721:0109,0.0,0.0,0.0,0.0,28.73,3.66,0.0
20050721:0209,0.0,0.0,0.0,0.0,28.19,3.93,0.0
20050721:0309,0.0,0.0,0.0,0.0,28.09,4.14,0.0
20050721:0409,39.0,63.0,0.0,13.38,28.11,4.28,0.0
20050721:0509,173.0,118.0,0.0,25.12,29.62,4.21,0.0
20050721:0609,353.0,143.0,0.0,37.09,30.49,3.52,0.0
20050721:0709,517.0,162.0,0.0,49.0,31.07,2.76,0.0
20050721:0809,661.0,168.0,0.0,60.38,32.42,1.93,0.0
20050721:0909,752.0,176.0,0.0,69.89,32.58,0.69,0.0
20050721:1009,821.0,161.0,0.0,73.54,33.75,1.45,0.0
20050721:1109,791.0,168.0,0.0,68.13,33.75,3.52,0.0
20050721:1209,706.0,172.0,0.0,58.01,33.17,4.83,0.0
20050721:1309,619.0,144.0,0.0,46.45,32.92,5.31,0.0
20050721:1409,439.0,144.0,0.0,34.49,32.47,5.17,0.0
20050721:1509,262.0,124.0,0.0,22.56,32.35,4.69,0.0
20050721:1609,111.0,80.0,0.0,10.9,31.83,3.52,0.0
20050721:1709,0.0,0.0,0.0,-0.23,30.05,1.72,0.0
20050721:1809,0.0,0.0,0.0,0.0,30.27,0.83,0.0
20050721:1909,0.0,0.0,0.0,0.0,29.1,2.55,0.0
20050721:2009,0.0,0.0,0.0,0.0,27.81,2.76,0.0
20050721:2109,0.0,0.0,0.0,0.0,27.78,2.41,0.0
20050721:2209,0.0,0.0,0.0,0.0,27.32,2.28,0.0
20050721:2309,0.0,0.0,0.0,0.0,27.36,2.55,0.0
20050722:0009,0.0,0.0,0.0,0.0,27.35,2.41,0.0
20050722:0109,0.0,0.0,0.0,0.0,27.28,2.28,0.0
20050722:0209,0.0,0.0,0.0,0.0,26.71,2.21,0.0
20050722:0309,0.0,0.0,0.0,0.0,26.71,2.41,0.0
20050722:0409,47.0,59.0,0.0,13.26,27.08,2.34,0.0
20050722:0509,168.0,119.0,0.0,25.01,28.48,1.79,0.0
20050722:0609,351.0,142.0,0.0,36.97,28.74,0.34,0.0
20050722:0709,495.0,173.0,0.0,48.88,29.05,1.93,0.0
20050722:0809,512.0,257.0,0.0,60.25,29.7,2.9,0.0
20050722:0909,680.0,220.0,0.0,69.71,29.31,3.38,0.0
20050722:1009,919.0,107.0,0.0,73.35,29.55,3.1,0.0
20050722:1109,730.0,206.0,0.0,67.98,29.57,3.59,0.0
20050722:1209,651.0,206.0,0.0,57.9,29.54,3.79,0.0
20050722:1309,543.0,189.0,0.0,46.35,29.47,4.0,0.0
20050722:1409,245.0,249.0,0.0,34.4,29.06,3.79,0.0
20050722:1509,228.0,141.0,0.0,22.46,28.84,3.17,0.0
20050722:1609,109.0,80.0,0.0,10.79,28.56,2.34,0.0
20050722:1709,0.0,0.0,0.0,-0.35,27.24,1.24,0.0
20050722:1809,0.0,0.0,0.0,0.0,26.91,0.97,0.0
20050722:1909,0.0,0.0,0.0,0.0,27.16,1.66,0.0
20050722:2009,0.0,0.0,0.0,0.0,26.6,2.14,0.0
20050722:2109,0.0,0.0,0.0,0.0,26.25,2.34,0.0
20050722:2209,0.0,0.0,0.0,0.0,25.33,2.34,0.0
20050722:2309,0.0,0.0,0.0,0.0,25.44,2.07,0.0
20050723:0009,0.0,0.0,0.0,0.0,25.42,1.72,0.0
20050723:0109,0.0,0.0,0.0,0.0,25.44,1.72,0.0
20050723:0209,0.0,0.0,0.0,0.0,25.36,1.52,0.0
20050723:0309,0.0,0.0,0.0,0.0,25.42,1.38,0.0
20050723:0409,11.0,60.0,0.0,13.14,25.93,1.17,0.0
20050723:0509,79.0,151.0,0.0,24.89,26.74,0.76,0.0
20050723:0609,175.0,226.0,0.0,36.86,26.88,0.76,0.0
20050723:0709,421.0,209.0,0.0,48.77,26.79,1.66,0.0
20050723:0809,593.0,199.0,0.0,60.11,27.53,2.69,0.0
20050723:0909,703.0,195.0,0.0,69.54,27.64,3.52,0.0
20050723:1009,727.0,208.0,0.0,73.15,28.44,4.0,0.0
20050723:1109,755.0,179.0,0.0,67.83,28.56,4.76,0.0
20050723:1209,686.0,174.0,0.0,57.78,28.74,4.83,0.0
20050723:1309,571.0,163.0,0.0,46.25,28.83,4.41,0.0
20050723:1409,422.0,146.0,0.0,34.3,28.76,3.52,0.0
20050723:1509,264.0,116.0,0.0,22.36,28.67,2.76,0.0
20050723:1609,100.0,81.0,0.0,10.69,28.37,2.07,0.0
20050723:1709,0.0,0.0,0.0,-0.47,26.99,1.24,0.0
20050723:1809,0.0,0.0,0.0,0.0,27.11,1.24,0.0
20050723:1909,0.0,0.0,0.0,0.0,27.08,1.45,0.0
20050723:2009,0.0,0.0,0.0,0.0,26.41,1.45,0.0
20050723:2109,0.0,0.0,0.0,0.0,26.2,1.45,0.0
20050723:2209,0.0,0.0,0.0,0.0,25.6,1.45,0.0
20050723:2309,0.0,0.0,0.0,0.0,25.76,1.38,0.0
20050724:0009,0.0,0.0,0.0,0.0,25.82,1.31,0.0
20050724:0109,0.0,0.0,0.0,0.0,25.93,1.31,0.0
20050724:0209,0.0,0.0,0.0,0.0,25.55,1.59,0.0
20050724:0309,0.0,0.0,0.0,0.0,25.96,2.0,0.0
20050724:0409,10.0,59.0,0.0,13.02,26.3,2.41,0.0
20050724:0509,96.0,145.0,0.0,24.78,27.88,2.21,0.0
20050724:0609,284.0,173.0,0.0,36.75,29.12,1.66,0.0
20050724:0709,454.0,189.0,0.0,48.65,30.97,0.83,0.0
20050724:0809,603.0,193.0,0.0,59.97,31.38,0.69,0.0
20050724:0909,689.0,203.0,0.0,69.36,31.39,2.0,0.0
20050724:1009,726.0,208.0,0.0,72.95,31.13,3.1,0.0
20050724:1109,754.0,179.0,0.0,67.67,31.26,4.14,0.0
20050724:1209,659.0,190.0,0.0,57.66,31.33,4.69,0.0
20050724:1309,527.0,189.0,0.0,46.15,30.87,4.62,0.0
20050724:1409,490.0,110.0,0.0,34.2,30.73,4.34,0.0
20050724:1509,213.0,143.0,0.0,22.25,30.74,3.24,0.0
20050724:1609,97.0,82.0,0.0,10.57,30.31,2.34,0.0
20050724:1709,0.0,0.0,0.0,-0.59,29.4,0.76,0.0
20050724:1809,0.0,0.0,0.0,0.0,28.86,1.03,0.0
20050724:1909,0.0,0.0,0.0,0.0,28.22,1.72,0.0
20050724:2009,0.0,0.0,0.0,0.0,27.82,1.86,0.0
20050724:2109,0.0,0.0,0.0,0.0,27.74,1.79,0.0
20050724:2209,0.0,0.0,0.0,0.0,27.22,1.59,0.0
20050724:2309,0.0,0.0,0.0,0.0,27.37,1.93,0.0
20050725:0009,0.0,0.0,0.0,0.0,27.41,2.14,0.0
20050725:0109,0.0,0.0,0.0,0.0,27.51,2.21,0.0
20050725:0209,0.0,0.0,0.0,0.0,27.19,2.55,0.0
20050725:0309,0.0,0.0,0.0,0.0,27.25,3.1,0.0
20050725:0409,20.0,61.0,0.0,12.89,27.35,3.45,0.0
20050725:0509,142.0,126.0,0.0,24.66,28.67,3.24,0.0
20050725:0609,334.0,146.0,0.0,36.63,29.96,2.76,0.0
20050725:0709,475.0,178.0,0.0,48.52,30.61,2.34,0.0
20050725:0809,658.0,161.0,0.0,59.83,31.53,1.38,0.0
20050725:0909,737.0,177.0,0.0,69.18,31.36,1.45,0.0
20050725:1009,719.0,216.0,0.0,72.74,31.43,2.9,0.0
20050725:1109,747.0,188.0,0.0,67.5,30.87,4.28,0.0
20050725:1209,665.0,190.0,0.0,57.53,30.58,4.9,0.0
20050725:1309,576.0,162.0,0.0,46.03,30.4,5.03,0.0
20050725:1409,426.0,144.0,0.0,34.09,30.16,4.48,0.0
20050725:1509,266.0,115.0,0.0,22.14,30.08,3.59,0.0
20050725:1609,112.0,75.0,0.0,10.45,29.79,2.28,0.0
20050725:1709,0.0,0.0,0.0,-0.73,28.26,0.48,0.0
20050725:1809,0.0,0.0,0.0,0.0,28.28,1.59,0.0
20050725:1909,0.0,0.0,0.0,0.0,27.49,2.21,0.0
20050725:2009,0.0,0.0,0.0,0.0,27.06,2.07,0.0
20050725:2109,0.0,0.0,0.0,0.0,27.24,2.07,0.0
20050725:2209,0.0,0.0,0.0,0.0,26.89,2.14,0.0
20050725:2309,0.0,0.0,0.0,0.0,27.14,2.41,0.0
20050726:0009,0.0,0.0,0.0,0.0,27.43,2.76,0.0
20050726:0109,0.0,0.0,0.0,0.0,27.55,3.03,0.0
20050726:0209,0.0,0.0,0.0,0.0,27.71,3.31,0.0
20050726:0309,0.0,0.0,0.0,0.0,27.91,3.59,0.0
20050726:0409,25.0,59.0,0.0,12.77,27.96,3.79,0.0
20050726:0509,140.0,126.0,0.0,24.54,28.82,3.66,0.0
20050726:0609,313.0,156.0,0.0,36.51,29.96,3.24,0.0
20050726:0709,490.0,167.0,0.0,48.4,30.35,2.69,0.0
20050726:0809,605.0,192.0,0.0,59.69,31.16,1.59,0.0
20050726:0909,705.0,195.0,0.0,68.99,30.59,2.07,0.0
20050726:1009,729.0,208.0,0.0,72.52,31.12,3.59,0.0
20050726:1109,785.0,161.0,0.0,67.33,30.8,4.28,0.0
20050726:1209,713.0,157.0,0.0,57.4,30.74,4.34,0.0
20050726:1309,572.0,162.0,0.0,45.92,30.67,4.0,0.0
20050726:1409,422.0,145.0,0.0,33.98,30.6,3.59,0.0
20050726:1509,258.0,117.0,0.0,22.03,30.3,2.97,0.0
20050726:1609,121.0,70.0,0.0,10.33,29.94,2.07,0.0
20050726:1709,0.0,0.0,0.0,-0.86,28.46,1.03,0.0
20050726:1809,0.0,0.0,0.0,0.0,28.36,0.48,0.0
20050726:1909,0.0,0.0,0.0,0.0,27.94,1.17,0.0
20050726:2009,0.0,0.0,0.0,0.0,26.91,1.45,0.0
20050726:2109,0.0,0.0,0.0,0.0,27.02,1.45,0.0
20050726:2209,0.0,0.0,0.0,0.0,26.88,1.45,0.0
20050726:2309,0.0,0.0,0.0,0.0,27.11,2.21,0.0
20050727:0009,0.0,0.0,0.0,0.0,27.49,2.83,0.0
20050727:0109,0.0,0.0,0.0,0.0,27.64,3.17,0.0
20050727:0209,0.0,0.0,0.0,0.0,27.59,3.38,0.0
20050727:0309,0.0,0.0,0.0,0.0,27.78,3.59,0.0
20050727:0409,11.0,57.0,0.0,12.64,27.94,3.59,0.0
20050727:0509,111.0,137.0,0.0,24.42,29.3,3.38,0.0
20050727:0609,294.0,165.0,0.0,36.4,30.05,2.41,0.0
20050727:0709,488.0,167.0,0.0,48.28,30.89,1.17,0.0
20050727:0809,652.0,162.0,0.0,59.54,31.73,0.69,0.0
20050727:0909,758.0,160.0,0.0,68.8,31.43,2.0,0.0
20050727:1009,771.0,180.0,0.0,72.3,32.26,3.1,0.0
20050727:1109,783.0,162.0,0.0,67.15,32.53,3.79,0.0
20050727:1209,711.0,158.0,0.0,57.26,32.59,4.14,0.0
20050727:1309,548.0,176.0,0.0,45.79,32.34,4.28,0.0
20050727:1409,420.0,145.0,0.0,33.86,32.11,4.21,0.0
20050727:1509,256.0,117.0,0.0,21.91,31.77,3.72,0.0
20050727:1609,104.0,76.0,0.0,10.2,31.09,2.76,0.0
20050727:1709,0.0,0.0,0.0,-1.01,31.19,1.59,0.0
20050727:1809,0.0,0.0,0.0,0.0,29.37,0.76,0.0
20050727:1909,0.0,0.0,0.0,0.0,29.12,1.79,0.0
20050727:2009,0.0,0.0,0.0,0.0,28.23,2.0,0.0
20050727:2109,0.0,0.0,0.0,0.0,28.18,1.93,0.0
20050727:2209,0.0,0.0,0.0,0.0,28.11,1.93,0.0
20050727:2309,0.0,0.0,0.0,0.0,27.95,2.0,0.0
20050728:0009,0.0,0.0,0.0,0.0,27.93,2.34,0.0
20050728:0109,0.0,0.0,0.0,0.0,27.99,2.69,0.0
20050728:0209,0.0,0.0,0.0,0.0,27.8,2.97,0.0
20050728:0309,0.0,0.0,0.0,0.0,27.99,3.24,0.0
20050728:0409,23.0,58.0,0.0,12.51,28.03,3.59,0.0
20050728:0509,139.0,126.0,0.0,24.3,29.33,3.66,0.0
20050728:0609,319.0,154.0,0.0,36.28,30.42,3.31,0.0
20050728:0709,498.0,166.0,0.0,48.15,31.46,2.97,0.0
20050728:0809,664.0,160.0,0.0,59.39,32.3,2.69,0.0
20050728:0909,782.0,153.0,0.0,68.61,32.25,1.93,0.0
20050728:1009,785.0,179.0,0.0,72.07,34.2,1.1,0.0
20050728:1109,797.0,160.0,0.0,66.97,34.09,0.9,0.0
20050728:1209,672.0,189.0,0.0,57.11,33.51,2.41,0.0
20050728:1309,602.0,148.0,0.0,45.67,33.47,3.52,0.0
20050728:1409,421.0,148.0,0.0,33.74,32.86,4.34,0.0
20050728:1509,262.0,116.0,0.0,21.78,32.6,4.28,0.0
20050728:1609,108.0,74.0,0.0,10.06,31.87,3.66,0.0
20050728:1709,0.0,0.0,0.0,-1.15,30.56,2.76,0.0
20050728:1809,0.0,0.0,0.0,0.0,30.49,1.72,0.0
20050728:1909,0.0,0.0,0.0,0.0,29.25,1.45,0.0
20050728:2009,0.0,0.0,0.0,0.0,29.28,2.0,0.0
20050728:2109,0.0,0.0,0.0,0.0,28.9,2.21,0.0
20050728:2209,0.0,0.0,0.0,0.0,28.62,2.48,0.0
20050728:2309,0.0,0.0,0.0,0.0,28.56,2.97,0.0
20050729:0009,0.0,0.0,0.0,0.0,28.46,3.59,0.0
20050729:0109,0.0,0.0,0.0,0.0,28.57,4.07,0.0
20050729:0209,0.0,0.0,0.0,0.0,28.45,4.28,0.0
20050729:0309,0.0,0.0,0.0,0.0,28.56,4.55,0.0
20050729:0409,48.0,50.0,0.0,12.38,28.7,4.62,0.0
20050729:0509,194.0,96.0,0.0,24.18,29.95,4.55,0.0
20050729:0609,381.0,117.0,0.0,36.16,30.72,4.41,0.0
20050729:0709,532.0,143.0,0.0,48.02,31.07,4.07,0.0
20050729:0809,660.0,160.0,0.0,59.24,32.04,3.17,0.0
20050729:0909,788.0,148.0,0.0,68.41,31.74,1.93,0.0
20050729:1009,751.0,198.0,0.0,71.84,32.85,0.83,0.0
20050729:1109,825.0,143.0,0.0,66.77,32.3,2.0,0.0
20050729:1209,668.0,188.0,0.0,56.96,32.34,3.31,0.0
20050729:1309,577.0,161.0,0.0,45.53,32.04,4.28,0.0
20050729:1409,401.0,158.0,0.0,33.61,31.74,4.28,0.0
20050729:1509,272.0,109.0,0.0,21.65,31.3,3.72,0.0
20050729:1609,103.0,75.0,0.0,9.92,30.63,2.76,0.0
20050729:1709,0.0,0.0,0.0,-1.31,29.73,1.52,0.0
20050729:1809,0.0,0.0,0.0,0.0,29.88,0.21,0.0
20050729:1909,0.0,0.0,0.0,0.0,28.91,1.31,0.0
20050729:2009,0.0,0.0,0.0,0.0,28.58,1.66,0.0
20050729:2109,0.0,0.0,0.0,0.0,28.4,1.45,0.0
20050729:2209,0.0,0.0,0.0,0.0,28.07,1.03,0.0
20050729:2309,0.0,0.0,0.0,0.0,27.72,0.97,0.0
20050730:0009,0.0,0.0,0.0,0.0,27.34,1.03,0.0
20050730:0109,0.0,0.0,0.0,0.0,27.33,1.03,0.0
20050730:0209,0.0,0.0,0.0,0.0,27.32,1.1,0.0
20050730:0309,0.0,0.0,0.0,0.0,27.64,1.24,0.0
20050730:0409,7.0,51.0,0.0,12.25,28.05,1.17,0.0
20050730:0509,63.0,146.0,0.0,24.05,29.07,0.83,0.0
20050730:0609,163.0,221.0,0.0,36.03,29.7,0.55,0.0
20050730:0709,406.0,207.0,0.0,47.89,29.45,1.24,0.0
20050730:0809,536.0,223.0,0.0,59.08,29.82,2.28,0.0
20050730:0909,614.0,239.0,0.0,68.21,29.7,3.31,0.0
20050730:1009,683.0,225.0,0.0,71.6,30.58,4.0,0.0
20050730:1109,292.0,420.0,0.0,66.58,30.55,4.62,0.0
20050730:1209,575.0,232.0,0.0,56.8,30.43,4.55,0.0
20050730:1309,380.0,264.0,0.0,45.39,30.23,4.41,0.0
20050730:1409,375.0,163.0,0.0,33.48,30.17,3.86,0.0
20050730:1509,255.0,111.0,0.0,21.51,29.68,3.03,0.0
20050730:1609,101.0,73.0,0.0,9.78,29.25,2.41,0.0
20050730:1709,0.0,0.0,0.0,-1.46,28.13,1.79,0.0
20050730:1809,0.0,0.0,0.0,0.0,27.06,0.83,0.0
20050730:1909,0.0,0.0,0.0,0.0,27.02,0.62,0.0
20050730:2009,0.0,0.0,0.0,0.0,27.44,0.62,0.0
20050730:2109,0.0,0.0,0.0,0.0,27.46,0.55,0.0
20050730:2209,0.0,0.0,0.0,0.0,26.65,1.03,0.0
20050730:2309,0.0,0.0,0.0,0.0,26.63,0.48,0.0
20050731:0009,0.0,0.0,0.0,0.0,26.62,0.48,0.0
20050731:0109,0.0,0.0,0.0,0.0,26.6,0.69,0.0
20050731:0209,0.0,0.0,0.0,0.0,26.28,0.97,0.0
20050731:0309,0.0,0.0,0.0,0.0,26.28,1.03,0.0
20050731:0409,3.0,45.0,0.0,12.12,26.19,0.76,0.0
20050731:0509,98.0,135.0,0.0,23.93,27.1,0.83,0.0
20050731:0609,169.0,217.0,0.0,35.91,27.2,1.66,0.0
20050731:0709,243.0,288.0,0.0,47.76,27.1,1.93,0.0
20050731:0809,554.0,210.0,0.0,58.93,28.25,2.55,0.0
20050731:0909,683.0,195.0,0.0,68.0,28.03,3.31,0.0
20050731:1009,749.0,181.0,0.0,71.36,29.39,3.66,0.0
20050731:1109,706.0,197.0,0.0,66.37,29.14,3.79,0.0
20050731:1209,59.0,405.0,0.0,56.64,30.31,3.72,0.0
20050731:1309,295.0,304.0,0.0,45.25,30.14,3.59,0.0
20050731:1409,270.0,219.0,0.0,33.34,29.99,3.52,0.0
20050731:1509,161.0,158.0,0.0,21.37,29.96,3.24,0.0
20050731:1609,99.0,72.0,0.0,9.63,28.98,3.1,0.0
20050731:1709,0.0,0.0,0.0,-1.63,27.95,2.83,0.0
20050731:1809,0.0,0.0,0.0,0.0,28.07,2.21,0.0
20050731:1909,0.0,0.0,0.0,0.0,28.56,1.17,0.0
20050731:2009,0.0,0.0,0.0,0.0,27.81,0.34,0.0
20050731:2109,0.0,0.0,0.0,0.0,27.59,0.34,0.0
20050731:2209,0.0,0.0,0.0,0.0,27.47,0.69,0.0
20050731:2309,0.0,0.0,0.0,0.0,27.4,1.38,0.0
20050801:0009,0.0,0.0,0.0,0.0,26.94,1.59,0.0
20050801:0109,0.0,0.0,0.0,0.0,26.68,1.24,0.0
20050801:0209,0.0,0.0,0.0,0.0,26.32,0.9,0.0
20050801:0309,0.0,0.0,0.0,0.0,26.3,0.97,0.0
20050801:0409,3.0,45.0,0.0,11.98,26.54,1.24,0.0
20050801:0509,0.0,46.0,0.0,23.8,27.65,1.03,0.0
20050801:0609,302.0,152.0,0.0,35.79,28.99,0.69,0.0
20050801:0709,509.0,145.0,0.0,47.63,29.34,0.62,0.0
20050801:0809,673.0,142.0,0.0,58.77,29.92,1.86,0.0
20050801:0909,824.0,117.0,0.0,67.79,29.55,3.1,0.0
20050801:1009,848.01,128.0,0.0,71.11,30.08,3.72,0.0
20050801:1109,808.0,141.0,0.0,66.16,30.19,4.41,0.0
20050801:1209,722.0,144.0,0.0,56.47,29.9,5.03,0.0
20050801:1309,589.0,143.0,0.0,45.1,29.7,4.97,0.0
20050801:1409,443.0,124.0,0.0,33.2,30.02,4.34,0.0
20050801:1509,281.0,98.0,0.0,21.23,30.17,3.66,0.0
20050801:1609,105.0,70.0,0.0,9.48,29.92,2.34,0.0
20050801:1709,0.0,0.0,0.0,-1.8,28.98,1.03,0.0
20050801:1809,0.0,0.0,0.0,0.0,29.03,0.69,0.0
20050801:1909,0.0,0.0,0.0,0.0,28.99,1.45,0.0
20050801:2009,0.0,0.0,0.0,0.0,28.28,1.79,0.0
20050801:2109,0.0,0.0,0.0,0.0,27.89,2.07,0.0
20050801:2209,0.0,0.0,0.0,0.0,27.06,2.55,0.0
20050801:2309,0.0,0.0,0.0,0.0,27.09,2.69,0.0
20050802:0009,0.0,0.0,0.0,0.0,27.15,2.97,0.0
20050802:0109,0.0,0.0,0.0,0.0,27.2,3.24,0.0
20050802:0209,0.0,0.0,0.0,0.0,27.31,3.59,0.0
20050802:0309,0.0,0.0,0.0,0.0,27.47,3.86,0.0
20050802:0409,5.0,46.0,0.0,11.85,27.51,4.21,0.0
20050802:0509,177.0,97.0,0.0,23.68,28.8,4.34,0.0
20050802:0609,350.0,124.0,0.0,35.66,30.19,4.55,0.0
20050802:0709,509.0,144.0,0.0,47.49,30.81,5.03,0.0
20050802:0809,646.0,156.0,0.0,58.61,32.1,4.62,0.0
20050802:0909,741.0,161.0,0.0,67.58,32.3,4.28,0.0
20050802:1009,755.0,180.0,0.0,70.86,32.92,4.0,0.0
20050802:1109,808.0,141.0,0.0,65.94,33.02,3.38,0.0
20050802:1209,713.0,148.0,0.0,56.29,33.11,3.17,0.0
20050802:1309,573.0,150.0,0.0,44.94,32.92,2.9,0.0
20050802:1409,85.0,279.0,0.0,33.05,32.5,2.28,0.0
20050802:1509,187.0,145.0,0.0,21.08,32.3,2.48,0.0
20050802:1609,104.0,69.0,0.0,9.32,32.61,3.38,0.0
20050802:1709,0.0,0.0,0.0,-1.97,31.52,3.86,0.0
20050802:1809,0.0,0.0,0.0,0.0,30.94,4.55,0.0
20050802:1909,0.0,0.0,0.0,0.0,30.72,4.97,0.0
20050802:2009,0.0,0.0,0.0,0.0,30.37,5.45,0.0
20050802:2109,0.0,0.0,0.0,0.0,31.06,6.41,0.0
20050802:2209,0.0,0.0,0.0,0.0,31.05,7.38,0.0
20050802:2309,0.0,0.0,0.0,0.0,30.61,7.17,0.0
20050803:0009,0.0,0.0,0.0,0.0,30.19,7.03,0.0
20050803:0109,0.0,0.0,0.0,0.0,29.82,6.9,0.0
20050803:0209,0.0,0.0,0.0,0.0,29.15,6.41,0.0
20050803:0309,0.0,0.0,0.0,0.0,28.96,6.62,0.0
20050803:0409,2.0,39.0,0.0,11.72,28.58,6.83,0.0
20050803:0509,136.0,118.0,0.0,23.55,29.18,6.9,0.0
20050803:0609,319.0,144.0,0.0,35.53,29.75,7.52,0.0
20050803:0709,489.0,160.0,0.0,47.35,30.3,7.45,0.0
20050803:0809,608.0,184.0,0.0,58.44,31.63,6.9,0.0
20050803:0909,738.0,168.0,0.0,67.36,32.08,6.21,0.0
20050803:1009,792.0,162.0,0.0,70.6,33.25,5.38,0.0
20050803:1109,763.0,169.0,0.0,65.72,33.43,4.69,0.0
20050803:1209,722.0,147.0,0.0,56.11,33.61,4.0,0.0
20050803:1309,597.0,141.0,0.0,44.78,33.57,3.52,0.0
20050803:1409,460.0,117.0,0.0,32.89,33.57,3.31,0.0
20050803:1509,253.0,110.0,0.0,20.92,33.59,3.45,0.0
20050803:1609,101.0,69.0,0.0,9.15,33.34,3.38,0.0
20050803:1709,0.0,0.0,0.0,-2.15,32.47,4.0,0.0
20050803:1809,0.0,0.0,0.0,0.0,32.14,4.9,0.0
20050803:1909,0.0,0.0,0.0,0.0,31.91,5.52,0.0
20050803:2009,0.0,0.0,0.0,0.0,31.06,5.66,0.0
20050803:2109,0.0,0.0,0.0,0.0,30.8,5.59,0.0
20050803:2209,0.0,0.0,0.0,0.0,30.47,6.0,0.0
20050803:2309,0.0,0.0,0.0,0.0,30.2,5.59,0.0
20050804:0009,0.0,0.0,0.0,0.0,29.88,5.45,0.0
20050804:0109,0.0,0.0,0.0,0.0,29.68,5.72,0.0
20050804:0209,0.0,0.0,0.0,0.0,29.56,6.14,0.0
20050804:0309,0.0,0.0,0.0,0.0,29.41,6.28,0.0
20050804:0409,6.0,47.0,0.0,11.58,29.06,6.34,0.0
20050804:0509,180.0,96.0,0.0,23.42,29.79,5.93,0.0
20050804:0609,359.0,122.0,0.0,35.41,30.48,5.59,0.0
20050804:0709,536.0,135.0,0.0,47.22,31.15,5.38,0.0
20050804:0809,651.0,160.0,0.0,58.28,32.26,4.21,0.0
20050804:0909,717.0,185.0,0.0,67.14,32.35,2.69,0.0
20050804:1009,772.0,179.0,0.0,70.34,32.81,1.66,0.0
20050804:1109,794.0,155.0,0.0,65.49,32.01,3.17,0.0
20050804:1209,739.0,141.0,0.0,55.92,31.08,5.03,0.0
20050804:1309,619.0,132.0,0.0,44.62,30.22,5.93,0.0
20050804:1409,447.0,124.0,0.0,32.73,30.05,5.45,0.0
20050804:1509,285.0,96.0,0.0,20.76,30.27,4.21,0.0
20050804:1609,91.0,72.0,0.0,8.98,30.17,2.48,0.0
20050804:1709,0.0,0.0,0.0,0.0,28.87,1.31,0.0
20050804:1809,0.0,0.0,0.0,0.0,28.1,2.34,0.0
20050804:1909,0.0,0.0,0.0,0.0,27.49,2.34,0.0
20050804:2009,0.0,0.0,0.0,0.0,26.66,2.07,0.0
20050804:2109,0.0,0.0,0.0,0.0,26.64,2.21,0.0
20050804:2209,0.0,0.0,0.0,0.0,26.37,2.21,0.0
20050804:2309,0.0,0.0,0.0,0.0,26.42,1.86,0.0
20050805:0009,0.0,0.0,0.0,0.0,26.39,1.79,0.0
20050805:0109,0.0,0.0,0.0,0.0,26.31,1.59,0.0
20050805:0209,0.0,0.0,0.0,0.0,26.01,1.38,0.0
20050805:0309,0.0,0.0,0.0,0.0,26.08,1.45,0.0
20050805:0409,3.0,43.0,0.0,11.44,26.39,1.66,0.0
20050805:0509,171.0,98.0,0.0,23.3,28.01,1.45,0.0
20050805:0609,352.0,122.0,0.0,35.28,28.61,1.1,0.0
20050805:0709,527.0,136.0,0.0,47.08,28.56,1.38,0.0
20050805:0809,641.0,161.0,0.0,58.11,29.38,2.34,0.0
20050805:0909,768.0,150.0,0.0,66.91,28.88,3.38,0.0
20050805:1009,822.01,145.0,0.0,70.07,29.09,3.86,0.0
20050805:1109,794.0,150.0,0.0,65.26,29.07,4.48,0.0
20050805:1209,768.0,121.0,0.0,55.73,29.11,4.76,0.0
20050805:1309,626.0,124.0,0.0,44.44,28.92,4.76,0.0
20050805:1409,432.0,128.0,0.0,32.57,28.73,4.48,0.0
20050805:1509,245.0,111.0,0.0,20.59,28.61,3.72,0.0
20050805:1609,96.0,68.0,0.0,8.81,28.46,2.69,0.0
20050805:1709,0.0,0.0,0.0,0.0,27.37,1.66,0.0
20050805:1809,0.0,0.0,0.0,0.0,27.22,1.17,0.0
20050805:1909,0.0,0.0,0.0,0.0,27.15,0.9,0.0
20050805:2009,0.0,0.0,0.0,0.0,26.2,1.03,0.0
20050805:2109,0.0,0.0,0.0,0.0,25.72,1.1,0.0
20050805:2209,0.0,0.0,0.0,0.0,25.43,0.48,0.0
20050805:2309,0.0,0.0,0.0,0.0,25.17,0.28,0.0
20050806:0009,0.0,0.0,0.0,0.0,25.07,0.69,0.0
20050806:0109,0.0,0.0,0.0,0.0,25.03,1.03,0.0
20050806:0209,0.0,0.0,0.0,0.0,24.64,1.38,0.0
20050806:0309,0.0,0.0,0.0,0.0,24.86,1.66,0.0
20050806:0409,1.0,34.0,0.0,11.31,24.97,1.86,0.0
20050806:0509,70.0,139.0,0.0,23.17,25.81,1.59,0.0
20050806:0609,191.0,205.0,0.0,35.15,25.8,1.72,0.0
20050806:0709,345.0,238.0,0.0,46.93,26.0,2.28,0.0
20050806:0809,559.0,209.0,0.0,57.93,26.96,3.31,0.0
20050806:0909,629.0,231.0,0.0,66.69,26.87,4.14,0.0
20050806:1009,554.0,303.0,0.0,69.8,27.3,4.97,0.0
20050806:1109,727.0,187.0,0.0,65.02,27.07,5.52,0.0
20050806:1209,683.0,164.0,0.0,55.53,27.09,5.24,0.0
20050806:1309,573.0,148.0,0.0,44.27,27.13,4.76,0.0
20050806:1409,394.0,147.0,0.0,32.4,26.9,4.28,0.0
20050806:1509,241.0,111.0,0.0,20.42,27.03,4.0,0.0
20050806:1609,69.0,77.0,0.0,8.63,26.92,3.72,0.0
20050806:1709,0.0,0.0,0.0,0.0,26.06,2.9,0.0
20050806:1809,0.0,0.0,0.0,0.0,25.48,2.14,0.0
20050806:1909,0.0,0.0,0.0,0.0,25.08,2.34,0.0
20050806:2009,0.0,0.0,0.0,0.0,24.24,2.62,0.0
20050806:2109,0.0,0.0,0.0,0.0,24.02,2.69,0.0
20050806:2209,0.0,0.0,0.0,0.0,23.56,2.83,0.0
20050806:2309,0.0,0.0,0.0,0.0,23.53,2.48,0.0
20050807:0009,0.0,0.0,0.0,0.0,23.27,2.07,0.0
20050807:0109,0.0,0.0,0.0,0.0,23.29,2.07,0.0
20050807:0209,0.0,0.0,0.0,0.0,23.05,2.69,0.0
20050807:0309,0.0,0.0,0.0,0.0,22.72,3.17,0.0
20050807:0409,2.0,39.0,0.0,11.17,23.11,3.24,0.0
20050807:0509,145.0,106.0,0.0,23.04,23.29,2.97,0.0
20050807:0609,335.0,125.0,0.0,35.02,23.54,2.48,0.0
20050807:0709,454.0,172.0,0.0,46.79,23.92,2.34,0.0
20050807:0809,580.0,190.0,0.0,57.76,24.63,2.48,0.0
20050807:0909,692.0,186.0,0.0,66.45,24.47,3.1,0.0
20050807:1009,717.0,198.0,0.0,69.52,25.71,2.55,0.0
20050807:1109,715.0,188.0,0.0,64.77,25.78,3.1,0.0
20050807:1209,646.0,181.0,0.0,55.32,25.78,2.97,0.0
20050807:1309,593.0,134.0,0.0,44.08,26.06,2.41,0.0
20050807:1409,452.0,112.0,0.0,32.22,25.62,1.79,0.0
20050807:1509,266.0,97.0,0.0,20.24,25.57,1.38,0.0
20050807:1609,93.0,65.0,0.0,8.44,25.85,1.24,0.0
20050807:1709,0.0,0.0,0.0,0.0,25.61,1.52,0.0
20050807:1809,0.0,0.0,0.0,0.0,25.74,2.21,0.0
20050807:1909,0.0,0.0,0.0,0.0,25.27,2.48,0.0
20050807:2009,0.0,0.0,0.0,0.0,25.03,2.28,0.0
20050807:2109,0.0,0.0,0.0,0.0,25.07,2.0,0.0
20050807:2209,0.0,0.0,0.0,0.0,24.54,1.79,0.0
20050807:2309,0.0,0.0,0.0,0.0,24.51,1.72,0.0
20050808:0009,0.0,0.0,0.0,0.0,24.38,1.52,0.0
20050808:0109,0.0,0.0,0.0,0.0,24.37,1.38,0.0
20050808:0209,0.0,0.0,0.0,0.0,24.15,1.38,0.0
20050808:0309,0.0,0.0,0.0,0.0,24.54,1.66,0.0
20050808:0409,2.0,38.0,0.0,11.03,24.95,2.0,0.0
20050808:0509,179.0,91.0,0.0,22.9,26.51,1.93,0.0
20050808:0609,345.0,124.0,0.0,34.89,27.56,1.24,0.0
20050808:0709,519.0,139.0,0.0,46.65,28.31,0.34,0.0
20050808:0809,661.0,149.0,0.0,57.58,29.47,1.66,0.0
20050808:0909,748.0,160.0,0.0,66.22,29.31,3.45,0.0
20050808:1009,812.01,150.0,0.0,69.24,29.79,4.14,0.0
20050808:1109,773.0,160.0,0.0,64.52,29.82,4.76,0.0
20050808:1209,687.0,163.0,0.0,55.11,29.64,5.03,0.0
20050808:1309,641.0,113.0,0.0,43.89,29.6,4.69,0.0
20050808:1409,458.0,113.0,0.0,32.04,29.76,4.0,0.0
20050808:1509,275.0,94.0,0.0,20.06,29.65,3.1,0.0
20050808:1609,96.0,64.0,0.0,8.25,29.33,2.07,0.0
20050808:1709,0.0,0.0,0.0,0.0,28.35,1.17,0.0
20050808:1809,0.0,0.0,0.0,0.0,28.13,0.21,0.0
20050808:1909,0.0,0.0,0.0,0.0,27.39,1.03,0.0
20050808:2009,0.0,0.0,0.0,0.0,26.58,1.66,0.0
20050808:2109,0.0,0.0,0.0,0.0,26.55,1.79,0.0
20050808:2209,0.0,0.0,0.0,0.0,25.45,1.52,0.0
20050808:2309,0.0,0.0,0.0,0.0,25.48,1.17,0.0
20050809:0009,0.0,0.0,0.0,0.0,25.58,0.97,0.0
20050809:0109,0.0,0.0,0.0,0.0,25.65,1.24,0.0
20050809:0209,0.0,0.0,0.0,0.0,25.42,1.66,0.0
20050809:0309,0.0,0.0,0.0,0.0,25.52,1.79,0.0
20050809:0409,3.0,40.0,0.0,10.89,25.71,1.79,0.0
20050809:0509,161.0,99.0,0.0,22.77,27.22,1.38,0.0
20050809:0609,345.0,123.0,0.0,34.75,28.19,0.28,0.0
20050809:0709,485.0,159.0,0.0,46.5,28.79,0.9,0.0
20050809:0809,0.0,133.0,0.0,57.4,29.6,1.86,0.0
20050809:0909,760.0,153.0,0.0,65.98,29.33,2.76,0.0
20050809:1009,802.01,156.0,0.0,68.95,29.8,3.59,0.0
20050809:1109,795.01,149.0,0.0,64.26,30.11,4.28,0.0
20050809:1209,688.0,163.0,0.0,54.89,30.24,0.0,0.0
20050809:1309,599.0,136.0,0.0,43.7,30.19,0.0,0.0
20050809:1409,440.0,121.0,0.0,31.86,30.1,3.66,0.0
20050809:1509,247.0,105.0,0.0,19.88,29.83,2.83,0.0
20050809:1609,84.0,66.0,0.0,8.06,29.44,1.72,0.0
20050809:1709,0.0,0.0,0.0,0.0,27.66,0.55,0.0
20050809:1809,0.0,0.0,0.0,0.0,27.93,0.76,0.0
20050809:1909,0.0,0.0,0.0,0.0,27.43,1.38,0.0
20050809:2009,0.0,0.0,0.0,0.0,26.81,1.52,0.0
20050809:2109,0.0,0.0,0.0,0.0,26.9,1.31,0.0
20050809:2209,0.0,0.0,0.0,0.0,26.32,0.9,0.0
20050809:2309,0.0,0.0,0.0,0.0,26.25,1.31,0.0
20050810:0009,0.0,0.0,0.0,0.0,26.23,1.1,0.0
20050810:0109,0.0,0.0,0.0,0.0,26.23,1.17,0.0
20050810:0209,0.0,0.0,0.0,0.0,26.13,1.45,0.0
20050810:0309,0.0,0.0,0.0,0.0,26.3,1.86,0.0
20050810:0409,2.0,34.0,0.0,10.75,26.51,1.86,0.0
20050810:0509,126.0,114.0,0.0,22.64,27.54,1.31,0.0
20050810:0609,269.0,163.0,0.0,34.62,28.57,0.34,0.0
20050810:0709,348.0,233.0,0.0,46.35,28.92,1.31,0.0
20050810:0809,463.0,262.0,0.0,57.22,29.33,2.28,0.0
20050810:0909,589.0,252.0,0.0,65.74,28.78,3.03,0.0
20050810:1009,683.0,223.0,0.0,68.66,29.39,3.59,0.0
20050810:1109,763.01,161.0,0.0,64.0,29.45,4.21,0.0
20050810:1209,677.0,164.0,0.0,54.67,29.48,4.34,0.0
20050810:1309,556.0,153.0,0.0,43.5,29.55,4.07,0.0
20050810:1409,431.0,121.0,0.0,31.67,29.26,3.72,0.0
20050810:1509,239.0,106.0,0.0,19.68,28.74,3.38,0.0
20050810:1609,77.0,67.0,0.0,7.86,28.63,2.69,0.0
20050810:1709,0.0,0.0,0.0,0.0,27.62,1.66,0.0
20050810:1809,0.0,0.0,0.0,0.0,27.52,0.69,0.0
20050810:1909,0.0,0.0,0.0,0.0,27.41,0.55,0.0
20050810:2009,0.0,0.0,0.0,0.0,26.89,0.55,0.0
20050810:2109,0.0,0.0,0.0,0.0,26.65,0.83,0.0
20050810:2209,0.0,0.0,0.0,0.0,26.24,1.03,0.0
20050810:2309,0.0,0.0,0.0,0.0,26.6,2.07,0.0
20050811:0009,0.0,0.0,0.0,0.0,27.1,2.55,0.0
20050811:0109,0.0,0.0,0.0,0.0,27.6,2.83,0.0
20050811:0209,0.0,0.0,0.0,0.0,27.94,3.31,0.0
20050811:0309,0.0,0.0,0.0,0.0,28.31,3.79,0.0
20050811:0409,4.0,39.0,0.0,10.61,28.32,4.41,0.0
20050811:0509,139.0,107.0,0.0,22.51,29.47,4.76,0.0
20050811:0609,332.0,126.0,0.0,34.48,30.36,4.69,0.0
20050811:0709,511.0,139.0,0.0,46.2,30.86,4.28,0.0
20050811:0809,633.0,160.0,0.0,57.04,31.98,3.38,0.0
20050811:0909,750.01,154.0,0.0,65.49,31.84,1.93,0.0
20050811:1009,739.01,188.0,0.0,68.36,32.51,0.97,0.0
20050811:1109,737.0,177.0,0.0,63.73,32.26,2.28,0.0
20050811:1209,677.0,164.0,0.0,54.44,32.0,3.66,0.0
20050811:1309,525.0,172.0,0.0,43.3,31.67,4.48,0.0
20050811:1409,413.0,129.0,0.0,31.47,31.41,4.69,0.0
20050811:1509,235.0,107.0,0.0,19.49,31.34,4.14,0.0
20050811:1609,73.0,67.0,0.0,7.66,30.59,2.69,0.0
20050811:1709,0.0,0.0,0.0,0.0,30.76,0.97,0.0
20050811:1809,0.0,0.0,0.0,0.0,28.71,0.76,0.0
20050811:1909,0.0,0.0,0.0,0.0,28.55,1.93,0.0
20050811:2009,0.0,0.0,0.0,0.0,28.0,1.79,0.0
20050811:2109,0.0,0.0,0.0,0.0,27.77,2.0,0.0
20050811:2209,0.0,0.0,0.0,0.0,27.69,2.28,0.0
20050811:2309,0.0,0.0,0.0,0.0,27.96,2.55,0.0
20050812:0009,0.0,0.0,0.0,0.0,28.41,3.03,0.0
20050812:0109,0.0,0.0,0.0,0.0,28.75,3.38,0.0
20050812:0209,0.0,0.0,0.0,0.0,28.66,3.66,0.0
20050812:0309,0.0,0.0,0.0,0.0,28.87,4.0,0.0
20050812:0409,2.0,34.0,0.0,10.47,28.87,4.34,0.0
20050812:0509,151.0,99.0,0.0,22.37,29.75,4.55,0.0
20050812:0609,330.0,126.0,0.0,34.35,30.69,4.28,0.0
20050812:0709,494.0,147.0,0.0,46.05,31.23,4.0,0.0
20050812:0809,632.0,159.0,0.0,56.85,32.38,3.31,0.0
20050812:0909,748.01,154.0,0.0,65.24,32.04,1.79,0.0
20050812:1009,801.01,150.0,0.0,68.07,32.77,1.1,0.0
20050812:1109,762.01,160.0,0.0,63.45,32.02,2.21,0.0
20050812:1209,725.0,136.0,0.0,54.21,32.08,3.38,0.0
20050812:1309,563.0,147.0,0.0,43.09,32.0,4.41,0.0
20050812:1409,405.0,131.0,0.0,31.27,31.74,4.55,0.0
20050812:1509,232.0,106.0,0.0,19.29,31.5,4.14,0.0
20050812:1609,70.0,66.0,0.0,7.45,30.9,2.9,0.0
20050812:1709,0.0,0.0,0.0,0.0,31.24,1.1,0.0
20050812:1809,0.0,0.0,0.0,0.0,28.77,0.83,0.0
20050812:1909,0.0,0.0,0.0,0.0,28.52,1.79,0.0
20050812:2009,0.0,0.0,0.0,0.0,28.13,1.79,0.0
20050812:2109,0.0,0.0,0.0,0.0,28.0,1.93,0.0
20050812:2209,0.0,0.0,0.0,0.0,27.89,1.93,0.0
20050812:2309,0.0,0.0,0.0,0.0,28.11,2.62,0.0
20050813:0009,0.0,0.0,0.0,0.0,28.6,3.38,0.0
20050813:0109,0.0,0.0,0.0,0.0,28.96,3.86,0.0
20050813:0209,0.0,0.0,0.0,0.0,29.11,4.41,0.0
20050813:0309,0.0,0.0,0.0,0.0,29.14,4.9,0.0
20050813:0409,2.0,33.0,0.0,10.33,28.99,5.17,0.0
20050813:0509,150.0,100.0,0.0,22.24,29.86,5.24,0.0
20050813:0609,349.0,117.0,0.0,34.21,30.76,4.97,0.0
20050813:0709,515.0,137.0,0.0,45.9,31.39,4.69,0.0
20050813:0809,649.0,152.0,0.0,56.66,32.84,4.41,0.0
20050813:0909,755.01,153.0,0.0,64.98,32.68,3.59,0.0
20050813:1009,841.01,132.0,0.0,67.76,34.04,2.62,0.0
20050813:1109,855.01,114.0,0.0,63.17,33.63,1.24,0.0
20050813:1209,751.0,125.0,0.0,53.97,33.45,1.79,0.0
20050813:1309,638.0,110.0,0.0,42.87,32.87,3.52,0.0
20050813:1409,458.0,106.0,0.0,31.07,32.55,4.21,0.0
20050813:1509,257.0,95.0,0.0,19.08,32.15,3.93,0.0
20050813:1609,79.0,62.0,0.0,7.24,31.67,3.03,0.0
20050813:1709,0.0,0.0,0.0,0.0,30.48,1.66,0.0
20050813:1809,0.0,0.0,0.0,0.0,29.91,0.9,0.0
20050813:1909,0.0,0.0,0.0,0.0,29.38,1.93,0.0
20050813:2009,0.0,0.0,0.0,0.0,28.49,2.21,0.0
20050813:2109,0.0,0.0,0.0,0.0,28.67,2.48,0.0
20050813:2209,0.0,0.0,0.0,0.0,28.53,2.97,0.0
20050813:2309,0.0,0.0,0.0,0.0,28.94,3.79,0.0
20050814:0009,0.0,0.0,0.0,0.0,29.26,4.07,0.0
20050814:0109,0.0,0.0,0.0,0.0,29.4,4.21,0.0
20050814:0209,0.0,0.0,0.0,0.0,29.15,4.28,0.0
20050814:0309,0.0,0.0,0.0,0.0,29.03,4.28,0.0
20050814:0409,5.0,36.0,0.0,10.19,28.79,4.28,0.0
20050814:0509,165.0,91.0,0.0,22.11,29.91,4.21,0.0
20050814:0609,349.0,117.0,0.0,34.07,30.4,3.59,0.0
20050814:0709,544.0,123.0,0.0,45.74,30.73,2.76,0.0
20050814:0809,686.0,133.0,0.0,56.47,32.44,1.72,0.0
20050814:0909,799.01,130.0,0.0,64.73,31.76,0.83,0.0
20050814:1009,866.01,118.0,0.0,67.45,33.33,2.41,0.0
20050814:1109,864.01,109.0,0.0,62.89,32.56,4.41,0.0
20050814:1209,779.0,109.0,0.0,53.73,31.93,5.17,0.0
20050814:1309,600.0,129.0,0.0,42.65,31.63,4.76,0.0
20050814:1409,419.0,124.0,0.0,30.86,31.22,3.86,0.0
20050814:1509,148.0,148.0,0.0,18.87,30.83,2.9,0.0
20050814:1609,64.0,66.0,0.0,7.02,30.2,1.93,0.0
20050814:1709,0.0,0.0,0.0,0.0,28.51,1.45,0.0
20050814:1809,0.0,0.0,0.0,0.0,28.31,1.59,0.0
20050814:1909,0.0,0.0,0.0,0.0,28.05,1.66,0.0
20050814:2009,0.0,0.0,0.0,0.0,27.07,1.66,0.0
20050814:2109,0.0,0.0,0.0,0.0,27.19,1.66,0.0
20050814:2209,0.0,0.0,0.0,0.0,26.34,1.66,0.0
20050814:2309,0.0,0.0,0.0,0.0,26.45,1.86,0.0
20050815:0009,0.0,0.0,0.0,0.0,26.49,1.79,0.0
20050815:0109,0.0,0.0,0.0,0.0,26.5,1.45,0.0
20050815:0209,0.0,0.0,0.0,0.0,26.12,1.38,0.0
20050815:0309,0.0,0.0,0.0,0.0,26.22,1.38,0.0
20050815:0409,2.0,33.0,0.0,10.05,26.49,1.45,0.0
20050815:0509,143.0,100.0,0.0,21.97,28.11,1.03,0.0
20050815:0609,310.0,136.0,0.0,33.93,28.54,0.76,0.0
20050815:0709,448.0,174.0,0.0,45.59,28.28,1.66,0.0
20050815:0809,632.0,159.0,0.0,56.27,29.02,2.41,0.0
20050815:0909,770.01,142.0,0.0,64.47,28.77,3.03,0.0
20050815:1009,857.01,120.0,0.0,67.14,29.22,3.17,0.0
20050815:1109,772.01,155.0,0.0,62.6,29.17,3.72,0.0
20050815:1209,705.0,145.0,0.0,53.48,29.1,4.0,0.0
20050815:1309,576.0,138.0,0.0,42.43,29.12,3.93,0.0
20050815:1409,394.0,134.0,0.0,30.64,28.97,3.45,0.0
20050815:1509,219.0,108.0,0.0,18.66,28.82,2.69,0.0
20050815:1609,69.0,62.0,0.0,6.8,28.67,1.72,0.0
20050815:1709,0.0,0.0,0.0,0.0,28.05,0.9,0.0
20050815:1809,0.0,0.0,0.0,0.0,27.75,0.14,0.0
20050815:1909,0.0,0.0,0.0,0.0,27.49,0.62,0.0
20050815:2009,0.0,0.0,0.0,0.0,26.43,1.17,0.0
20050815:2109,0.0,0.0,0.0,0.0,26.46,1.31,0.0
20050815:2209,0.0,0.0,0.0,0.0,25.96,1.24,0.0
20050815:2309,0.0,0.0,0.0,0.0,25.81,1.45,0.0
20050816:0009,0.0,0.0,0.0,0.0,25.89,1.52,0.0
20050816:0109,0.0,0.0,0.0,0.0,25.94,1.45,0.0
20050816:0209,0.0,0.0,0.0,0.0,25.53,1.52,0.0
20050816:0309,0.0,0.0,0.0,0.0,25.63,1.59,0.0
20050816:0409,4.0,34.0,0.0,9.91,25.78,1.72,0.0
20050816:0509,116.0,114.0,0.0,21.83,27.28,1.66,0.0
20050816:0609,295.0,147.0,0.0,33.79,28.19,1.1,0.0
20050816:0709,457.0,173.0,0.0,45.43,28.38,0.97,0.0
20050816:0809,573.0,201.0,0.0,56.07,29.25,1.72,0.0
20050816:0909,698.01,191.0,0.0,64.2,28.84,2.69,0.0
20050816:1009,793.01,160.0,0.0,66.83,29.32,3.38,0.0
20050816:1109,785.01,153.0,0.0,62.3,29.14,3.86,0.0
20050816:1209,673.0,169.0,0.0,53.22,29.2,3.93,0.0
20050816:1309,539.0,164.0,0.0,42.19,29.31,3.72,0.0
20050816:1409,419.0,123.0,0.0,30.42,29.03,3.31,0.0
20050816:1509,235.0,101.0,0.0,18.44,28.89,2.69,0.0
20050816:1609,70.0,60.0,0.0,6.57,28.73,2.07,0.0
20050816:1709,0.0,0.0,0.0,0.0,28.21,1.03,0.0
20050816:1809,0.0,0.0,0.0,0.0,27.79,0.07,0.0
20050816:1909,0.0,0.0,0.0,0.0,27.34,1.03,0.0
20050816:2009,0.0,0.0,0.0,0.0,26.08,1.59,0.0
20050816:2109,0.0,0.0,0.0,0.0,26.06,1.59,0.0
20050816:2209,0.0,0.0,0.0,0.0,25.28,1.38,0.0
20050816:2309,0.0,0.0,0.0,0.0,25.21,1.45,0.0
20050817:0009,0.0,0.0,0.0,0.0,25.18,1.38,0.0
20050817:0109,0.0,0.0,0.0,0.0,25.2,1.24,0.0
20050817:0209,0.0,0.0,0.0,0.0,24.87,1.03,0.0
20050817:0309,0.0,0.0,0.0,0.0,24.9,1.1,0.0
20050817:0409,3.0,33.0,0.0,9.76,25.26,1.24,0.0
20050817:0509,145.0,99.0,0.0,21.7,26.75,1.03,0.0
20050817:0609,311.0,138.0,0.0,33.65,27.44,0.41,0.0
20050817:0709,385.0,215.0,0.0,45.27,27.62,1.03,0.0
20050817:0809,656.0,151.0,0.0,55.87,28.56,1.86,0.0
20050817:0909,727.01,173.0,0.0,63.93,28.25,2.76,0.0
20050817:1009,873.01,117.0,0.0,66.51,28.43,3.38,0.0
20050817:1109,819.01,135.0,0.0,62.0,28.57,3.93,0.0
20050817:1209,747.01,127.0,0.0,52.96,28.73,4.0,0.0
20050817:1309,561.0,150.0,0.0,41.96,28.8,4.0,0.0
20050817:1409,393.0,136.0,0.0,30.2,28.6,3.66,0.0
20050817:1509,214.0,111.0,0.0,18.22,28.45,2.97,0.0
20050817:1609,66.0,60.0,0.0,6.34,28.27,2.21,0.0
20050817:1709,0.0,0.0,0.0,0.0,27.06,1.24,0.0
20050817:1809,0.0,0.0,0.0,0.0,26.86,0.83,0.0
20050817:1909,0.0,0.0,0.0,0.0,26.29,1.1,0.0
20050817:2009,0.0,0.0,0.0,0.0,25.06,1.66,0.0
20050817:2109,0.0,0.0,0.0,0.0,24.89,2.0,0.0
20050817:2209,0.0,0.0,0.0,0.0,24.02,2.14,0.0
20050817:2309,0.0,0.0,0.0,0.0,23.85,2.07,0.0
20050818:0009,0.0,0.0,0.0,0.0,23.87,1.59,0.0
20050818:0109,0.0,0.0,0.0,0.0,23.76,1.1,0.0
20050818:0209,0.0,0.0,0.0,0.0,23.42,0.69,0.0
20050818:0309,0.0,0.0,0.0,0.0,23.61,0.41,0.0
20050818:0409,3.0,30.0,0.0,9.62,24.04,0.34,0.0
20050818:0509,145.0,95.0,0.0,21.56,25.48,0.07,0.0
20050818:0609,359.0,106.0,0.0,33.51,25.68,0.9,0.0
20050818:0709,555.0,110.0,0.0,45.11,25.68,1.79,0.0
20050818:0809,713.01,111.0,0.0,55.67,26.9,2.55,0.0
20050818:0909,820.01,111.0,0.0,63.66,27.06,3.38,0.0
20050818:1009,866.01,110.0,0.0,66.18,27.93,4.0,0.0
20050818:1109,844.01,111.0,0.0,61.7,28.06,4.55,0.0
20050818:1209,742.01,120.0,0.0,52.7,28.08,4.83,0.0
20050818:1309,510.0,170.0,0.0,41.72,28.14,4.76,0.0
20050818:1409,395.0,127.0,0.0,29.97,28.14,4.21,0.0
20050818:1509,217.0,102.0,0.0,17.99,27.95,3.45,0.0
20050818:1609,56.0,60.0,0.0,6.11,27.81,2.48,0.0
20050818:1709,0.0,0.0,0.0,0.0,26.76,1.52,0.0
20050818:1809,0.0,0.0,0.0,0.0,26.66,0.97,0.0
20050818:1909,0.0,0.0,0.0,0.0,26.39,0.97,0.0
20050818:2009,0.0,0.0,0.0,0.0,25.47,1.1,0.0
20050818:2109,0.0,0.0,0.0,0.0,25.22,1.31,0.0
20050818:2209,0.0,0.0,0.0,0.0,24.26,1.72,0.0
20050818:2309,0.0,0.0,0.0,0.0,24.26,1.59,0.0
20050819:0009,0.0,0.0,0.0,0.0,24.24,1.24,0.0
20050819:0109,0.0,0.0,0.0,0.0,24.41,0.9,0.0
20050819:0209,0.0,0.0,0.0,0.0,24.41,0.62,0.0
20050819:0309,0.0,0.0,0.0,0.0,24.74,0.83,0.0
20050819:0409,2.0,28.0,0.0,9.48,25.14,1.03,0.0
20050819:0509,140.0,95.0,0.0,21.42,26.37,1.17,0.0
20050819:0609,337.0,114.0,0.0,33.37,27.07,0.97,0.0
20050819:0709,534.0,117.0,0.0,44.94,27.34,1.03,0.0
20050819:0809,686.0,122.0,0.0,55.46,28.27,1.86,0.0
20050819:0909,780.01,128.0,0.0,63.39,28.25,3.17,0.0
20050819:1009,781.01,151.0,0.0,65.86,29.48,3.79,0.0
20050819:1109,814.01,122.0,0.0,61.39,29.72,4.69,0.0
20050819:1209,674.0,151.0,0.0,52.43,29.74,5.17,0.0
20050819:1309,520.0,158.0,0.0,41.47,29.66,5.31,0.0
20050819:1409,367.0,138.0,0.0,29.73,29.48,4.76,0.0
20050819:1509,206.0,104.0,0.0,17.76,29.18,3.79,0.0
20050819:1609,60.0,56.0,0.0,5.87,29.05,2.41,0.0
20050819:1709,0.0,0.0,0.0,0.0,27.73,1.24,0.0
20050819:1809,0.0,0.0,0.0,0.0,27.51,1.79,0.0
20050819:1909,0.0,0.0,0.0,0.0,26.89,2.07,0.0
20050819:2009,0.0,0.0,0.0,0.0,26.07,2.0,0.0
20050819:2109,0.0,0.0,0.0,0.0,26.18,1.79,0.0
20050819:2209,0.0,0.0,0.0,0.0,25.92,0.97,0.0
20050819:2309,0.0,0.0,0.0,0.0,26.04,0.9,0.0
20050820:0009,0.0,0.0,0.0,0.0,26.15,1.1,0.0
20050820:0109,0.0,0.0,0.0,0.0,26.32,1.24,0.0
20050820:0209,0.0,0.0,0.0,0.0,26.3,1.31,0.0
20050820:0309,0.0,0.0,0.0,0.0,26.35,1.31,0.0
20050820:0409,1.0,24.0,0.0,9.33,26.29,1.38,0.0
20050820:0509,78.0,121.0,0.0,21.28,27.28,1.24,0.0
20050820:0609,271.0,149.0,0.0,33.22,28.73,0.97,0.0
20050820:0709,444.0,167.0,0.0,44.78,29.37,1.1,0.0
20050820:0809,560.0,194.0,0.0,55.25,30.07,1.59,0.0
20050820:0909,697.01,175.0,0.0,63.11,29.73,2.48,0.0
20050820:1009,722.01,187.0,0.0,65.53,29.34,3.52,0.0
20050820:1109,703.01,185.0,0.0,61.08,29.37,4.34,0.0
20050820:1209,655.0,162.0,0.0,52.15,29.5,4.83,0.0
20050820:1309,521.0,158.0,0.0,41.23,29.42,4.55,0.0
20050820:1409,380.0,130.0,0.0,29.5,29.11,3.93,0.0
20050820:1509,201.0,106.0,0.0,17.52,28.86,3.17,0.0
20050820:1609,57.0,31.05,0.0,5.63,28.57,1.86,0.0
20050820:1709,0.0,0.0,0.0,0.0,27.75,0.62,0.0
20050820:1809,0.0,0.0,0.0,0.0,27.56,1.17,0.0
20050820:1909,0.0,0.0,0.0,0.0,27.53,1.03,0.0
20050820:2009,0.0,0.0,0.0,0.0,26.47,1.17,0.0
20050820:2109,0.0,0.0,0.0,0.0,26.71,1.52,0.0
20050820:2209,0.0,0.0,0.0,0.0,26.54,1.52,0.0
20050820:2309,0.0,0.0,0.0,0.0,27.24,2.55,0.0
20050821:0009,0.0,0.0,0.0,0.0,28.25,3.93,0.0
20050821:0109,0.0,0.0,0.0,0.0,28.88,4.97,0.0
20050821:0209,0.0,0.0,0.0,0.0,28.45,5.59,0.0
20050821:0309,0.0,0.0,0.0,0.0,28.22,5.86,0.0
20050821:0409,5.0,30.0,0.0,9.19,27.85,5.79,0.0
20050821:0509,166.0,82.0,0.0,21.14,28.44,5.79,0.0
20050821:0609,324.0,120.0,0.0,33.08,29.23,6.14,0.0
20050821:0709,520.0,126.0,0.0,44.61,29.96,6.21,0.0
20050821:0809,588.0,180.0,0.0,55.04,31.61,5.38,0.0
20050821:0909,690.01,183.0,0.0,62.83,31.92,4.41,0.0
20050821:1009,728.01,186.0,0.0,65.19,32.42,3.45,0.0
20050821:1109,682.01,202.0,0.0,60.76,32.31,2.0,0.0
20050821:1209,611.0,192.0,0.0,51.87,32.13,0.69,0.0
20050821:1309,476.0,187.0,0.0,40.97,32.05,1.93,0.0
20050821:1409,356.0,144.0,0.0,29.25,31.71,2.9,0.0
20050821:1509,198.0,107.0,0.0,17.28,31.44,3.1,0.0
20050821:1609,55.0,30.29,0.0,5.38,31.03,3.1,0.0
20050821:1709,0.0,0.0,0.0,0.0,31.03,3.38,0.0
20050821:1809,0.0,0.0,0.0,0.0,30.6,3.24,0.0
20050821:1909,0.0,0.0,0.0,0.0,30.11,3.52,0.0
20050821:2009,0.0,0.0,0.0,0.0,29.47,3.66,0.0
20050821:2109,0.0,0.0,0.0,0.0,29.3,4.0,0.0
20050821:2209,0.0,0.0,0.0,0.0,28.67,4.07,0.0
20050821:2309,0.0,0.0,0.0,0.0,28.48,4.34,0.0
20050822:0009,0.0,0.0,0.0,0.0,28.31,4.41,0.0
20050822:0109,0.0,0.0,0.0,0.0,28.0,4.48,0.0
20050822:0209,0.0,0.0,0.0,0.0,27.71,4.41,0.0
20050822:0309,0.0,0.0,0.0,0.0,27.49,4.34,0.0
20050822:0409,6.0,30.0,0.0,9.04,27.29,4.34,0.0
20050822:0509,167.0,80.0,0.0,21.0,28.19,4.14,0.0
20050822:0609,345.0,108.0,0.0,32.93,29.23,3.79,0.0
20050822:0709,499.0,133.0,0.0,44.44,29.72,3.31,0.0
20050822:0809,603.0,166.0,0.0,54.83,31.09,2.69,0.0
20050822:0909,708.01,166.0,0.0,62.54,30.98,2.07,0.0
20050822:1009,705.01,196.0,0.0,64.86,31.06,2.0,0.0
20050822:1109,674.01,201.0,0.0,60.44,30.48,3.45,0.0
20050822:1209,627.0,177.0,0.0,51.59,30.13,4.48,0.0
20050822:1309,453.0,195.0,0.0,40.71,30.07,4.9,0.0
20050822:1409,348.0,144.0,0.0,29.01,29.96,4.41,0.0
20050822:1509,188.0,108.0,0.0,17.04,29.9,3.45,0.0
20050822:1609,48.0,32.91,0.0,5.13,29.64,2.07,0.0
20050822:1709,0.0,0.0,0.0,0.0,28.07,0.55,0.0
20050822:1809,0.0,0.0,0.0,0.0,27.68,1.03,0.0
20050822:1909,0.0,0.0,0.0,0.0,27.53,1.72,0.0
20050822:2009,0.0,0.0,0.0,0.0,26.67,1.86,0.0
20050822:2109,0.0,0.0,0.0,0.0,26.67,1.72,0.0
20050822:2209,0.0,0.0,0.0,0.0,26.2,2.28,0.0
20050822:2309,0.0,0.0,0.0,0.0,26.19,1.86,0.0
20050823:0009,0.0,0.0,0.0,0.0,26.15,1.66,0.0
20050823:0109,0.0,0.0,0.0,0.0,26.11,2.0,0.0
20050823:0209,0.0,0.0,0.0,0.0,25.85,2.21,0.0
20050823:0309,0.0,0.0,0.0,0.0,25.96,2.34,0.0
20050823:0409,3.0,27.0,0.0,8.9,26.16,2.34,0.0
20050823:0509,151.0,84.0,0.0,20.86,27.41,1.93,0.0
20050823:0609,323.0,115.0,0.0,32.78,28.81,0.83,0.0
20050823:0709,489.0,135.0,0.0,44.27,29.27,0.69,0.0
20050823:0809,615.0,153.0,0.0,54.61,29.92,2.28,0.0
20050823:0909,671.01,183.0,0.0,62.26,29.33,3.52,0.0
20050823:1009,722.01,178.0,0.0,64.52,30.03,3.93,0.0
20050823:1109,728.01,161.0,0.0,60.11,29.9,4.34,0.0
20050823:1209,581.0,199.0,0.0,51.3,29.63,4.34,0.0
20050823:1309,453.0,189.0,0.0,40.45,29.38,4.14,0.0
20050823:1409,315.0,158.0,0.0,28.76,28.79,3.66,0.0
20050823:1509,181.0,108.0,0.0,16.79,28.43,2.83,0.0
20050823:1609,50.0,29.13,0.0,4.88,28.01,1.79,0.0
20050823:1709,0.0,0.0,0.0,0.0,27.14,0.62,0.0
20050823:1809,0.0,0.0,0.0,0.0,27.12,1.03,0.0
20050823:1909,0.0,0.0,0.0,0.0,26.79,1.86,0.0
20050823:2009,0.0,0.0,0.0,0.0,26.29,2.07,0.0
20050823:2109,0.0,0.0,0.0,0.0,26.51,2.0,0.0
20050823:2209,0.0,0.0,0.0,0.0,25.99,1.59,0.0
20050823:2309,0.0,0.0,0.0,0.0,26.02,1.52,0.0
20050824:0009,0.0,0.0,0.0,0.0,25.95,1.17,0.0
20050824:0109,0.0,0.0,0.0,0.0,25.97,0.9,0.0
20050824:0209,0.0,0.0,0.0,0.0,25.58,0.9,0.0
20050824:0309,0.0,0.0,0.0,0.0,25.63,0.76,0.0
20050824:0409,1.0,20.0,0.0,8.75,25.78,0.48,0.0
20050824:0509,77.0,115.0,0.0,20.72,27.12,0.28,0.0
20050824:0609,187.0,185.0,0.0,32.63,27.23,0.97,0.0
20050824:0709,415.0,177.0,0.0,44.1,27.03,1.45,0.0
20050824:0809,569.0,180.0,0.0,54.39,27.72,2.0,0.0
20050824:0909,696.01,166.0,0.0,61.97,27.56,2.9,0.0
20050824:1009,720.01,178.0,0.0,64.17,28.11,3.66,0.0
20050824:1109,661.01,201.0,0.0,59.78,28.12,4.07,0.0
20050824:1209,559.0,210.0,0.0,51.0,28.42,4.14,0.0
20050824:1309,494.0,162.0,0.0,40.18,28.52,3.93,0.0
20050824:1409,330.0,147.0,0.0,28.5,28.09,3.52,0.0
20050824:1509,189.0,101.0,0.0,16.54,27.89,2.9,0.0
20050824:1609,46.0,29.22,0.0,4.62,27.62,2.0,0.0
20050824:1709,0.0,0.0,0.0,0.0,26.52,1.52,0.0
20050824:1809,0.0,0.0,0.0,0.0,26.19,1.79,0.0
20050824:1909,0.0,0.0,0.0,0.0,26.31,2.0,0.0
20050824:2009,0.0,0.0,0.0,0.0,25.77,2.14,0.0
20050824:2109,0.0,0.0,0.0,0.0,25.61,2.34,0.0
20050824:2209,0.0,0.0,0.0,0.0,24.96,2.28,0.0
20050824:2309,0.0,0.0,0.0,0.0,24.83,1.86,0.0
20050825:0009,0.0,0.0,0.0,0.0,24.77,1.66,0.0
20050825:0109,0.0,0.0,0.0,0.0,24.7,1.52,0.0
20050825:0209,0.0,0.0,0.0,0.0,24.56,1.66,0.0
20050825:0309,0.0,0.0,0.0,0.0,24.53,1.66,0.0
20050825:0409,1.0,22.0,0.0,8.61,24.33,1.72,0.0
20050825:0509,85.0,111.0,0.0,20.58,25.01,1.38,0.0
20050825:0609,256.0,149.0,0.0,32.48,25.2,0.9,0.0
20050825:0709,415.0,176.0,0.0,43.92,25.46,0.76,0.0
20050825:0809,547.0,193.0,0.0,54.17,26.56,2.0,0.0
20050825:0909,644.01,198.0,0.0,61.67,26.68,3.59,0.0
20050825:1009,693.01,194.0,0.0,63.82,27.74,4.28,0.0
20050825:1109,647.01,209.0,0.0,59.45,27.94,4.97,0.0
20050825:1209,578.0,198.0,0.0,50.71,28.09,4.97,0.0
20050825:1309,449.0,188.0,0.0,39.91,28.07,4.41,0.0
20050825:1409,305.0,159.0,0.0,28.25,27.8,3.79,0.0
20050825:1509,183.0,102.0,0.0,16.28,27.67,3.17,0.0
20050825:1609,43.0,28.28,0.0,4.36,27.34,2.41,0.0
20050825:1709,0.0,0.0,0.0,0.0,26.06,1.52,0.0
20050825:1809,0.0,0.0,0.0,0.0,26.08,1.38,0.0
20050825:1909,0.0,0.0,0.0,0.0,25.88,1.72,0.0
20050825:2009,0.0,0.0,0.0,0.0,25.02,1.93,0.0
20050825:2109,0.0,0.0,0.0,0.0,24.81,1.86,0.0
20050825:2209,0.0,0.0,0.0,0.0,24.66,1.79,0.0
20050825:2309,0.0,0.0,0.0,0.0,24.55,1.45,0.0
20050826:0009,0.0,0.0,0.0,0.0,24.47,1.59,0.0
20050826:0109,0.0,0.0,0.0,0.0,24.49,1.52,0.0
20050826:0209,0.0,0.0,0.0,0.0,24.35,1.1,0.0
20050826:0309,0.0,0.0,0.0,0.0,24.39,0.62,0.0
20050826:0409,2.0,23.0,0.0,8.46,24.17,0.62,0.0
20050826:0509,13.0,112.0,0.0,20.44,25.34,0.48,0.0
20050826:0609,170.0,191.0,0.0,32.33,25.57,0.34,0.0
20050826:0709,54.0,300.0,0.0,43.75,25.64,1.31,0.0
20050826:0809,295.0,328.0,0.0,53.94,26.67,2.41,0.0
20050826:0909,564.0,246.0,0.0,61.37,26.71,3.38,0.0
20050826:1009,665.01,211.0,0.0,63.47,27.59,3.86,0.0
20050826:1109,634.01,216.0,0.0,59.11,27.67,4.55,0.0
20050826:1209,557.0,209.0,0.0,50.4,27.72,4.69,0.0
20050826:1309,422.0,202.0,0.0,39.64,27.53,4.28,0.0
20050826:1409,319.0,150.0,0.0,27.98,27.13,3.59,0.0
20050826:1509,161.0,111.0,0.0,16.02,27.12,2.97,0.0
20050826:1609,9.0,46.2,0.0,4.1,26.9,2.07,0.0
20050826:1709,0.0,0.0,0.0,0.0,25.8,1.31,0.0
20050826:1809,0.0,0.0,0.0,0.0,25.88,0.9,0.0
20050826:1909,0.0,0.0,0.0,0.0,25.69,0.83,0.0
20050826:2009,0.0,0.0,0.0,0.0,25.03,0.83,0.0
20050826:2109,0.0,0.0,0.0,0.0,24.88,0.97,0.0
20050826:2209,0.0,0.0,0.0,0.0,24.55,1.45,0.0
20050826:2309,0.0,0.0,0.0,0.0,24.49,1.38,0.0
20050827:0009,0.0,0.0,0.0,0.0,24.44,1.31,0.0
20050827:0109,0.0,0.0,0.0,0.0,24.34,0.97,0.0
20050827:0209,0.0,0.0,0.0,0.0,24.19,0.69,0.0
20050827:0309,0.0,0.0,0.0,0.0,24.16,1.1,0.0
20050827:0409,1.0,18.0,0.0,8.32,23.71,1.24,0.0
20050827:0509,150.0,80.0,0.0,20.29,24.3,1.59,0.0
20050827:0609,230.0,159.0,0.0,32.18,24.85,1.17,0.0
20050827:0709,431.0,161.0,0.0,43.57,25.07,0.41,0.0
20050827:0809,676.01,115.0,0.0,53.72,25.74,1.38,0.0
20050827:0909,633.01,199.0,0.0,61.07,25.78,3.17,0.0
20050827:1009,655.01,211.0,0.0,63.12,26.06,4.41,0.0
20050827:1109,603.01,228.0,0.0,58.77,26.08,4.34,0.0
20050827:1209,577.0,191.0,0.0,50.1,26.0,3.72,0.0
20050827:1309,429.0,192.0,0.0,39.36,26.01,2.83,0.0
20050827:1409,289.0,161.0,0.0,27.72,26.24,2.28,0.0
20050827:1509,166.0,105.0,0.0,15.76,26.08,2.28,0.0
20050827:1609,32.0,31.46,0.0,3.83,25.89,1.93,0.0
20050827:1709,0.0,0.0,0.0,0.0,25.16,1.17,0.0
20050827:1809,0.0,0.0,0.0,0.0,25.38,0.69,0.0
20050827:1909,0.0,0.0,0.0,0.0,26.17,0.9,0.0
20050827:2009,0.0,0.0,0.0,0.0,25.98,0.62,0.0
20050827:2109,0.0,0.0,0.0,0.0,25.78,0.55,0.0
20050827:2209,0.0,0.0,0.0,0.0,25.15,1.1,0.0
20050827:2309,0.0,0.0,0.0,0.0,25.23,2.21,0.0
20050828:0009,0.0,0.0,0.0,0.0,25.52,2.55,0.0
20050828:0109,0.0,0.0,0.0,0.0,25.7,2.34,0.0
20050828:0209,0.0,0.0,0.0,0.0,25.79,2.62,0.0
20050828:0309,0.0,0.0,0.0,0.0,25.94,3.17,0.0
20050828:0409,4.0,24.0,0.0,8.17,25.93,3.59,0.0
20050828:0509,137.0,84.0,0.0,20.15,26.85,3.86,0.0
20050828:0609,311.0,115.0,0.0,32.02,28.01,3.86,0.0
20050828:0709,501.0,124.0,0.0,43.39,28.78,3.66,0.0
20050828:0809,597.01,158.0,0.0,53.49,30.12,3.17,0.0
20050828:0909,650.01,190.0,0.0,60.77,29.98,2.28,0.0
20050828:1009,686.01,194.0,0.0,62.76,31.39,1.52,0.0
20050828:1109,666.01,191.0,0.0,58.42,31.24,2.07,0.0
20050828:1209,558.0,204.0,0.0,49.79,30.81,3.52,0.0
20050828:1309,407.0,205.0,0.0,39.07,30.66,4.69,0.0
20050828:1409,301.0,154.0,0.0,27.45,30.29,5.03,0.0
20050828:1509,163.0,105.0,0.0,15.49,30.19,4.41,0.0
20050828:1609,38.0,24.43,0.0,3.56,29.9,2.97,0.0
20050828:1709,0.0,0.0,0.0,0.0,28.47,1.17,0.0
20050828:1809,0.0,0.0,0.0,0.0,27.85,0.76,0.0
20050828:1909,0.0,0.0,0.0,0.0,27.68,1.86,0.0
20050828:2009,0.0,0.0,0.0,0.0,26.94,2.07,0.0
20050828:2109,0.0,0.0,0.0,0.0,26.8,2.21,0.0
20050828:2209,0.0,0.0,0.0,0.0,26.68,2.34,0.0
20050828:2309,0.0,0.0,0.0,0.0,26.75,2.69,0.0
20050829:0009,0.0,0.0,0.0,0.0,26.82,3.03,0.0
20050829:0109,0.0,0.0,0.0,0.0,27.17,3.38,0.0
20050829:0209,0.0,0.0,0.0,0.0,27.18,3.72,0.0
20050829:0309,0.0,0.0,0.0,0.0,27.46,3.93,0.0
20050829:0409,4.0,22.0,0.0,8.02,27.59,4.14,0.0
20050829:0509,139.0,83.0,0.0,20.0,28.78,4.21,0.0
20050829:0609,295.0,124.0,0.0,31.87,29.65,3.93,0.0
20050829:0709,479.0,136.0,0.0,43.2,30.47,3.66,0.0
20050829:0809,602.01,157.0,0.0,53.25,31.87,3.72,0.0
20050829:0909,716.01,153.0,0.0,60.47,31.95,3.52,0.0
20050829:1009,732.01,168.0,0.0,62.41,32.88,3.31,0.0
20050829:1109,645.01,207.0,0.0,58.08,32.79,2.41,0.0
20050829:1209,585.0,189.0,0.0,49.48,32.49,0.97,0.0
20050829:1309,486.0,159.0,0.0,38.79,32.86,1.03,0.0
20050829:1409,320.0,143.0,0.0,27.17,32.3,2.48,0.0
20050829:1509,177.0,96.0,0.0,15.22,31.37,3.1,0.0
20050829:1609,36.0,22.84,0.0,3.28,30.75,3.52,0.0
20050829:1709,0.0,0.0,0.0,0.0,31.05,3.79,0.0
20050829:1809,0.0,0.0,0.0,0.0,29.45,3.59,0.0
20050829:1909,0.0,0.0,0.0,0.0,29.34,3.38,0.0
20050829:2009,0.0,0.0,0.0,0.0,28.82,3.31,0.0
20050829:2109,0.0,0.0,0.0,0.0,28.83,3.38,0.0
20050829:2209,0.0,0.0,0.0,0.0,28.73,3.52,0.0
20050829:2309,0.0,0.0,0.0,0.0,28.59,3.86,0.0
20050830:0009,0.0,0.0,0.0,0.0,28.47,4.21,0.0
20050830:0109,0.0,0.0,0.0,0.0,28.42,4.55,0.0
20050830:0209,0.0,0.0,0.0,0.0,28.43,4.83,0.0
20050830:0309,0.0,0.0,0.0,0.0,28.41,5.1,0.0
20050830:0409,6.0,23.0,0.0,7.88,28.31,5.24,0.0
20050830:0509,138.0,83.0,0.0,19.86,28.99,5.17,0.0
20050830:0609,297.0,124.0,0.0,31.71,29.9,5.1,0.0
20050830:0709,496.0,129.0,0.0,43.02,30.56,4.97,0.0
20050830:0809,625.01,147.0,0.0,53.02,32.03,4.9,0.0
20050830:0909,687.01,172.0,0.0,60.16,32.25,4.55,0.0
20050830:1009,710.01,184.0,0.0,62.04,33.11,4.28,0.0
20050830:1109,688.01,182.0,0.0,57.72,33.18,3.66,0.0
20050830:1209,536.0,220.0,0.0,49.16,33.24,3.31,0.0
20050830:1309,445.0,185.0,0.0,38.49,33.29,3.1,0.0
20050830:1409,315.0,145.0,0.0,26.9,32.79,2.69,0.0
20050830:1509,157.0,105.0,0.0,14.95,32.42,2.28,0.0
20050830:1609,0.0,42.0,0.0,3.01,31.99,2.34,0.0
20050830:1709,0.0,0.0,0.0,0.0,31.52,3.31,0.0
20050830:1809,0.0,0.0,0.0,0.0,31.06,4.28,0.0
20050830:1909,0.0,0.0,0.0,0.0,30.57,4.9,0.0
20050830:2009,0.0,0.0,0.0,0.0,29.64,5.03,0.0
20050830:2109,0.0,0.0,0.0,0.0,29.25,4.97,0.0
20050830:2209,0.0,0.0,0.0,0.0,28.82,5.38,0.0
20050830:2309,0.0,0.0,0.0,0.0,28.83,5.31,0.0
20050831:0009,0.0,0.0,0.0,0.0,28.89,5.86,0.0
20050831:0109,0.0,0.0,0.0,0.0,28.75,5.93,0.0
20050831:0209,0.0,0.0,0.0,0.0,28.31,6.07,0.0
20050831:0309,0.0,0.0,0.0,0.0,27.98,6.14,0.0
20050831:0409,14.0,21.0,0.0,7.73,27.57,6.28,0.0
20050831:0509,159.0,74.0,0.0,19.71,28.12,6.34,0.0
20050831:0609,331.0,108.0,0.0,31.55,28.56,6.9,0.0
20050831:0709,484.0,137.0,0.0,42.83,29.15,7.03,0.0
20050831:0809,616.01,155.0,0.0,52.78,30.58,6.28,0.0
20050831:0909,670.01,187.0,0.0,59.84,31.1,5.31,0.0
20050831:1009,678.01,209.0,0.0,61.68,31.85,4.28,0.0
20050831:1109,644.01,214.0,0.0,57.37,31.82,3.24,0.0
20050831:1209,543.0,219.0,0.0,48.84,31.7,2.48,0.0
20050831:1309,408.0,209.0,0.0,38.2,31.54,1.24,0.0
20050831:1409,296.0,157.0,0.0,26.62,31.2,0.55,0.0
20050831:1509,154.0,106.0,0.0,14.68,30.54,2.0,0.0
20050831:1609,0.0,41.0,0.0,2.73,30.05,2.76,0.0
20050831:1709,0.0,0.0,0.0,0.0,28.99,3.17,0.0
20050831:1809,0.0,0.0,0.0,0.0,28.41,3.24,0.0
20050831:1909,0.0,0.0,0.0,0.0,28.73,3.79,0.0
20050831:2009,0.0,0.0,0.0,0.0,28.53,4.14,0.0
20050831:2109,0.0,0.0,0.0,0.0,28.29,4.34,0.0
20050831:2209,0.0,0.0,0.0,0.0,27.94,4.69,0.0
20050831:2309,0.0,0.0,0.0,0.0,27.64,4.62,0.0
20050901:0009,0.0,0.0,0.0,0.0,27.29,4.48,0.0
20050901:0109,0.0,0.0,0.0,0.0,26.98,4.41,0.0
20050901:0209,0.0,0.0,0.0,0.0,26.48,4.34,0.0
20050901:0309,0.0,0.0,0.0,0.0,26.22,4.28,0.0
20050901:0409,9.0,21.0,0.0,7.58,25.97,4.28,0.0
20050901:0509,143.0,77.0,0.0,19.56,26.82,4.34,0.0
20050901:0609,318.0,109.0,0.0,31.4,28.44,4.07,0.0
20050901:0709,490.0,128.0,0.0,42.64,29.29,3.72,0.0
20050901:0809,633.01,139.0,0.0,52.54,30.54,3.31,0.0
20050901:0909,739.01,139.0,0.0,59.53,30.46,2.34,0.0
20050901:1009,768.01,145.0,0.0,61.31,31.13,1.79,0.0
20050901:1109,775.01,128.0,0.0,57.01,30.66,2.83,0.0
20050901:1209,697.01,121.0,0.0,48.51,30.61,4.21,0.0
20050901:1309,556.0,116.0,0.0,37.9,30.63,5.17,0.0
20050901:1409,379.0,105.0,0.0,26.34,30.1,5.66,0.0
20050901:1509,182.0,87.0,0.0,14.4,29.79,4.97,0.0
20050901:1609,0.0,37.0,0.0,2.45,29.44,3.72,0.0
20050901:1709,0.0,0.0,0.0,0.0,28.32,2.41,0.0
20050901:1809,0.0,0.0,0.0,0.0,27.53,0.62,0.0
20050901:1909,0.0,0.0,0.0,0.0,27.19,1.86,0.0
20050901:2009,0.0,0.0,0.0,0.0,26.16,2.62,0.0
20050901:2109,0.0,0.0,0.0,0.0,25.86,2.28,0.0
20050901:2209,0.0,0.0,0.0,0.0,25.41,1.79,0.0
20050901:2309,0.0,0.0,0.0,0.0,25.46,1.59,0.0
20050902:0009,0.0,0.0,0.0,0.0,25.72,2.0,0.0
20050902:0109,0.0,0.0,0.0,0.0,25.9,2.07,0.0
20050902:0209,0.0,0.0,0.0,0.0,25.67,2.07,0.0
20050902:0309,0.0,0.0,0.0,0.0,25.67,2.0,0.0
20050902:0409,4.0,19.0,0.0,7.43,25.7,2.0,0.0
20050902:0509,64.0,108.0,0.0,19.42,26.47,1.93,0.0
20050902:0609,316.0,105.0,0.0,31.23,27.86,1.31,0.0
20050902:0709,472.0,130.0,0.0,42.45,28.05,0.69,0.0
20050902:0809,647.01,122.0,0.0,52.29,28.21,1.66,0.0
20050902:0909,726.01,136.0,0.0,59.21,27.78,3.03,0.0
20050902:1009,765.01,136.0,0.0,60.94,28.89,4.28,0.0
20050902:1109,740.01,136.0,0.0,56.65,28.98,4.14,0.0
20050902:1209,656.01,132.0,0.0,48.19,28.86,4.41,0.0
20050902:1309,561.0,105.0,0.0,37.6,28.96,4.07,0.0
20050902:1409,0.0,128.0,0.0,26.05,28.37,1.93,0.0
20050902:1509,97.0,121.0,0.0,14.12,27.88,1.45,0.0
20050902:1609,0.0,38.0,0.0,2.16,27.46,0.69,0.0
20050902:1709,0.0,0.0,0.0,0.0,27.14,0.34,0.0
20050902:1809,0.0,0.0,0.0,0.0,27.04,2.14,0.0
20050902:1909,0.0,0.0,0.0,0.0,27.1,2.21,0.0
20050902:2009,0.0,0.0,0.0,0.0,26.76,2.0,0.0
20050902:2109,0.0,0.0,0.0,0.0,26.18,1.72,0.0
20050902:2209,0.0,0.0,0.0,0.0,25.56,1.1,0.0
20050902:2309,0.0,0.0,0.0,0.0,25.57,1.45,0.0
20050903:0009,0.0,0.0,0.0,0.0,25.65,2.0,0.0
20050903:0109,0.0,0.0,0.0,0.0,25.78,2.55,0.0
20050903:0209,0.0,0.0,0.0,0.0,25.55,2.97,0.0
20050903:0309,0.0,0.0,0.0,0.0,25.39,3.38,0.0
20050903:0409,4.0,18.0,0.0,7.29,25.19,3.72,0.0
20050903:0509,94.0,96.0,0.0,19.27,26.0,3.93,0.0
20050903:0609,267.0,131.0,0.0,31.07,26.97,4.14,0.0
20050903:0709,449.0,143.0,0.0,42.26,27.79,4.28,0.0
20050903:0809,630.01,131.0,0.0,52.05,29.36,3.59,0.0
20050903:0909,698.01,150.0,0.0,58.89,29.74,2.14,0.0
20050903:1009,695.01,177.0,0.0,60.57,29.7,1.66,0.0
20050903:1109,685.01,167.0,0.0,56.29,29.34,3.1,0.0
20050903:1209,629.01,145.0,0.0,47.85,28.74,4.14,0.0
20050903:1309,490.0,140.0,0.0,37.3,28.42,5.1,0.0
20050903:1409,317.0,128.0,0.0,25.76,28.29,4.48,0.0
20050903:1509,158.0,91.0,0.0,13.83,28.51,4.14,0.0
20050903:1609,0.0,35.0,0.0,1.87,27.92,2.97,0.0
20050903:1709,0.0,0.0,0.0,0.0,27.32,2.48,0.0
20050903:1809,0.0,0.0,0.0,0.0,27.56,0.0,0.0
20050903:1909,0.0,0.0,0.0,0.0,26.96,0.0,0.0
20050903:2009,0.0,0.0,0.0,0.0,26.89,5.24,0.0
20050903:2109,0.0,0.0,0.0,0.0,26.65,7.59,0.0
20050903:2209,0.0,0.0,0.0,0.0,25.43,8.21,0.0
20050903:2309,0.0,0.0,0.0,0.0,24.88,8.14,0.0
20050904:0009,0.0,0.0,0.0,0.0,24.37,8.28,0.0
20050904:0109,0.0,0.0,0.0,0.0,23.94,8.62,0.0
20050904:0209,0.0,0.0,0.0,0.0,23.36,8.83,0.0
20050904:0309,0.0,0.0,0.0,0.0,23.05,9.1,0.0
20050904:0409,0.0,4.0,0.0,7.14,22.79,9.31,0.0
20050904:0509,151.0,71.0,0.0,19.12,23.12,9.66,0.0
20050904:0609,326.0,104.0,0.0,30.91,23.48,9.86,0.0
20050904:0709,504.0,120.0,0.0,42.07,24.04,9.31,0.0
20050904:0809,635.01,137.0,0.0,51.8,25.48,8.83,0.0
20050904:0909,731.01,142.0,0.0,58.57,26.24,8.55,0.0
20050904:1009,768.01,145.0,0.0,60.2,27.25,8.41,0.0
20050904:1109,721.01,156.0,0.0,55.92,27.75,7.86,0.0
20050904:1209,649.01,143.0,0.0,47.52,28.12,7.31,0.0
20050904:1309,507.0,138.0,0.0,36.99,28.39,6.83,0.0
20050904:1409,323.0,130.0,0.0,25.47,28.18,6.55,0.0
20050904:1509,146.0,98.0,0.0,13.55,28.03,6.34,0.0
20050904:1609,0.0,35.0,0.0,1.58,27.71,6.0,0.0
20050904:1709,0.0,0.0,0.0,0.0,26.75,6.14,0.0
20050904:1809,0.0,0.0,0.0,0.0,26.32,6.41,0.0
20050904:1909,0.0,0.0,0.0,0.0,26.02,6.76,0.0
20050904:2009,0.0,0.0,0.0,0.0,25.25,7.1,0.0
20050904:2109,0.0,0.0,0.0,0.0,24.74,7.52,0.0
20050904:2209,0.0,0.0,0.0,0.0,24.03,7.45,0.0
20050904:2309,0.0,0.0,0.0,0.0,23.69,7.59,0.0
20050905:0009,0.0,0.0,0.0,0.0,23.39,7.93,0.0
20050905:0109,0.0,0.0,0.0,0.0,23.11,8.07,0.0
20050905:0209,0.0,0.0,0.0,0.0,22.74,8.07,0.0
20050905:0309,0.0,0.0,0.0,0.0,22.47,8.07,0.0
20050905:0409,10.0,16.0,0.0,6.99,22.14,8.0,0.0
20050905:0509,147.0,71.0,0.0,18.97,22.57,7.72,0.0
20050905:0609,337.0,97.0,0.0,30.74,23.02,7.72,0.0
20050905:0709,447.0,151.0,0.0,41.87,23.61,7.17,0.0
20050905:0809,613.01,148.0,0.0,51.54,25.08,6.41,0.0
20050905:0909,706.01,155.0,0.0,58.24,25.77,5.38,0.0
20050905:1009,797.01,127.0,0.0,59.82,27.12,4.28,0.0
20050905:1109,718.01,155.0,0.0,55.55,27.64,3.24,0.0
20050905:1209,645.01,143.0,0.0,47.18,28.05,2.21,0.0
20050905:1309,465.0,161.0,0.0,36.68,28.21,1.03,0.0
20050905:1409,313.0,133.0,0.0,25.17,28.08,0.76,0.0
20050905:1509,153.0,92.0,0.0,13.26,27.87,2.07,0.0
20050905:1609,0.0,33.0,0.0,1.29,27.43,2.97,0.0
20050905:1709,0.0,0.0,0.0,0.0,26.4,3.1,0.0
20050905:1809,0.0,0.0,0.0,0.0,26.49,2.83,0.0
20050905:1909,0.0,0.0,0.0,0.0,26.23,2.97,0.0
20050905:2009,0.0,0.0,0.0,0.0,25.74,3.79,0.0
20050905:2109,0.0,0.0,0.0,0.0,25.44,4.34,0.0
20050905:2209,0.0,0.0,0.0,0.0,24.82,4.69,0.0
20050905:2309,0.0,0.0,0.0,0.0,24.46,4.41,0.0
20050906:0009,0.0,0.0,0.0,0.0,24.17,4.21,0.0
20050906:0109,0.0,0.0,0.0,0.0,23.9,4.34,0.0
20050906:0209,0.0,0.0,0.0,0.0,23.42,4.34,0.0
20050906:0309,0.0,0.0,0.0,0.0,23.11,4.28,0.0
20050906:0409,6.0,16.0,0.0,6.84,22.88,4.21,0.0
20050906:0509,146.0,71.0,0.0,18.82,23.65,4.28,0.0
20050906:0609,324.0,103.0,0.0,30.58,24.43,4.21,0.0
20050906:0709,516.0,112.0,0.0,41.67,25.28,4.34,0.0
20050906:0809,625.01,140.0,0.0,51.29,26.86,3.86,0.0
20050906:0909,739.01,137.0,0.0,57.92,27.19,2.83,0.0
20050906:1009,756.01,149.0,0.0,59.44,27.79,1.79,0.0
20050906:1109,718.01,155.0,0.0,55.18,27.67,2.14,0.0
20050906:1209,635.01,148.0,0.0,46.84,27.41,3.1,0.0
20050906:1309,465.0,159.0,0.0,36.37,27.43,4.07,0.0
20050906:1409,330.0,121.0,0.0,24.88,27.39,4.97,0.0
20050906:1509,166.0,82.0,0.0,12.97,27.2,4.9,0.0
20050906:1609,0.0,29.0,0.0,1.0,27.0,3.86,0.0
20050906:1709,0.0,0.0,0.0,0.0,26.63,3.17,0.0
20050906:1809,0.0,0.0,0.0,0.0,26.3,1.72,0.0
20050906:1909,0.0,0.0,0.0,0.0,25.85,1.03,0.0
20050906:2009,0.0,0.0,0.0,0.0,24.75,1.31,0.0
20050906:2109,0.0,0.0,0.0,0.0,24.38,1.59,0.0
20050906:2209,0.0,0.0,0.0,0.0,23.97,1.86,0.0
20050906:2309,0.0,0.0,0.0,0.0,23.84,2.14,0.0
20050907:0009,0.0,0.0,0.0,0.0,23.76,2.28,0.0
20050907:0109,0.0,0.0,0.0,0.0,23.82,2.69,0.0
20050907:0209,0.0,0.0,0.0,0.0,23.44,3.1,0.0
20050907:0309,0.0,0.0,0.0,0.0,23.44,3.24,0.0
20050907:0409,3.0,13.0,0.0,6.69,23.44,3.45,0.0
20050907:0509,126.0,77.0,0.0,18.66,24.55,3.59,0.0
20050907:0609,324.0,99.0,0.0,30.41,25.85,3.24,0.0
20050907:0709,485.0,124.0,0.0,41.47,26.81,2.83,0.0
20050907:0809,613.01,141.0,0.0,51.03,28.58,2.48,0.0
20050907:0909,716.01,143.0,0.0,57.59,28.78,1.72,0.0
20050907:1009,763.01,139.0,0.0,59.06,28.94,1.52,0.0
20050907:1109,756.01,128.0,0.0,54.81,28.78,2.48,0.0
20050907:1209,658.01,129.0,0.0,46.5,28.92,3.79,0.0
20050907:1309,471.0,149.0,0.0,36.05,29.06,4.41,0.0
20050907:1409,336.0,112.0,0.0,24.58,28.78,4.76,0.0
20050907:1509,167.0,78.0,0.0,12.67,28.58,4.41,0.0
20050907:1609,0.0,28.0,0.0,0.7,28.26,3.59,0.0
20050907:1709,0.0,0.0,0.0,0.0,26.77,2.69,0.0
20050907:1809,0.0,0.0,0.0,0.0,26.28,1.86,0.0
20050907:1909,0.0,0.0,0.0,0.0,25.89,1.93,0.0
20050907:2009,0.0,0.0,0.0,0.0,25.38,2.21,0.0
20050907:2109,0.0,0.0,0.0,0.0,25.38,2.62,0.0
20050907:2209,0.0,0.0,0.0,0.0,25.61,2.97,0.0
20050907:2309,0.0,0.0,0.0,0.0,25.59,3.72,0.0
20050908:0009,0.0,0.0,0.0,0.0,25.4,4.48,0.0
20050908:0109,0.0,0.0,0.0,0.0,25.49,5.03,0.0
20050908:0209,0.0,0.0,0.0,0.0,25.27,5.24,0.0
20050908:0309,0.0,0.0,0.0,0.0,25.1,5.31,0.0
20050908:0409,2.0,13.0,0.0,6.54,24.98,5.38,0.0
20050908:0509,136.0,72.0,0.0,18.51,25.96,5.52,0.0
20050908:0609,310.0,105.0,0.0,30.24,26.96,5.1,0.0
20050908:0709,472.0,129.0,0.0,41.26,28.09,4.83,0.0
20050908:0809,664.01,114.0,0.0,50.77,29.85,4.83,0.0
20050908:0909,746.01,126.0,0.0,57.25,30.13,4.07,0.0
20050908:1009,783.01,128.0,0.0,58.68,30.69,3.45,0.0
20050908:1109,716.01,148.0,0.0,54.43,30.59,2.14,0.0
20050908:1209,648.01,133.0,0.0,46.16,30.5,1.17,0.0
20050908:1309,460.0,154.0,0.0,35.73,30.36,0.9,0.0
20050908:1409,329.0,113.0,0.0,24.28,29.8,1.86,0.0
20050908:1509,147.0,85.0,0.0,12.38,29.53,2.41,0.0
20050908:1609,0.0,26.0,0.0,0.4,28.87,2.69,0.0
20050908:1709,0.0,0.0,0.0,0.0,27.97,2.83,0.0
20050908:1809,0.0,0.0,0.0,0.0,28.59,3.45,0.0
20050908:1909,0.0,0.0,0.0,0.0,28.57,4.34,0.0
20050908:2009,0.0,0.0,0.0,0.0,27.5,4.76,0.0
20050908:2109,0.0,0.0,0.0,0.0,26.92,4.55,0.0
20050908:2209,0.0,0.0,0.0,0.0,26.54,4.48,0.0
20050908:2309,0.0,0.0,0.0,0.0,26.37,4.62,0.0
20050909:0009,0.0,0.0,0.0,0.0,26.26,4.9,0.0
20050909:0109,0.0,0.0,0.0,0.0,26.05,5.31,0.0
20050909:0209,0.0,0.0,0.0,0.0,25.75,5.59,0.0
20050909:0309,0.0,0.0,0.0,0.0,25.62,5.93,0.0
20050909:0409,2.0,11.0,0.0,6.39,25.42,6.21,0.0
20050909:0509,121.0,77.0,0.0,18.36,25.74,6.41,0.0
20050909:0609,308.0,104.0,0.0,30.07,26.21,6.83,0.0
20050909:0709,482.0,123.0,0.0,41.06,26.83,7.59,0.0
20050909:0809,588.01,154.0,0.0,50.51,28.18,7.03,0.0
20050909:0909,691.01,154.0,0.0,56.92,28.69,6.34,0.0
20050909:1009,712.01,165.0,0.0,58.3,29.68,5.03,0.0
20050909:1109,686.01,163.0,0.0,54.05,29.95,4.14,0.0
20050909:1209,592.01,163.0,0.0,45.81,29.99,3.24,0.0
20050909:1309,474.0,141.0,0.0,35.41,29.9,2.9,0.0
20050909:1409,319.0,115.0,0.0,23.97,29.6,2.28,0.0
20050909:1509,137.0,87.0,0.0,12.08,29.22,0.9,0.0
20050909:1609,0.0,24.0,0.0,0.1,28.41,1.03,0.0
20050909:1709,0.0,0.0,0.0,0.0,27.71,2.21,0.0
20050909:1809,0.0,0.0,0.0,0.0,27.26,2.83,0.0
20050909:1909,0.0,0.0,0.0,0.0,27.08,3.59,0.0
20050909:2009,0.0,0.0,0.0,0.0,26.45,4.14,0.0
20050909:2109,0.0,0.0,0.0,0.0,26.34,4.41,0.0
20050909:2209,0.0,0.0,0.0,0.0,25.71,4.9,0.0
20050909:2309,0.0,0.0,0.0,0.0,25.42,4.69,0.0
20050910:0009,0.0,0.0,0.0,0.0,25.13,4.55,0.0
20050910:0109,0.0,0.0,0.0,0.0,24.92,4.62,0.0
20050910:0209,0.0,0.0,0.0,0.0,24.45,4.83,0.0
20050910:0309,0.0,0.0,0.0,0.0,24.32,4.97,0.0
20050910:0409,1.0,8.0,0.0,6.23,24.13,4.97,0.0
20050910:0509,119.0,77.0,0.0,18.2,24.92,4.97,0.0
20050910:0609,290.0,113.0,0.0,29.89,25.59,4.76,0.0
20050910:0709,445.0,144.0,0.0,40.85,26.48,4.83,0.0
20050910:0809,590.01,153.0,0.0,50.24,28.15,4.48,0.0
20050910:0909,641.01,186.0,0.0,56.58,28.75,3.66,0.0
20050910:1009,713.01,165.0,0.0,57.91,29.32,2.55,0.0
20050910:1109,712.01,147.0,0.0,53.68,29.08,2.07,0.0
20050910:1209,592.01,163.0,0.0,45.46,28.74,2.97,0.0
20050910:1309,490.0,131.0,0.0,35.09,28.4,4.34,0.0
20050910:1409,362.0,92.0,0.0,23.67,28.28,5.52,0.0
20050910:1509,167.0,71.0,0.0,11.78,28.09,5.66,0.0
20050910:1609,0.0,0.0,0.0,-0.2,27.94,4.48,0.0
20050910:1709,0.0,0.0,0.0,0.0,26.58,3.72,0.0
20050910:1809,0.0,0.0,0.0,0.0,26.31,2.41,0.0
20050910:1909,0.0,0.0,0.0,0.0,25.94,1.86,0.0
20050910:2009,0.0,0.0,0.0,0.0,25.03,1.79,0.0
20050910:2109,0.0,0.0,0.0,0.0,24.72,1.79,0.0
20050910:2209,0.0,0.0,0.0,0.0,24.4,1.86,0.0
20050910:2309,0.0,0.0,0.0,0.0,24.22,2.14,0.0
20050911:0009,0.0,0.0,0.0,0.0,24.02,2.76,0.0
20050911:0109,0.0,0.0,0.0,0.0,23.83,3.31,0.0
20050911:0209,0.0,0.0,0.0,0.0,23.4,3.72,0.0
20050911:0309,0.0,0.0,0.0,0.0,23.41,3.93,0.0
20050911:0409,1.0,9.0,0.0,6.08,23.41,4.21,0.0
20050911:0509,102.0,84.0,0.0,18.04,24.65,4.34,0.0
20050911:0609,264.0,126.0,0.0,29.72,25.83,4.21,0.0
20050911:0709,441.0,143.0,0.0,40.64,26.73,3.93,0.0
20050911:0809,573.01,161.0,0.0,49.98,28.43,3.59,0.0
20050911:0909,674.01,162.0,0.0,56.24,28.51,2.9,0.0
20050911:1009,733.01,149.0,0.0,57.53,29.6,1.79,0.0
20050911:1109,694.01,154.0,0.0,53.29,29.15,2.28,0.0
20050911:1209,609.01,147.0,0.0,45.11,28.72,3.45,0.0
20050911:1309,458.0,146.0,0.0,34.77,28.46,4.48,0.0
20050911:1409,282.0,131.0,0.0,23.36,28.52,5.17,0.0
20050911:1509,138.0,81.0,0.0,11.48,28.01,4.69,0.0
20050911:1609,0.0,0.0,0.0,-0.5,27.59,3.45,0.0
20050911:1709,0.0,0.0,0.0,0.0,26.28,2.21,0.0
20050911:1809,0.0,0.0,0.0,0.0,25.99,0.76,0.0
20050911:1909,0.0,0.0,0.0,0.0,25.63,1.59,0.0
20050911:2009,0.0,0.0,0.0,0.0,24.62,2.07,0.0
20050911:2109,0.0,0.0,0.0,0.0,24.41,1.93,0.0
20050911:2209,0.0,0.0,0.0,0.0,23.54,2.07,0.0
20050911:2309,0.0,0.0,0.0,0.0,23.46,2.07,0.0
20050912:0009,0.0,0.0,0.0,0.0,23.25,2.41,0.0
20050912:0109,0.0,0.0,0.0,0.0,23.19,2.83,0.0
20050912:0209,0.0,0.0,0.0,0.0,23.0,3.03,0.0
20050912:0309,0.0,0.0,0.0,0.0,23.12,3.24,0.0
20050912:0409,1.0,8.0,0.0,5.93,23.14,3.38,0.0
20050912:0509,112.0,78.0,0.0,17.89,24.61,3.45,0.0
20050912:0609,281.0,116.0,0.0,29.54,25.75,3.03,0.0
20050912:0709,473.01,125.0,0.0,40.43,27.2,2.48,0.0
20050912:0809,597.01,146.0,0.0,49.71,29.05,1.79,0.0
20050912:0909,676.01,161.0,0.0,55.9,28.77,1.24,0.0
20050912:1009,682.01,181.0,0.0,57.14,29.42,1.72,0.0
20050912:1109,695.01,154.0,0.0,52.91,29.07,3.17,0.0
20050912:1209,575.01,168.0,0.0,44.76,29.01,4.07,0.0
20050912:1309,457.0,146.0,0.0,34.44,28.91,4.55,0.0
20050912:1409,272.0,135.0,0.0,23.05,28.56,4.62,0.0
20050912:1509,132.0,81.0,0.0,11.18,28.38,4.0,0.0
20050912:1609,0.0,0.0,0.0,-0.8,27.89,2.97,0.0
20050912:1709,0.0,0.0,0.0,0.0,26.21,1.66,0.0
20050912:1809,0.0,0.0,0.0,0.0,25.83,1.03,0.0
20050912:1909,0.0,0.0,0.0,0.0,25.4,1.86,0.0
20050912:2009,0.0,0.0,0.0,0.0,24.53,2.07,0.0
20050912:2109,0.0,0.0,0.0,0.0,24.53,2.14,0.0
20050912:2209,0.0,0.0,0.0,0.0,24.27,2.28,0.0
20050912:2309,0.0,0.0,0.0,0.0,24.19,2.55,0.0
20050913:0009,0.0,0.0,0.0,0.0,24.17,2.83,0.0
20050913:0109,0.0,0.0,0.0,0.0,24.13,3.24,0.0
20050913:0209,0.0,0.0,0.0,0.0,23.8,3.52,0.0
20050913:0309,0.0,0.0,0.0,0.0,23.95,3.86,0.0
20050913:0409,1.0,7.0,0.0,5.77,24.0,4.07,0.0
20050913:0509,107.0,79.0,0.0,17.73,25.29,4.14,0.0
20050913:0609,298.0,105.0,0.0,29.37,26.33,3.66,0.0
20050913:0709,430.0,148.0,0.0,40.21,28.06,3.38,0.0
20050913:0809,549.01,174.0,0.0,49.43,29.9,2.83,0.0
20050913:0909,646.01,177.0,0.0,55.56,30.09,2.0,0.0
20050913:1009,718.01,155.0,0.0,56.75,30.63,0.76,0.0
20050913:1109,677.01,162.0,0.0,52.53,30.64,1.79,0.0
20050913:1209,592.01,154.0,0.0,44.4,30.13,3.17,0.0
20050913:1309,470.0,134.0,0.0,34.11,30.16,4.21,0.0
20050913:1409,305.0,112.0,0.0,22.74,29.85,4.48,0.0
20050913:1509,125.0,81.0,0.0,10.87,29.61,4.07,0.0
20050913:1609,0.0,0.0,0.0,-1.11,29.12,3.38,0.0
20050913:1709,0.0,0.0,0.0,0.0,27.41,2.14,0.0
20050913:1809,0.0,0.0,0.0,0.0,26.65,1.52,0.0
20050913:1909,0.0,0.0,0.0,0.0,26.52,1.86,0.0
20050913:2009,0.0,0.0,0.0,0.0,25.97,2.07,0.0
20050913:2109,0.0,0.0,0.0,0.0,25.9,2.41,0.0
20050913:2209,0.0,0.0,0.0,0.0,25.58,2.55,0.0
20050913:2309,0.0,0.0,0.0,0.0,25.65,3.1,0.0
20050914:0009,0.0,0.0,0.0,0.0,25.66,3.66,0.0
20050914:0109,0.0,0.0,0.0,0.0,25.57,4.14,0.0
20050914:0209,0.0,0.0,0.0,0.0,25.38,4.48,0.0
20050914:0309,0.0,0.0,0.0,0.0,25.4,4.69,0.0
20050914:0409,0.0,6.0,0.0,5.62,25.31,4.62,0.0
20050914:0509,89.0,84.0,0.0,17.57,26.41,4.55,0.0
20050914:0609,270.0,116.0,0.0,29.19,27.17,4.14,0.0
20050914:0709,445.0,133.0,0.0,40.0,28.23,3.59,0.0
20050914:0809,559.01,160.0,0.0,49.16,29.91,2.9,0.0
20050914:0909,691.01,142.0,0.0,55.21,29.86,2.21,0.0
20050914:1009,677.01,173.0,0.0,56.36,30.55,1.52,0.0
20050914:1109,662.01,163.0,0.0,52.14,30.14,2.34,0.0
20050914:1209,600.01,141.0,0.0,44.05,29.73,3.86,0.0
20050914:1309,448.0,140.0,0.0,33.78,29.63,4.9,0.0
20050914:1409,288.0,115.0,0.0,22.43,29.16,4.62,0.0
20050914:1509,127.0,75.0,0.0,10.57,28.9,3.45,0.0
20050914:1609,0.0,0.0,0.0,-1.41,28.28,2.21,0.0
20050914:1709,0.0,0.0,0.0,0.0,26.5,0.69,0.0
20050914:1809,0.0,0.0,0.0,0.0,26.16,1.38,0.0
20050914:1909,0.0,0.0,0.0,0.0,25.92,2.07,0.0
20050914:2009,0.0,0.0,0.0,0.0,25.29,2.14,0.0
20050914:2109,0.0,0.0,0.0,0.0,25.2,2.14,0.0
20050914:2209,0.0,0.0,0.0,0.0,24.47,2.14,0.0
20050914:2309,0.0,0.0,0.0,0.0,24.32,2.14,0.0
20050915:0009,0.0,0.0,0.0,0.0,24.09,2.07,0.0
20050915:0109,0.0,0.0,0.0,0.0,23.95,2.21,0.0
20050915:0209,0.0,0.0,0.0,0.0,23.76,2.34,0.0
20050915:0309,0.0,0.0,0.0,0.0,23.76,2.41,0.0
20050915:0409,0.0,2.0,0.0,5.47,23.73,2.48,0.0
20050915:0509,72.0,89.0,0.0,17.41,25.17,2.34,0.0
20050915:0609,255.0,119.0,0.0,29.01,26.47,1.66,0.0
20050915:0709,424.0,138.0,0.0,39.78,26.94,0.69,0.0
20050915:0809,545.01,160.0,0.0,48.88,27.78,1.52,0.0
20050915:0909,630.01,170.0,0.0,54.86,27.06,2.69,0.0
20050915:1009,673.01,166.0,0.0,55.97,27.48,3.52,0.0
20050915:1109,688.01,138.0,0.0,51.75,27.04,4.14,0.0
20050915:1209,573.01,148.0,0.0,43.69,26.94,4.34,0.0
20050915:1309,468.01,121.0,0.0,33.45,26.72,4.07,0.0
20050915:1409,290.0,108.0,0.0,22.11,26.04,3.45,0.0
20050915:1509,113.0,78.0,0.0,10.26,25.85,2.28,0.0
20050915:1609,0.0,0.0,0.0,-1.72,25.3,1.31,0.0
20050915:1709,0.0,0.0,0.0,0.0,24.55,0.76,0.0
20050915:1809,0.0,0.0,0.0,0.0,24.4,1.17,0.0
20050915:1909,0.0,0.0,0.0,0.0,23.99,1.59,0.0
20050915:2009,0.0,0.0,0.0,0.0,23.43,1.79,0.0
20050915:2109,0.0,0.0,0.0,0.0,23.48,1.72,0.0
20050915:2209,0.0,0.0,0.0,0.0,23.52,0.97,0.0
20050915:2309,0.0,0.0,0.0,0.0,23.65,0.9,0.0
20050916:0009,0.0,0.0,0.0,0.0,23.7,0.55,0.0
20050916:0109,0.0,0.0,0.0,0.0,23.52,1.31,0.0
20050916:0209,0.0,0.0,0.0,0.0,23.22,1.72,0.0
20050916:0309,0.0,0.0,0.0,0.0,23.08,1.79,0.0
20050916:0409,0.0,1.0,0.0,5.31,22.94,2.69,0.0
20050916:0509,48.0,92.0,0.0,17.24,23.01,2.41,0.0
20050916:0609,184.0,151.0,0.0,28.82,23.32,2.07,0.0
20050916:0709,0.0,115.0,0.0,39.56,23.68,2.9,0.0
20050916:0809,15.0,297.0,0.0,48.6,24.62,2.9,0.0
20050916:0909,19.0,339.0,0.0,54.51,24.91,1.59,0.0
20050916:1009,0.0,117.0,0.0,55.57,23.34,0.9,0.0
20050916:1109,1.0,263.0,0.0,51.37,22.74,3.03,0.0
20050916:1209,0.0,95.0,0.0,43.33,21.1,2.9,0.0
20050916:1309,0.0,64.0,0.0,33.12,22.74,2.62,0.0
20050916:1409,0.0,72.0,0.0,21.8,23.13,1.45,0.0
20050916:1509,0.0,20.0,0.0,9.96,23.42,2.14,0.0
20050916:1609,0.0,0.0,0.0,-2.03,23.56,3.79,0.0
20050916:1709,0.0,0.0,0.0,0.0,23.59,3.38,0.0
20050916:1809,0.0,0.0,0.0,0.0,23.26,2.69,0.0
20050916:1909,0.0,0.0,0.0,0.0,23.16,2.21,0.0
20050916:2009,0.0,0.0,0.0,0.0,22.59,2.9,0.0
20050916:2109,0.0,0.0,0.0,0.0,22.47,3.24,0.0
20050916:2209,0.0,0.0,0.0,0.0,21.11,3.24,0.0
20050916:2309,0.0,0.0,0.0,0.0,20.82,3.52,0.0
20050917:0009,0.0,0.0,0.0,0.0,21.02,3.38,0.0
20050917:0109,0.0,0.0,0.0,0.0,21.47,2.55,0.0
20050917:0209,0.0,0.0,0.0,0.0,21.62,1.86,0.0
20050917:0309,0.0,0.0,0.0,0.0,21.9,1.93,0.0
20050917:0409,0.0,0.0,0.0,0.0,22.1,2.07,0.0
20050917:0509,45.0,92.0,0.0,17.08,22.55,2.48,0.0
20050917:0609,12.0,166.0,0.0,28.64,22.91,2.55,0.0
20050917:0709,406.0,140.0,0.0,39.33,23.38,2.34,0.0
20050917:0809,546.01,148.0,0.0,48.32,24.58,1.93,0.0
20050917:0909,632.01,156.0,0.0,54.16,24.5,1.79,0.0
20050917:1009,683.01,147.0,0.0,55.18,25.31,1.59,0.0
20050917:1109,672.01,136.0,0.0,50.98,25.27,1.93,0.0
20050917:1209,598.01,124.0,0.0,42.97,25.21,2.41,0.0
20050917:1309,451.01,120.0,0.0,32.79,25.41,2.69,0.0
20050917:1409,262.0,113.0,0.0,21.48,25.3,2.69,0.0
20050917:1509,107.0,73.0,0.0,9.65,25.2,2.34,0.0
20050917:1609,0.0,0.0,0.0,-2.33,25.15,1.66,0.0
20050917:1709,0.0,0.0,0.0,0.0,24.56,1.03,0.0
20050917:1809,0.0,0.0,0.0,0.0,24.53,0.07,0.0
20050917:1909,0.0,0.0,0.0,0.0,24.34,0.34,0.0
20050917:2009,0.0,0.0,0.0,0.0,23.42,0.62,0.0
20050917:2109,0.0,0.0,0.0,0.0,23.29,0.83,0.0
20050917:2209,0.0,0.0,0.0,0.0,22.83,1.17,0.0
20050917:2309,0.0,0.0,0.0,0.0,22.76,1.31,0.0
20050918:0009,0.0,0.0,0.0,0.0,22.73,1.59,0.0
20050918:0109,0.0,0.0,0.0,0.0,22.8,1.59,0.0
20050918:0209,0.0,0.0,0.0,0.0,22.66,1.59,0.0
20050918:0309,0.0,0.0,0.0,0.0,22.98,1.93,0.0
20050918:0409,0.0,0.0,0.0,0.0,23.18,2.34,0.0
20050918:0509,74.0,83.0,0.0,16.92,24.25,2.41,0.0
20050918:0609,277.0,102.0,0.0,28.45,25.28,1.72,0.0
20050918:0709,441.01,123.0,0.0,39.11,26.11,0.83,0.0
20050918:0809,564.01,142.0,0.0,48.04,27.64,0.55,0.0
20050918:0909,689.01,129.0,0.0,53.81,27.52,1.93,0.0
20050918:1009,693.01,145.0,0.0,54.78,28.41,3.03,0.0
20050918:1109,681.01,134.0,0.0,50.59,28.4,4.0,0.0
20050918:1209,583.01,134.0,0.0,42.61,28.43,4.69,0.0
20050918:1309,439.01,127.0,0.0,32.45,28.35,4.76,0.0
20050918:1409,278.0,105.0,0.0,21.17,28.14,4.21,0.0
20050918:1509,105.0,72.0,0.0,9.34,28.02,3.17,0.0
20050918:1609,0.0,0.0,0.0,-2.64,27.68,1.93,0.0
20050918:1709,0.0,0.0,0.0,0.0,26.42,0.55,0.0
20050918:1809,0.0,0.0,0.0,0.0,26.15,1.52,0.0
20050918:1909,0.0,0.0,0.0,0.0,25.76,1.93,0.0
20050918:2009,0.0,0.0,0.0,0.0,25.16,1.79,0.0
20050918:2109,0.0,0.0,0.0,0.0,25.08,1.93,0.0
20050918:2209,0.0,0.0,0.0,0.0,24.59,1.79,0.0
20050918:2309,0.0,0.0,0.0,0.0,24.7,2.41,0.0
20050919:0009,0.0,0.0,0.0,0.0,24.86,2.9,0.0
20050919:0109,0.0,0.0,0.0,0.0,24.89,3.31,0.0
20050919:0209,0.0,0.0,0.0,0.0,24.78,3.72,0.0
20050919:0309,0.0,0.0,0.0,0.0,24.9,4.07,0.0
20050919:0409,0.0,0.0,0.0,0.0,24.98,4.28,0.0
20050919:0509,85.0,77.0,0.0,16.75,26.0,4.48,0.0
20050919:0609,276.0,103.0,0.0,28.26,27.02,4.07,0.0
20050919:0709,445.01,122.0,0.0,38.88,28.56,3.45,0.0
20050919:0809,569.01,140.0,0.0,47.75,30.63,3.03,0.0
20050919:0909,657.01,147.0,0.0,53.46,30.85,2.48,0.0
20050919:1009,717.01,134.0,0.0,54.39,31.23,1.38,0.0
20050919:1109,677.01,137.0,0.0,50.2,31.2,0.34,0.0
20050919:1209,602.01,125.0,0.0,42.25,31.34,1.86,0.0
20050919:1309,453.01,120.0,0.0,32.12,30.87,2.69,0.0
20050919:1409,275.0,105.0,0.0,20.85,30.54,3.52,0.0
20050919:1509,0.0,0.0,0.0,0.0,30.07,3.72,0.0
20050919:1609,0.0,0.0,0.0,0.0,30.65,3.79,0.0
20050919:1709,0.0,0.0,0.0,0.0,29.33,2.97,0.0
20050919:1809,0.0,0.0,0.0,0.0,27.91,2.07,0.0
20050919:1909,0.0,0.0,0.0,0.0,27.69,1.66,0.0
20050919:2009,0.0,0.0,0.0,0.0,27.11,1.31,0.0
20050919:2109,0.0,0.0,0.0,0.0,27.0,1.45,0.0
20050919:2209,0.0,0.0,0.0,0.0,26.36,2.14,0.0
20050919:2309,0.0,0.0,0.0,0.0,26.17,2.76,0.0
20050920:0009,0.0,0.0,0.0,0.0,25.72,2.83,0.0
20050920:0109,0.0,0.0,0.0,0.0,25.37,2.97,0.0
20050920:0209,0.0,0.0,0.0,0.0,25.06,3.17,0.0
20050920:0309,0.0,0.0,0.0,0.0,25.05,3.24,0.0
20050920:0409,0.0,0.0,0.0,0.0,25.12,3.17,0.0
20050920:0509,61.0,86.0,0.0,16.58,26.26,3.03,0.0
20050920:0609,238.0,122.0,0.0,28.07,27.0,2.34,0.0
20050920:0709,407.01,142.0,0.0,38.65,27.55,0.9,0.0
20050920:0809,566.01,140.0,0.0,47.46,29.02,1.38,0.0
20050920:0909,654.01,147.0,0.0,53.1,28.44,2.83,0.0
20050920:1009,714.01,133.0,0.0,53.99,28.8,3.31,0.0
20050920:1109,673.01,137.0,0.0,49.81,28.71,3.59,0.0
20050920:1209,582.01,132.0,0.0,41.88,28.52,3.24,0.0
20050920:1309,443.01,122.0,0.0,31.78,28.37,2.76,0.0
20050920:1409,282.0,99.0,0.0,20.53,28.3,1.93,0.0
20050920:1509,106.0,67.0,0.0,8.73,28.17,1.03,0.0
20050920:1609,0.0,0.0,0.0,0.0,28.35,0.9,0.0
20050920:1709,0.0,0.0,0.0,0.0,27.31,1.79,0.0
20050920:1809,0.0,0.0,0.0,0.0,26.52,2.34,0.0
20050920:1909,0.0,0.0,0.0,0.0,26.49,2.21,0.0
20050920:2009,0.0,0.0,0.0,0.0,25.86,1.86,0.0
20050920:2109,0.0,0.0,0.0,0.0,25.62,1.93,0.0
20050920:2209,0.0,0.0,0.0,0.0,24.72,2.48,0.0
20050920:2309,0.0,0.0,0.0,0.0,24.65,2.83,0.0
20050921:0009,0.0,0.0,0.0,0.0,24.56,2.83,0.0
20050921:0109,0.0,0.0,0.0,0.0,24.44,2.9,0.0
20050921:0209,0.0,0.0,0.0,0.0,24.01,2.83,0.0
20050921:0309,0.0,0.0,0.0,0.0,24.23,2.48,0.0
20050921:0409,0.0,0.0,0.0,0.0,24.3,2.14,0.0
20050921:0509,66.0,82.0,0.0,16.41,25.48,1.52,0.0
20050921:0609,231.0,122.0,0.0,27.88,26.39,0.41,0.0
20050921:0709,399.01,142.0,0.0,38.42,26.19,1.66,0.0
20050921:0809,556.01,141.0,0.0,47.17,26.97,2.76,0.0
20050921:0909,662.01,138.0,0.0,52.74,26.57,3.66,0.0
20050921:1009,711.01,130.0,0.0,53.59,26.92,4.28,0.0
20050921:1109,679.01,129.0,0.0,49.42,27.04,3.93,0.0
20050921:1209,563.01,137.0,0.0,41.52,26.66,4.48,0.0
20050921:1309,273.0,211.0,0.0,31.45,26.89,4.69,0.0
20050921:1409,254.0,108.0,0.0,20.21,26.63,4.07,0.0
20050921:1509,83.0,74.0,0.0,8.42,26.44,3.24,0.0
20050921:1609,0.0,0.0,0.0,0.0,25.99,2.0,0.0
20050921:1709,0.0,0.0,0.0,0.0,24.95,1.52,0.0
20050921:1809,0.0,0.0,0.0,0.0,24.53,1.24,0.0
20050921:1909,0.0,0.0,0.0,0.0,24.26,1.1,0.0
20050921:2009,0.0,0.0,0.0,0.0,23.56,0.9,0.0
20050921:2109,0.0,0.0,0.0,0.0,23.32,1.24,0.0
20050921:2209,0.0,0.0,0.0,0.0,22.91,1.59,0.0
20050921:2309,0.0,0.0,0.0,0.0,22.91,1.03,0.0
20050922:0009,0.0,0.0,0.0,0.0,22.38,0.83,0.0
20050922:0109,0.0,0.0,0.0,0.0,22.4,1.45,0.0
20050922:0209,0.0,0.0,0.0,0.0,21.94,1.86,0.0
20050922:0309,0.0,0.0,0.0,0.0,21.44,1.93,0.0
20050922:0409,0.0,0.0,0.0,0.0,21.44,2.14,0.0
20050922:0509,0.0,54.0,0.0,16.24,22.4,1.93,0.0
20050922:0609,0.0,72.0,0.0,27.69,22.71,1.93,0.0
20050922:0709,32.0,258.0,0.0,38.18,22.53,1.93,0.0
20050922:0809,331.0,265.0,0.0,46.88,24.12,1.93,0.0
20050922:0909,587.01,176.0,0.0,52.39,24.44,2.55,0.0
20050922:1009,579.01,202.0,0.0,53.2,25.05,2.34,0.0
20050922:1109,631.01,148.0,0.0,49.02,25.2,2.83,0.0
20050922:1209,524.01,153.0,0.0,41.16,25.28,3.1,0.0
20050922:1309,416.01,125.0,0.0,31.11,25.26,2.97,0.0
20050922:1409,235.0,113.0,0.0,19.89,24.97,2.14,0.0
20050922:1509,86.0,69.0,0.0,8.11,24.26,1.1,0.0
20050922:1609,0.0,0.0,0.0,0.0,23.7,0.55,0.0
20050922:1709,0.0,0.0,0.0,0.0,23.77,1.45,0.0
20050922:1809,0.0,0.0,0.0,0.0,23.17,2.07,0.0
20050922:1909,0.0,0.0,0.0,0.0,22.81,2.34,0.0
20050922:2009,0.0,0.0,0.0,0.0,22.44,2.41,0.0
20050922:2109,0.0,0.0,0.0,0.0,22.42,2.21,0.0
20050922:2209,0.0,0.0,0.0,0.0,21.77,1.93,0.0
20050922:2309,0.0,0.0,0.0,0.0,21.78,1.72,0.0
20050923:0009,0.0,0.0,0.0,0.0,21.65,1.72,0.0
20050923:0109,0.0,0.0,0.0,0.0,21.38,1.45,0.0
20050923:0209,0.0,0.0,0.0,0.0,20.97,1.1,0.0
20050923:0309,0.0,0.0,0.0,0.0,20.9,0.9,0.0
20050923:0409,0.0,0.0,0.0,0.0,20.87,0.83,0.0
20050923:0509,69.0,77.0,0.0,16.07,22.17,0.62,0.0
20050923:0609,254.0,104.0,0.0,27.49,22.63,0.0,0.0
20050923:0709,417.01,125.0,0.0,37.95,22.81,0.62,0.0
20050923:0809,567.01,129.0,0.0,46.58,23.86,1.17,0.0
20050923:0909,630.01,148.0,0.0,52.03,23.95,2.28,0.0
20050923:1009,636.01,164.0,0.0,52.8,24.8,3.17,0.0
20050923:1109,198.0,368.0,0.0,48.63,24.54,3.93,0.0
20050923:1209,16.0,291.0,0.0,40.79,24.72,4.21,0.0
20050923:1309,406.01,128.0,0.0,30.77,24.61,3.45,0.0
20050923:1409,195.0,132.0,0.0,19.58,23.7,2.62,0.0
20050923:1509,79.0,68.0,0.0,7.8,23.6,1.1,0.0
20050923:1609,0.0,0.0,0.0,0.0,23.7,1.1,0.0
20050923:1709,0.0,0.0,0.0,0.0,23.03,2.21,0.0
20050923:1809,0.0,0.0,0.0,0.0,22.84,2.76,0.0
20050923:1909,0.0,0.0,0.0,0.0,22.44,2.69,0.0
20050923:2009,0.0,0.0,0.0,0.0,22.17,2.55,0.0
20050923:2109,0.0,0.0,0.0,0.0,21.97,2.55,0.0
20050923:2209,0.0,0.0,0.0,0.0,21.33,2.34,0.0
20050923:2309,0.0,0.0,0.0,0.0,21.37,2.41,0.0
20050924:0009,0.0,0.0,0.0,0.0,21.24,2.14,0.0
20050924:0109,0.0,0.0,0.0,0.0,21.14,2.0,0.0
20050924:0209,0.0,0.0,0.0,0.0,20.65,2.0,0.0
20050924:0309,0.0,0.0,0.0,0.0,20.54,1.93,0.0
20050924:0409,0.0,0.0,0.0,0.0,20.46,1.79,0.0
20050924:0509,55.0,80.0,0.0,15.9,21.26,2.0,0.0
20050924:0609,247.0,106.0,0.0,27.29,21.93,1.72,0.0
20050924:0709,401.01,131.0,0.0,37.71,22.08,1.24,0.0
20050924:0809,547.01,137.0,0.0,46.29,23.44,0.48,0.0
20050924:0909,106.0,380.0,0.0,51.67,23.68,1.59,0.0
20050924:1009,0.0,99.0,0.0,52.4,23.84,2.9,0.0
20050924:1109,0.0,134.0,0.0,48.24,23.59,3.24,0.0
20050924:1209,0.0,111.0,0.0,40.43,23.18,1.52,0.0
20050924:1309,0.0,52.0,0.0,30.43,23.76,1.86,0.0
20050924:1409,17.0,163.0,0.0,19.26,22.42,3.66,0.0
20050924:1509,22.0,80.0,0.0,7.49,20.61,1.79,0.0
20050924:1609,0.0,0.0,0.0,0.0,21.15,1.59,0.0
20050924:1709,0.0,0.0,0.0,0.0,20.99,1.79,0.0
20050924:1809,0.0,0.0,0.0,0.0,21.42,1.66,0.0
20050924:1909,0.0,0.0,0.0,0.0,21.53,1.72,0.0
20050924:2009,0.0,0.0,0.0,0.0,20.88,1.72,0.0
20050924:2109,0.0,0.0,0.0,0.0,20.57,1.72,0.0
20050924:2209,0.0,0.0,0.0,0.0,20.4,1.66,0.0
20050924:2309,0.0,0.0,0.0,0.0,20.22,0.76,0.0
20050925:0009,0.0,0.0,0.0,0.0,20.09,1.86,0.0
20050925:0109,0.0,0.0,0.0,0.0,20.01,1.93,0.0
20050925:0209,0.0,0.0,0.0,0.0,19.71,1.66,0.0
20050925:0309,0.0,0.0,0.0,0.0,19.71,1.59,0.0
20050925:0409,0.0,0.0,0.0,0.0,19.66,1.59,0.0
20050925:0509,72.0,73.0,0.0,15.72,20.52,1.72,0.0
20050925:0609,245.0,105.0,0.0,27.09,21.2,1.38,0.0
20050925:0709,428.01,116.0,0.0,37.47,21.56,0.83,0.0
20050925:0809,528.01,146.0,0.0,45.99,22.98,1.03,0.0
20050925:0909,631.01,143.0,0.0,51.3,23.01,2.34,0.0
20050925:1009,651.01,149.0,0.0,52.0,23.09,2.76,0.0
20050925:1109,597.01,160.0,0.0,47.85,22.95,2.76,0.0
20050925:1209,473.01,175.0,0.0,40.06,23.18,2.83,0.0
20050925:1309,382.01,135.0,0.0,30.1,23.18,3.1,0.0
20050925:1409,242.0,100.0,0.0,18.94,23.18,2.69,0.0
20050925:1509,87.0,60.0,0.0,7.18,23.14,2.0,0.0
20050925:1609,0.0,0.0,0.0,0.0,23.33,1.03,0.0
20050925:1709,0.0,0.0,0.0,0.0,22.36,0.41,0.0
20050925:1809,0.0,0.0,0.0,0.0,21.76,1.03,0.0
20050925:1909,0.0,0.0,0.0,0.0,21.35,1.17,0.0
20050925:2009,0.0,0.0,0.0,0.0,20.6,1.24,0.0
20050925:2109,0.0,0.0,0.0,0.0,20.61,1.38,0.0
20050925:2209,0.0,0.0,0.0,0.0,20.51,1.86,0.0
20050925:2309,0.0,0.0,0.0,0.0,20.58,2.07,0.0
20050926:0009,0.0,0.0,0.0,0.0,20.57,2.48,0.0
20050926:0109,0.0,0.0,0.0,0.0,20.57,2.07,0.0
20050926:0209,0.0,0.0,0.0,0.0,20.26,1.79,0.0
20050926:0309,0.0,0.0,0.0,0.0,20.18,1.66,0.0
20050926:0409,0.0,0.0,0.0,0.0,19.96,1.24,0.0
20050926:0509,59.0,76.0,0.0,15.55,20.72,1.1,0.0
20050926:0609,242.0,104.0,0.0,26.89,21.2,1.03,0.0
20050926:0709,406.01,125.0,0.0,37.23,21.57,0.9,0.0
20050926:0809,539.01,137.0,0.0,45.69,23.31,0.0,0.0
20050926:0909,626.01,142.0,0.0,50.94,23.5,0.0,0.0
20050926:1009,672.01,135.0,0.0,51.61,23.88,2.21,0.0
20050926:1109,613.01,146.0,0.0,47.46,23.85,2.48,0.0
20050926:1209,402.01,213.0,0.0,39.7,23.91,2.62,0.0
20050926:1309,369.01,139.0,0.0,29.76,23.97,2.41,0.0
20050926:1409,250.0,93.0,0.0,18.62,23.86,2.14,0.0
20050926:1509,71.0,63.0,0.0,6.88,23.85,1.72,0.0
20050926:1609,0.0,0.0,0.0,0.0,24.0,1.17,0.0
20050926:1709,0.0,0.0,0.0,0.0,23.11,1.03,0.0
20050926:1809,0.0,0.0,0.0,0.0,22.73,1.59,0.0
20050926:1909,0.0,0.0,0.0,0.0,22.23,1.66,0.0
20050926:2009,0.0,0.0,0.0,0.0,21.96,1.38,0.0
20050926:2109,0.0,0.0,0.0,0.0,22.0,1.45,0.0
20050926:2209,0.0,0.0,0.0,0.0,21.63,1.59,0.0
20050926:2309,0.0,0.0,0.0,0.0,21.58,1.79,0.0
20050927:0009,0.0,0.0,0.0,0.0,21.63,2.0,0.0
20050927:0109,0.0,0.0,0.0,0.0,21.74,2.14,0.0
20050927:0209,0.0,0.0,0.0,0.0,21.67,2.21,0.0
20050927:0309,0.0,0.0,0.0,0.0,21.79,2.34,0.0
20050927:0409,0.0,0.0,0.0,0.0,21.94,2.48,0.0
20050927:0509,49.0,78.0,0.0,15.37,22.98,2.55,0.0
20050927:0609,208.0,122.0,0.0,26.69,24.01,2.14,0.0
20050927:0709,400.01,127.0,0.0,36.98,24.68,1.45,0.0
20050927:0809,513.01,151.0,0.0,45.38,25.74,0.76,0.0
20050927:0909,606.01,152.0,0.0,50.58,25.78,0.83,0.0
20050927:1009,609.01,170.0,0.0,51.21,26.65,2.28,0.0
20050927:1109,556.01,180.0,0.0,47.07,26.64,2.97,0.0
20050927:1209,408.01,207.0,0.0,39.33,26.66,3.38,0.0
20050927:1309,388.01,125.0,0.0,29.42,26.53,3.45,0.0
20050927:1409,227.0,102.0,0.0,18.31,26.26,3.31,0.0
20050927:1509,82.0,56.0,0.0,6.57,26.23,2.48,0.0
20050927:1609,0.0,0.0,0.0,0.0,25.79,1.72,0.0
20050927:1709,0.0,0.0,0.0,0.0,24.74,0.83,0.0
20050927:1809,0.0,0.0,0.0,0.0,24.19,1.17,0.0
20050927:1909,0.0,0.0,0.0,0.0,23.85,1.72,0.0
20050927:2009,0.0,0.0,0.0,0.0,23.41,2.07,0.0
20050927:2109,0.0,0.0,0.0,0.0,23.44,2.34,0.0
20050927:2209,0.0,0.0,0.0,0.0,22.97,2.14,0.0
20050927:2309,0.0,0.0,0.0,0.0,22.84,2.55,0.0
20050928:0009,0.0,0.0,0.0,0.0,22.61,3.1,0.0
20050928:0109,0.0,0.0,0.0,0.0,22.6,3.31,0.0
20050928:0209,0.0,0.0,0.0,0.0,22.48,3.52,0.0
20050928:0309,0.0,0.0,0.0,0.0,22.67,3.79,0.0
20050928:0409,0.0,0.0,0.0,0.0,22.72,4.14,0.0
20050928:0509,39.0,79.0,0.0,15.19,23.45,4.28,0.0
20050928:0609,137.0,156.0,0.0,26.49,24.23,3.79,0.0
20050928:0709,380.01,139.0,0.0,36.73,25.07,3.24,0.0
20050928:0809,495.01,163.0,0.0,45.08,26.58,2.48,0.0
20050928:0909,597.01,159.0,0.0,50.22,26.92,0.97,0.0
20050928:1009,635.01,154.0,0.0,50.81,27.06,1.52,0.0
20050928:1109,558.01,179.0,0.0,46.68,26.56,3.45,0.0
20050928:1209,451.01,182.0,0.0,38.97,26.03,3.03,0.0
20050928:1309,381.01,128.0,0.0,29.09,26.17,3.17,0.0
20050928:1409,0.0,29.0,0.0,17.99,25.99,2.76,0.0
20050928:1509,0.0,12.0,0.0,6.26,25.49,1.38,0.0
20050928:1609,0.0,0.0,0.0,0.0,25.74,1.31,0.0
20050928:1709,0.0,0.0,0.0,0.0,25.03,1.66,0.0
20050928:1809,0.0,0.0,0.0,0.0,24.97,1.52,0.0
20050928:1909,0.0,0.0,0.0,0.0,24.49,1.66,0.0
20050928:2009,0.0,0.0,0.0,0.0,23.22,2.0,0.0
20050928:2109,0.0,0.0,0.0,0.0,22.81,2.14,0.0
20050928:2209,0.0,0.0,0.0,0.0,22.57,1.79,0.0
20050928:2309,0.0,0.0,0.0,0.0,22.39,2.14,0.0
20050929:0009,0.0,0.0,0.0,0.0,22.17,2.55,0.0
20050929:0109,0.0,0.0,0.0,0.0,22.02,3.17,0.0
20050929:0209,0.0,0.0,0.0,0.0,21.7,3.72,0.0
20050929:0309,0.0,0.0,0.0,0.0,21.76,4.07,0.0
20050929:0409,0.0,0.0,0.0,0.0,21.62,4.55,0.0
20050929:0509,66.0,71.0,0.0,15.01,22.18,4.97,0.0
20050929:0609,254.0,98.0,0.0,26.28,23.13,5.03,0.0
20050929:0709,409.01,124.0,0.0,36.49,23.95,5.52,0.0
20050929:0809,523.01,148.0,0.0,44.78,25.63,5.03,0.0
20050929:0909,627.01,144.0,0.0,49.85,26.02,4.21,0.0
20050929:1009,632.01,160.0,0.0,50.41,26.73,3.38,0.0
20050929:1109,576.01,171.0,0.0,46.29,26.98,1.72,0.0
20050929:1209,431.01,196.0,0.0,38.61,26.96,0.69,0.0
20050929:1309,357.01,144.0,0.0,28.75,26.63,1.52,0.0
20050929:1409,201.0,113.0,0.0,17.67,25.92,2.14,0.0
20050929:1509,69.0,57.0,0.0,5.96,25.51,2.48,0.0
20050929:1609,0.0,0.0,0.0,0.0,24.94,2.97,0.0
20050929:1709,0.0,0.0,0.0,0.0,23.95,2.83,0.0
20050929:1809,0.0,0.0,0.0,0.0,24.75,0.0,0.0
20050929:1909,0.0,0.0,0.0,0.0,24.39,0.0,0.0
20050929:2009,0.0,0.0,0.0,0.0,23.03,2.28,0.0
20050929:2109,0.0,0.0,0.0,0.0,22.88,2.34,0.0
20050929:2209,0.0,0.0,0.0,0.0,22.58,2.41,0.0
20050929:2309,0.0,0.0,0.0,0.0,22.22,2.83,0.0
20050930:0009,0.0,0.0,0.0,0.0,21.8,3.31,0.0
20050930:0109,0.0,0.0,0.0,0.0,21.6,3.45,0.0
20050930:0209,0.0,0.0,0.0,0.0,21.32,3.66,0.0
20050930:0309,0.0,0.0,0.0,0.0,21.18,3.72,0.0
20050930:0409,0.0,0.0,0.0,0.0,20.99,3.79,0.0
20050930:0509,61.0,70.0,0.0,14.83,21.54,3.72,0.0
20050930:0609,200.0,124.0,0.0,26.07,22.46,3.38,0.0
20050930:0709,412.01,119.0,0.0,36.24,23.21,2.76,0.0
20050930:0809,548.01,130.0,0.0,44.47,24.59,1.93,0.0
20050930:0909,596.01,158.0,0.0,49.49,24.68,1.52,0.0
20050930:1009,622.01,160.0,0.0,50.02,25.35,2.34,0.0
20050930:1109,589.01,157.0,0.0,45.9,25.05,3.31,0.0
20050930:1209,455.01,176.0,0.0,38.25,24.96,3.72,0.0
20050930:1309,383.01,123.0,0.0,28.42,24.84,3.86,0.0
20050930:1409,210.0,104.0,0.0,17.36,24.45,3.45,0.0
20050930:1509,61.0,31.14,0.0,5.66,24.32,2.55,0.0
20050930:1609,0.0,0.0,0.0,0.0,24.14,1.86,0.0
20050930:1709,0.0,0.0,0.0,0.0,23.65,0.97,0.0
20050930:1809,0.0,0.0,0.0,0.0,22.83,0.62,0.0
20050930:1909,0.0,0.0,0.0,0.0,22.12,0.97,0.0
20050930:2009,0.0,0.0,0.0,0.0,21.72,1.1,0.0
20050930:2109,0.0,0.0,0.0,0.0,21.52,1.31,0.0
20050930:2209,0.0,0.0,0.0,0.0,20.8,1.45,0.0
20050930:2309,0.0,0.0,0.0,0.0,20.63,1.79,0.0
20051001:0009,0.0,0.0,0.0,0.0,20.5,2.14,0.0
20051001:0109,0.0,0.0,0.0,0.0,20.52,2.34,0.0
20051001:0209,0.0,0.0,0.0,0.0,20.17,2.34,0.0
20051001:0309,0.0,0.0,0.0,0.0,20.0,2.28,0.0
20051001:0409,0.0,0.0,0.0,0.0,19.66,2.21,0.0
20051001:0509,17.0,75.0,0.0,14.65,20.45,2.14,0.0
20051001:0609,174.0,132.0,0.0,25.86,20.96,1.93,0.0
20051001:0709,336.01,155.0,0.0,35.98,20.97,1.86,0.0
20051001:0809,302.0,259.0,0.0,44.16,22.08,1.79,0.0
20051001:0909,520.01,193.0,0.0,49.12,22.23,2.0,0.0
20051001:1009,463.01,244.0,0.0,49.62,22.9,1.93,0.0
20051001:1109,105.0,363.0,0.0,45.51,23.02,2.48,0.0
20051001:1209,4.0,237.0,0.0,37.88,23.16,2.97,0.0
20051001:1309,157.0,230.0,0.0,28.08,23.16,2.97,0.0
20051001:1409,159.0,124.0,0.0,17.05,22.92,2.34,0.0
20051001:1509,63.0,26.28,0.0,5.35,22.69,1.79,0.0
20051001:1609,0.0,0.0,0.0,0.0,22.65,1.38,0.0
20051001:1709,0.0,0.0,0.0,0.0,22.51,0.9,0.0
20051001:1809,0.0,0.0,0.0,0.0,22.09,1.03,0.0
20051001:1909,0.0,0.0,0.0,0.0,21.5,1.17,0.0
20051001:2009,0.0,0.0,0.0,0.0,21.19,1.17,0.0
20051001:2109,0.0,0.0,0.0,0.0,21.1,1.45,0.0
20051001:2209,0.0,0.0,0.0,0.0,20.94,1.45,0.0
20051001:2309,0.0,0.0,0.0,0.0,20.84,1.1,0.0
20051002:0009,0.0,0.0,0.0,0.0,20.87,1.17,0.0
20051002:0109,0.0,0.0,0.0,0.0,20.84,1.45,0.0
20051002:0209,0.0,0.0,0.0,0.0,20.63,1.31,0.0
20051002:0309,0.0,0.0,0.0,0.0,20.52,1.17,0.0
20051002:0409,0.0,0.0,0.0,0.0,20.48,1.45,0.0
20051002:0509,2.0,56.0,0.0,14.46,21.18,2.41,0.0
20051002:0609,141.0,143.0,0.0,25.65,20.98,3.17,0.0
20051002:0709,59.0,252.0,0.0,35.73,20.72,3.66,0.0
20051002:0809,0.0,150.0,0.0,43.85,20.91,4.34,0.0
20051002:0909,0.0,134.0,0.0,48.76,21.1,5.79,0.0
20051002:1009,0.0,89.0,0.0,49.23,21.34,7.31,0.0
20051002:1109,0.0,77.0,0.0,45.12,21.5,7.59,0.0
20051002:1209,0.0,61.0,0.0,37.52,20.97,8.83,0.0
20051002:1309,0.0,43.0,0.0,27.75,21.54,7.66,0.0
20051002:1409,119.0,137.0,0.0,16.73,21.71,6.83,0.0
20051002:1509,0.0,10.0,0.0,5.05,22.04,6.48,0.0
20051002:1609,0.0,0.0,0.0,0.0,22.4,5.86,0.0
20051002:1709,0.0,0.0,0.0,0.0,22.11,5.17,0.0
20051002:1809,0.0,0.0,0.0,0.0,21.99,4.55,0.0
20051002:1909,0.0,0.0,0.0,0.0,21.87,3.52,0.0
20051002:2009,0.0,0.0,0.0,0.0,21.54,2.48,0.0
20051002:2109,0.0,0.0,0.0,0.0,20.63,1.52,0.0
20051002:2209,0.0,0.0,0.0,0.0,20.53,1.59,0.0
20051002:2309,0.0,0.0,0.0,0.0,20.16,3.1,0.0
20051003:0009,0.0,0.0,0.0,0.0,19.71,4.14,0.0
20051003:0109,0.0,0.0,0.0,0.0,19.31,4.28,0.0
20051003:0209,0.0,0.0,0.0,0.0,19.05,3.86,0.0
20051003:0309,0.0,0.0,0.0,0.0,18.99,3.17,0.0
20051003:0409,0.0,0.0,0.0,0.0,19.05,3.31,0.0
20051003:0509,81.0,57.0,0.0,14.28,19.78,3.86,0.0
20051003:0609,245.0,93.0,0.0,25.43,20.66,3.93,0.0
20051003:0709,422.01,107.0,0.0,35.47,21.54,3.86,0.0
20051003:0809,562.01,114.0,0.0,43.54,23.14,3.93,0.0
20051003:0909,684.01,100.0,0.0,48.39,23.83,3.79,0.0
20051003:1009,713.01,100.0,0.0,48.83,24.73,4.14,0.0
20051003:1109,674.01,100.0,0.0,44.73,25.13,3.38,0.0
20051003:1209,515.01,128.0,0.0,37.17,25.31,2.41,0.0
20051003:1309,377.01,115.0,0.0,27.42,25.12,1.1,0.0
20051003:1409,181.0,109.0,0.0,16.42,24.75,0.55,0.0
20051003:1509,38.0,37.21,0.0,4.76,24.52,1.52,0.0
20051003:1609,0.0,0.0,0.0,0.0,24.52,2.55,0.0
20051003:1709,0.0,0.0,0.0,0.0,24.09,3.86,0.0
20051003:1809,0.0,0.0,0.0,0.0,24.26,4.83,0.0
20051003:1909,0.0,0.0,0.0,0.0,24.11,5.17,0.0
20051003:2009,0.0,0.0,0.0,0.0,23.57,5.17,0.0
20051003:2109,0.0,0.0,0.0,0.0,23.21,4.97,0.0
20051003:2209,0.0,0.0,0.0,0.0,22.83,5.24,0.0
20051003:2309,0.0,0.0,0.0,0.0,22.48,5.17,0.0
20051004:0009,0.0,0.0,0.0,0.0,22.17,5.03,0.0
20051004:0109,0.0,0.0,0.0,0.0,21.9,4.97,0.0
20051004:0209,0.0,0.0,0.0,0.0,21.54,4.83,0.0
20051004:0309,0.0,0.0,0.0,0.0,21.36,4.83,0.0
20051004:0409,0.0,0.0,0.0,0.0,21.13,4.83,0.0
20051004:0509,85.0,54.0,0.0,14.09,21.62,4.97,0.0
20051004:0609,242.0,93.0,0.0,25.22,22.19,4.9,0.0
20051004:0709,413.01,109.0,0.0,35.22,22.95,4.83,0.0
20051004:0809,558.01,114.0,0.0,43.23,24.43,4.62,0.0
20051004:0909,630.01,126.0,0.0,48.02,24.94,3.86,0.0
20051004:1009,639.01,137.0,0.0,48.44,25.98,3.38,0.0
20051004:1109,603.01,135.0,0.0,44.35,26.22,2.34,0.0
20051004:1209,486.01,142.0,0.0,36.81,26.26,1.24,0.0
20051004:1309,403.01,99.0,0.0,27.09,26.15,0.28,0.0
20051004:1409,220.0,86.0,0.0,16.11,25.69,1.03,0.0
20051004:1509,41.0,32.55,0.0,4.46,25.4,1.93,0.0
20051004:1609,0.0,0.0,0.0,0.0,25.43,2.62,0.0
20051004:1709,0.0,0.0,0.0,0.0,24.42,2.76,0.0
20051004:1809,0.0,0.0,0.0,0.0,24.24,3.1,0.0
20051004:1909,0.0,0.0,0.0,0.0,24.32,3.79,0.0
20051004:2009,0.0,0.0,0.0,0.0,23.85,4.28,0.0
20051004:2109,0.0,0.0,0.0,0.0,23.42,4.41,0.0
20051004:2209,0.0,0.0,0.0,0.0,22.71,4.48,0.0
20051004:2309,0.0,0.0,0.0,0.0,22.36,4.41,0.0
20051005:0009,0.0,0.0,0.0,0.0,22.08,4.21,0.0
20051005:0109,0.0,0.0,0.0,0.0,21.85,4.14,0.0
20051005:0209,0.0,0.0,0.0,0.0,21.61,4.14,0.0
20051005:0309,0.0,0.0,0.0,0.0,21.47,4.28,0.0
20051005:0409,0.0,0.0,0.0,0.0,21.35,4.28,0.0
20051005:0509,77.0,55.0,0.0,13.9,21.99,4.34,0.0
20051005:0609,243.0,91.0,0.0,25.0,22.62,4.21,0.0
20051005:0709,414.01,109.0,0.0,34.96,23.39,3.93,0.0
20051005:0809,568.01,109.0,0.0,42.92,25.17,3.93,0.0
20051005:0909,681.01,99.0,0.0,47.66,25.63,3.52,0.0
20051005:1009,710.01,99.0,0.0,48.05,26.32,2.69,0.0
20051005:1109,670.01,99.0,0.0,43.97,26.45,1.86,0.0
20051005:1209,539.01,112.0,0.0,36.45,26.47,0.97,0.0
20051005:1309,412.01,93.0,0.0,26.76,26.43,0.69,0.0
20051005:1409,201.0,93.0,0.0,15.8,25.86,1.93,0.0
20051005:1509,38.0,32.1,0.0,4.16,25.47,2.83,0.0
20051005:1609,0.0,0.0,0.0,0.0,26.08,3.03,0.0
20051005:1709,0.0,0.0,0.0,0.0,25.1,2.83,0.0
20051005:1809,0.0,0.0,0.0,0.0,23.43,2.76,0.0
20051005:1909,0.0,0.0,0.0,0.0,23.62,3.24,0.0
20051005:2009,0.0,0.0,0.0,0.0,23.31,3.66,0.0
20051005:2109,0.0,0.0,0.0,0.0,23.04,3.93,0.0
20051005:2209,0.0,0.0,0.0,0.0,22.29,4.41,0.0
20051005:2309,0.0,0.0,0.0,0.0,21.96,4.48,0.0
20051006:0009,0.0,0.0,0.0,0.0,21.66,4.41,0.0
20051006:0109,0.0,0.0,0.0,0.0,21.44,4.41,0.0
20051006:0209,0.0,0.0,0.0,0.0,21.04,4.34,0.0
20051006:0309,0.0,0.0,0.0,0.0,20.83,4.34,0.0
20051006:0409,0.0,0.0,0.0,0.0,20.55,4.28,0.0
20051006:0509,73.0,55.0,0.0,13.71,20.89,4.34,0.0
20051006:0609,223.0,100.0,0.0,24.78,21.37,4.41,0.0
20051006:0709,396.01,116.0,0.0,34.7,22.07,4.55,0.0
20051006:0809,521.01,132.0,0.0,42.6,23.68,4.21,0.0
20051006:0909,605.01,138.0,0.0,47.29,24.24,3.38,0.0
20051006:1009,607.01,154.0,0.0,47.66,25.31,2.48,0.0
20051006:1109,594.01,137.0,0.0,43.58,25.49,1.66,0.0
20051006:1209,493.01,134.0,0.0,36.1,25.46,1.52,0.0
20051006:1309,389.01,102.0,0.0,26.43,25.24,1.86,0.0
20051006:1409,174.0,104.0,0.0,15.5,24.65,1.93,0.0
20051006:1509,33.0,32.78,0.0,3.87,24.29,2.14,0.0
20051006:1609,0.0,0.0,0.0,0.0,25.12,2.62,0.0
20051006:1709,0.0,0.0,0.0,0.0,24.26,1.93,0.0
20051006:1809,0.0,0.0,0.0,0.0,23.65,1.24,0.0
20051006:1909,0.0,0.0,0.0,0.0,22.73,1.72,0.0
20051006:2009,0.0,0.0,0.0,0.0,22.3,2.0,0.0
20051006:2109,0.0,0.0,0.0,0.0,22.21,2.21,0.0
20051006:2209,0.0,0.0,0.0,0.0,22.04,2.48,0.0
20051006:2309,0.0,0.0,0.0,0.0,22.02,2.76,0.0
20051007:0009,0.0,0.0,0.0,0.0,21.92,3.24,0.0
20051007:0109,0.0,0.0,0.0,0.0,21.91,3.66,0.0
20051007:0209,0.0,0.0,0.0,0.0,21.5,3.59,0.0
20051007:0309,0.0,0.0,0.0,0.0,21.32,3.59,0.0
20051007:0409,0.0,0.0,0.0,0.0,21.04,3.79,0.0
20051007:0509,39.0,66.0,0.0,13.52,21.39,3.93,0.0
20051007:0609,230.0,94.0,0.0,24.56,21.81,3.86,0.0
20051007:0709,351.01,139.0,0.0,34.44,22.54,3.66,0.0
20051007:0809,327.01,240.0,0.0,42.29,24.38,3.72,0.0
20051007:0909,363.01,275.0,0.0,46.93,24.89,3.38,0.0
20051007:1009,412.01,265.0,0.0,47.27,25.58,2.76,0.0
20051007:1109,230.0,328.0,0.0,43.2,25.68,1.24,0.0
20051007:1209,151.0,300.0,0.0,35.74,25.66,0.41,0.0
20051007:1309,189.0,204.0,0.0,26.11,25.82,0.76,0.0
20051007:1409,94.0,137.0,0.0,15.2,25.37,1.45,0.0
20051007:1509,0.0,41.0,0.0,3.58,25.0,2.07,0.0
20051007:1609,0.0,0.0,0.0,0.0,25.75,2.21,0.0
20051007:1709,0.0,0.0,0.0,0.0,24.53,2.28,0.0
20051007:1809,0.0,0.0,0.0,0.0,23.36,0.0,0.0
20051007:1909,0.0,0.0,0.0,0.0,23.3,0.0,0.0
20051007:2009,0.0,0.0,0.0,0.0,23.14,3.1,0.0
20051007:2109,0.0,0.0,0.0,0.0,22.85,3.66,0.0
20051007:2209,0.0,0.0,0.0,0.0,22.36,4.21,0.0
20051007:2309,0.0,0.0,0.0,0.0,22.09,4.62,0.0
20051008:0009,0.0,0.0,0.0,0.0,21.76,4.9,0.0
20051008:0109,0.0,0.0,0.0,0.0,21.49,4.9,0.0
20051008:0209,0.0,0.0,0.0,0.0,21.02,4.9,0.0
20051008:0309,0.0,0.0,0.0,0.0,20.96,4.9,0.0
20051008:0409,0.0,0.0,0.0,0.0,20.8,4.9,0.0
20051008:0509,68.0,55.0,0.0,13.32,20.9,4.97,0.0
20051008:0609,233.0,92.0,0.0,24.34,21.25,5.03,0.0
20051008:0709,390.01,117.0,0.0,34.17,21.9,5.17,0.0
20051008:0809,528.01,127.0,0.0,41.97,23.57,5.03,0.0
20051008:0909,604.01,137.0,0.0,46.56,24.14,4.28,0.0
20051008:1009,572.01,174.0,0.0,46.88,25.14,3.72,0.0
20051008:1109,608.01,127.0,0.0,42.82,25.41,2.76,0.0
20051008:1209,471.01,145.0,0.0,35.39,25.56,1.72,0.0
20051008:1309,390.01,98.0,0.0,25.78,25.52,0.83,0.0
20051008:1409,197.0,87.0,0.0,14.89,24.9,1.17,0.0
20051008:1509,0.0,46.0,0.0,3.29,24.25,1.86,0.0
20051008:1609,0.0,0.0,0.0,0.0,24.96,2.41,0.0
20051008:1709,0.0,0.0,0.0,0.0,24.16,2.14,0.0
20051008:1809,0.0,0.0,0.0,0.0,23.29,1.93,0.0
20051008:1909,0.0,0.0,0.0,0.0,22.73,1.93,0.0
20051008:2009,0.0,0.0,0.0,0.0,22.28,2.48,0.0
20051008:2109,0.0,0.0,0.0,0.0,22.18,2.97,0.0
20051008:2209,0.0,0.0,0.0,0.0,21.4,3.31,0.0
20051008:2309,0.0,0.0,0.0,0.0,21.09,3.66,0.0
20051009:0009,0.0,0.0,0.0,0.0,20.86,4.0,0.0
20051009:0109,0.0,0.0,0.0,0.0,20.67,4.14,0.0
20051009:0209,0.0,0.0,0.0,0.0,20.21,4.14,0.0
20051009:0309,0.0,0.0,0.0,0.0,20.15,4.07,0.0
20051009:0409,0.0,0.0,0.0,0.0,19.93,3.93,0.0
20051009:0509,61.0,55.0,0.0,13.13,20.31,3.93,0.0
20051009:0609,222.0,93.0,0.0,24.12,20.6,3.72,0.0
20051009:0709,376.01,118.0,0.0,33.91,21.12,3.38,0.0
20051009:0809,511.01,128.0,0.0,41.66,22.96,2.83,0.0
20051009:0909,619.01,121.0,0.0,46.2,23.2,2.07,0.0
20051009:1009,600.01,145.0,0.0,46.49,24.21,1.59,0.0
20051009:1109,622.01,111.0,0.0,42.45,24.18,1.31,0.0
20051009:1209,429.01,161.0,0.0,35.04,24.11,1.72,0.0
20051009:1309,374.01,99.0,0.0,25.46,23.95,2.0,0.0
20051009:1409,179.0,91.0,0.0,14.59,23.5,1.59,0.0
20051009:1509,0.0,39.0,0.0,3.0,23.33,0.97,0.0
20051009:1609,0.0,0.0,0.0,0.0,23.73,0.28,0.0
20051009:1709,0.0,0.0,0.0,0.0,22.27,0.28,0.0
20051009:1809,0.0,0.0,0.0,0.0,21.54,0.97,0.0
20051009:1909,0.0,0.0,0.0,0.0,21.46,1.24,0.0
20051009:2009,0.0,0.0,0.0,0.0,20.77,1.72,0.0
20051009:2109,0.0,0.0,0.0,0.0,20.64,1.86,0.0
20051009:2209,0.0,0.0,0.0,0.0,20.54,2.28,0.0
20051009:2309,0.0,0.0,0.0,0.0,20.38,1.93,0.0
20051010:0009,0.0,0.0,0.0,0.0,20.24,1.93,0.0
20051010:0109,0.0,0.0,0.0,0.0,20.04,2.14,0.0
20051010:0209,0.0,0.0,0.0,0.0,19.93,2.34,0.0
20051010:0309,0.0,0.0,0.0,0.0,20.0,2.48,0.0
20051010:0409,0.0,0.0,0.0,0.0,19.88,2.55,0.0
20051010:0509,0.0,31.0,0.0,12.93,20.38,2.69,0.0
20051010:0609,238.0,82.0,0.0,23.89,20.81,2.34,0.0
20051010:0709,115.0,239.0,0.0,33.64,21.37,1.79,0.0
20051010:0809,334.01,225.0,0.0,41.34,22.78,1.38,0.0
20051010:0909,269.0,307.0,0.0,45.83,22.74,1.59,0.0
20051010:1009,515.01,191.0,0.0,46.1,23.28,1.79,0.0
20051010:1109,475.01,190.0,0.0,42.07,23.27,1.45,0.0
20051010:1209,272.0,241.0,0.0,34.7,23.28,0.9,0.0
20051010:1309,339.01,112.0,0.0,25.14,23.4,0.76,0.0
20051010:1409,199.0,77.0,0.0,14.3,22.95,0.9,0.0
20051010:1509,0.0,43.0,0.0,2.72,22.88,0.62,0.0
20051010:1609,0.0,0.0,0.0,0.0,22.86,0.34,0.0
20051010:1709,0.0,0.0,0.0,0.0,21.84,0.62,0.0
20051010:1809,0.0,0.0,0.0,0.0,21.17,0.97,0.0
20051010:1909,0.0,0.0,0.0,0.0,21.2,1.38,0.0
20051010:2009,0.0,0.0,0.0,0.0,20.68,1.93,0.0
20051010:2109,0.0,0.0,0.0,0.0,20.48,2.28,0.0
20051010:2209,0.0,0.0,0.0,0.0,20.47,2.14,0.0
20051010:2309,0.0,0.0,0.0,0.0,20.43,2.21,0.0
20051011:0009,0.0,0.0,0.0,0.0,20.43,2.21,0.0
20051011:0109,0.0,0.0,0.0,0.0,20.33,2.07,0.0
20051011:0209,0.0,0.0,0.0,0.0,19.79,2.07,0.0
20051011:0309,0.0,0.0,0.0,0.0,19.77,2.07,0.0
20051011:0409,0.0,0.0,0.0,0.0,19.69,2.14,0.0
20051011:0509,0.0,22.0,0.0,12.74,20.19,2.28,0.0
20051011:0609,0.0,99.0,0.0,23.67,20.85,1.93,0.0
20051011:0709,3.0,181.0,0.0,33.37,21.07,1.17,0.0
20051011:0809,67.0,304.0,0.0,41.02,21.59,0.97,0.0
20051011:0909,0.0,156.0,0.0,45.47,21.54,0.83,0.0
20051011:1009,107.0,357.0,0.0,45.72,22.76,2.28,0.0
20051011:1109,0.0,66.0,0.0,41.7,22.49,1.45,0.0
20051011:1209,0.0,80.0,0.0,34.35,22.29,2.07,0.0
20051011:1309,0.0,75.0,0.0,24.83,22.2,1.66,0.0
20051011:1409,0.0,80.0,0.0,14.0,21.2,1.31,0.0
20051011:1509,0.0,37.0,0.0,2.44,20.32,1.03,0.0
20051011:1609,0.0,0.0,0.0,0.0,19.69,1.79,0.0
20051011:1709,0.0,0.0,0.0,0.0,18.98,1.59,0.0
20051011:1809,0.0,0.0,0.0,0.0,19.26,1.45,0.0
20051011:1909,0.0,0.0,0.0,0.0,19.39,1.24,0.0
20051011:2009,0.0,0.0,0.0,0.0,18.91,1.1,0.0
20051011:2109,0.0,0.0,0.0,0.0,18.95,1.38,0.0
20051011:2209,0.0,0.0,0.0,0.0,18.2,1.66,0.0
20051011:2309,0.0,0.0,0.0,0.0,18.13,1.52,0.0
20051012:0009,0.0,0.0,0.0,0.0,18.07,1.31,0.0
20051012:0109,0.0,0.0,0.0,0.0,17.92,1.38,0.0
20051012:0209,0.0,0.0,0.0,0.0,17.35,1.66,0.0
20051012:0309,0.0,0.0,0.0,0.0,17.48,1.79,0.0
20051012:0409,0.0,0.0,0.0,0.0,17.61,2.21,0.0
20051012:0509,56.0,50.0,0.0,12.54,18.24,2.62,0.0
20051012:0609,225.0,83.0,0.0,23.44,18.33,2.55,0.0
20051012:0709,379.01,106.0,0.0,33.11,18.44,2.21,0.0
20051012:0809,492.01,126.0,0.0,40.7,19.73,2.0,0.0
20051012:0909,582.01,126.0,0.0,45.11,19.83,1.86,0.0
20051012:1009,581.01,140.0,0.0,45.34,20.86,2.14,0.0
20051012:1109,559.01,130.0,0.0,41.33,20.7,2.28,0.0
20051012:1209,404.01,159.0,0.0,34.01,20.82,2.62,0.0
20051012:1309,276.01,139.0,0.0,24.51,20.8,2.41,0.0
20051012:1409,147.0,95.0,0.0,13.71,20.75,2.0,0.0
20051012:1509,0.0,38.0,0.0,2.16,20.65,1.17,0.0
20051012:1609,0.0,0.0,0.0,0.0,20.94,0.28,0.0
20051012:1709,0.0,0.0,0.0,0.0,20.0,0.9,0.0
20051012:1809,0.0,0.0,0.0,0.0,19.28,1.38,0.0
20051012:1909,0.0,0.0,0.0,0.0,19.23,1.45,0.0
20051012:2009,0.0,0.0,0.0,0.0,18.84,1.45,0.0
20051012:2109,0.0,0.0,0.0,0.0,18.83,1.72,0.0
20051012:2209,0.0,0.0,0.0,0.0,18.89,1.59,0.0
20051012:2309,0.0,0.0,0.0,0.0,18.9,2.34,0.0
20051013:0009,0.0,0.0,0.0,0.0,18.99,2.69,0.0
20051013:0109,0.0,0.0,0.0,0.0,18.95,2.62,0.0
20051013:0209,0.0,0.0,0.0,0.0,18.81,2.62,0.0
20051013:0309,0.0,0.0,0.0,0.0,18.87,2.41,0.0
20051013:0409,0.0,0.0,0.0,0.0,19.02,2.21,0.0
20051013:0509,5.0,53.0,0.0,12.34,19.76,2.07,0.0
20051013:0609,77.0,149.0,0.0,23.21,20.25,1.72,0.0
20051013:0709,251.0,176.0,0.0,32.84,20.59,1.03,0.0
20051013:0809,108.0,303.0,0.0,40.39,21.93,0.34,0.0
20051013:0909,99.0,344.0,0.0,44.75,22.05,0.69,0.0
20051013:1009,655.01,101.0,0.0,44.96,22.69,1.24,0.0
20051013:1109,89.0,336.0,0.0,40.96,22.45,1.79,0.0
20051013:1209,66.0,288.0,0.0,33.67,22.27,1.79,0.0
20051013:1309,285.01,132.0,0.0,24.2,22.26,1.66,0.0
20051013:1409,184.0,76.0,0.0,13.42,21.86,1.1,0.0
20051013:1509,0.0,34.0,0.0,1.89,21.78,0.41,0.0
20051013:1609,0.0,0.0,0.0,0.0,21.52,0.41,0.0
20051013:1709,0.0,0.0,0.0,0.0,20.7,1.03,0.0
20051013:1809,0.0,0.0,0.0,0.0,20.41,1.45,0.0
20051013:1909,0.0,0.0,0.0,0.0,20.56,1.45,0.0
20051013:2009,0.0,0.0,0.0,0.0,20.18,1.59,0.0
20051013:2109,0.0,0.0,0.0,0.0,20.15,1.72,0.0
20051013:2209,0.0,0.0,0.0,0.0,20.22,1.93,0.0
20051013:2309,0.0,0.0,0.0,0.0,20.26,1.79,0.0
20051014:0009,0.0,0.0,0.0,0.0,20.24,1.79,0.0
20051014:0109,0.0,0.0,0.0,0.0,20.24,2.07,0.0
20051014:0209,0.0,0.0,0.0,0.0,19.97,0.0,0.0
20051014:0309,0.0,0.0,0.0,0.0,19.93,0.0,0.0
20051014:0409,0.0,0.0,0.0,0.0,19.88,2.41,0.0
20051014:0509,52.0,49.0,0.0,12.14,20.36,2.41,0.0
20051014:0609,194.0,96.0,0.0,22.98,21.13,2.07,0.0
20051014:0709,374.01,106.0,0.0,32.57,21.84,1.31,0.0
20051014:0809,480.01,130.0,0.0,40.07,23.12,0.41,0.0
20051014:0909,590.01,121.0,0.0,44.39,23.34,0.9,0.0
20051014:1009,550.01,158.0,0.0,44.58,23.75,1.72,0.0
20051014:1109,505.01,160.0,0.0,40.6,23.67,2.55,0.0
20051014:1209,458.01,124.0,0.0,33.33,23.62,3.17,0.0
20051014:1309,321.01,110.0,0.0,23.89,23.71,3.45,0.0
20051014:1409,153.0,88.0,0.0,13.13,23.3,3.17,0.0
20051014:1509,0.0,34.0,0.0,1.62,23.06,2.48,0.0
20051014:1609,0.0,0.0,0.0,0.0,23.54,2.0,0.0
20051014:1709,0.0,0.0,0.0,0.0,22.26,1.24,0.0
20051014:1809,0.0,0.0,0.0,0.0,21.79,1.1,0.0
20051014:1909,0.0,0.0,0.0,0.0,21.61,1.17,0.0
20051014:2009,0.0,0.0,0.0,0.0,21.04,1.24,0.0
20051014:2109,0.0,0.0,0.0,0.0,20.93,1.72,0.0
20051014:2209,0.0,0.0,0.0,0.0,20.82,1.86,0.0
20051014:2309,0.0,0.0,0.0,0.0,20.86,2.34,0.0
20051015:0009,0.0,0.0,0.0,0.0,20.76,2.83,0.0
20051015:0109,0.0,0.0,0.0,0.0,20.72,2.9,0.0
20051015:0209,0.0,0.0,0.0,0.0,20.27,2.97,0.0
20051015:0309,0.0,0.0,0.0,0.0,20.17,3.1,0.0
20051015:0409,0.0,0.0,0.0,0.0,19.98,3.24,0.0
20051015:0509,38.0,53.0,0.0,11.93,20.27,3.31,0.0
20051015:0609,173.0,104.0,0.0,22.75,20.74,3.1,0.0
20051015:0709,337.01,123.0,0.0,32.3,21.45,2.62,0.0
20051015:0809,481.01,126.0,0.0,39.75,23.03,2.14,0.0
20051015:0909,568.01,129.0,0.0,44.03,23.2,1.52,0.0
20051015:1009,544.01,158.0,0.0,44.21,23.85,1.38,0.0
20051015:1109,499.01,159.0,0.0,40.24,23.46,2.14,0.0
20051015:1209,446.01,127.0,0.0,33.0,23.18,2.62,0.0
20051015:1309,350.01,92.0,0.0,23.59,22.94,2.34,0.0
20051015:1409,143.0,90.0,0.0,12.85,22.49,1.79,0.0
20051015:1509,0.0,30.0,0.0,1.35,22.3,1.24,0.0
20051015:1609,0.0,0.0,0.0,0.0,22.66,0.9,0.0
20051015:1709,0.0,0.0,0.0,0.0,21.15,0.55,0.0
20051015:1809,0.0,0.0,0.0,0.0,20.97,1.45,0.0
20051015:1909,0.0,0.0,0.0,0.0,21.0,1.59,0.0
20051015:2009,0.0,0.0,0.0,0.0,20.47,1.93,0.0
20051015:2109,0.0,0.0,0.0,0.0,20.25,2.55,0.0
20051015:2209,0.0,0.0,0.0,0.0,19.87,2.34,0.0
20051015:2309,0.0,0.0,0.0,0.0,20.09,3.24,0.0
20051016:0009,0.0,0.0,0.0,0.0,19.74,2.28,0.0
20051016:0109,0.0,0.0,0.0,0.0,19.38,1.86,0.0
20051016:0209,0.0,0.0,0.0,0.0,18.38,2.55,0.0
20051016:0309,0.0,0.0,0.0,0.0,17.56,2.21,0.0
20051016:0409,0.0,0.0,0.0,0.0,17.16,2.55,0.0
20051016:0509,1.0,41.0,0.0,11.73,16.76,3.17,0.0
20051016:0609,0.0,94.0,0.0,22.52,16.8,3.59,0.0
20051016:0709,0.0,50.0,0.0,32.02,16.58,3.59,0.0
20051016:0809,0.0,89.0,0.0,39.43,16.74,3.72,0.0
20051016:0909,0.0,127.0,0.0,43.67,17.15,3.93,0.0
20051016:1009,0.0,88.0,0.0,43.83,17.7,3.45,0.0
20051016:1109,0.0,128.0,0.0,39.88,17.11,3.38,0.0
20051016:1209,5.0,220.0,0.0,32.67,15.82,2.0,0.0
20051016:1309,108.0,205.0,0.0,23.28,15.01,0.62,0.0
20051016:1409,5.0,103.0,0.0,12.57,14.81,1.59,0.0
20051016:1509,0.0,10.0,0.0,1.08,15.37,2.83,0.0
20051016:1609,0.0,0.0,0.0,0.0,16.13,3.03,0.0
20051016:1709,0.0,0.0,0.0,0.0,16.46,3.31,0.0
20051016:1809,0.0,0.0,0.0,0.0,16.91,2.97,0.0
20051016:1909,0.0,0.0,0.0,0.0,17.09,2.55,0.0
20051016:2009,0.0,0.0,0.0,0.0,17.19,1.93,0.0
20051016:2109,0.0,0.0,0.0,0.0,17.38,1.59,0.0
20051016:2209,0.0,0.0,0.0,0.0,17.56,1.31,0.0
20051016:2309,0.0,0.0,0.0,0.0,17.34,1.31,0.0
20051017:0009,0.0,0.0,0.0,0.0,17.22,1.52,0.0
20051017:0109,0.0,0.0,0.0,0.0,16.89,1.52,0.0
20051017:0209,0.0,0.0,0.0,0.0,16.34,1.66,0.0
20051017:0309,0.0,0.0,0.0,0.0,15.84,1.72,0.0
20051017:0409,0.0,0.0,0.0,0.0,15.51,2.0,0.0
20051017:0509,53.0,44.0,0.0,11.52,15.73,2.28,0.0
20051017:0609,141.0,118.0,0.0,22.28,16.47,2.34,0.0
20051017:0709,221.0,185.0,0.0,31.75,17.27,1.93,0.0
20051017:0809,300.01,228.0,0.0,39.11,18.11,2.14,0.0
20051017:0909,247.0,301.0,0.0,43.32,18.75,2.48,0.0
20051017:1009,120.0,349.0,0.0,43.46,19.23,3.31,0.0
20051017:1109,325.01,256.0,0.0,39.52,19.1,3.17,0.0
20051017:1209,498.01,97.0,0.0,32.34,18.95,3.17,0.0
20051017:1309,346.01,90.0,0.0,22.98,18.91,3.03,0.0
20051017:1409,148.0,82.0,0.0,12.29,18.73,2.9,0.0
20051017:1509,0.0,28.0,0.0,0.82,19.03,2.07,0.0
20051017:1609,0.0,0.0,0.0,0.0,18.7,1.03,0.0
20051017:1709,0.0,0.0,0.0,0.0,18.0,0.28,0.0
20051017:1809,0.0,0.0,0.0,0.0,17.78,1.59,0.0
20051017:1909,0.0,0.0,0.0,0.0,17.44,2.34,0.0
20051017:2009,0.0,0.0,0.0,0.0,17.12,2.48,0.0
20051017:2109,0.0,0.0,0.0,0.0,16.9,2.34,0.0
20051017:2209,0.0,0.0,0.0,0.0,16.82,2.14,0.0
20051017:2309,0.0,0.0,0.0,0.0,16.66,2.14,0.0
20051018:0009,0.0,0.0,0.0,0.0,16.64,1.17,0.0
20051018:0109,0.0,0.0,0.0,0.0,16.54,1.03,0.0
20051018:0209,0.0,0.0,0.0,0.0,15.95,1.66,0.0
20051018:0309,0.0,0.0,0.0,0.0,15.83,1.93,0.0
20051018:0409,0.0,0.0,0.0,0.0,15.84,2.14,0.0
20051018:0509,47.0,44.0,0.0,11.32,16.29,2.83,0.0
20051018:0609,171.0,99.0,0.0,22.05,16.49,3.24,0.0
20051018:0709,320.01,125.0,0.0,31.48,16.64,3.38,0.0
20051018:0809,446.01,138.0,0.0,38.8,18.02,3.1,0.0
20051018:0909,531.01,141.0,0.0,42.96,18.18,2.55,0.0
20051018:1009,576.01,130.0,0.0,43.09,18.71,2.69,0.0
20051018:1109,552.01,120.0,0.0,39.16,18.66,2.55,0.0
20051018:1209,437.01,123.0,0.0,32.01,18.57,2.62,0.0
20051018:1309,331.01,93.0,0.0,22.69,18.11,2.28,0.0
20051018:1409,51.0,118.0,0.0,12.02,17.84,1.86,0.0
20051018:1509,0.0,21.0,0.0,0.56,17.69,0.97,0.0
20051018:1609,0.0,0.0,0.0,0.0,17.57,1.66,0.0
20051018:1709,0.0,0.0,0.0,0.0,17.28,3.45,0.0
20051018:1809,0.0,0.0,0.0,0.0,17.0,4.41,0.0
20051018:1909,0.0,0.0,0.0,0.0,16.93,4.9,0.0
20051018:2009,0.0,0.0,0.0,0.0,16.59,5.59,0.0
20051018:2109,0.0,0.0,0.0,0.0,16.69,6.0,0.0
20051018:2209,0.0,0.0,0.0,0.0,16.61,4.9,0.0
20051018:2309,0.0,0.0,0.0,0.0,16.51,4.9,0.0
20051019:0009,0.0,0.0,0.0,0.0,16.48,5.24,0.0
20051019:0109,0.0,0.0,0.0,0.0,16.17,6.48,0.0
20051019:0209,0.0,0.0,0.0,0.0,15.76,6.83,0.0
20051019:0309,0.0,0.0,0.0,0.0,15.56,7.59,0.0
20051019:0409,0.0,0.0,0.0,0.0,15.43,8.48,0.0
20051019:0509,58.0,40.0,0.0,11.11,15.57,8.55,0.0
20051019:0609,196.0,88.0,0.0,21.81,15.77,8.14,0.0
20051019:0709,349.01,114.0,0.0,31.2,15.97,7.93,0.0
20051019:0809,465.01,135.0,0.0,38.48,17.12,7.38,0.0
20051019:0909,561.01,133.0,0.0,42.61,17.8,6.83,0.0
20051019:1009,552.01,153.0,0.0,42.73,18.57,6.9,0.0
20051019:1109,525.01,143.0,0.0,38.81,18.99,7.31,0.0
20051019:1209,468.01,113.0,0.0,31.69,19.11,7.45,0.0
20051019:1309,343.01,90.0,0.0,22.39,19.1,7.52,0.0
20051019:1409,123.0,93.0,0.0,11.75,18.74,7.17,0.0
20051019:1509,0.0,25.0,0.0,0.31,18.48,6.83,0.0
20051019:1609,0.0,0.0,0.0,0.0,18.13,7.17,0.0
20051019:1709,0.0,0.0,0.0,0.0,17.55,7.72,0.0
20051019:1809,0.0,0.0,0.0,0.0,17.15,7.93,0.0
20051019:1909,0.0,0.0,0.0,0.0,16.69,8.0,0.0
20051019:2009,0.0,0.0,0.0,0.0,16.33,8.34,0.0
20051019:2109,0.0,0.0,0.0,0.0,15.89,8.83,0.0
20051019:2209,0.0,0.0,0.0,0.0,15.6,9.1,0.0
20051019:2309,0.0,0.0,0.0,0.0,15.34,8.97,0.0
20051020:0009,0.0,0.0,0.0,0.0,15.08,8.83,0.0
20051020:0109,0.0,0.0,0.0,0.0,14.9,8.55,0.0
20051020:0209,0.0,0.0,0.0,0.0,14.74,8.41,0.0
20051020:0309,0.0,0.0,0.0,0.0,14.49,8.55,0.0
20051020:0409,0.0,0.0,0.0,0.0,14.38,8.69,0.0
20051020:0509,47.0,42.0,0.0,10.9,14.49,8.83,0.0
20051020:0609,205.0,82.0,0.0,21.58,14.73,8.9,0.0
20051020:0709,361.01,106.0,0.0,30.93,15.18,8.83,0.0
20051020:0809,478.01,125.0,0.0,38.16,16.67,8.21,0.0
20051020:0909,538.01,144.0,0.0,42.26,17.41,7.31,0.0
20051020:1009,499.01,183.0,0.0,42.37,18.56,6.41,0.0
20051020:1109,491.01,161.0,0.0,38.47,19.12,5.66,0.0
20051020:1209,445.01,122.0,0.0,31.37,19.46,5.17,0.0
20051020:1309,275.01,124.0,0.0,22.1,19.73,4.83,0.0
20051020:1409,132.0,85.0,0.0,11.48,19.48,4.41,0.0
20051020:1509,0.0,23.0,0.0,0.06,19.08,4.21,0.0
20051020:1609,0.0,0.0,0.0,0.0,18.84,4.62,0.0
20051020:1709,0.0,0.0,0.0,0.0,17.82,5.03,0.0
20051020:1809,0.0,0.0,0.0,0.0,17.54,5.31,0.0
20051020:1909,0.0,0.0,0.0,0.0,17.26,5.31,0.0
20051020:2009,0.0,0.0,0.0,0.0,16.59,5.03,0.0
20051020:2109,0.0,0.0,0.0,0.0,16.36,4.76,0.0
20051020:2209,0.0,0.0,0.0,0.0,15.62,4.48,0.0
20051020:2309,0.0,0.0,0.0,0.0,15.3,4.28,0.0
20051021:0009,0.0,0.0,0.0,0.0,15.07,4.07,0.0
20051021:0109,0.0,0.0,0.0,0.0,14.8,3.86,0.0
20051021:0209,0.0,0.0,0.0,0.0,14.32,3.59,0.0
20051021:0309,0.0,0.0,0.0,0.0,14.09,3.31,0.0
20051021:0409,0.0,0.0,0.0,0.0,13.92,2.97,0.0
20051021:0509,44.0,41.0,0.0,10.69,14.35,2.9,0.0
20051021:0609,187.0,88.0,0.0,21.34,14.81,2.76,0.0
20051021:0709,352.01,108.0,0.0,30.66,15.85,2.48,0.0
20051021:0809,487.01,118.0,0.0,37.85,17.52,2.14,0.0
20051021:0909,553.01,132.0,0.0,41.91,17.76,1.79,0.0
20051021:1009,582.01,130.0,0.0,42.01,18.16,1.52,0.0
20051021:1109,507.01,147.0,0.0,38.12,18.26,1.86,0.0
20051021:1209,471.01,106.0,0.0,31.05,18.36,2.69,0.0
20051021:1309,287.01,114.0,0.0,21.82,18.34,3.59,0.0
20051021:1409,125.0,86.0,0.0,11.22,17.99,3.72,0.0
20051021:1509,0.0,0.0,0.0,-0.19,17.73,2.97,0.0
20051021:1609,0.0,0.0,0.0,0.0,18.52,2.48,0.0
20051021:1709,0.0,0.0,0.0,0.0,17.6,1.1,0.0
20051021:1809,0.0,0.0,0.0,0.0,16.76,0.28,0.0
20051021:1909,0.0,0.0,0.0,0.0,16.29,0.76,0.0
20051021:2009,0.0,0.0,0.0,0.0,15.85,1.24,0.0
20051021:2109,0.0,0.0,0.0,0.0,15.74,1.52,0.0
20051021:2209,0.0,0.0,0.0,0.0,15.39,2.0,0.0
20051021:2309,0.0,0.0,0.0,0.0,15.31,1.86,0.0
20051022:0009,0.0,0.0,0.0,0.0,15.3,1.86,0.0
20051022:0109,0.0,0.0,0.0,0.0,15.23,2.14,0.0
20051022:0209,0.0,0.0,0.0,0.0,14.89,2.41,0.0
20051022:0309,0.0,0.0,0.0,0.0,14.91,2.55,0.0
20051022:0409,0.0,0.0,0.0,0.0,14.7,2.62,0.0
20051022:0509,40.0,41.0,0.0,10.48,15.08,2.55,0.0
20051022:0609,196.0,82.0,0.0,21.1,15.32,2.41,0.0
20051022:0709,363.01,101.0,0.0,30.38,16.32,2.0,0.0
20051022:0809,462.01,129.0,0.0,37.53,18.12,1.79,0.0
20051022:0909,519.01,150.0,0.0,41.56,18.31,1.72,0.0
20051022:1009,509.01,170.0,0.0,41.65,18.8,1.93,0.0
20051022:1109,474.01,164.0,0.0,37.78,18.91,2.69,0.0
20051022:1209,442.01,118.0,0.0,30.74,18.96,3.03,0.0
20051022:1309,278.01,116.0,0.0,21.54,18.96,2.97,0.0
20051022:1409,117.0,87.0,0.0,10.96,18.46,2.48,0.0
20051022:1509,0.0,0.0,0.0,-0.43,18.76,2.07,0.0
20051022:1609,0.0,0.0,0.0,0.0,18.6,1.24,0.0
20051022:1709,0.0,0.0,0.0,0.0,17.16,0.48,0.0
20051022:1809,0.0,0.0,0.0,0.0,16.32,0.55,0.0
20051022:1909,0.0,0.0,0.0,0.0,16.29,1.1,0.0
20051022:2009,0.0,0.0,0.0,0.0,15.9,1.45,0.0
20051022:2109,0.0,0.0,0.0,0.0,15.85,1.45,0.0
20051022:2209,0.0,0.0,0.0,0.0,15.3,1.52,0.0
20051022:2309,0.0,0.0,0.0,0.0,15.3,1.31,0.0
20051023:0009,0.0,0.0,0.0,0.0,15.31,1.24,0.0
20051023:0109,0.0,0.0,0.0,0.0,15.35,1.45,0.0
20051023:0209,0.0,0.0,0.0,0.0,15.08,1.66,0.0
20051023:0309,0.0,0.0,0.0,0.0,15.13,1.79,0.0
20051023:0409,0.0,0.0,0.0,0.0,15.11,2.0,0.0
20051023:0509,35.0,40.0,0.0,10.27,15.65,2.21,0.0
20051023:0609,173.0,90.0,0.0,20.86,16.09,2.07,0.0
20051023:0709,316.01,121.0,0.0,30.11,17.69,1.45,0.0
20051023:0809,451.01,129.0,0.0,37.22,19.11,0.9,0.0
20051023:0909,528.01,137.0,0.0,41.21,19.34,0.9,0.0
20051023:1009,557.01,134.0,0.0,41.29,20.35,1.59,0.0
20051023:1109,547.01,116.0,0.0,37.44,20.34,2.41,0.0
20051023:1209,402.01,135.0,0.0,30.43,20.28,3.17,0.0
20051023:1309,285.01,106.0,0.0,21.26,20.4,3.52,0.0
20051023:1409,109.0,87.0,0.0,10.71,19.98,3.17,0.0
20051023:1509,0.0,0.0,0.0,-0.67,19.82,2.97,0.0
20051023:1609,0.0,0.0,0.0,0.0,20.15,1.93,0.0
20051023:1709,0.0,0.0,0.0,0.0,18.64,0.76,0.0
20051023:1809,0.0,0.0,0.0,0.0,17.72,0.14,0.0
20051023:1909,0.0,0.0,0.0,0.0,17.6,0.55,0.0
20051023:2009,0.0,0.0,0.0,0.0,16.97,0.62,0.0
20051023:2109,0.0,0.0,0.0,0.0,16.81,0.9,0.0
20051023:2209,0.0,0.0,0.0,0.0,16.5,1.38,0.0
20051023:2309,0.0,0.0,0.0,0.0,16.26,1.52,0.0
20051024:0009,0.0,0.0,0.0,0.0,16.19,1.59,0.0
20051024:0109,0.0,0.0,0.0,0.0,16.21,1.86,0.0
20051024:0209,0.0,0.0,0.0,0.0,16.15,2.07,0.0
20051024:0309,0.0,0.0,0.0,0.0,16.26,2.14,0.0
20051024:0409,0.0,0.0,0.0,0.0,16.32,2.21,0.0
20051024:0509,38.0,37.0,0.0,10.06,17.01,2.14,0.0
20051024:0609,178.0,83.0,0.0,20.62,17.59,1.86,0.0
20051024:0709,338.01,103.0,0.0,29.83,19.04,1.1,0.0
20051024:0809,465.01,116.0,0.0,36.91,20.2,0.83,0.0
20051024:0909,515.01,137.0,0.0,40.87,20.2,1.59,0.0
20051024:1009,525.01,146.0,0.0,40.94,21.09,2.34,0.0
20051024:1109,488.01,141.0,0.0,37.11,21.17,2.97,0.0
20051024:1209,413.01,121.0,0.0,30.13,21.34,3.38,0.0
20051024:1309,250.01,121.0,0.0,20.98,21.4,3.31,0.0
20051024:1409,99.0,87.0,0.0,10.46,21.1,2.62,0.0
20051024:1509,0.0,0.0,0.0,-0.9,21.06,1.86,0.0
20051024:1609,0.0,0.0,0.0,0.0,20.96,0.41,0.0
20051024:1709,0.0,0.0,0.0,0.0,19.44,0.55,0.0
20051024:1809,0.0,0.0,0.0,0.0,18.91,1.24,0.0
20051024:1909,0.0,0.0,0.0,0.0,18.64,1.38,0.0
20051024:2009,0.0,0.0,0.0,0.0,17.95,1.45,0.0
20051024:2109,0.0,0.0,0.0,0.0,17.86,1.45,0.0
20051024:2209,0.0,0.0,0.0,0.0,17.57,1.79,0.0
20051024:2309,0.0,0.0,0.0,0.0,17.56,1.93,0.0
20051025:0009,0.0,0.0,0.0,0.0,17.76,2.21,0.0
20051025:0109,0.0,0.0,0.0,0.0,17.9,2.69,0.0
20051025:0209,0.0,0.0,0.0,0.0,17.78,2.9,0.0
20051025:0309,0.0,0.0,0.0,0.0,17.81,2.83,0.0
20051025:0409,0.0,0.0,0.0,0.0,17.85,2.83,0.0
20051025:0509,26.0,39.0,0.0,9.85,18.54,2.69,0.0
20051025:0609,155.0,92.0,0.0,20.38,18.95,2.48,0.0
20051025:0709,301.01,120.0,0.0,29.56,20.2,2.28,0.0
20051025:0809,424.01,134.0,0.0,36.6,22.49,2.07,0.0
20051025:0909,498.01,143.0,0.0,40.53,22.87,1.59,0.0
20051025:1009,488.01,164.0,0.0,40.6,23.29,1.17,0.0
20051025:1109,429.01,173.0,0.0,36.78,23.33,0.62,0.0
20051025:1209,399.01,125.0,0.0,29.83,23.47,0.97,0.0
20051025:1309,239.01,123.0,0.0,20.71,23.57,1.31,0.0
20051025:1409,91.0,88.0,0.0,10.21,22.98,1.66,0.0
20051025:1509,0.0,0.0,0.0,-1.13,22.47,2.0,0.0
20051025:1609,0.0,0.0,0.0,0.0,22.52,1.66,0.0
20051025:1709,0.0,0.0,0.0,0.0,21.61,1.59,0.0
20051025:1809,0.0,0.0,0.0,0.0,21.38,1.72,0.0
20051025:1909,0.0,0.0,0.0,0.0,21.28,2.14,0.0
20051025:2009,0.0,0.0,0.0,0.0,20.93,2.62,0.0
20051025:2109,0.0,0.0,0.0,0.0,20.81,3.1,0.0
20051025:2209,0.0,0.0,0.0,0.0,20.34,3.24,0.0
20051025:2309,0.0,0.0,0.0,0.0,20.06,3.66,0.0
20051026:0009,0.0,0.0,0.0,0.0,19.82,3.86,0.0
20051026:0109,0.0,0.0,0.0,0.0,19.6,4.0,0.0
20051026:0209,0.0,0.0,0.0,0.0,19.26,4.0,0.0
20051026:0309,0.0,0.0,0.0,0.0,19.14,4.0,0.0
20051026:0409,0.0,0.0,0.0,0.0,18.95,4.0,0.0
20051026:0509,32.0,36.0,0.0,9.64,19.15,3.86,0.0
20051026:0609,168.0,84.0,0.0,20.14,19.69,3.72,0.0
20051026:0709,314.01,112.0,0.0,29.28,20.8,3.38,0.0
20051026:0809,402.01,148.0,0.0,36.29,23.09,2.97,0.0
20051026:0909,481.01,154.0,0.0,40.19,23.77,2.34,0.0
20051026:1009,464.01,178.0,0.0,40.25,24.76,1.24,0.0
20051026:1109,446.01,162.0,0.0,36.45,24.63,1.03,0.0
20051026:1209,393.01,128.0,0.0,29.53,24.34,1.66,0.0
20051026:1309,236.01,124.0,0.0,20.44,24.15,2.21,0.0
20051026:1409,88.0,88.0,0.0,9.97,23.21,2.14,0.0
20051026:1509,0.0,0.0,0.0,-1.36,22.93,2.28,0.0
20051026:1609,0.0,0.0,0.0,0.0,22.96,1.93,0.0
20051026:1709,0.0,0.0,0.0,0.0,21.21,1.93,0.0
20051026:1809,0.0,0.0,0.0,0.0,20.7,1.93,0.0
20051026:1909,0.0,0.0,0.0,0.0,20.77,1.93,0.0
20051026:2009,0.0,0.0,0.0,0.0,20.76,2.0,0.0
20051026:2109,0.0,0.0,0.0,0.0,20.01,2.21,0.0
20051026:2209,0.0,0.0,0.0,0.0,19.62,2.34,0.0
20051026:2309,0.0,0.0,0.0,0.0,19.41,2.69,0.0
20051027:0009,0.0,0.0,0.0,0.0,19.29,3.03,0.0
20051027:0109,0.0,0.0,0.0,0.0,19.19,3.24,0.0
20051027:0209,0.0,0.0,0.0,0.0,18.84,3.38,0.0
20051027:0309,0.0,0.0,0.0,0.0,18.78,3.45,0.0
20051027:0409,0.0,0.0,0.0,0.0,18.65,3.59,0.0
20051027:0509,21.0,37.0,0.0,9.42,19.01,3.59,0.0
20051027:0609,148.0,91.0,0.0,19.9,19.44,3.24,0.0
20051027:0709,290.01,121.0,0.0,29.01,20.94,2.41,0.0
20051027:0809,394.01,148.0,0.0,35.98,23.33,1.52,0.0
20051027:0909,482.01,148.0,0.0,39.86,23.43,0.97,0.0
20051027:1009,472.01,168.0,0.0,39.91,23.96,1.03,0.0
20051027:1109,455.01,151.0,0.0,36.13,23.78,1.79,0.0
20051027:1209,377.01,133.0,0.0,29.24,23.64,2.9,0.0
20051027:1309,226.01,125.0,0.0,20.18,23.66,3.52,0.0
20051027:1409,93.0,82.0,0.0,9.73,23.03,3.17,0.0
20051027:1509,0.0,0.0,0.0,-1.58,22.3,2.97,0.0
20051027:1609,0.0,0.0,0.0,0.0,21.9,2.14,0.0
20051027:1709,0.0,0.0,0.0,0.0,21.25,1.31,0.0
20051027:1809,0.0,0.0,0.0,0.0,20.96,1.38,0.0
20051027:1909,0.0,0.0,0.0,0.0,20.78,1.59,0.0
20051027:2009,0.0,0.0,0.0,0.0,20.09,2.07,0.0
20051027:2109,0.0,0.0,0.0,0.0,19.83,2.34,0.0
20051027:2209,0.0,0.0,0.0,0.0,19.69,2.28,0.0
20051027:2309,0.0,0.0,0.0,0.0,19.46,2.69,0.0
20051028:0009,0.0,0.0,0.0,0.0,19.47,3.38,0.0
20051028:0109,0.0,0.0,0.0,0.0,19.29,3.72,0.0
20051028:0209,0.0,0.0,0.0,0.0,18.93,3.93,0.0
20051028:0309,0.0,0.0,0.0,0.0,18.96,4.0,0.0
20051028:0409,0.0,0.0,0.0,0.0,18.97,4.07,0.0
20051028:0509,25.0,34.0,0.0,9.21,19.34,4.07,0.0
20051028:0609,156.0,84.0,0.0,19.66,19.75,3.86,0.0
20051028:0709,280.01,124.0,0.0,28.74,20.95,3.38,0.0
20051028:0809,405.01,137.0,0.0,35.67,23.23,2.69,0.0
20051028:0909,477.01,147.0,0.0,39.52,23.76,2.0,0.0
20051028:1009,486.01,156.0,0.0,39.58,24.25,1.24,0.0
20051028:1109,468.01,140.0,0.0,35.81,24.05,0.9,0.0
20051028:1209,365.01,137.0,0.0,28.95,23.87,1.66,0.0
20051028:1309,234.01,117.0,0.0,19.92,23.74,2.41,0.0
20051028:1409,101.0,76.0,0.0,9.5,23.01,2.62,0.0
20051028:1509,0.0,0.0,0.0,-1.79,22.85,2.83,0.0
20051028:1609,0.0,0.0,0.0,0.0,23.09,2.83,0.0
20051028:1709,0.0,0.0,0.0,0.0,21.4,2.83,0.0
20051028:1809,0.0,0.0,0.0,0.0,21.47,3.03,0.0
20051028:1909,0.0,0.0,0.0,0.0,21.52,3.66,0.0
20051028:2009,0.0,0.0,0.0,0.0,20.91,4.21,0.0
20051028:2109,0.0,0.0,0.0,0.0,20.6,4.62,0.0
20051028:2209,0.0,0.0,0.0,0.0,20.44,4.55,0.0
20051028:2309,0.0,0.0,0.0,0.0,20.21,5.17,0.0
20051029:0009,0.0,0.0,0.0,0.0,19.97,6.0,0.0
20051029:0109,0.0,0.0,0.0,0.0,19.55,6.76,0.0
20051029:0209,0.0,0.0,0.0,0.0,18.87,7.24,0.0
20051029:0309,0.0,0.0,0.0,0.0,18.49,7.24,0.0
20051029:0409,0.0,0.0,0.0,0.0,18.12,7.38,0.0
20051029:0509,23.0,33.0,0.0,8.99,17.49,8.07,0.0
20051029:0609,139.0,92.0,0.0,19.42,17.43,8.83,0.0
20051029:0709,297.01,113.0,0.0,28.47,17.45,9.24,0.0
20051029:0809,398.01,141.0,0.0,35.36,18.27,9.03,0.0
20051029:0909,450.01,163.0,0.0,39.19,18.51,8.69,0.0
20051029:1009,426.01,191.0,0.0,39.24,19.59,8.62,0.0
20051029:1109,38.0,289.0,0.0,35.5,19.58,8.76,0.0
20051029:1209,163.0,237.0,0.0,28.67,19.37,9.03,0.0
20051029:1309,193.01,138.0,0.0,19.67,19.05,9.38,0.0
20051029:1409,110.0,70.0,0.0,9.27,18.31,9.45,0.0
20051029:1509,0.0,0.0,0.0,-2.0,18.08,9.59,0.0
20051029:1609,0.0,0.0,0.0,0.0,17.84,9.93,0.0
20051029:1709,0.0,0.0,0.0,0.0,17.03,10.34,0.0
20051029:1809,0.0,0.0,0.0,0.0,16.59,10.62,0.0
20051029:1909,0.0,0.0,0.0,0.0,16.25,10.55,0.0
20051029:2009,0.0,0.0,0.0,0.0,15.65,10.34,0.0
20051029:2109,0.0,0.0,0.0,0.0,15.33,10.07,0.0
20051029:2209,0.0,0.0,0.0,0.0,14.72,9.38,0.0
20051029:2309,0.0,0.0,0.0,0.0,14.54,9.52,0.0
20051030:0009,0.0,0.0,0.0,0.0,14.44,9.72,0.0
20051030:0109,0.0,0.0,0.0,0.0,14.28,9.59,0.0
20051030:0209,0.0,0.0,0.0,0.0,13.99,9.59,0.0
20051030:0309,0.0,0.0,0.0,0.0,13.8,9.66,0.0
20051030:0409,0.0,0.0,0.0,0.0,13.66,9.72,0.0
20051030:0509,32.0,28.0,0.0,8.78,13.67,9.59,0.0
20051030:0609,154.0,85.0,0.0,19.18,13.78,9.17,0.0
20051030:0709,298.01,115.0,0.0,28.19,14.04,9.03,0.0
20051030:0809,407.01,139.0,0.0,35.06,15.24,8.55,0.0
20051030:0909,460.01,162.0,0.0,38.87,15.96,7.93,0.0
20051030:1009,487.01,160.0,0.0,38.92,16.88,7.59,0.0
20051030:1109,428.01,167.0,0.0,35.19,17.38,6.83,0.0
20051030:1209,321.01,165.0,0.0,28.39,17.77,6.28,0.0
20051030:1309,249.01,109.0,0.0,19.42,17.94,5.93,0.0
20051030:1409,125.01,62.0,0.0,9.04,17.27,5.38,0.0
20051030:1509,0.0,0.0,0.0,-2.21,16.98,5.24,0.0
20051030:1609,0.0,0.0,0.0,0.0,16.63,5.52,0.0
20051030:1709,0.0,0.0,0.0,0.0,15.79,6.0,0.0
20051030:1809,0.0,0.0,0.0,0.0,15.51,6.07,0.0
20051030:1909,0.0,0.0,0.0,0.0,15.2,6.28,0.0
20051030:2009,0.0,0.0,0.0,0.0,14.8,6.48,0.0
20051030:2109,0.0,0.0,0.0,0.0,14.62,6.62,0.0
20051030:2209,0.0,0.0,0.0,0.0,14.06,6.21,0.0
20051030:2309,0.0,0.0,0.0,0.0,13.75,5.93,0.0
20051031:0009,0.0,0.0,0.0,0.0,13.4,6.0,0.0
20051031:0109,0.0,0.0,0.0,0.0,13.11,6.0,0.0
20051031:0209,0.0,0.0,0.0,0.0,12.7,6.14,0.0
20051031:0309,0.0,0.0,0.0,0.0,12.52,6.28,0.0
20051031:0409,0.0,0.0,0.0,0.0,12.43,6.48,0.0
20051031:0509,27.0,29.0,0.0,8.57,12.55,6.69,0.0
20051031:0609,163.0,77.0,0.0,18.94,12.97,6.62,0.0
20051031:0709,292.01,114.0,0.0,27.92,13.52,6.62,0.0
20051031:0809,415.01,130.0,0.0,34.76,14.99,6.14,0.0
20051031:0909,470.01,151.0,0.0,38.54,15.57,5.1,0.0
20051031:1009,454.01,174.0,0.0,38.59,16.34,4.21,0.0
20051031:1109,421.01,167.0,0.0,34.89,16.73,3.1,0.0
20051031:1209,374.01,129.0,0.0,28.11,17.06,2.14,0.0
20051031:1309,217.01,123.0,0.0,19.18,17.14,1.31,0.0
20051031:1409,53.0,90.0,0.0,8.82,16.43,1.03,0.0
20051031:1509,0.0,0.0,0.0,-2.41,16.07,1.45,0.0
20051031:1609,0.0,0.0,0.0,0.0,16.08,1.59,0.0
20051031:1709,0.0,0.0,0.0,0.0,15.48,1.52,0.0
20051031:1809,0.0,0.0,0.0,0.0,15.38,1.24,0.0
20051031:1909,0.0,0.0,0.0,0.0,14.55,1.03,0.0
20051031:2009,0.0,0.0,0.0,0.0,14.17,0.83,0.0
20051031:2109,0.0,0.0,0.0,0.0,13.95,0.48,0.0
20051031:2209,0.0,0.0,0.0,0.0,13.57,0.28,0.0
20051031:2309,0.0,0.0,0.0,0.0,13.49,0.76,0.0
20051101:0009,0.0,0.0,0.0,0.0,13.33,1.31,0.0
20051101:0109,0.0,0.0,0.0,0.0,13.08,1.66,0.0
20051101:0209,0.0,0.0,0.0,0.0,12.89,1.86,0.0
20051101:0309,0.0,0.0,0.0,0.0,12.56,1.93,0.0
20051101:0409,0.0,0.0,0.0,0.0,12.47,1.79,0.0
20051101:0509,0.0,11.0,0.0,8.35,12.81,1.52,0.0
20051101:0609,0.0,30.0,0.0,18.7,13.16,1.38,0.0
20051101:0709,112.0,194.0,0.0,27.65,13.43,1.31,0.0
20051101:0809,393.01,134.0,0.0,34.46,14.49,2.0,0.0
20051101:0909,500.01,121.0,0.0,38.22,14.37,1.93,0.0
20051101:1009,430.01,178.0,0.0,38.27,14.33,1.93,0.0
20051101:1109,172.0,281.0,0.0,34.59,14.21,2.55,0.0
20051101:1209,101.0,246.0,0.0,27.84,13.94,3.03,0.0
20051101:1309,296.01,73.0,0.0,18.94,13.75,3.59,0.0
20051101:1409,40.0,90.0,0.0,8.61,13.18,3.38,0.0
20051101:1509,0.0,0.0,0.0,0.0,13.23,3.03,0.0
20051101:1609,0.0,0.0,0.0,0.0,13.23,2.41,0.0
20051101:1709,0.0,0.0,0.0,0.0,12.66,1.86,0.0
20051101:1809,0.0,0.0,0.0,0.0,12.49,1.93,0.0
20051101:1909,0.0,0.0,0.0,0.0,12.43,1.66,0.0
20051101:2009,0.0,0.0,0.0,0.0,12.34,1.24,0.0
20051101:2109,0.0,0.0,0.0,0.0,12.63,1.52,0.0
20051101:2209,0.0,0.0,0.0,0.0,12.77,2.28,0.0
20051101:2309,0.0,0.0,0.0,0.0,12.8,2.55,0.0
20051102:0009,0.0,0.0,0.0,0.0,12.64,2.97,0.0
20051102:0109,0.0,0.0,0.0,0.0,12.68,3.1,0.0
20051102:0209,0.0,0.0,0.0,0.0,12.43,3.03,0.0
20051102:0309,0.0,0.0,0.0,0.0,12.39,3.1,0.0
20051102:0409,0.0,0.0,0.0,0.0,12.37,3.17,0.0
20051102:0509,15.0,28.0,0.0,8.14,12.2,3.24,0.0
20051102:0609,138.0,82.0,0.0,18.46,12.53,3.45,0.0
20051102:0709,306.01,95.0,0.0,27.38,13.24,3.52,0.0
20051102:0809,445.01,100.0,0.0,34.16,14.79,3.31,0.0
20051102:0909,510.01,112.0,0.0,37.91,15.28,2.9,0.0
20051102:1009,530.01,114.0,0.0,37.95,15.96,2.83,0.0
20051102:1109,532.01,89.0,0.0,34.29,16.5,2.34,0.0
20051102:1209,431.01,85.0,0.0,27.58,16.62,3.17,0.0
20051102:1309,245.01,97.0,0.0,18.7,16.45,4.0,0.0
20051102:1409,37.0,88.0,0.0,8.4,15.87,5.31,0.0
20051102:1509,0.0,0.0,0.0,0.0,15.45,4.9,0.0
20051102:1609,0.0,0.0,0.0,0.0,16.29,3.79,0.0
20051102:1709,0.0,0.0,0.0,0.0,16.12,2.14,0.0
20051102:1809,0.0,0.0,0.0,0.0,15.65,0.97,0.0
20051102:1909,0.0,0.0,0.0,0.0,14.8,1.38,0.0
20051102:2009,0.0,0.0,0.0,0.0,14.58,1.86,0.0
20051102:2109,0.0,0.0,0.0,0.0,14.39,2.21,0.0
20051102:2209,0.0,0.0,0.0,0.0,13.83,2.9,0.0
20051102:2309,0.0,0.0,0.0,0.0,13.54,2.83,0.0
20051103:0009,0.0,0.0,0.0,0.0,13.31,2.62,0.0
20051103:0109,0.0,0.0,0.0,0.0,13.33,2.41,0.0
20051103:0209,0.0,0.0,0.0,0.0,13.41,2.28,0.0
20051103:0309,0.0,0.0,0.0,0.0,13.5,2.0,0.0
20051103:0409,0.0,0.0,0.0,0.0,13.27,1.86,0.0
20051103:0509,1.0,19.0,0.0,7.92,13.26,1.52,0.0
20051103:0609,0.0,42.0,0.0,18.23,13.56,1.24,0.0
20051103:0709,0.0,56.0,0.0,27.12,14.1,0.97,0.0
20051103:0809,0.0,104.0,0.0,33.86,14.63,1.38,0.0
20051103:0909,0.0,77.0,0.0,37.59,14.63,1.86,0.0
20051103:1009,0.0,101.0,0.0,37.64,14.53,2.21,0.0
20051103:1109,0.0,98.0,0.0,34.0,14.09,1.79,0.0
20051103:1209,0.0,72.0,0.0,27.32,13.49,2.28,0.0
20051103:1309,0.0,30.0,0.0,18.47,12.62,2.83,0.0
20051103:1409,0.0,44.0,0.0,8.19,12.18,4.34,0.0
20051103:1509,0.0,0.0,0.0,0.0,12.13,6.14,0.0
20051103:1609,0.0,0.0,0.0,0.0,11.71,8.34,0.0
20051103:1709,0.0,0.0,0.0,0.0,11.46,8.97,0.0
20051103:1809,0.0,0.0,0.0,0.0,11.37,8.07,0.0
20051103:1909,0.0,0.0,0.0,0.0,11.23,7.86,0.0
20051103:2009,0.0,0.0,0.0,0.0,11.0,7.66,0.0
20051103:2109,0.0,0.0,0.0,0.0,11.17,7.24,0.0
20051103:2209,0.0,0.0,0.0,0.0,12.41,7.17,0.0
20051103:2309,0.0,0.0,0.0,0.0,12.39,6.9,0.0
20051104:0009,0.0,0.0,0.0,0.0,12.49,7.31,0.0
20051104:0109,0.0,0.0,0.0,0.0,12.44,8.41,0.0
20051104:0209,0.0,0.0,0.0,0.0,12.61,9.52,0.0
20051104:0309,0.0,0.0,0.0,0.0,12.71,10.14,0.0
20051104:0409,0.0,0.0,0.0,0.0,12.92,10.55,0.0
20051104:0509,0.0,18.0,0.0,7.71,13.29,10.76,0.0
20051104:0609,87.0,101.0,0.0,17.99,13.62,10.69,0.0
20051104:0709,236.01,130.0,0.0,26.85,14.1,10.41,0.0
20051104:0809,313.01,170.0,0.0,33.57,14.99,10.14,0.0
20051104:0909,38.0,285.0,0.0,37.28,15.43,9.66,0.0
20051104:1009,290.01,245.0,0.0,37.33,15.66,9.1,0.0
20051104:1109,401.01,158.0,0.0,33.71,16.26,8.41,0.0
20051104:1209,317.01,144.0,0.0,27.06,16.64,8.0,0.0
20051104:1309,264.01,82.0,0.0,18.24,16.75,7.52,0.0
20051104:1409,26.0,84.0,0.0,7.99,16.48,7.03,0.0
20051104:1509,0.0,0.0,0.0,0.0,16.3,6.9,0.0
20051104:1609,0.0,0.0,0.0,0.0,16.09,6.69,0.0
20051104:1709,0.0,0.0,0.0,0.0,15.64,6.14,0.0
20051104:1809,0.0,0.0,0.0,0.0,15.37,6.07,0.0
20051104:1909,0.0,0.0,0.0,0.0,15.29,6.69,0.0
20051104:2009,0.0,0.0,0.0,0.0,15.06,7.24,0.0
20051104:2109,0.0,0.0,0.0,0.0,15.01,7.31,0.0
20051104:2209,0.0,0.0,0.0,0.0,14.67,6.69,0.0
20051104:2309,0.0,0.0,0.0,0.0,14.59,6.41,0.0
20051105:0009,0.0,0.0,0.0,0.0,14.54,6.21,0.0
20051105:0109,0.0,0.0,0.0,0.0,14.46,6.14,0.0
20051105:0209,0.0,0.0,0.0,0.0,14.4,6.41,0.0
20051105:0309,0.0,0.0,0.0,0.0,14.39,6.69,0.0
20051105:0409,0.0,0.0,0.0,0.0,14.34,6.55,0.0
20051105:0509,14.0,23.0,0.0,7.49,14.36,6.0,0.0
20051105:0609,151.0,68.0,0.0,17.75,14.78,5.93,0.0
20051105:0709,313.01,84.0,0.0,26.59,15.72,6.21,0.0
20051105:0809,424.01,103.0,0.0,33.28,17.31,6.83,0.0
20051105:0909,501.01,109.0,0.0,36.98,18.02,6.97,0.0
20051105:1009,480.01,134.0,0.0,37.03,18.8,6.97,0.0
20051105:1109,489.01,103.0,0.0,33.43,19.22,6.07,0.0
20051105:1209,378.01,105.0,0.0,26.81,19.57,5.1,0.0
20051105:1309,257.01,83.0,0.0,18.02,19.68,3.79,0.0
20051105:1409,36.0,82.0,0.0,7.8,19.25,2.48,0.0
20051105:1509,0.0,0.0,0.0,0.0,18.35,2.14,0.0
20051105:1609,0.0,0.0,0.0,0.0,18.09,2.28,0.0
20051105:1709,0.0,0.0,0.0,0.0,17.62,3.1,0.0
20051105:1809,0.0,0.0,0.0,0.0,17.01,3.72,0.0
20051105:1909,0.0,0.0,0.0,0.0,16.41,4.21,0.0
20051105:2009,0.0,0.0,0.0,0.0,15.72,4.48,0.0
20051105:2109,0.0,0.0,0.0,0.0,15.5,4.69,0.0
20051105:2209,0.0,0.0,0.0,0.0,15.25,5.1,0.0
20051105:2309,0.0,0.0,0.0,0.0,15.05,5.24,0.0
20051106:0009,0.0,0.0,0.0,0.0,15.04,5.38,0.0
20051106:0109,0.0,0.0,0.0,0.0,14.82,5.72,0.0
20051106:0209,0.0,0.0,0.0,0.0,14.33,6.62,0.0
20051106:0309,0.0,0.0,0.0,0.0,14.09,7.45,0.0
20051106:0409,0.0,0.0,0.0,0.0,13.78,7.72,0.0
20051106:0509,18.0,20.0,0.0,7.28,13.68,7.79,0.0
20051106:0609,162.01,60.0,0.0,17.51,13.76,7.72,0.0
20051106:0709,221.01,132.0,0.0,26.32,14.21,7.86,0.0
20051106:0809,140.0,244.0,0.0,32.99,15.59,7.79,0.0
20051106:0909,496.01,108.0,0.0,36.67,16.39,7.66,0.0
20051106:1009,517.01,109.0,0.0,36.73,17.3,7.72,0.0
20051106:1109,431.01,134.0,0.0,33.15,18.01,7.31,0.0
20051106:1209,347.01,120.0,0.0,26.57,18.52,7.03,0.0
20051106:1309,250.01,84.0,0.0,17.81,18.74,7.03,0.0
20051106:1409,34.0,81.0,0.0,7.61,18.14,7.1,0.0
20051106:1509,0.0,0.0,0.0,0.0,17.61,7.52,0.0
20051106:1609,0.0,0.0,0.0,0.0,17.17,7.66,0.0
20051106:1709,0.0,0.0,0.0,0.0,16.71,7.79,0.0
20051106:1809,0.0,0.0,0.0,0.0,16.51,7.79,0.0
20051106:1909,0.0,0.0,0.0,0.0,16.3,7.72,0.0
20051106:2009,0.0,0.0,0.0,0.0,16.14,7.66,0.0
20051106:2109,0.0,0.0,0.0,0.0,16.0,7.52,0.0
20051106:2209,0.0,0.0,0.0,0.0,15.63,8.07,0.0
20051106:2309,0.0,0.0,0.0,0.0,15.51,8.0,0.0
20051107:0009,0.0,0.0,0.0,0.0,15.37,7.72,0.0
20051107:0109,0.0,0.0,0.0,0.0,15.14,7.66,0.0
20051107:0209,0.0,0.0,0.0,0.0,14.84,7.59,0.0
20051107:0309,0.0,0.0,0.0,0.0,14.71,7.45,0.0
20051107:0409,0.0,0.0,0.0,0.0,14.52,7.31,0.0
20051107:0509,10.0,20.0,0.0,7.06,14.44,7.31,0.0
20051107:0609,124.0,77.0,0.0,17.28,14.86,7.31,0.0
20051107:0709,302.01,85.0,0.0,26.06,15.47,7.52,0.0
20051107:0809,392.01,116.0,0.0,32.71,16.91,7.38,0.0
20051107:0909,494.01,108.0,0.0,36.38,17.52,6.9,0.0
20051107:1009,508.01,112.0,0.0,36.44,18.52,5.79,0.0
20051107:1109,489.01,99.0,0.0,32.88,19.03,5.38,0.0
20051107:1209,366.01,107.0,0.0,26.33,19.41,5.24,0.0
20051107:1309,262.01,77.0,0.0,17.6,19.57,5.38,0.0
20051107:1409,31.0,80.0,0.0,7.42,18.83,5.31,0.0
20051107:1509,0.0,0.0,0.0,0.0,18.08,5.38,0.0
20051107:1609,0.0,0.0,0.0,0.0,17.68,5.31,0.0
20051107:1709,0.0,0.0,0.0,0.0,17.0,5.38,0.0
20051107:1809,0.0,0.0,0.0,0.0,16.65,5.59,0.0
20051107:1909,0.0,0.0,0.0,0.0,16.44,5.86,0.0
20051107:2009,0.0,0.0,0.0,0.0,15.89,5.93,0.0
20051107:2109,0.0,0.0,0.0,0.0,15.61,5.79,0.0
20051107:2209,0.0,0.0,0.0,0.0,15.31,5.79,0.0
20051107:2309,0.0,0.0,0.0,0.0,15.11,5.45,0.0
20051108:0009,0.0,0.0,0.0,0.0,14.88,5.24,0.0
20051108:0109,0.0,0.0,0.0,0.0,14.65,5.17,0.0
20051108:0209,0.0,0.0,0.0,0.0,14.27,5.24,0.0
20051108:0309,0.0,0.0,0.0,0.0,14.03,5.24,0.0
20051108:0409,0.0,0.0,0.0,0.0,13.89,5.24,0.0
20051108:0509,9.0,19.0,0.0,6.85,13.99,5.24,0.0
20051108:0609,139.0,68.0,0.0,17.04,14.34,5.24,0.0
20051108:0709,303.01,84.0,0.0,25.8,15.29,5.17,0.0
20051108:0809,424.01,98.0,0.0,32.43,17.13,5.31,0.0
20051108:0909,489.01,110.0,0.0,36.08,17.78,4.97,0.0
20051108:1009,510.01,111.0,0.0,36.15,19.06,4.48,0.0
20051108:1109,471.01,108.0,0.0,32.62,19.49,3.52,0.0
20051108:1209,360.01,111.0,0.0,26.09,19.81,2.83,0.0
20051108:1309,216.01,101.0,0.0,17.39,19.95,2.21,0.0
20051108:1409,30.0,79.0,0.0,7.24,19.3,1.52,0.0
20051108:1509,0.0,0.0,0.0,0.0,19.31,0.83,0.0
20051108:1609,0.0,0.0,0.0,0.0,18.05,1.17,0.0
20051108:1709,0.0,0.0,0.0,0.0,17.13,1.86,0.0
20051108:1809,0.0,0.0,0.0,0.0,16.89,2.69,0.0
20051108:1909,0.0,0.0,0.0,0.0,16.6,3.31,0.0
20051108:2009,0.0,0.0,0.0,0.0,15.87,3.79,0.0
20051108:2109,0.0,0.0,0.0,0.0,15.59,4.07,0.0
20051108:2209,0.0,0.0,0.0,0.0,15.23,4.07,0.0
20051108:2309,0.0,0.0,0.0,0.0,15.03,3.79,0.0
20051109:0009,0.0,0.0,0.0,0.0,14.86,3.66,0.0
20051109:0109,0.0,0.0,0.0,0.0,14.73,3.59,0.0
20051109:0209,0.0,0.0,0.0,0.0,14.35,3.66,0.0
20051109:0309,0.0,0.0,0.0,0.0,14.2,3.79,0.0
20051109:0409,0.0,0.0,0.0,0.0,14.09,3.93,0.0
20051109:0509,7.0,18.0,0.0,6.64,14.24,4.0,0.0
20051109:0609,136.0,67.0,0.0,16.81,14.36,4.07,0.0
20051109:0709,281.01,94.0,0.0,25.55,15.26,3.79,0.0
20051109:0809,424.01,96.0,0.0,32.15,17.12,3.66,0.0
20051109:0909,466.01,123.0,0.0,35.79,17.8,3.38,0.0
20051109:1009,503.01,114.0,0.0,35.87,19.0,2.9,0.0
20051109:1109,440.01,126.0,0.0,32.36,19.31,2.07,0.0
20051109:1209,353.01,114.0,0.0,25.86,19.41,1.24,0.0
20051109:1309,233.01,90.0,0.0,17.19,19.26,0.97,0.0
20051109:1409,28.0,78.0,0.0,7.07,18.19,1.52,0.0
20051109:1509,0.0,0.0,0.0,0.0,18.8,1.93,0.0
20051109:1609,0.0,0.0,0.0,0.0,18.9,1.66,0.0
20051109:1709,0.0,0.0,0.0,0.0,17.17,1.45,0.0
20051109:1809,0.0,0.0,0.0,0.0,16.99,1.59,0.0
20051109:1909,0.0,0.0,0.0,0.0,16.91,1.93,0.0
20051109:2009,0.0,0.0,0.0,0.0,16.35,2.34,0.0
20051109:2109,0.0,0.0,0.0,0.0,15.96,2.62,0.0
20051109:2209,0.0,0.0,0.0,0.0,15.38,3.03,0.0
20051109:2309,0.0,0.0,0.0,0.0,14.98,3.17,0.0
20051110:0009,0.0,0.0,0.0,0.0,14.67,3.24,0.0
20051110:0109,0.0,0.0,0.0,0.0,14.48,3.31,0.0
20051110:0209,0.0,0.0,0.0,0.0,14.04,3.24,0.0
20051110:0309,0.0,0.0,0.0,0.0,13.75,3.24,0.0
20051110:0409,0.0,0.0,0.0,0.0,13.59,3.31,0.0
20051110:0509,0.0,9.0,0.0,6.43,13.63,3.45,0.0
20051110:0609,25.0,103.0,0.0,16.58,13.72,3.59,0.0
20051110:0709,134.0,169.0,0.0,25.29,14.46,3.24,0.0
20051110:0809,62.0,250.0,0.0,31.87,16.79,2.9,0.0
20051110:0909,10.0,243.0,0.0,35.5,17.44,2.34,0.0
20051110:1009,154.0,291.0,0.0,35.59,18.47,1.72,0.0
20051110:1109,343.01,184.0,0.0,32.1,18.74,1.24,0.0
20051110:1209,17.0,210.0,0.0,25.64,18.8,1.1,0.0
20051110:1309,230.01,91.0,0.0,17.0,18.69,1.17,0.0
20051110:1409,96.01,52.0,0.0,6.9,17.6,1.52,0.0
20051110:1509,0.0,0.0,0.0,0.0,17.84,1.93,0.0
20051110:1609,0.0,0.0,0.0,0.0,18.26,1.79,0.0
20051110:1709,0.0,0.0,0.0,0.0,17.35,1.52,0.0
20051110:1809,0.0,0.0,0.0,0.0,16.38,1.59,0.0
20051110:1909,0.0,0.0,0.0,0.0,16.17,1.79,0.0
20051110:2009,0.0,0.0,0.0,0.0,15.71,2.07,0.0
20051110:2109,0.0,0.0,0.0,0.0,15.49,2.48,0.0
20051110:2209,0.0,0.0,0.0,0.0,15.18,2.83,0.0
20051110:2309,0.0,0.0,0.0,0.0,14.87,3.24,0.0
20051111:0009,0.0,0.0,0.0,0.0,14.56,3.52,0.0
20051111:0109,0.0,0.0,0.0,0.0,14.28,3.72,0.0
20051111:0209,0.0,0.0,0.0,0.0,13.92,3.86,0.0
20051111:0309,0.0,0.0,0.0,0.0,13.74,3.86,0.0
20051111:0409,0.0,0.0,0.0,0.0,13.69,3.93,0.0
20051111:0509,4.0,15.0,0.0,6.21,13.88,4.0,0.0
20051111:0609,140.01,61.0,0.0,16.35,14.17,4.0,0.0
20051111:0709,251.01,107.0,0.0,25.04,14.99,3.72,0.0
20051111:0809,396.01,108.0,0.0,31.6,17.49,3.45,0.0
20051111:0909,453.01,127.0,0.0,35.22,18.31,3.1,0.0
20051111:1009,472.01,129.0,0.0,35.31,19.41,2.97,0.0
20051111:1109,453.01,114.0,0.0,31.85,19.83,2.28,0.0
20051111:1209,313.01,134.0,0.0,25.42,20.07,1.52,0.0
20051111:1309,221.01,93.0,0.0,16.81,20.19,0.48,0.0
20051111:1409,25.0,76.0,0.0,6.74,19.52,0.76,0.0
20051111:1509,0.0,0.0,0.0,0.0,19.91,1.52,0.0
20051111:1609,0.0,0.0,0.0,0.0,18.84,1.79,0.0
20051111:1709,0.0,0.0,0.0,0.0,17.52,2.14,0.0
20051111:1809,0.0,0.0,0.0,0.0,17.27,2.62,0.0
20051111:1909,0.0,0.0,0.0,0.0,17.14,3.03,0.0
20051111:2009,0.0,0.0,0.0,0.0,16.43,3.45,0.0
20051111:2109,0.0,0.0,0.0,0.0,15.98,3.66,0.0
20051111:2209,0.0,0.0,0.0,0.0,15.4,3.79,0.0
20051111:2309,0.0,0.0,0.0,0.0,15.03,3.86,0.0
20051112:0009,0.0,0.0,0.0,0.0,14.7,4.0,0.0
20051112:0109,0.0,0.0,0.0,0.0,14.45,3.93,0.0
20051112:0209,0.0,0.0,0.0,0.0,13.91,3.93,0.0
20051112:0309,0.0,0.0,0.0,0.0,13.79,3.86,0.0
20051112:0409,0.0,0.0,0.0,0.0,13.68,3.86,0.0
20051112:0509,3.0,13.0,0.0,6.0,13.96,3.79,0.0
20051112:0609,119.0,70.0,0.0,16.12,14.17,3.72,0.0
20051112:0709,268.01,95.0,0.0,24.79,15.03,3.38,0.0
20051112:0809,404.01,101.0,0.0,31.33,17.2,3.03,0.0
20051112:0909,466.01,116.0,0.0,34.95,17.76,2.69,0.0
20051112:1009,459.01,135.0,0.0,35.04,18.74,2.0,0.0
20051112:1109,416.01,135.0,0.0,31.61,18.8,1.59,0.0
20051112:1209,376.01,95.0,0.0,25.2,18.78,1.38,0.0
20051112:1309,214.01,95.0,0.0,16.63,18.61,1.38,0.0
20051112:1409,23.0,74.0,0.0,6.58,17.49,1.38,0.0
20051112:1509,0.0,0.0,0.0,0.0,17.96,1.59,0.0
20051112:1609,0.0,0.0,0.0,0.0,18.01,1.17,0.0
20051112:1709,0.0,0.0,0.0,0.0,16.78,0.97,0.0
20051112:1809,0.0,0.0,0.0,0.0,15.66,0.83,0.0
20051112:1909,0.0,0.0,0.0,0.0,15.69,0.9,0.0
20051112:2009,0.0,0.0,0.0,0.0,15.16,1.03,0.0
20051112:2109,0.0,0.0,0.0,0.0,14.86,1.38,0.0
20051112:2209,0.0,0.0,0.0,0.0,14.32,1.24,0.0
20051112:2309,0.0,0.0,0.0,0.0,14.12,1.24,0.0
20051113:0009,0.0,0.0,0.0,0.0,14.07,1.45,0.0
20051113:0109,0.0,0.0,0.0,0.0,14.02,1.66,0.0
20051113:0209,0.0,0.0,0.0,0.0,13.59,1.79,0.0
20051113:0309,0.0,0.0,0.0,0.0,13.39,1.72,0.0
20051113:0409,0.0,0.0,0.0,0.0,13.12,1.72,0.0
20051113:0509,2.0,11.0,0.0,5.8,13.1,1.72,0.0
20051113:0609,42.0,96.0,0.0,15.89,13.5,1.59,0.0
20051113:0709,249.01,98.0,0.0,24.54,15.01,1.24,0.0
20051113:0809,368.01,113.0,0.0,31.06,16.21,1.38,0.0
20051113:0909,481.01,99.0,0.0,34.67,16.34,1.93,0.0
20051113:1009,459.01,124.0,0.0,34.78,16.98,2.07,0.0
20051113:1109,172.0,251.0,0.0,31.37,16.95,2.83,0.0
20051113:1209,263.01,152.0,0.0,25.0,16.92,3.38,0.0
20051113:1309,199.01,97.0,0.0,16.45,16.84,3.24,0.0
20051113:1409,26.0,71.0,0.0,6.43,16.33,2.69,0.0
20051113:1509,0.0,0.0,0.0,0.0,16.99,1.93,0.0
20051113:1609,0.0,0.0,0.0,0.0,16.91,1.17,0.0
20051113:1709,0.0,0.0,0.0,0.0,15.27,0.83,0.0
20051113:1809,0.0,0.0,0.0,0.0,15.19,0.76,0.0
20051113:1909,0.0,0.0,0.0,0.0,15.16,0.62,0.0
20051113:2009,0.0,0.0,0.0,0.0,14.61,0.76,0.0
20051113:2109,0.0,0.0,0.0,0.0,14.52,0.83,0.0
20051113:2209,0.0,0.0,0.0,0.0,13.91,0.83,0.0
20051113:2309,0.0,0.0,0.0,0.0,13.83,0.9,0.0
20051114:0009,0.0,0.0,0.0,0.0,13.82,1.31,0.0
20051114:0109,0.0,0.0,0.0,0.0,13.64,1.86,0.0
20051114:0209,0.0,0.0,0.0,0.0,13.22,2.28,0.0
20051114:0309,0.0,0.0,0.0,0.0,13.13,2.48,0.0
20051114:0409,0.0,0.0,0.0,0.0,13.25,2.62,0.0
20051114:0509,3.0,10.76,0.0,5.59,13.08,2.69,0.0
20051114:0609,117.0,63.0,0.0,15.66,13.61,2.69,0.0
20051114:0709,257.01,90.0,0.0,24.29,14.64,2.48,0.0
20051114:0809,374.01,105.0,0.0,30.8,15.81,2.14,0.0
20051114:0909,432.01,122.0,0.0,34.41,16.07,1.79,0.0
20051114:1009,426.01,140.0,0.0,34.52,16.71,2.07,0.0
20051114:1109,409.01,125.0,0.0,31.13,16.63,2.34,0.0
20051114:1209,368.01,89.0,0.0,24.79,16.5,2.48,0.0
20051114:1309,210.01,88.0,0.0,16.28,16.41,2.0,0.0
20051114:1409,24.0,70.0,0.0,6.28,15.48,0.9,0.0
20051114:1509,0.0,0.0,0.0,0.0,15.77,0.48,0.0
20051114:1609,0.0,0.0,0.0,0.0,15.88,0.69,0.0
20051114:1709,0.0,0.0,0.0,0.0,14.62,0.97,0.0
20051114:1809,0.0,0.0,0.0,0.0,14.58,1.17,0.0
20051114:1909,0.0,0.0,0.0,0.0,14.49,1.24,0.0
20051114:2009,0.0,0.0,0.0,0.0,14.18,1.31,0.0
20051114:2109,0.0,0.0,0.0,0.0,14.07,1.31,0.0
20051114:2209,0.0,0.0,0.0,0.0,14.14,1.45,0.0
20051114:2309,0.0,0.0,0.0,0.0,14.15,1.79,0.0
20051115:0009,0.0,0.0,0.0,0.0,14.14,2.21,0.0
20051115:0109,0.0,0.0,0.0,0.0,13.98,2.69,0.0
20051115:0209,0.0,0.0,0.0,0.0,13.61,3.17,0.0
20051115:0309,0.0,0.0,0.0,0.0,13.46,3.59,0.0
20051115:0409,0.0,0.0,0.0,0.0,13.21,3.86,0.0
20051115:0509,1.0,6.95,0.0,5.38,13.3,4.07,0.0
20051115:0609,101.0,70.0,0.0,15.44,13.33,4.21,0.0
20051115:0709,241.01,99.0,0.0,24.05,14.05,4.07,0.0
20051115:0809,378.01,103.0,0.0,30.54,15.91,4.0,0.0
20051115:0909,437.01,120.0,0.0,34.14,16.45,3.66,0.0
20051115:1009,473.01,113.0,0.0,34.27,17.53,3.1,0.0
20051115:1109,405.01,129.0,0.0,30.91,17.75,2.48,0.0
20051115:1209,323.01,115.0,0.0,24.6,18.07,2.0,0.0
20051115:1309,248.01,69.0,0.0,16.11,18.09,1.31,0.0
20051115:1409,23.0,69.0,0.0,6.14,16.94,0.69,0.0
20051115:1509,0.0,0.0,0.0,0.0,17.45,0.41,0.0
20051115:1609,0.0,0.0,0.0,0.0,17.31,0.9,0.0
20051115:1709,0.0,0.0,0.0,0.0,16.15,1.38,0.0
20051115:1809,0.0,0.0,0.0,0.0,15.21,1.66,0.0
20051115:1909,0.0,0.0,0.0,0.0,15.06,1.79,0.0
20051115:2009,0.0,0.0,0.0,0.0,14.45,2.0,0.0
20051115:2109,0.0,0.0,0.0,0.0,14.32,2.21,0.0
20051115:2209,0.0,0.0,0.0,0.0,13.96,2.48,0.0
20051115:2309,0.0,0.0,0.0,0.0,13.63,2.76,0.0
20051116:0009,0.0,0.0,0.0,0.0,13.37,2.97,0.0
20051116:0109,0.0,0.0,0.0,0.0,13.1,3.1,0.0
20051116:0209,0.0,0.0,0.0,0.0,12.63,3.1,0.0
20051116:0309,0.0,0.0,0.0,0.0,12.49,3.1,0.0
20051116:0409,0.0,0.0,0.0,0.0,12.33,3.17,0.0
20051116:0509,2.0,6.89,0.0,5.18,12.52,3.17,0.0
20051116:0609,111.0,63.0,0.0,15.22,12.83,3.17,0.0
20051116:0709,268.01,83.0,0.0,23.81,13.9,2.76,0.0
20051116:0809,391.01,95.0,0.0,30.29,15.57,2.21,0.0
20051116:0909,451.01,110.0,0.0,33.88,15.88,1.59,0.0
20051116:1009,472.01,112.0,0.0,34.03,16.71,1.59,0.0
20051116:1109,472.01,89.0,0.0,30.69,16.67,1.86,0.0
20051116:1209,386.01,79.0,0.0,24.41,16.55,2.48,0.0
20051116:1309,204.01,90.0,0.0,15.95,16.39,2.55,0.0
20051116:1409,53.0,61.0,0.0,6.0,15.41,2.34,0.0
20051116:1509,0.0,0.0,0.0,0.0,16.05,2.0,0.0
20051116:1609,0.0,0.0,0.0,0.0,16.01,1.17,0.0
20051116:1709,0.0,0.0,0.0,0.0,14.52,0.62,0.0
20051116:1809,0.0,0.0,0.0,0.0,13.92,0.55,0.0
20051116:1909,0.0,0.0,0.0,0.0,13.99,1.1,0.0
20051116:2009,0.0,0.0,0.0,0.0,13.48,0.9,0.0
20051116:2109,0.0,0.0,0.0,0.0,13.27,0.41,0.0
20051116:2209,0.0,0.0,0.0,0.0,13.07,0.69,0.0
20051116:2309,0.0,0.0,0.0,0.0,13.1,0.48,0.0
20051117:0009,0.0,0.0,0.0,0.0,12.94,0.55,0.0
20051117:0109,0.0,0.0,0.0,0.0,12.78,0.62,0.0
20051117:0209,0.0,0.0,0.0,0.0,12.46,0.9,0.0
20051117:0309,0.0,0.0,0.0,0.0,12.36,1.38,0.0
20051117:0409,0.0,0.0,0.0,0.0,12.44,1.1,0.0
20051117:0509,1.0,4.96,0.0,4.97,12.83,1.17,0.0
20051117:0609,84.0,72.0,0.0,15.0,12.99,1.52,0.0
20051117:0709,94.0,160.0,0.0,23.58,13.46,1.66,0.0
20051117:0809,211.01,185.0,0.0,30.04,15.2,2.07,0.0
20051117:0909,70.0,267.0,0.0,33.63,15.23,2.62,0.0
20051117:1009,6.0,220.0,0.0,33.78,15.28,3.38,0.0
20051117:1109,407.01,114.0,0.0,30.47,15.61,3.86,0.0
20051117:1209,31.0,207.0,0.0,24.22,15.57,4.21,0.0
20051117:1309,0.0,81.0,0.0,15.8,15.9,4.34,0.0
20051117:1409,1.0,50.0,0.0,5.88,15.94,4.07,0.0
20051117:1509,0.0,0.0,0.0,0.0,15.66,3.86,0.0
20051117:1609,0.0,0.0,0.0,0.0,15.56,3.38,0.0
20051117:1709,0.0,0.0,0.0,0.0,15.72,3.17,0.0
20051117:1809,0.0,0.0,0.0,0.0,15.53,3.31,0.0
20051117:1909,0.0,0.0,0.0,0.0,15.51,3.45,0.0
20051117:2009,0.0,0.0,0.0,0.0,14.98,4.0,0.0
20051117:2109,0.0,0.0,0.0,0.0,15.08,4.9,0.0
20051117:2209,0.0,0.0,0.0,0.0,15.37,6.21,0.0
20051117:2309,0.0,0.0,0.0,0.0,15.62,6.97,0.0
20051118:0009,0.0,0.0,0.0,0.0,15.87,7.59,0.0
20051118:0109,0.0,0.0,0.0,0.0,15.93,9.1,0.0
20051118:0209,0.0,0.0,0.0,0.0,15.54,8.97,0.0
20051118:0309,0.0,0.0,0.0,0.0,15.18,8.97,0.0
20051118:0409,0.0,0.0,0.0,0.0,15.15,9.45,0.0
20051118:0509,0.0,0.0,0.0,0.0,15.1,9.66,0.0
20051118:0609,0.0,19.0,0.0,14.78,14.67,9.38,0.0
20051118:0709,0.0,39.0,0.0,23.34,14.69,9.38,0.0
20051118:0809,33.0,217.0,0.0,29.8,15.42,9.79,0.0
20051118:0909,264.01,201.0,0.0,33.38,15.17,9.03,0.0
20051118:1009,3.0,199.0,0.0,33.55,15.21,8.34,0.0
20051118:1109,0.0,125.0,0.0,30.26,15.59,7.66,0.0
20051118:1209,0.0,91.0,0.0,24.05,16.17,6.9,0.0
20051118:1309,2.0,108.0,0.0,15.65,16.68,6.21,0.0
20051118:1409,0.0,29.0,0.0,5.75,16.67,5.31,0.0
20051118:1509,0.0,0.0,0.0,0.0,16.86,4.28,0.0
20051118:1609,0.0,0.0,0.0,0.0,16.73,2.9,0.0
20051118:1709,0.0,0.0,0.0,0.0,16.26,1.66,0.0
20051118:1809,0.0,0.0,0.0,0.0,15.79,0.48,0.0
20051118:1909,0.0,0.0,0.0,0.0,15.23,1.1,0.0
20051118:2009,0.0,0.0,0.0,0.0,14.75,1.72,0.0
20051118:2109,0.0,0.0,0.0,0.0,15.12,2.41,0.0
20051118:2209,0.0,0.0,0.0,0.0,14.78,2.34,0.0
20051118:2309,0.0,0.0,0.0,0.0,14.44,2.14,0.0
20051119:0009,0.0,0.0,0.0,0.0,14.25,2.14,0.0
20051119:0109,0.0,0.0,0.0,0.0,14.13,2.28,0.0
20051119:0209,0.0,0.0,0.0,0.0,13.9,2.83,0.0
20051119:0309,0.0,0.0,0.0,0.0,14.06,3.17,0.0
20051119:0409,0.0,0.0,0.0,0.0,14.14,2.97,0.0
20051119:0509,0.0,0.0,0.0,0.0,14.05,2.62,0.0
20051119:0609,3.0,67.0,0.0,14.57,14.14,2.76,0.0
20051119:0709,186.01,113.0,0.0,23.11,14.05,3.17,0.0
20051119:0809,181.01,193.0,0.0,29.55,15.01,3.86,0.0
20051119:0909,331.01,163.0,0.0,33.14,15.28,4.97,0.0
20051119:1009,0.0,125.0,0.0,33.32,16.2,4.9,0.0
20051119:1109,0.0,51.0,0.0,30.06,16.68,5.72,0.0
20051119:1209,13.0,186.0,0.0,23.87,17.11,6.14,0.0
20051119:1309,0.0,51.0,0.0,15.51,17.12,6.07,0.0
20051119:1409,0.0,10.0,0.0,5.63,16.74,5.86,0.0
20051119:1509,0.0,0.0,0.0,0.0,16.81,5.59,0.0
20051119:1609,0.0,0.0,0.0,0.0,16.72,5.72,0.0
20051119:1709,0.0,0.0,0.0,0.0,16.48,5.86,0.0
20051119:1809,0.0,0.0,0.0,0.0,16.02,5.66,0.0
20051119:1909,0.0,0.0,0.0,0.0,15.73,5.86,0.0
20051119:2009,0.0,0.0,0.0,0.0,15.22,6.9,0.0
20051119:2109,0.0,0.0,0.0,0.0,15.66,8.83,0.0
20051119:2209,0.0,0.0,0.0,0.0,15.55,8.41,0.0
20051119:2309,0.0,0.0,0.0,0.0,15.22,6.9,0.0
20051120:0009,0.0,0.0,0.0,0.0,15.23,4.76,0.0
20051120:0109,0.0,0.0,0.0,0.0,15.6,3.79,0.0
20051120:0209,0.0,0.0,0.0,0.0,15.63,3.24,0.0
20051120:0309,0.0,0.0,0.0,0.0,15.51,2.07,0.0
20051120:0409,0.0,0.0,0.0,0.0,15.24,1.45,0.0
20051120:0509,0.0,0.0,0.0,0.0,14.93,1.86,0.0
20051120:0609,106.0,55.0,0.0,14.35,14.86,1.86,0.0
20051120:0709,232.01,86.0,0.0,22.89,14.82,1.45,0.0
20051120:0809,165.0,198.0,0.0,29.32,15.42,0.97,0.0
20051120:0909,408.01,116.0,0.0,32.91,15.7,2.0,0.0
20051120:1009,52.0,267.0,0.0,33.1,16.63,3.59,0.0
20051120:1109,188.01,226.0,0.0,29.86,16.94,4.34,0.0
20051120:1209,233.01,149.0,0.0,23.71,17.46,5.03,0.0
20051120:1309,0.0,69.0,0.0,15.37,17.87,5.52,0.0
20051120:1409,0.0,25.0,0.0,5.52,17.34,5.31,0.0
20051120:1509,0.0,0.0,0.0,0.0,17.49,4.41,0.0
20051120:1609,0.0,0.0,0.0,0.0,17.42,3.1,0.0
20051120:1709,0.0,0.0,0.0,0.0,16.23,2.34,0.0
20051120:1809,0.0,0.0,0.0,0.0,15.29,2.21,0.0
20051120:1909,0.0,0.0,0.0,0.0,14.43,2.76,0.0
20051120:2009,0.0,0.0,0.0,0.0,13.55,3.1,0.0
20051120:2109,0.0,0.0,0.0,0.0,13.46,3.31,0.0
20051120:2209,0.0,0.0,0.0,0.0,12.95,3.38,0.0
20051120:2309,0.0,0.0,0.0,0.0,12.73,3.59,0.0
20051121:0009,0.0,0.0,0.0,0.0,12.12,4.14,0.0
20051121:0109,0.0,0.0,0.0,0.0,11.85,4.28,0.0
20051121:0209,0.0,0.0,0.0,0.0,11.26,4.62,0.0
20051121:0309,0.0,0.0,0.0,0.0,10.97,5.17,0.0
20051121:0409,0.0,0.0,0.0,0.0,10.64,5.38,0.0
20051121:0509,0.0,0.0,0.0,0.0,10.3,5.03,0.0
20051121:0609,106.0,56.0,0.0,14.14,10.39,4.97,0.0
20051121:0709,232.01,94.0,0.0,22.66,10.63,5.59,0.0
20051121:0809,369.01,100.0,0.0,29.08,11.09,5.59,0.0
20051121:0909,430.01,117.0,0.0,32.67,11.42,4.97,0.0
20051121:1009,468.01,109.0,0.0,32.88,12.04,4.55,0.0
20051121:1109,401.01,125.0,0.0,29.67,12.28,4.28,0.0
20051121:1209,363.01,87.0,0.0,23.55,12.43,4.69,0.0
20051121:1309,205.01,85.0,0.0,15.24,12.36,4.97,0.0
20051121:1409,23.0,52.87,0.0,5.42,11.67,4.76,0.0
20051121:1509,0.0,0.0,0.0,0.0,11.41,4.83,0.0
20051121:1609,0.0,0.0,0.0,0.0,11.1,5.52,0.0
20051121:1709,0.0,0.0,0.0,0.0,10.51,6.0,0.0
20051121:1809,0.0,0.0,0.0,0.0,10.19,6.14,0.0
20051121:1909,0.0,0.0,0.0,0.0,10.0,6.21,0.0
20051121:2009,0.0,0.0,0.0,0.0,9.48,0.0,0.0
20051121:2109,0.0,0.0,0.0,0.0,9.26,0.0,0.0
20051121:2209,0.0,0.0,0.0,0.0,8.65,6.28,0.0
20051121:2309,0.0,0.0,0.0,0.0,8.48,5.86,0.0
20051122:0009,0.0,0.0,0.0,0.0,8.33,5.52,0.0
20051122:0109,0.0,0.0,0.0,0.0,8.19,5.38,0.0
20051122:0209,0.0,0.0,0.0,0.0,7.79,5.24,0.0
20051122:0309,0.0,0.0,0.0,0.0,7.63,5.17,0.0
20051122:0409,0.0,0.0,0.0,0.0,7.52,5.1,0.0
20051122:0509,0.0,0.0,0.0,0.0,7.58,4.97,0.0
20051122:0609,102.0,56.0,0.0,13.94,7.74,4.83,0.0
20051122:0709,247.01,83.0,0.0,22.44,8.33,4.62,0.0
20051122:0809,367.01,99.0,0.0,28.86,9.8,4.41,0.0
20051122:0909,450.01,103.0,0.0,32.45,10.33,4.14,0.0
20051122:1009,485.01,98.0,0.0,32.67,11.1,3.79,0.0
20051122:1109,430.01,106.0,0.0,29.49,11.57,3.45,0.0
20051122:1209,337.01,99.0,0.0,23.39,11.94,2.83,0.0
20051122:1309,179.01,98.0,0.0,15.12,12.11,1.93,0.0
20051122:1409,12.0,55.36,0.0,5.32,11.59,1.03,0.0
20051122:1509,0.0,0.0,0.0,0.0,11.87,0.41,0.0
20051122:1609,0.0,0.0,0.0,0.0,12.0,0.34,0.0
20051122:1709,0.0,0.0,0.0,0.0,10.48,0.9,0.0
20051122:1809,0.0,0.0,0.0,0.0,10.47,0.0,0.0
20051122:1909,0.0,0.0,0.0,0.0,10.36,0.0,0.0
20051122:2009,0.0,0.0,0.0,0.0,10.29,1.31,0.0
20051122:2109,0.0,0.0,0.0,0.0,10.23,1.86,0.0
20051122:2209,0.0,0.0,0.0,0.0,10.1,2.28,0.0
20051122:2309,0.0,0.0,0.0,0.0,9.92,2.76,0.0
20051123:0009,0.0,0.0,0.0,0.0,9.79,2.83,0.0
20051123:0109,0.0,0.0,0.0,0.0,9.62,2.55,0.0
20051123:0209,0.0,0.0,0.0,0.0,9.41,2.21,0.0
20051123:0309,0.0,0.0,0.0,0.0,9.31,1.72,0.0
20051123:0409,0.0,0.0,0.0,0.0,9.2,1.31,0.0
20051123:0509,0.0,0.0,0.0,0.0,9.53,1.17,0.0
20051123:0609,1.0,55.0,0.0,13.73,9.58,1.17,0.0
20051123:0709,6.0,132.0,0.0,22.23,10.42,0.9,0.0
20051123:0809,0.0,61.0,0.0,28.63,12.2,1.03,0.0
20051123:0909,0.0,163.0,0.0,32.23,12.6,1.17,0.0
20051123:1009,0.0,0.0,0.0,0.0,13.4,1.59,0.0
20051123:1109,23.0,236.0,0.0,29.31,13.6,1.93,0.0
20051123:1209,112.0,202.0,0.0,23.25,13.74,2.21,0.0
20051123:1309,110.0,126.0,0.0,15.0,14.0,2.21,0.0
20051123:1409,14.0,53.42,0.0,5.22,13.68,1.72,0.0
20051123:1509,0.0,0.0,0.0,0.0,13.33,1.17,0.0
20051123:1609,0.0,0.0,0.0,0.0,13.13,0.69,0.0
20051123:1709,0.0,0.0,0.0,0.0,13.08,0.21,0.0
20051123:1809,0.0,0.0,0.0,0.0,13.08,0.14,0.0
20051123:1909,0.0,0.0,0.0,0.0,12.94,0.69,0.0
20051123:2009,0.0,0.0,0.0,0.0,12.45,1.45,0.0
20051123:2109,0.0,0.0,0.0,0.0,11.86,2.28,0.0
20051123:2209,0.0,0.0,0.0,0.0,11.46,2.41,0.0
20051123:2309,0.0,0.0,0.0,0.0,11.33,2.69,0.0
20051124:0009,0.0,0.0,0.0,0.0,11.09,2.76,0.0
20051124:0109,0.0,0.0,0.0,0.0,11.03,2.9,0.0
20051124:0209,0.0,0.0,0.0,0.0,10.59,3.38,0.0
20051124:0309,0.0,0.0,0.0,0.0,10.3,3.59,0.0
20051124:0409,0.0,0.0,0.0,0.0,10.36,3.66,0.0
20051124:0509,0.0,0.0,0.0,0.0,10.57,3.72,0.0
20051124:0609,82.0,58.0,0.0,13.53,11.24,3.59,0.0
20051124:0709,217.01,87.0,0.0,22.02,12.6,3.03,0.0
20051124:0809,289.01,129.0,0.0,28.42,14.5,2.14,0.0
20051124:0909,387.01,123.0,0.0,32.01,14.91,1.52,0.0
20051124:1009,461.01,96.0,0.0,32.27,15.33,1.45,0.0
20051124:1109,425.01,94.0,0.0,29.14,15.43,1.86,0.0
20051124:1209,130.0,192.0,0.0,23.11,15.46,2.0,0.0
20051124:1309,15.0,131.0,0.0,14.88,15.47,1.72,0.0
20051124:1409,4.0,48.41,0.0,5.13,15.15,0.97,0.0
20051124:1509,0.0,0.0,0.0,0.0,14.69,0.28,0.0
20051124:1609,0.0,0.0,0.0,0.0,14.04,0.21,0.0
20051124:1709,0.0,0.0,0.0,0.0,13.78,0.55,0.0
20051124:1809,0.0,0.0,0.0,0.0,13.74,0.69,0.0
20051124:1909,0.0,0.0,0.0,0.0,13.69,0.76,0.0
20051124:2009,0.0,0.0,0.0,0.0,13.48,0.97,0.0
20051124:2109,0.0,0.0,0.0,0.0,13.47,1.24,0.0
20051124:2209,0.0,0.0,0.0,0.0,13.42,1.38,0.0
20051124:2309,0.0,0.0,0.0,0.0,13.23,1.31,0.0
20051125:0009,0.0,0.0,0.0,0.0,13.09,1.31,0.0
20051125:0109,0.0,0.0,0.0,0.0,12.98,1.17,0.0
20051125:0209,0.0,0.0,0.0,0.0,13.05,1.17,0.0
20051125:0309,0.0,0.0,0.0,0.0,13.12,1.38,0.0
20051125:0409,0.0,0.0,0.0,0.0,13.25,1.52,0.0
20051125:0509,0.0,0.0,0.0,0.0,13.4,1.45,0.0
20051125:0609,0.0,31.0,0.0,13.33,13.66,0.83,0.0
20051125:0709,11.0,135.0,0.0,21.81,14.32,0.28,0.0
20051125:0809,25.0,203.0,0.0,28.2,15.5,0.28,0.0
20051125:0909,4.0,192.0,0.0,31.8,15.65,0.62,0.0
20051125:1009,12.0,227.0,0.0,32.08,16.2,1.45,0.0
20051125:1109,15.0,218.0,0.0,28.97,16.27,1.66,0.0
20051125:1209,48.0,202.0,0.0,22.97,16.39,1.52,0.0
20051125:1309,81.0,131.0,0.0,14.78,16.55,1.31,0.0
20051125:1409,2.0,44.27,0.0,5.05,15.75,1.38,0.0
20051125:1509,0.0,0.0,0.0,0.0,15.51,1.52,0.0
20051125:1609,0.0,0.0,0.0,0.0,15.45,1.38,0.0
20051125:1709,0.0,0.0,0.0,0.0,14.92,0.9,0.0
20051125:1809,0.0,0.0,0.0,0.0,14.75,0.34,0.0
20051125:1909,0.0,0.0,0.0,0.0,14.58,0.34,0.0
20051125:2009,0.0,0.0,0.0,0.0,14.47,0.28,0.0
20051125:2109,0.0,0.0,0.0,0.0,14.57,0.55,0.0
20051125:2209,0.0,0.0,0.0,0.0,14.47,0.34,0.0
20051125:2309,0.0,0.0,0.0,0.0,14.53,0.48,0.0
20051126:0009,0.0,0.0,0.0,0.0,14.62,0.62,0.0
20051126:0109,0.0,0.0,0.0,0.0,14.59,0.14,0.0
20051126:0209,0.0,0.0,0.0,0.0,14.45,0.83,0.0
20051126:0309,0.0,0.0,0.0,0.0,14.42,1.31,0.0
20051126:0409,0.0,0.0,0.0,0.0,14.39,1.79,0.0
20051126:0509,0.0,0.0,0.0,0.0,14.31,2.07,0.0
20051126:0609,5.0,62.0,0.0,13.14,14.3,2.41,0.0
20051126:0709,213.01,82.0,0.0,21.61,14.78,2.48,0.0
20051126:0809,86.0,210.0,0.0,28.0,16.16,2.07,0.0
20051126:0909,5.0,194.0,0.0,31.6,16.69,1.24,0.0
20051126:1009,0.0,93.0,0.0,31.89,17.22,0.97,0.0
20051126:1109,0.0,61.0,0.0,28.82,17.45,1.38,0.0
20051126:1209,0.0,36.0,0.0,22.84,17.47,1.38,0.0
20051126:1309,30.0,134.0,0.0,14.68,17.49,1.1,0.0
20051126:1409,0.0,32.0,0.0,4.97,16.9,0.9,0.0
20051126:1509,0.0,0.0,0.0,0.0,16.41,1.03,0.0
20051126:1609,0.0,0.0,0.0,0.0,16.64,1.24,0.0
20051126:1709,0.0,0.0,0.0,0.0,16.11,1.66,0.0
20051126:1809,0.0,0.0,0.0,0.0,15.87,1.52,0.0
20051126:1909,0.0,0.0,0.0,0.0,15.64,1.45,0.0
20051126:2009,0.0,0.0,0.0,0.0,15.72,1.52,0.0
20051126:2109,0.0,0.0,0.0,0.0,15.63,1.86,0.0
20051126:2209,0.0,0.0,0.0,0.0,15.63,1.72,0.0
20051126:2309,0.0,0.0,0.0,0.0,15.65,2.07,0.0
20051127:0009,0.0,0.0,0.0,0.0,15.45,2.28,0.0
20051127:0109,0.0,0.0,0.0,0.0,15.44,2.69,0.0
20051127:0209,0.0,0.0,0.0,0.0,15.27,2.83,0.0
20051127:0309,0.0,0.0,0.0,0.0,15.41,3.1,0.0
20051127:0409,0.0,0.0,0.0,0.0,15.45,3.38,0.0
20051127:0509,0.0,0.0,0.0,0.0,15.65,3.38,0.0
20051127:0609,1.0,52.0,0.0,12.95,15.94,3.38,0.0
20051127:0709,2.0,110.0,0.0,21.41,16.43,3.03,0.0
20051127:0809,238.01,150.0,0.0,27.79,18.66,2.41,0.0
20051127:0909,369.01,126.0,0.0,31.41,19.03,1.1,0.0
20051127:1009,382.01,134.0,0.0,31.71,20.05,1.17,0.0
20051127:1109,387.01,108.0,0.0,28.66,19.72,0.97,0.0
20051127:1209,150.01,180.0,0.0,22.72,19.68,0.97,0.0
20051127:1309,161.01,94.0,0.0,14.58,19.68,0.41,0.0
20051127:1409,0.0,26.0,0.0,4.9,18.7,0.41,0.0
20051127:1509,0.0,0.0,0.0,0.0,18.23,1.03,0.0
20051127:1609,0.0,0.0,0.0,0.0,18.3,2.0,0.0
20051127:1709,0.0,0.0,0.0,0.0,17.77,2.41,0.0
20051127:1809,0.0,0.0,0.0,0.0,17.56,2.41,0.0
20051127:1909,0.0,0.0,0.0,0.0,17.3,2.48,0.0
20051127:2009,0.0,0.0,0.0,0.0,17.17,2.48,0.0
20051127:2109,0.0,0.0,0.0,0.0,17.16,2.55,0.0
20051127:2209,0.0,0.0,0.0,0.0,16.59,2.48,0.0
20051127:2309,0.0,0.0,0.0,0.0,16.35,2.9,0.0
20051128:0009,0.0,0.0,0.0,0.0,16.43,2.97,0.0
20051128:0109,0.0,0.0,0.0,0.0,16.56,3.1,0.0
20051128:0209,0.0,0.0,0.0,0.0,16.85,3.17,0.0
20051128:0309,0.0,0.0,0.0,0.0,16.97,3.03,0.0
20051128:0409,0.0,0.0,0.0,0.0,17.04,2.9,0.0
20051128:0509,0.0,0.0,0.0,0.0,16.76,2.62,0.0
20051128:0609,65.0,59.0,0.0,12.76,17.02,2.21,0.0
20051128:0709,111.0,132.0,0.0,21.21,17.95,1.59,0.0
20051128:0809,340.01,91.0,0.0,27.6,19.48,0.9,0.0
20051128:0909,407.01,103.0,0.0,31.22,19.96,0.34,0.0
20051128:1009,442.01,99.0,0.0,31.54,20.66,1.59,0.0
20051128:1109,387.01,107.0,0.0,28.52,20.48,1.93,0.0
20051128:1209,239.01,136.0,0.0,22.61,20.22,1.79,0.0
20051128:1309,177.01,84.0,0.0,14.5,20.01,1.24,0.0
20051128:1409,10.0,49.44,0.0,4.84,19.19,0.76,0.0
20051128:1509,0.0,0.0,0.0,0.0,18.81,0.62,0.0
20051128:1609,0.0,0.0,0.0,0.0,18.29,1.03,0.0
20051128:1709,0.0,0.0,0.0,0.0,18.05,1.45,0.0
20051128:1809,0.0,0.0,0.0,0.0,17.89,1.59,0.0
20051128:1909,0.0,0.0,0.0,0.0,17.84,1.52,0.0
20051128:2009,0.0,0.0,0.0,0.0,17.28,1.52,0.0
20051128:2109,0.0,0.0,0.0,0.0,17.19,1.59,0.0
20051128:2209,0.0,0.0,0.0,0.0,17.13,1.17,0.0
20051128:2309,0.0,0.0,0.0,0.0,16.97,1.45,0.0
20051129:0009,0.0,0.0,0.0,0.0,16.76,1.59,0.0
20051129:0109,0.0,0.0,0.0,0.0,16.66,1.66,0.0
20051129:0209,0.0,0.0,0.0,0.0,16.22,1.66,0.0
20051129:0309,0.0,0.0,0.0,0.0,16.14,1.86,0.0
20051129:0409,0.0,0.0,0.0,0.0,16.09,2.07,0.0
20051129:0509,0.0,0.0,0.0,0.0,16.09,2.07,0.0
20051129:0609,10.0,66.0,0.0,12.58,16.21,1.93,0.0
20051129:0709,10.0,128.0,0.0,21.02,16.78,1.59,0.0
20051129:0809,8.0,173.0,0.0,27.41,17.97,1.1,0.0
20051129:0909,13.0,215.0,0.0,31.03,18.12,1.38,0.0
20051129:1009,1.0,168.0,0.0,31.38,18.6,1.79,0.0
20051129:1109,15.0,214.0,0.0,28.38,18.6,1.59,0.0
20051129:1209,23.0,188.0,0.0,22.5,18.42,1.52,0.0
20051129:1309,4.0,109.0,0.0,14.42,18.29,1.31,0.0
20051129:1409,4.0,46.36,0.0,4.78,17.48,1.52,0.0
20051129:1509,0.0,0.0,0.0,0.0,17.29,1.86,0.0
20051129:1609,0.0,0.0,0.0,0.0,17.08,2.21,0.0
20051129:1709,0.0,0.0,0.0,0.0,16.56,2.48,0.0
20051129:1809,0.0,0.0,0.0,0.0,16.15,2.76,0.0
20051129:1909,0.0,0.0,0.0,0.0,16.19,2.97,0.0
20051129:2009,0.0,0.0,0.0,0.0,15.66,2.76,0.0
20051129:2109,0.0,0.0,0.0,0.0,15.47,2.76,0.0
20051129:2209,0.0,0.0,0.0,0.0,15.65,2.97,0.0
20051129:2309,0.0,0.0,0.0,0.0,15.54,3.24,0.0
20051130:0009,0.0,0.0,0.0,0.0,15.34,3.52,0.0
20051130:0109,0.0,0.0,0.0,0.0,15.2,3.66,0.0
20051130:0209,0.0,0.0,0.0,0.0,14.81,3.79,0.0
20051130:0309,0.0,0.0,0.0,0.0,14.67,3.66,0.0
20051130:0409,0.0,0.0,0.0,0.0,14.44,3.52,0.0
20051130:0509,0.0,0.0,0.0,0.0,14.21,3.38,0.0
20051130:0609,38.0,65.0,0.0,12.4,14.55,3.38,0.0
20051130:0709,167.01,101.0,0.0,20.84,15.47,2.9,0.0
20051130:0809,297.01,110.0,0.0,27.22,17.46,2.21,0.0
20051130:0909,374.01,116.0,0.0,30.85,17.9,1.38,0.0
20051130:1009,411.01,110.0,0.0,31.22,18.52,0.62,0.0
20051130:1109,374.01,110.0,0.0,28.25,18.48,0.9,0.0
20051130:1209,316.01,89.0,0.0,22.4,18.31,1.93,0.0
20051130:1309,205.01,68.0,0.0,14.34,17.94,2.34,0.0
20051130:1409,17.0,47.78,0.0,4.73,17.0,2.0,0.0
20051130:1509,0.0,0.0,0.0,0.0,17.21,0.9,0.0
20051130:1609,0.0,0.0,0.0,0.0,17.15,0.07,0.0
20051130:1709,0.0,0.0,0.0,0.0,15.67,0.34,0.0
20051130:1809,0.0,0.0,0.0,0.0,15.4,0.76,0.0
20051130:1909,0.0,0.0,0.0,0.0,15.36,0.55,0.0
20051130:2009,0.0,0.0,0.0,0.0,15.08,0.62,0.0
20051130:2109,0.0,0.0,0.0,0.0,14.98,0.83,0.0
20051130:2209,0.0,0.0,0.0,0.0,14.86,0.83,0.0
20051130:2309,0.0,0.0,0.0,0.0,14.74,1.24,0.0
20051201:0009,0.0,0.0,0.0,0.0,14.6,1.72,0.0
20051201:0109,0.0,0.0,0.0,0.0,14.48,1.72,0.0
20051201:0209,0.0,0.0,0.0,0.0,14.28,1.93,0.0
20051201:0309,0.0,0.0,0.0,0.0,14.49,1.86,0.0
20051201:0409,0.0,0.0,0.0,0.0,14.68,2.0,0.0
20051201:0509,0.0,0.0,0.0,0.0,14.76,1.93,0.0
20051201:0609,70.0,49.0,0.0,12.22,14.78,1.72,0.0
20051201:0709,201.01,79.0,0.0,20.65,15.36,1.31,0.0
20051201:0809,304.01,100.0,0.0,27.04,17.53,0.21,0.0
20051201:0909,377.01,109.0,0.0,30.68,17.47,1.03,0.0
20051201:1009,364.01,134.0,0.0,31.07,18.21,1.66,0.0
20051201:1109,356.01,117.0,0.0,28.13,18.02,2.21,0.0
20051201:1209,264.01,115.0,0.0,22.3,17.86,2.21,0.0
20051201:1309,160.01,88.0,0.0,14.27,17.77,1.93,0.0
20051201:1409,48.01,26.75,0.0,4.68,17.06,1.66,0.0
20051201:1509,0.0,0.0,0.0,0.0,17.53,1.38,0.0
20051201:1609,0.0,0.0,0.0,0.0,17.24,0.9,0.0
20051201:1709,0.0,0.0,0.0,0.0,15.8,0.14,0.0
20051201:1809,0.0,0.0,0.0,0.0,15.39,0.28,0.0
20051201:1909,0.0,0.0,0.0,0.0,15.44,0.41,0.0
20051201:2009,0.0,0.0,0.0,0.0,15.23,0.69,0.0
20051201:2109,0.0,0.0,0.0,0.0,15.35,0.9,0.0
20051201:2209,0.0,0.0,0.0,0.0,15.18,1.1,0.0
20051201:2309,0.0,0.0,0.0,0.0,15.28,0.97,0.0
20051202:0009,0.0,0.0,0.0,0.0,15.27,0.9,0.0
20051202:0109,0.0,0.0,0.0,0.0,15.3,1.1,0.0
20051202:0209,0.0,0.0,0.0,0.0,15.38,0.97,0.0
20051202:0309,0.0,0.0,0.0,0.0,15.53,0.97,0.0
20051202:0409,0.0,0.0,0.0,0.0,15.52,1.1,0.0
20051202:0509,0.0,0.0,0.0,0.0,15.51,1.1,0.0
20051202:0609,0.0,14.0,0.0,12.05,15.58,0.9,0.0
20051202:0709,0.0,34.0,0.0,20.48,16.29,0.83,0.0
20051202:0809,0.0,104.0,0.0,26.86,17.75,0.62,0.0
20051202:0909,0.0,67.0,0.0,30.52,17.54,0.9,0.0
20051202:1009,0.0,49.0,0.0,30.92,17.93,0.9,0.0
20051202:1109,0.0,142.0,0.0,28.01,18.07,1.38,0.0
20051202:1209,69.0,196.0,0.0,22.22,17.71,1.03,0.0
20051202:1309,0.0,74.0,0.0,14.21,17.64,0.62,0.0
20051202:1409,8.0,47.41,0.0,4.64,17.37,0.97,0.0
20051202:1509,0.0,0.0,0.0,0.0,17.13,0.69,0.0
20051202:1609,0.0,0.0,0.0,0.0,16.93,0.69,0.0
20051202:1709,0.0,0.0,0.0,0.0,16.45,0.62,0.0
20051202:1809,0.0,0.0,0.0,0.0,16.29,0.69,0.0
20051202:1909,0.0,0.0,0.0,0.0,16.15,0.83,0.0
20051202:2009,0.0,0.0,0.0,0.0,15.88,1.1,0.0
20051202:2109,0.0,0.0,0.0,0.0,15.83,1.38,0.0
20051202:2209,0.0,0.0,0.0,0.0,15.83,1.79,0.0
20051202:2309,0.0,0.0,0.0,0.0,15.78,1.72,0.0
20051203:0009,0.0,0.0,0.0,0.0,15.72,1.86,0.0
20051203:0109,0.0,0.0,0.0,0.0,15.92,2.07,0.0
20051203:0209,0.0,0.0,0.0,0.0,15.96,2.21,0.0
20051203:0309,0.0,0.0,0.0,0.0,15.98,1.93,0.0
20051203:0409,0.0,0.0,0.0,0.0,16.05,2.07,0.0
20051203:0509,0.0,0.0,0.0,0.0,16.18,2.34,0.0
20051203:0609,0.0,39.0,0.0,11.88,16.19,2.55,0.0
20051203:0709,0.0,54.0,0.0,20.31,16.54,2.48,0.0
20051203:0809,29.0,195.0,0.0,26.7,18.14,2.0,0.0
20051203:0909,0.0,129.0,0.0,30.36,18.76,1.38,0.0
20051203:1009,0.0,147.0,0.0,30.79,19.65,1.1,0.0
20051203:1109,208.01,199.0,0.0,27.9,19.62,0.9,0.0
20051203:1209,156.01,172.0,0.0,22.13,19.57,0.62,0.0
20051203:1309,71.0,128.0,0.0,14.16,19.82,0.76,0.0
20051203:1409,48.01,26.45,0.0,4.61,19.23,1.03,0.0
20051203:1509,0.0,0.0,0.0,0.0,18.21,1.1,0.0
20051203:1609,0.0,0.0,0.0,0.0,17.41,1.24,0.0
20051203:1709,0.0,0.0,0.0,0.0,16.8,1.45,0.0
20051203:1809,0.0,0.0,0.0,0.0,16.47,1.45,0.0
20051203:1909,0.0,0.0,0.0,0.0,16.43,1.45,0.0
20051203:2009,0.0,0.0,0.0,0.0,16.04,1.52,0.0
20051203:2109,0.0,0.0,0.0,0.0,15.96,1.66,0.0
20051203:2209,0.0,0.0,0.0,0.0,15.37,1.79,0.0
20051203:2309,0.0,0.0,0.0,0.0,15.37,2.14,0.0
20051204:0009,0.0,0.0,0.0,0.0,15.35,2.14,0.0
20051204:0109,0.0,0.0,0.0,0.0,15.22,2.21,0.0
20051204:0209,0.0,0.0,0.0,0.0,14.76,2.28,0.0
20051204:0309,0.0,0.0,0.0,0.0,14.62,2.34,0.0
20051204:0409,0.0,0.0,0.0,0.0,14.36,2.48,0.0
20051204:0509,0.0,0.0,0.0,0.0,14.32,2.55,0.0
20051204:0609,76.0,44.0,0.0,11.71,14.65,2.41,0.0
20051204:0709,198.01,78.0,0.0,20.14,15.2,1.72,0.0
20051204:0809,303.01,101.0,0.0,26.53,17.69,0.41,0.0
20051204:0909,356.01,124.0,0.0,30.21,17.77,1.03,0.0
20051204:1009,386.01,123.0,0.0,30.65,18.36,1.86,0.0
20051204:1109,399.01,96.0,0.0,27.8,18.03,2.41,0.0
20051204:1209,261.01,119.0,0.0,22.06,17.84,2.41,0.0
20051204:1309,160.01,90.0,0.0,14.11,17.6,2.14,0.0
20051204:1409,49.01,25.92,0.0,4.58,16.95,1.72,0.0
20051204:1509,0.0,0.0,0.0,0.0,17.05,1.03,0.0
20051204:1609,0.0,0.0,0.0,0.0,16.37,0.48,0.0
20051204:1709,0.0,0.0,0.0,0.0,15.3,1.03,0.0
20051204:1809,0.0,0.0,0.0,0.0,15.18,1.45,0.0
20051204:1909,0.0,0.0,0.0,0.0,15.18,1.79,0.0
20051204:2009,0.0,0.0,0.0,0.0,14.57,2.14,0.0
20051204:2109,0.0,0.0,0.0,0.0,14.37,2.34,0.0
20051204:2209,0.0,0.0,0.0,0.0,13.76,2.55,0.0
20051204:2309,0.0,0.0,0.0,0.0,13.79,2.62,0.0
20051205:0009,0.0,0.0,0.0,0.0,13.94,2.69,0.0
20051205:0109,0.0,0.0,0.0,0.0,14.01,2.97,0.0
20051205:0209,0.0,0.0,0.0,0.0,13.77,3.24,0.0
20051205:0309,0.0,0.0,0.0,0.0,13.69,3.31,0.0
20051205:0409,0.0,0.0,0.0,0.0,13.69,3.31,0.0
20051205:0509,0.0,0.0,0.0,0.0,13.7,3.59,0.0
20051205:0609,62.0,49.0,0.0,11.55,13.75,3.72,0.0
20051205:0709,210.01,72.0,0.0,19.98,14.54,3.24,0.0
20051205:0809,316.01,93.0,0.0,26.38,16.76,2.28,0.0
20051205:0909,393.01,101.0,0.0,30.07,17.23,1.24,0.0
20051205:1009,364.01,135.0,0.0,30.53,17.79,0.9,0.0
20051205:1109,358.01,118.0,0.0,27.7,17.62,1.72,0.0
20051205:1209,283.01,105.0,0.0,21.99,17.51,2.41,0.0
20051205:1309,160.01,90.0,0.0,14.06,17.35,2.55,0.0
20051205:1409,37.0,33.45,0.0,4.55,16.43,2.07,0.0
20051205:1509,0.0,0.0,0.0,0.0,15.86,1.86,0.0
20051205:1609,0.0,0.0,0.0,0.0,16.3,1.17,0.0
20051205:1709,0.0,0.0,0.0,0.0,15.53,0.28,0.0
20051205:1809,0.0,0.0,0.0,0.0,14.8,0.34,0.0
20051205:1909,0.0,0.0,0.0,0.0,14.35,0.76,0.0
20051205:2009,0.0,0.0,0.0,0.0,13.85,0.9,0.0
20051205:2109,0.0,0.0,0.0,0.0,13.64,0.97,0.0
20051205:2209,0.0,0.0,0.0,0.0,13.18,1.45,0.0
20051205:2309,0.0,0.0,0.0,0.0,12.95,1.45,0.0
20051206:0009,0.0,0.0,0.0,0.0,12.84,1.38,0.0
20051206:0109,0.0,0.0,0.0,0.0,12.7,1.52,0.0
20051206:0209,0.0,0.0,0.0,0.0,12.46,1.72,0.0
20051206:0309,0.0,0.0,0.0,0.0,12.25,1.86,0.0
20051206:0409,0.0,0.0,0.0,0.0,12.25,1.79,0.0
20051206:0509,0.0,0.0,0.0,0.0,12.23,1.59,0.0
20051206:0609,58.0,49.0,0.0,11.4,12.17,1.31,0.0
20051206:0709,143.01,105.0,0.0,19.82,13.3,0.97,0.0
20051206:0809,277.01,114.0,0.0,26.23,14.73,0.9,0.0
20051206:0909,315.01,145.0,0.0,29.93,15.19,1.17,0.0
20051206:1009,362.01,135.0,0.0,30.42,15.91,1.17,0.0
20051206:1109,239.01,184.0,0.0,27.61,15.93,1.72,0.0
20051206:1209,237.01,131.0,0.0,21.93,15.92,2.41,0.0
20051206:1309,159.01,90.0,0.0,14.03,15.85,2.55,0.0
20051206:1409,64.01,16.59,0.0,4.54,15.57,2.07,0.0
20051206:1509,0.0,0.0,0.0,0.0,15.6,1.45,0.0
20051206:1609,0.0,0.0,0.0,0.0,14.98,0.9,0.0
20051206:1709,0.0,0.0,0.0,0.0,13.94,0.28,0.0
20051206:1809,0.0,0.0,0.0,0.0,13.65,0.21,0.0
20051206:1909,0.0,0.0,0.0,0.0,13.59,0.55,0.0
20051206:2009,0.0,0.0,0.0,0.0,13.26,0.97,0.0
20051206:2109,0.0,0.0,0.0,0.0,13.2,1.45,0.0
20051206:2209,0.0,0.0,0.0,0.0,12.8,1.52,0.0
20051206:2309,0.0,0.0,0.0,0.0,12.73,1.86,0.0
20051207:0009,0.0,0.0,0.0,0.0,12.59,2.14,0.0
20051207:0109,0.0,0.0,0.0,0.0,12.49,2.41,0.0
20051207:0209,0.0,0.0,0.0,0.0,12.45,2.62,0.0
20051207:0309,0.0,0.0,0.0,0.0,12.43,2.69,0.0
20051207:0409,0.0,0.0,0.0,0.0,12.4,2.83,0.0
20051207:0509,0.0,0.0,0.0,0.0,12.36,2.83,0.0
20051207:0609,16.0,58.0,0.0,11.25,12.55,2.9,0.0
20051207:0709,92.0,127.0,0.0,19.67,13.14,2.69,0.0
20051207:0809,239.01,135.0,0.0,26.08,15.28,2.21,0.0
20051207:0909,316.01,145.0,0.0,29.8,15.81,2.14,0.0
20051207:1009,318.01,161.0,0.0,30.31,16.55,2.07,0.0
20051207:1109,296.01,154.0,0.0,27.53,16.69,1.93,0.0
20051207:1209,258.01,120.0,0.0,21.88,16.74,1.79,0.0
20051207:1309,124.01,108.0,0.0,14.0,16.86,1.52,0.0
20051207:1409,62.01,17.69,0.0,4.53,16.0,1.45,0.0
20051207:1509,0.0,0.0,0.0,0.0,15.59,1.66,0.0
20051207:1609,0.0,0.0,0.0,0.0,15.65,1.79,0.0
20051207:1709,0.0,0.0,0.0,0.0,15.12,1.86,0.0
20051207:1809,0.0,0.0,0.0,0.0,15.02,2.0,0.0
20051207:1909,0.0,0.0,0.0,0.0,15.01,2.28,0.0
20051207:2009,0.0,0.0,0.0,0.0,14.68,2.34,0.0
20051207:2109,0.0,0.0,0.0,0.0,14.67,2.69,0.0
20051207:2209,0.0,0.0,0.0,0.0,14.75,2.69,0.0
20051207:2309,0.0,0.0,0.0,0.0,14.74,2.9,0.0
20051208:0009,0.0,0.0,0.0,0.0,14.59,3.03,0.0
20051208:0109,0.0,0.0,0.0,0.0,14.57,3.17,0.0
20051208:0209,0.0,0.0,0.0,0.0,14.44,3.24,0.0
20051208:0309,0.0,0.0,0.0,0.0,14.67,3.03,0.0
20051208:0409,0.0,0.0,0.0,0.0,14.76,2.9,0.0
20051208:0509,0.0,0.0,0.0,0.0,14.71,2.76,0.0
20051208:0609,63.0,43.0,0.0,11.1,14.96,2.69,0.0
20051208:0709,164.01,90.0,0.0,19.53,15.65,2.55,0.0
20051208:0809,317.01,87.0,0.0,25.94,17.53,2.07,0.0
20051208:0909,321.01,137.0,0.0,29.67,18.01,1.1,0.0
20051208:1009,409.01,103.0,0.0,30.21,18.96,0.97,0.0
20051208:1109,385.01,98.0,0.0,27.46,18.91,0.55,0.0
20051208:1209,252.01,120.0,0.0,21.83,18.83,0.48,0.0
20051208:1309,156.01,90.0,0.0,13.97,18.81,0.55,0.0
20051208:1409,1.0,40.63,0.0,4.52,17.95,0.48,0.0
20051208:1509,0.0,0.0,0.0,0.0,17.27,0.55,0.0
20051208:1609,0.0,0.0,0.0,0.0,17.14,0.76,0.0
20051208:1709,0.0,0.0,0.0,0.0,16.58,0.83,0.0
20051208:1809,0.0,0.0,0.0,0.0,16.32,1.24,0.0
20051208:1909,0.0,0.0,0.0,0.0,15.96,1.79,0.0
20051208:2009,0.0,0.0,0.0,0.0,15.43,2.21,0.0
20051208:2109,0.0,0.0,0.0,0.0,15.3,2.62,0.0
20051208:2209,0.0,0.0,0.0,0.0,15.44,2.76,0.0
20051208:2309,0.0,0.0,0.0,0.0,15.32,3.1,0.0
20051209:0009,0.0,0.0,0.0,0.0,15.05,3.45,0.0
20051209:0109,0.0,0.0,0.0,0.0,14.57,3.59,0.0
20051209:0209,0.0,0.0,0.0,0.0,14.26,3.45,0.0
20051209:0309,0.0,0.0,0.0,0.0,14.12,3.52,0.0
20051209:0409,0.0,0.0,0.0,0.0,14.16,3.59,0.0
20051209:0509,0.0,0.0,0.0,0.0,14.05,3.72,0.0
20051209:0609,57.0,44.0,0.0,10.96,14.33,3.66,0.0
20051209:0709,174.01,80.0,0.0,19.39,15.24,3.38,0.0
20051209:0809,308.01,88.0,0.0,25.81,17.26,2.83,0.0
20051209:0909,383.01,97.0,0.0,29.56,17.88,2.0,0.0
20051209:1009,399.01,105.0,0.0,30.11,18.58,1.31,0.0
20051209:1109,335.01,123.0,0.0,27.39,18.49,0.97,0.0
20051209:1209,305.01,88.0,0.0,21.79,18.36,1.17,0.0
20051209:1309,194.01,69.0,0.0,13.96,18.21,0.9,0.0
20051209:1409,44.01,27.79,0.0,4.52,17.6,0.83,0.0
20051209:1509,0.0,0.0,0.0,0.0,17.74,0.97,0.0
20051209:1609,0.0,0.0,0.0,0.0,17.47,1.03,0.0
20051209:1709,0.0,0.0,0.0,0.0,16.46,0.9,0.0
20051209:1809,0.0,0.0,0.0,0.0,15.9,1.03,0.0
20051209:1909,0.0,0.0,0.0,0.0,15.99,0.9,0.0
20051209:2009,0.0,0.0,0.0,0.0,15.64,0.55,0.0
20051209:2109,0.0,0.0,0.0,0.0,15.4,0.76,0.0
20051209:2209,0.0,0.0,0.0,0.0,15.52,1.03,0.0
20051209:2309,0.0,0.0,0.0,0.0,15.23,1.1,0.0
20051210:0009,0.0,0.0,0.0,0.0,14.93,1.52,0.0
20051210:0109,0.0,0.0,0.0,0.0,14.63,1.59,0.0
20051210:0209,0.0,0.0,0.0,0.0,14.27,1.86,0.0
20051210:0309,0.0,0.0,0.0,0.0,14.19,2.07,0.0
20051210:0409,0.0,0.0,0.0,0.0,14.41,2.21,0.0
20051210:0509,0.0,0.0,0.0,0.0,14.14,2.14,0.0
20051210:0609,56.0,43.0,0.0,10.82,14.54,2.0,0.0
20051210:0709,171.01,82.0,0.0,19.25,15.23,1.24,0.0
20051210:0809,294.01,95.0,0.0,25.68,16.99,0.21,0.0
20051210:0909,386.01,96.0,0.0,29.45,17.04,0.9,0.0
20051210:1009,385.01,113.0,0.0,30.02,17.62,1.17,0.0
20051210:1109,364.01,107.0,0.0,27.33,17.51,1.17,0.0
20051210:1209,288.01,97.0,0.0,21.76,17.56,1.24,0.0
20051210:1309,188.01,72.0,0.0,13.95,17.62,1.03,0.0
20051210:1409,45.01,27.41,0.0,4.53,16.8,0.97,0.0
20051210:1509,0.0,0.0,0.0,0.0,17.06,1.03,0.0
20051210:1609,0.0,0.0,0.0,0.0,16.98,1.52,0.0
20051210:1709,0.0,0.0,0.0,0.0,15.65,1.79,0.0
20051210:1809,0.0,0.0,0.0,0.0,15.67,2.07,0.0
20051210:1909,0.0,0.0,0.0,0.0,15.67,2.28,0.0
20051210:2009,0.0,0.0,0.0,0.0,15.12,2.48,0.0
20051210:2109,0.0,0.0,0.0,0.0,15.01,2.83,0.0
20051210:2209,0.0,0.0,0.0,0.0,14.87,3.38,0.0
20051210:2309,0.0,0.0,0.0,0.0,14.82,3.66,0.0
20051211:0009,0.0,0.0,0.0,0.0,14.44,3.93,0.0
20051211:0109,0.0,0.0,0.0,0.0,14.07,4.34,0.0
20051211:0209,0.0,0.0,0.0,0.0,13.65,4.62,0.0
20051211:0309,0.0,0.0,0.0,0.0,13.75,4.83,0.0
20051211:0409,0.0,0.0,0.0,0.0,13.88,4.9,0.0
20051211:0509,0.0,0.0,0.0,0.0,13.7,4.97,0.0
20051211:0609,58.0,41.0,0.0,10.69,13.85,4.9,0.0
20051211:0709,191.01,73.0,0.0,19.13,14.59,4.62,0.0
20051211:0809,314.01,87.0,0.0,25.57,17.13,4.28,0.0
20051211:0909,396.01,94.0,0.0,29.34,17.98,3.93,0.0
20051211:1009,388.01,116.0,0.0,29.95,19.1,3.79,0.0
20051211:1109,406.01,89.0,0.0,27.28,19.43,3.45,0.0
20051211:1209,257.01,119.0,0.0,21.73,19.41,3.31,0.0
20051211:1309,177.01,79.0,0.0,13.94,19.28,3.38,0.0
20051211:1409,37.0,33.43,0.0,4.55,18.51,3.59,0.0
20051211:1509,0.0,0.0,0.0,0.0,18.11,4.07,0.0
20051211:1609,0.0,0.0,0.0,0.0,18.03,4.48,0.0
20051211:1709,0.0,0.0,0.0,0.0,17.42,4.9,0.0
20051211:1809,0.0,0.0,0.0,0.0,17.04,5.31,0.0
20051211:1909,0.0,0.0,0.0,0.0,16.75,5.52,0.0
20051211:2009,0.0,0.0,0.0,0.0,16.34,5.52,0.0
20051211:2109,0.0,0.0,0.0,0.0,16.01,5.59,0.0
20051211:2209,0.0,0.0,0.0,0.0,15.89,5.38,0.0
20051211:2309,0.0,0.0,0.0,0.0,15.8,5.59,0.0
20051212:0009,0.0,0.0,0.0,0.0,15.57,5.66,0.0
20051212:0109,0.0,0.0,0.0,0.0,15.34,5.72,0.0
20051212:0209,0.0,0.0,0.0,0.0,15.04,5.86,0.0
20051212:0309,0.0,0.0,0.0,0.0,14.87,6.0,0.0
20051212:0409,0.0,0.0,0.0,0.0,14.75,6.07,0.0
20051212:0509,0.0,0.0,0.0,0.0,14.47,6.07,0.0
20051212:0609,9.0,51.0,0.0,10.56,14.4,6.07,0.0
20051212:0709,129.01,104.0,0.0,19.0,14.69,5.93,0.0
20051212:0809,281.01,104.0,0.0,25.45,16.61,5.79,0.0
20051212:0909,362.01,112.0,0.0,29.25,17.51,5.45,0.0
20051212:1009,388.01,116.0,0.0,29.87,18.75,5.38,0.0
20051212:1109,324.01,135.0,0.0,27.23,19.21,4.83,0.0
20051212:1209,277.01,107.0,0.0,21.71,19.53,4.34,0.0
20051212:1309,159.01,90.0,0.0,13.94,19.42,3.66,0.0
20051212:1409,37.0,34.18,0.0,4.56,18.39,3.52,0.0
20051212:1509,0.0,0.0,0.0,0.0,17.96,3.93,0.0
20051212:1609,0.0,0.0,0.0,0.0,17.73,4.34,0.0
20051212:1709,0.0,0.0,0.0,0.0,17.02,4.62,0.0
20051212:1809,0.0,0.0,0.0,0.0,16.49,4.83,0.0
20051212:1909,0.0,0.0,0.0,0.0,16.1,5.1,0.0
20051212:2009,0.0,0.0,0.0,0.0,15.48,5.17,0.0
20051212:2109,0.0,0.0,0.0,0.0,15.11,5.03,0.0
20051212:2209,0.0,0.0,0.0,0.0,14.65,5.17,0.0
20051212:2309,0.0,0.0,0.0,0.0,14.45,4.9,0.0
20051213:0009,0.0,0.0,0.0,0.0,14.28,4.69,0.0
20051213:0109,0.0,0.0,0.0,0.0,14.08,4.62,0.0
20051213:0209,0.0,0.0,0.0,0.0,13.96,4.55,0.0
20051213:0309,0.0,0.0,0.0,0.0,13.79,4.48,0.0
20051213:0409,0.0,0.0,0.0,0.0,13.77,4.48,0.0
20051213:0509,0.0,0.0,0.0,0.0,13.76,4.41,0.0
20051213:0609,53.0,41.0,0.0,10.44,13.85,4.48,0.0
20051213:0709,172.01,80.0,0.0,18.89,14.39,4.55,0.0
20051213:0809,296.01,95.0,0.0,25.35,16.23,4.34,0.0
20051213:0909,374.01,104.0,0.0,29.16,16.91,3.93,0.0
20051213:1009,408.01,104.0,0.0,29.81,18.34,3.93,0.0
20051213:1109,324.01,135.0,0.0,27.2,18.73,3.59,0.0
20051213:1209,277.01,108.0,0.0,21.7,18.89,3.17,0.0
20051213:1309,198.01,70.0,0.0,13.95,18.96,2.21,0.0
20051213:1409,39.0,32.71,0.0,4.59,17.72,2.07,0.0
20051213:1509,0.0,0.0,0.0,0.0,17.56,2.28,0.0
20051213:1609,0.0,0.0,0.0,0.0,16.8,2.41,0.0
20051213:1709,0.0,0.0,0.0,0.0,16.08,2.62,0.0
20051213:1809,0.0,0.0,0.0,0.0,15.7,2.9,0.0
20051213:1909,0.0,0.0,0.0,0.0,15.63,3.03,0.0
20051213:2009,0.0,0.0,0.0,0.0,15.2,3.03,0.0
20051213:2109,0.0,0.0,0.0,0.0,15.08,3.1,0.0
20051213:2209,0.0,0.0,0.0,0.0,14.66,2.97,0.0
20051213:2309,0.0,0.0,0.0,0.0,14.45,3.03,0.0
20051214:0009,0.0,0.0,0.0,0.0,14.3,3.1,0.0
20051214:0109,0.0,0.0,0.0,0.0,14.06,3.17,0.0
20051214:0209,0.0,0.0,0.0,0.0,13.91,3.31,0.0
20051214:0309,0.0,0.0,0.0,0.0,13.82,3.24,0.0
20051214:0409,0.0,0.0,0.0,0.0,13.69,3.24,0.0
20051214:0509,0.0,0.0,0.0,0.0,13.72,3.24,0.0
20051214:0609,49.0,42.0,0.0,10.32,14.02,3.24,0.0
20051214:0709,180.01,74.0,0.0,18.78,15.06,3.03,0.0
20051214:0809,292.01,95.0,0.0,25.25,17.02,2.28,0.0
20051214:0909,370.01,104.0,0.0,29.08,17.5,1.38,0.0
20051214:1009,384.01,116.0,0.0,29.75,18.7,0.55,0.0
20051214:1109,366.01,108.0,0.0,27.16,18.7,0.97,0.0
20051214:1209,275.01,108.0,0.0,21.69,18.48,1.17,0.0
20051214:1309,176.01,80.0,0.0,13.97,18.26,1.1,0.0
20051214:1409,50.01,25.19,0.0,4.62,18.02,1.1,0.0
20051214:1509,0.0,0.0,0.0,0.0,18.21,1.24,0.0
20051214:1609,0.0,0.0,0.0,0.0,17.97,1.66,0.0
20051214:1709,0.0,0.0,0.0,0.0,17.38,2.0,0.0
20051214:1809,0.0,0.0,0.0,0.0,16.71,2.07,0.0
20051214:1909,0.0,0.0,0.0,0.0,16.12,2.07,0.0
20051214:2009,0.0,0.0,0.0,0.0,15.18,2.21,0.0
20051214:2109,0.0,0.0,0.0,0.0,15.02,3.72,0.0
20051214:2209,0.0,0.0,0.0,0.0,14.59,4.76,0.0
20051214:2309,0.0,0.0,0.0,0.0,13.99,4.55,0.0
20051215:0009,0.0,0.0,0.0,0.0,13.81,4.97,0.0
20051215:0109,0.0,0.0,0.0,0.0,13.52,4.76,0.0
20051215:0209,0.0,0.0,0.0,0.0,13.75,4.07,0.0
20051215:0309,0.0,0.0,0.0,0.0,13.73,2.76,0.0
20051215:0409,0.0,0.0,0.0,0.0,13.73,2.07,0.0
20051215:0509,0.0,0.0,0.0,0.0,13.72,1.93,0.0
20051215:0609,6.0,45.0,0.0,10.21,13.49,1.72,0.0
20051215:0709,52.0,125.0,0.0,18.67,13.53,2.0,0.0
20051215:0809,138.0,170.0,0.0,25.16,14.06,2.48,0.0
20051215:0909,160.0,210.0,0.0,29.01,14.17,3.1,0.0
20051215:1009,0.0,139.0,0.0,29.7,15.28,4.34,0.0
20051215:1109,11.0,198.0,0.0,27.14,15.08,4.0,0.0
20051215:1209,60.0,193.0,0.0,21.69,15.12,3.59,0.0
20051215:1309,188.01,72.0,0.0,13.99,14.92,3.52,0.0
20051215:1409,62.01,18.34,0.0,4.66,14.57,3.03,0.0
20051215:1509,0.0,0.0,0.0,0.0,14.17,1.45,0.0
20051215:1609,0.0,0.0,0.0,0.0,14.03,0.83,0.0
20051215:1709,0.0,0.0,0.0,0.0,13.16,1.24,0.0
20051215:1809,0.0,0.0,0.0,0.0,12.58,1.93,0.0
20051215:1909,0.0,0.0,0.0,0.0,11.77,2.07,0.0
20051215:2009,0.0,0.0,0.0,0.0,10.86,2.34,0.0
20051215:2109,0.0,0.0,0.0,0.0,10.66,2.28,0.0
20051215:2209,0.0,0.0,0.0,0.0,11.74,2.76,0.0
20051215:2309,0.0,0.0,0.0,0.0,11.62,1.79,0.0
20051216:0009,0.0,0.0,0.0,0.0,11.48,0.41,0.0
20051216:0109,0.0,0.0,0.0,0.0,11.3,1.45,0.0
20051216:0209,0.0,0.0,0.0,0.0,11.13,2.21,0.0
20051216:0309,0.0,0.0,0.0,0.0,11.06,2.55,0.0
20051216:0409,0.0,0.0,0.0,0.0,11.08,2.48,0.0
20051216:0509,0.0,0.0,0.0,0.0,10.77,2.14,0.0
20051216:0609,41.0,42.0,0.0,10.1,10.77,1.79,0.0
20051216:0709,151.01,85.0,0.0,18.57,11.18,1.24,0.0
20051216:0809,274.01,98.0,0.0,25.07,12.66,1.03,0.0
20051216:0909,355.01,106.0,0.0,28.94,13.01,1.1,0.0
20051216:1009,389.01,106.0,0.0,29.66,13.27,2.41,0.0
20051216:1109,327.01,125.0,0.0,27.13,13.42,3.45,0.0
20051216:1209,227.01,130.0,0.0,21.7,13.66,3.86,0.0
20051216:1309,37.0,130.0,0.0,14.02,14.04,3.59,0.0
20051216:1409,1.0,36.68,0.0,4.7,13.85,2.55,0.0
20051216:1509,0.0,0.0,0.0,0.0,13.58,1.24,0.0
20051216:1609,0.0,0.0,0.0,0.0,13.22,2.14,0.0
20051216:1709,0.0,0.0,0.0,0.0,12.85,3.24,0.0
20051216:1809,0.0,0.0,0.0,0.0,12.54,3.38,0.0
20051216:1909,0.0,0.0,0.0,0.0,12.27,3.03,0.0
20051216:2009,0.0,0.0,0.0,0.0,12.21,2.83,0.0
20051216:2109,0.0,0.0,0.0,0.0,12.18,2.55,0.0
20051216:2209,0.0,0.0,0.0,0.0,12.34,1.86,0.0
20051216:2309,0.0,0.0,0.0,0.0,11.93,1.24,0.0
20051217:0009,0.0,0.0,0.0,0.0,11.73,2.0,0.0
20051217:0109,0.0,0.0,0.0,0.0,11.69,2.14,0.0
20051217:0209,0.0,0.0,0.0,0.0,11.6,2.07,0.0
20051217:0309,0.0,0.0,0.0,0.0,11.56,2.28,0.0
20051217:0409,0.0,0.0,0.0,0.0,11.59,2.21,0.0
20051217:0509,0.0,0.0,0.0,0.0,11.85,2.14,0.0
20051217:0609,30.0,45.0,0.0,10.0,12.09,2.21,0.0
20051217:0709,165.01,75.0,0.0,18.48,12.25,2.34,0.0
20051217:0809,272.01,98.0,0.0,24.99,13.69,2.34,0.0
20051217:0909,368.01,99.0,0.0,28.88,13.83,2.28,0.0
20051217:1009,369.01,117.0,0.0,29.63,14.27,2.07,0.0
20051217:1109,368.01,102.0,0.0,27.12,14.55,2.07,0.0
20051217:1209,301.01,89.0,0.0,21.72,14.97,2.41,0.0
20051217:1309,153.01,90.0,0.0,14.05,15.25,2.9,0.0
20051217:1409,48.01,27.09,0.0,4.75,15.1,2.55,0.0
20051217:1509,0.0,0.0,0.0,0.0,15.05,2.55,0.0
20051217:1609,0.0,0.0,0.0,0.0,14.98,2.9,0.0
20051217:1709,0.0,0.0,0.0,0.0,15.0,3.24,0.0
20051217:1809,0.0,0.0,0.0,0.0,15.25,3.72,0.0
20051217:1909,0.0,0.0,0.0,0.0,15.36,4.14,0.0
20051217:2009,0.0,0.0,0.0,0.0,15.18,4.55,0.0
20051217:2109,0.0,0.0,0.0,0.0,14.96,4.62,0.0
20051217:2209,0.0,0.0,0.0,0.0,14.95,5.59,0.0
20051217:2309,0.0,0.0,0.0,0.0,14.81,5.93,0.0
20051218:0009,0.0,0.0,0.0,0.0,14.97,5.93,0.0
20051218:0109,0.0,0.0,0.0,0.0,14.89,5.59,0.0
20051218:0209,0.0,0.0,0.0,0.0,14.85,5.24,0.0
20051218:0309,0.0,0.0,0.0,0.0,14.81,5.38,0.0
20051218:0409,0.0,0.0,0.0,0.0,14.82,5.86,0.0
20051218:0509,0.0,0.0,0.0,0.0,14.8,6.62,0.0
20051218:0609,1.0,32.0,0.0,9.9,14.77,7.03,0.0
20051218:0709,0.0,31.0,0.0,18.39,14.84,7.79,0.0
20051218:0809,32.0,182.0,0.0,24.92,15.34,8.41,0.0
20051218:0909,21.0,210.0,0.0,28.83,15.31,8.62,0.0
20051218:1009,0.0,137.0,0.0,29.6,15.28,8.21,0.0
20051218:1109,288.01,146.0,0.0,27.12,15.19,8.0,0.0
20051218:1209,0.0,49.0,0.0,21.74,15.01,8.07,0.0
20051218:1309,170.01,80.0,0.0,14.09,15.0,8.0,0.0
20051218:1409,48.01,27.9,0.0,4.8,14.63,8.14,0.0
20051218:1509,0.0,0.0,0.0,0.0,14.79,7.86,0.0
20051218:1609,0.0,0.0,0.0,0.0,14.74,7.86,0.0
20051218:1709,0.0,0.0,0.0,0.0,14.8,7.45,0.0
20051218:1809,0.0,0.0,0.0,0.0,15.14,7.17,0.0
20051218:1909,0.0,0.0,0.0,0.0,15.36,7.1,0.0
20051218:2009,0.0,0.0,0.0,0.0,15.22,7.17,0.0
20051218:2109,0.0,0.0,0.0,0.0,15.06,7.38,0.0
20051218:2209,0.0,0.0,0.0,0.0,14.44,7.24,0.0
20051218:2309,0.0,0.0,0.0,0.0,14.34,7.24,0.0
20051219:0009,0.0,0.0,0.0,0.0,14.07,7.52,0.0
20051219:0109,0.0,0.0,0.0,0.0,13.92,7.79,0.0
20051219:0209,0.0,0.0,0.0,0.0,13.93,8.0,0.0
20051219:0309,0.0,0.0,0.0,0.0,14.03,8.55,0.0
20051219:0409,0.0,0.0,0.0,0.0,14.4,8.69,0.0
20051219:0509,0.0,0.0,0.0,0.0,14.0,9.03,0.0
20051219:0609,0.0,19.0,0.0,9.81,13.87,8.83,0.0
20051219:0709,147.01,83.0,0.0,18.31,13.9,8.69,0.0
20051219:0809,3.0,143.0,0.0,24.85,13.82,8.76,0.0
20051219:0909,29.0,217.0,0.0,28.78,13.54,8.76,0.0
20051219:1009,0.0,61.0,0.0,29.58,13.82,7.03,0.0
20051219:1109,77.0,232.0,0.0,27.12,13.9,6.41,0.0
20051219:1209,21.0,181.0,0.0,21.77,14.55,5.72,0.0
20051219:1309,18.0,125.0,0.0,14.14,14.9,5.93,0.0
20051219:1409,0.0,9.0,0.0,4.86,14.42,5.59,0.0
20051219:1509,0.0,0.0,0.0,0.0,14.03,3.17,0.0
20051219:1609,0.0,0.0,0.0,0.0,12.14,2.41,0.0
20051219:1709,0.0,0.0,0.0,0.0,11.63,5.93,0.0
20051219:1809,0.0,0.0,0.0,0.0,11.34,7.93,0.0
20051219:1909,0.0,0.0,0.0,0.0,10.77,8.9,0.0
20051219:2009,0.0,0.0,0.0,0.0,10.18,8.83,0.0
20051219:2109,0.0,0.0,0.0,0.0,9.52,8.9,0.0
20051219:2209,0.0,0.0,0.0,0.0,8.94,8.69,0.0
20051219:2309,0.0,0.0,0.0,0.0,8.49,8.69,0.0
20051220:0009,0.0,0.0,0.0,0.0,8.08,8.83,0.0
20051220:0109,0.0,0.0,0.0,0.0,7.71,9.24,0.0
20051220:0209,0.0,0.0,0.0,0.0,7.26,9.45,0.0
20051220:0309,0.0,0.0,0.0,0.0,7.21,9.38,0.0
20051220:0409,0.0,0.0,0.0,0.0,7.12,9.38,0.0
20051220:0509,0.0,0.0,0.0,0.0,7.01,9.38,0.0
20051220:0609,43.0,40.0,0.0,9.73,6.92,9.31,0.0
20051220:0709,182.01,72.0,0.0,18.24,7.34,9.24,0.0
20051220:0809,275.01,107.0,0.0,24.8,8.53,8.9,0.0
20051220:0909,337.01,130.0,0.0,28.75,9.05,8.41,0.0
20051220:1009,401.01,114.0,0.0,29.57,9.86,8.0,0.0
20051220:1109,338.01,134.0,0.0,27.14,10.21,7.59,0.0
20051220:1209,252.01,130.0,0.0,21.8,10.4,7.17,0.0
20051220:1309,156.01,99.0,0.0,14.19,10.43,6.97,0.0
20051220:1409,50.01,29.96,0.0,4.93,9.97,7.1,0.0
20051220:1509,0.0,0.0,0.0,0.0,9.53,7.59,0.0
20051220:1609,0.0,0.0,0.0,0.0,9.03,7.93,0.0
20051220:1709,0.0,0.0,0.0,0.0,8.26,7.86,0.0
20051220:1809,0.0,0.0,0.0,0.0,7.95,7.38,0.0
20051220:1909,0.0,0.0,0.0,0.0,7.61,7.03,0.0
20051220:2009,0.0,0.0,0.0,0.0,7.1,6.9,0.0
20051220:2109,0.0,0.0,0.0,0.0,6.81,6.76,0.0
20051220:2209,0.0,0.0,0.0,0.0,6.74,6.41,0.0
20051220:2309,0.0,0.0,0.0,0.0,6.62,6.14,0.0
20051221:0009,0.0,0.0,0.0,0.0,6.6,6.0,0.0
20051221:0109,0.0,0.0,0.0,0.0,6.67,5.86,0.0
20051221:0209,0.0,0.0,0.0,0.0,6.7,5.66,0.0
20051221:0309,0.0,0.0,0.0,0.0,6.65,5.45,0.0
20051221:0409,0.0,0.0,0.0,0.0,6.66,5.03,0.0
20051221:0509,0.0,0.0,0.0,0.0,6.55,4.76,0.0
20051221:0609,52.0,35.0,0.0,9.65,6.52,4.62,0.0
20051221:0709,159.01,83.0,0.0,18.17,6.98,4.41,0.0
20051221:0809,287.01,98.0,0.0,24.74,8.62,3.79,0.0
20051221:0909,380.01,101.0,0.0,28.72,9.32,3.1,0.0
20051221:1009,367.01,132.0,0.0,29.57,10.18,2.21,0.0
20051221:1109,335.01,134.0,0.0,27.16,10.47,1.45,0.0
20051221:1209,270.01,118.0,0.0,21.85,10.58,1.66,0.0
20051221:1309,173.01,89.0,0.0,14.25,10.56,1.66,0.0
20051221:1409,51.01,29.26,0.0,5.0,9.99,1.24,0.0
20051221:1509,0.0,0.0,0.0,0.0,10.27,0.97,0.0
20051221:1609,0.0,0.0,0.0,0.0,10.37,0.62,0.0
20051221:1709,0.0,0.0,0.0,0.0,9.99,0.48,0.0
20051221:1809,0.0,0.0,0.0,0.0,8.89,0.34,0.0
20051221:1909,0.0,0.0,0.0,0.0,8.73,0.48,0.0
20051221:2009,0.0,0.0,0.0,0.0,8.38,0.9,0.0
20051221:2109,0.0,0.0,0.0,0.0,8.08,1.17,0.0
20051221:2209,0.0,0.0,0.0,0.0,7.98,1.59,0.0
20051221:2309,0.0,0.0,0.0,0.0,7.9,1.79,0.0
20051222:0009,0.0,0.0,0.0,0.0,7.75,1.86,0.0
20051222:0109,0.0,0.0,0.0,0.0,7.69,2.0,0.0
20051222:0209,0.0,0.0,0.0,0.0,7.63,2.0,0.0
20051222:0309,0.0,0.0,0.0,0.0,7.73,2.07,0.0
20051222:0409,0.0,0.0,0.0,0.0,7.65,2.21,0.0
20051222:0509,0.0,0.0,0.0,0.0,7.63,2.41,0.0
20051222:0609,8.0,44.0,0.0,9.57,7.63,2.76,0.0
20051222:0709,54.0,122.0,0.0,18.11,7.8,2.97,0.0
20051222:0809,258.01,108.0,0.0,24.7,9.04,2.69,0.0
20051222:0909,318.01,131.0,0.0,28.7,9.44,2.14,0.0
20051222:1009,25.0,231.0,0.0,29.57,9.8,1.79,0.0
20051222:1109,101.0,233.0,0.0,27.19,9.78,1.66,0.0
20051222:1209,151.01,174.0,0.0,21.9,9.8,1.59,0.0
20051222:1309,133.01,106.0,0.0,14.31,9.65,1.52,0.0
20051222:1409,7.0,50.97,0.0,5.07,9.45,1.66,0.0
20051222:1509,0.0,0.0,0.0,0.0,9.02,2.14,0.0
20051222:1609,0.0,0.0,0.0,0.0,8.97,2.97,0.0
20051222:1709,0.0,0.0,0.0,0.0,8.4,3.31,0.0
20051222:1809,0.0,0.0,0.0,0.0,8.43,3.86,0.0
20051222:1909,0.0,0.0,0.0,0.0,8.31,3.93,0.0
20051222:2009,0.0,0.0,0.0,0.0,8.11,3.52,0.0
20051222:2109,0.0,0.0,0.0,0.0,8.28,3.24,0.0
20051222:2209,0.0,0.0,0.0,0.0,8.09,3.38,0.0
20051222:2309,0.0,0.0,0.0,0.0,7.87,3.52,0.0
20051223:0009,0.0,0.0,0.0,0.0,7.57,3.79,0.0
20051223:0109,0.0,0.0,0.0,0.0,7.35,4.14,0.0
20051223:0209,0.0,0.0,0.0,0.0,7.2,4.55,0.0
20051223:0309,0.0,0.0,0.0,0.0,7.23,5.03,0.0
20051223:0409,0.0,0.0,0.0,0.0,7.14,5.52,0.0
20051223:0509,0.0,0.0,0.0,0.0,6.88,6.07,0.0
20051223:0609,27.0,43.0,0.0,9.5,6.93,6.48,0.0
20051223:0709,26.0,123.0,0.0,18.05,7.62,6.76,0.0
20051223:0809,57.0,190.0,0.0,24.66,8.71,6.69,0.0
20051223:0909,253.01,171.0,0.0,28.68,9.17,6.21,0.0
20051223:1009,286.01,176.0,0.0,29.58,9.92,5.38,0.0
20051223:1109,254.01,177.0,0.0,27.22,10.14,4.34,0.0
20051223:1209,79.0,199.0,0.0,21.95,10.22,3.66,0.0
20051223:1309,220.01,65.0,0.0,14.38,10.16,3.45,0.0
20051223:1409,9.0,52.03,0.0,5.15,9.66,3.45,0.0
20051223:1509,0.0,0.0,0.0,0.0,9.45,3.86,0.0
20051223:1609,0.0,0.0,0.0,0.0,9.2,4.62,0.0
20051223:1709,0.0,0.0,0.0,0.0,8.6,5.38,0.0
20051223:1809,0.0,0.0,0.0,0.0,8.25,5.72,0.0
20051223:1909,0.0,0.0,0.0,0.0,8.06,5.72,0.0
20051223:2009,0.0,0.0,0.0,0.0,7.87,5.93,0.0
20051223:2109,0.0,0.0,0.0,0.0,7.6,6.0,0.0
20051223:2209,0.0,0.0,0.0,0.0,7.24,6.28,0.0
20051223:2309,0.0,0.0,0.0,0.0,7.08,6.48,0.0
20051224:0009,0.0,0.0,0.0,0.0,6.95,6.76,0.0
20051224:0109,0.0,0.0,0.0,0.0,6.76,6.97,0.0
20051224:0209,0.0,0.0,0.0,0.0,6.51,7.38,0.0
20051224:0309,0.0,0.0,0.0,0.0,6.41,7.86,0.0
20051224:0409,0.0,0.0,0.0,0.0,6.29,8.21,0.0
20051224:0509,0.0,0.0,0.0,0.0,6.18,8.55,0.0
20051224:0609,26.0,43.0,0.0,9.44,6.16,8.83,0.0
20051224:0709,183.01,67.0,0.0,18.0,6.44,8.76,0.0
20051224:0809,300.01,88.0,0.0,24.63,7.63,8.83,0.0
20051224:0909,391.01,93.0,0.0,28.68,8.01,8.62,0.0
20051224:1009,458.01,79.0,0.0,29.6,8.7,8.34,0.0
20051224:1109,396.01,98.0,0.0,27.27,9.08,8.48,0.0
20051224:1209,350.01,75.0,0.0,22.02,9.22,8.28,0.0
20051224:1309,201.01,75.0,0.0,14.46,9.22,8.34,0.0
20051224:1409,71.01,19.33,0.0,5.24,8.56,8.62,0.0
20051224:1509,0.0,0.0,0.0,0.0,8.21,9.24,0.0
20051224:1609,0.0,0.0,0.0,0.0,7.84,9.66,0.0
20051224:1709,0.0,0.0,0.0,0.0,7.38,9.72,0.0
20051224:1809,0.0,0.0,0.0,0.0,7.11,9.59,0.0
20051224:1909,0.0,0.0,0.0,0.0,6.9,9.45,0.0
20051224:2009,0.0,0.0,0.0,0.0,6.44,9.52,0.0
20051224:2109,0.0,0.0,0.0,0.0,6.29,9.52,0.0
20051224:2209,0.0,0.0,0.0,0.0,6.07,9.31,0.0
20051224:2309,0.0,0.0,0.0,0.0,5.93,9.17,0.0
20051225:0009,0.0,0.0,0.0,0.0,5.79,8.97,0.0
20051225:0109,0.0,0.0,0.0,0.0,5.75,8.9,0.0
20051225:0209,0.0,0.0,0.0,0.0,5.61,8.76,0.0
20051225:0309,0.0,0.0,0.0,0.0,5.41,8.55,0.0
20051225:0409,0.0,0.0,0.0,0.0,5.39,8.34,0.0
20051225:0509,0.0,0.0,0.0,0.0,5.25,7.93,0.0
20051225:0609,55.0,31.0,0.0,9.38,5.36,7.59,0.0
20051225:0709,185.01,66.0,0.0,17.96,5.88,7.31,0.0
20051225:0809,320.01,79.0,0.0,24.61,7.26,7.24,0.0
20051225:0909,411.01,85.0,0.0,28.68,7.83,6.9,0.0
20051225:1009,463.01,78.0,0.0,29.63,8.88,6.55,0.0
20051225:1109,423.01,86.0,0.0,27.32,9.33,5.86,0.0
20051225:1209,356.01,73.0,0.0,22.09,9.69,4.97,0.0
20051225:1309,208.01,73.0,0.0,14.55,9.93,4.21,0.0
20051225:1409,74.01,18.76,0.0,5.33,9.44,3.59,0.0
20051225:1509,0.0,0.0,0.0,0.0,8.86,3.59,0.0
20051225:1609,0.0,0.0,0.0,0.0,8.69,3.66,0.0
20051225:1709,0.0,0.0,0.0,0.0,8.21,3.79,0.0
20051225:1809,0.0,0.0,0.0,0.0,7.93,3.79,0.0
20051225:1909,0.0,0.0,0.0,0.0,7.71,3.59,0.0
20051225:2009,0.0,0.0,0.0,0.0,7.28,3.38,0.0
20051225:2109,0.0,0.0,0.0,0.0,7.03,3.1,0.0
20051225:2209,0.0,0.0,0.0,0.0,6.69,3.59,0.0
20051225:2309,0.0,0.0,0.0,0.0,6.61,3.38,0.0
20051226:0009,0.0,0.0,0.0,0.0,6.55,3.1,0.0
20051226:0109,0.0,0.0,0.0,0.0,6.55,2.69,0.0
20051226:0209,0.0,0.0,0.0,0.0,6.46,2.34,0.0
20051226:0309,0.0,0.0,0.0,0.0,6.41,2.0,0.0
20051226:0409,0.0,0.0,0.0,0.0,6.45,1.86,0.0
20051226:0509,0.0,0.0,0.0,0.0,6.43,2.0,0.0
20051226:0609,42.0,35.0,0.0,9.33,6.55,2.14,0.0
20051226:0709,178.01,67.0,0.0,17.93,7.17,2.07,0.0
20051226:0809,277.01,98.0,0.0,24.6,8.92,1.59,0.0
20051226:0909,363.01,107.0,0.0,28.69,9.51,1.17,0.0
20051226:1009,443.01,85.0,0.0,29.66,10.07,1.52,0.0
20051226:1109,382.01,104.0,0.0,27.38,10.12,1.66,0.0
20051226:1209,318.01,91.0,0.0,22.16,10.19,1.72,0.0
20051226:1309,164.01,96.0,0.0,14.63,10.27,1.66,0.0
20051226:1409,7.0,53.07,0.0,5.43,9.84,1.38,0.0
20051226:1509,0.0,0.0,0.0,0.0,10.14,0.97,0.0
20051226:1609,0.0,0.0,0.0,0.0,9.1,0.97,0.0
20051226:1709,0.0,0.0,0.0,0.0,8.79,1.1,0.0
20051226:1809,0.0,0.0,0.0,0.0,8.69,1.24,0.0
20051226:1909,0.0,0.0,0.0,0.0,8.6,1.45,0.0
20051226:2009,0.0,0.0,0.0,0.0,8.44,1.79,0.0
20051226:2109,0.0,0.0,0.0,0.0,8.37,2.34,0.0
20051226:2209,0.0,0.0,0.0,0.0,8.23,2.76,0.0
20051226:2309,0.0,0.0,0.0,0.0,8.11,2.62,0.0
20051227:0009,0.0,0.0,0.0,0.0,8.09,2.48,0.0
20051227:0109,0.0,0.0,0.0,0.0,8.03,2.48,0.0
20051227:0209,0.0,0.0,0.0,0.0,8.2,2.41,0.0
20051227:0309,0.0,0.0,0.0,0.0,8.23,2.62,0.0
20051227:0409,0.0,0.0,0.0,0.0,8.08,2.83,0.0
20051227:0509,0.0,0.0,0.0,0.0,8.22,3.03,0.0
20051227:0609,0.0,21.0,0.0,9.29,8.57,3.31,0.0
20051227:0709,2.0,90.0,0.0,17.9,8.65,3.38,0.0
20051227:0809,3.0,138.0,0.0,24.59,9.33,3.38,0.0
20051227:0909,0.0,72.0,0.0,28.7,9.48,3.38,0.0
20051227:1009,0.0,66.0,0.0,29.71,9.76,3.38,0.0
20051227:1109,0.0,67.0,0.0,27.44,9.98,3.1,0.0
20051227:1209,0.0,47.0,0.0,22.24,10.1,2.9,0.0
20051227:1309,0.0,28.0,0.0,14.73,10.12,2.62,0.0
20051227:1409,0.0,15.0,0.0,5.53,9.88,2.28,0.0
20051227:1509,0.0,0.0,0.0,0.0,10.12,2.0,0.0
20051227:1609,0.0,0.0,0.0,0.0,10.23,1.72,0.0
20051227:1709,0.0,0.0,0.0,0.0,10.12,1.72,0.0
20051227:1809,0.0,0.0,0.0,0.0,10.15,1.52,0.0
20051227:1909,0.0,0.0,0.0,0.0,10.39,1.52,0.0
20051227:2009,0.0,0.0,0.0,0.0,10.49,1.72,0.0
20051227:2109,0.0,0.0,0.0,0.0,10.86,2.21,0.0
20051227:2209,0.0,0.0,0.0,0.0,11.7,2.83,0.0
20051227:2309,0.0,0.0,0.0,0.0,11.7,3.45,0.0
20051228:0009,0.0,0.0,0.0,0.0,11.87,3.59,0.0
20051228:0109,0.0,0.0,0.0,0.0,12.01,3.72,0.0
20051228:0209,0.0,0.0,0.0,0.0,11.83,3.72,0.0
20051228:0309,0.0,0.0,0.0,0.0,11.82,3.66,0.0
20051228:0409,0.0,0.0,0.0,0.0,11.93,3.79,0.0
20051228:0509,0.0,0.0,0.0,0.0,11.89,4.07,0.0
20051228:0609,0.0,9.0,0.0,9.25,11.89,4.07,0.0
20051228:0709,0.0,23.0,0.0,17.87,12.1,4.21,0.0
20051228:0809,0.0,80.0,0.0,24.59,12.47,4.48,0.0
20051228:0909,0.0,41.0,0.0,28.73,12.71,4.97,0.0
20051228:1009,0.0,44.0,0.0,29.76,13.08,5.24,0.0
20051228:1109,0.0,42.0,0.0,27.52,13.16,5.45,0.0
20051228:1209,0.0,51.0,0.0,22.33,12.97,5.66,0.0
20051228:1309,0.0,79.0,0.0,14.83,13.18,5.72,0.0
20051228:1409,0.0,10.0,0.0,5.64,12.97,5.45,0.0
20051228:1509,0.0,0.0,0.0,0.0,13.03,5.03,0.0
20051228:1609,0.0,0.0,0.0,0.0,12.86,4.69,0.0
20051228:1709,0.0,0.0,0.0,0.0,12.62,3.93,0.0
20051228:1809,0.0,0.0,0.0,0.0,12.43,3.59,0.0
20051228:1909,0.0,0.0,0.0,0.0,12.45,3.66,0.0
20051228:2009,0.0,0.0,0.0,0.0,12.39,3.93,0.0
20051228:2109,0.0,0.0,0.0,0.0,12.39,4.07,0.0
20051228:2209,0.0,0.0,0.0,0.0,12.56,4.0,0.0
20051228:2309,0.0,0.0,0.0,0.0,12.56,4.0,0.0
20051229:0009,0.0,0.0,0.0,0.0,12.5,4.0,0.0
20051229:0109,0.0,0.0,0.0,0.0,12.42,3.93,0.0
20051229:0209,0.0,0.0,0.0,0.0,12.28,3.59,0.0
20051229:0309,0.0,0.0,0.0,0.0,12.26,3.31,0.0
20051229:0409,0.0,0.0,0.0,0.0,12.26,2.83,0.0
20051229:0509,0.0,0.0,0.0,0.0,12.2,2.76,0.0
20051229:0609,1.0,31.0,0.0,9.21,11.97,2.34,0.0
20051229:0709,2.0,88.0,0.0,17.86,11.96,2.28,0.0
20051229:0809,33.0,180.0,0.0,24.59,12.75,2.34,0.0
20051229:0909,0.0,101.0,0.0,28.76,12.83,2.55,0.0
20051229:1009,0.0,82.0,0.0,29.81,13.78,2.0,0.0
20051229:1109,0.0,119.0,0.0,27.6,13.86,1.93,0.0
20051229:1209,4.0,154.0,0.0,22.43,13.85,1.86,0.0
20051229:1309,71.0,134.0,0.0,14.94,13.8,1.79,0.0
20051229:1409,8.0,59.0,0.0,5.75,13.2,1.1,0.0
20051229:1509,0.0,0.0,0.0,0.0,12.86,0.83,0.0
20051229:1609,0.0,0.0,0.0,0.0,12.54,0.97,0.0
20051229:1709,0.0,0.0,0.0,0.0,11.98,1.17,0.0
20051229:1809,0.0,0.0,0.0,0.0,11.36,1.45,0.0
20051229:1909,0.0,0.0,0.0,0.0,11.29,1.79,0.0
20051229:2009,0.0,0.0,0.0,0.0,10.82,2.34,0.0
20051229:2109,0.0,0.0,0.0,0.0,10.43,2.55,0.0
20051229:2209,0.0,0.0,0.0,0.0,10.38,2.69,0.0
20051229:2309,0.0,0.0,0.0,0.0,10.24,2.83,0.0
20051230:0009,0.0,0.0,0.0,0.0,10.29,2.9,0.0
20051230:0109,0.0,0.0,0.0,0.0,10.1,2.97,0.0
20051230:0209,0.0,0.0,0.0,0.0,9.69,3.03,0.0
20051230:0309,0.0,0.0,0.0,0.0,9.57,2.97,0.0
20051230:0409,0.0,0.0,0.0,0.0,9.72,2.9,0.0
20051230:0509,0.0,0.0,0.0,0.0,9.66,2.9,0.0
20051230:0609,26.0,39.0,0.0,9.19,9.99,2.69,0.0
20051230:0709,40.0,119.0,0.0,17.85,10.99,2.21,0.0
20051230:0809,28.0,179.0,0.0,24.6,12.75,1.59,0.0
20051230:0909,167.01,205.0,0.0,28.8,13.01,1.03,0.0
20051230:1009,134.0,237.0,0.0,29.88,13.53,1.45,0.0
20051230:1109,170.01,213.0,0.0,27.68,13.56,1.59,0.0
20051230:1209,65.0,200.0,0.0,22.53,13.59,1.17,0.0
20051230:1309,217.01,69.0,0.0,15.05,13.32,1.1,0.0
20051230:1409,41.0,60.0,0.0,5.87,13.42,0.69,0.0
20051230:1509,0.0,0.0,0.0,0.0,13.55,0.41,0.0
20051230:1609,0.0,0.0,0.0,0.0,12.76,0.76,0.0
20051230:1709,0.0,0.0,0.0,0.0,12.61,0.83,0.0
20051230:1809,0.0,0.0,0.0,0.0,12.6,0.69,0.0
20051230:1909,0.0,0.0,0.0,0.0,12.42,0.55,0.0
20051230:2009,0.0,0.0,0.0,0.0,12.38,0.41,0.0
20051230:2109,0.0,0.0,0.0,0.0,12.34,0.34,0.0
20051230:2209,0.0,0.0,0.0,0.0,12.18,0.48,0.0
20051230:2309,0.0,0.0,0.0,0.0,12.05,0.41,0.0
20051231:0009,0.0,0.0,0.0,0.0,11.94,0.62,0.0
20051231:0109,0.0,0.0,0.0,0.0,11.86,0.83,0.0
20051231:0209,0.0,0.0,0.0,0.0,12.07,1.03,0.0
20051231:0309,0.0,0.0,0.0,0.0,12.14,0.9,0.0
20051231:0409,0.0,0.0,0.0,0.0,12.13,0.62,0.0
20051231:0509,0.0,0.0,0.0,0.0,12.25,0.62,0.0
20051231:0609,0.0,8.0,0.0,9.16,12.53,0.76,0.0
20051231:0709,0.0,72.0,0.0,17.84,12.93,0.62,0.0
20051231:0809,25.0,176.0,0.0,24.62,13.57,0.97,0.0
20051231:0909,82.0,229.0,0.0,28.84,13.78,1.79,0.0
20051231:1009,317.01,152.0,0.0,29.95,14.56,2.69,0.0
20051231:1109,417.01,83.0,0.0,27.78,14.38,2.83,0.0
20051231:1209,315.01,92.0,0.0,22.64,14.3,2.41,0.0
20051231:1309,218.01,69.0,0.0,15.17,14.26,1.79,0.0
20051231:1409,68.01,50.0,0.0,5.99,14.03,1.1,0.0
20051231:1509,0.0,0.0,0.0,0.0,13.92,1.03,0.0
20051231:1609,0.0,0.0,0.0,0.0,12.97,0.97,0.0
20051231:1709,0.0,0.0,0.0,0.0,12.24,1.03,0.0
20051231:1809,0.0,0.0,0.0,0.0,11.94,1.17,0.0
20051231:1909,0.0,0.0,0.0,0.0,11.7,1.31,0.0
20051231:2009,0.0,0.0,0.0,0.0,11.37,1.38,0.0
20051231:2109,0.0,0.0,0.0,0.0,11.28,1.59,0.0
20051231:2209,0.0,0.0,0.0,0.0,11.27,1.52,0.0
20051231:2309,0.0,0.0,0.0,0.0,11.19,1.59,0.0

Gb(i): Beam (direct) irradiance on the inclined plane (plane of the array) (W/m2)
Gd(i): Diffuse irradiance on the inclined plane (plane of the array) (W/m2)
Gr(i): Reflected irradiance on the inclined plane (plane of the array) (W/m2)
H_sun: Sun height (degree)
T2m: 2-m air temperature (degree Celsius)
WS10m: 10-m total wind speed (m/s)
Int: 1 means solar radiation values are reconstructed



PVGIS (c) European Union, 2001-2026