Latitude (decimal degrees):	41.051
Longitude (decimal degrees):	29.011
Elevation (m):	60
Radiation database:	NASA-POWER


Slope: 0 deg.
Azimuth: 0 deg.
time,Gb(i),Gd(i),Gr(i),H_sun,T2m,WS10m,Int
20240101:0010,0.00,0.00,0.0,0.0,11.79,4.25,0.0
20240101:0110,0.00,0.00,0.0,0.0,11.58,4.59,0.0
20240101:0210,0.00,0.00,0.0,0.0,11.30,4.81,0.0
20240101:0310,0.00,0.00,0.0,0.0,11.07,4.89,0.0
20240101:0410,0.00,0.00,0.0,0.0,11.03,5.01,0.0
20240101:0510,7.78,0.00,0.0,0.0,11.12,5.26,0.0
20240101:0610,62.57,0.00,0.0,0.0,11.23,5.55,0.0
20240101:0710,166.16,0.00,0.0,0.0,11.35,5.93,0.0
20240101:0810,235.31,0.00,0.0,0.0,11.63,6.02,0.0
20240101:0910,272.22,0.00,0.0,0.0,12.32,5.82,0.0
20240101:1010,289.42,0.00,0.0,0.0,13.32,6.25,0.0
20240101:1110,237.56,0.00,0.0,0.0,14.11,7.08,0.0
20240101:1210,170.74,0.00,0.0,0.0,14.33,7.60,0.0
20240101:1310,92.13,0.00,0.0,0.0,14.15,7.47,0.0
20240101:1410,16.33,0.00,0.0,0.0,13.77,7.18,0.0
20240101:1510,0.00,0.00,0.0,0.0,13.39,7.33,0.0
20240101:1610,0.00,0.00,0.0,0.0,13.25,7.63,0.0
20240101:1710,0.00,0.00,0.0,0.0,13.23,7.89,0.0
20240101:1810,0.00,0.00,0.0,0.0,13.11,8.19,0.0
20240101:1910,0.00,0.00,0.0,0.0,12.93,8.39,0.0
20240101:2010,0.00,0.00,0.0,0.0,12.73,8.46,0.0
20240101:2110,0.00,0.00,0.0,0.0,12.46,8.56,0.0
20240101:2210,0.00,0.00,0.0,0.0,12.11,8.56,0.0
20240101:2310,0.00,0.00,0.0,0.0,11.73,8.30,0.0
20240102:0010,0.00,0.00,0.0,0.0,11.48,8.19,0.0
20240102:0110,0.00,0.00,0.0,0.0,11.32,8.05,0.0
20240102:0210,0.00,0.00,0.0,0.0,11.20,7.95,0.0
20240102:0310,0.00,0.00,0.0,0.0,11.10,7.96,0.0
20240102:0410,0.00,0.00,0.0,0.0,11.03,7.99,0.0
20240102:0510,7.94,0.00,0.0,0.0,10.94,8.19,0.0
20240102:0610,48.90,0.00,0.0,0.0,10.85,8.41,0.0
20240102:0710,111.67,0.00,0.0,0.0,10.92,8.30,0.0
20240102:0810,146.97,0.00,0.0,0.0,11.24,7.89,0.0
20240102:0910,137.89,0.00,0.0,0.0,11.65,7.78,0.0
20240102:1010,127.00,0.00,0.0,0.0,11.95,8.05,0.0
20240102:1110,73.52,0.00,0.0,0.0,12.11,8.79,0.0
20240102:1210,55.46,0.00,0.0,0.0,12.09,9.29,0.0
20240102:1310,22.03,0.00,0.0,0.0,11.98,9.21,0.0
20240102:1410,11.82,0.00,0.0,0.0,11.83,8.76,0.0
20240102:1510,0.00,0.00,0.0,0.0,11.59,7.71,0.0
20240102:1610,0.00,0.00,0.0,0.0,11.12,5.90,0.0
20240102:1710,0.00,0.00,0.0,0.0,10.29,4.58,0.0
20240102:1810,0.00,0.00,0.0,0.0,9.21,4.55,0.0
20240102:1910,0.00,0.00,0.0,0.0,8.24,4.53,0.0
20240102:2010,0.00,0.00,0.0,0.0,7.58,3.76,0.0
20240102:2110,0.00,0.00,0.0,0.0,7.27,2.79,0.0
20240102:2210,0.00,0.00,0.0,0.0,7.33,1.72,0.0
20240102:2310,0.00,0.00,0.0,0.0,7.60,1.13,0.0
20240103:0010,0.00,0.00,0.0,0.0,8.00,1.66,0.0
20240103:0110,0.00,0.00,0.0,0.0,8.46,2.12,0.0
20240103:0210,0.00,0.00,0.0,0.0,8.91,2.50,0.0
20240103:0310,0.00,0.00,0.0,0.0,9.39,3.45,0.0
20240103:0410,0.00,0.00,0.0,0.0,9.83,4.58,0.0
20240103:0510,7.40,0.00,0.0,0.0,10.12,5.98,0.0
20240103:0610,42.71,0.00,0.0,0.0,10.38,7.24,0.0
20240103:0710,133.64,0.00,0.0,0.0,10.78,8.05,0.0
20240103:0810,181.93,0.00,0.0,0.0,11.49,8.66,0.0
20240103:0910,225.16,0.00,0.0,0.0,12.42,9.27,0.0
20240103:1010,202.23,0.00,0.0,0.0,13.45,10.74,0.0
20240103:1110,195.47,0.00,0.0,0.0,14.10,11.14,0.0
20240103:1210,138.39,0.00,0.0,0.0,14.49,10.78,0.0
20240103:1310,58.51,0.00,0.0,0.0,14.68,10.39,0.0
20240103:1410,13.03,0.00,0.0,0.0,14.66,10.48,0.0
20240103:1510,0.00,0.00,0.0,0.0,14.45,10.61,0.0
20240103:1610,0.00,0.00,0.0,0.0,14.00,10.49,0.0
20240103:1710,0.00,0.00,0.0,0.0,13.43,9.89,0.0
20240103:1810,0.00,0.00,0.0,0.0,12.93,8.95,0.0
20240103:1910,0.00,0.00,0.0,0.0,12.65,9.26,0.0
20240103:2010,0.00,0.00,0.0,0.0,12.34,9.14,0.0
20240103:2110,0.00,0.00,0.0,0.0,11.99,8.80,0.0
20240103:2210,0.00,0.00,0.0,0.0,11.68,8.86,0.0
20240103:2310,0.00,0.00,0.0,0.0,11.42,9.01,0.0
20240104:0010,0.00,0.00,0.0,0.0,11.19,9.03,0.0
20240104:0110,0.00,0.00,0.0,0.0,10.98,8.87,0.0
20240104:0210,0.00,0.00,0.0,0.0,10.83,8.71,0.0
20240104:0310,0.00,0.00,0.0,0.0,10.75,8.39,0.0
20240104:0410,0.00,0.00,0.0,0.0,10.73,7.86,0.0
20240104:0510,9.49,0.00,0.0,0.0,10.74,7.45,0.0
20240104:0610,88.58,0.00,0.0,0.0,10.80,7.38,0.0
20240104:0710,260.52,0.00,0.0,0.0,11.12,7.33,0.0
20240104:0810,351.88,0.00,0.0,0.0,11.91,7.25,0.0
20240104:0910,376.49,0.00,0.0,0.0,12.98,8.00,0.0
20240104:1010,351.37,0.00,0.0,0.0,13.81,8.83,0.0
20240104:1110,314.66,0.00,0.0,0.0,14.33,9.30,0.0
20240104:1210,216.04,0.00,0.0,0.0,14.74,9.39,0.0
20240104:1310,102.46,0.00,0.0,0.0,15.06,8.97,0.0
20240104:1410,17.77,0.00,0.0,0.0,15.09,8.30,0.0
20240104:1510,0.00,0.00,0.0,0.0,14.90,8.59,0.0
20240104:1610,0.00,0.00,0.0,0.0,14.64,9.38,0.0
20240104:1710,0.00,0.00,0.0,0.0,14.29,9.88,0.0
20240104:1810,0.00,0.00,0.0,0.0,13.86,10.34,0.0
20240104:1910,0.00,0.00,0.0,0.0,13.38,10.79,0.0
20240104:2010,0.00,0.00,0.0,0.0,12.89,10.78,0.0
20240104:2110,0.00,0.00,0.0,0.0,12.61,10.73,0.0
20240104:2210,0.00,0.00,0.0,0.0,12.52,11.42,0.0
20240104:2310,0.00,0.00,0.0,0.0,12.27,11.38,0.0
20240105:0010,0.00,0.00,0.0,0.0,11.97,9.59,0.0
20240105:0110,0.00,0.00,0.0,0.0,11.59,7.96,0.0
20240105:0210,0.00,0.00,0.0,0.0,11.00,6.84,0.0
20240105:0310,0.00,0.00,0.0,0.0,10.37,6.34,0.0
20240105:0410,0.00,0.00,0.0,0.0,9.70,5.98,0.0
20240105:0510,9.95,0.00,0.0,0.0,9.08,5.71,0.0
20240105:0610,115.55,0.00,0.0,0.0,8.69,5.80,0.0
20240105:0710,294.98,0.00,0.0,0.0,8.75,5.94,0.0
20240105:0810,408.92,0.00,0.0,0.0,9.43,5.82,0.0
20240105:0910,475.91,0.00,0.0,0.0,10.62,6.07,0.0
20240105:1010,484.09,0.00,0.0,0.0,11.84,6.28,0.0
20240105:1110,426.56,0.00,0.0,0.0,12.77,6.11,0.0
20240105:1210,321.14,0.00,0.0,0.0,13.33,5.78,0.0
20240105:1310,175.40,0.00,0.0,0.0,13.54,5.32,0.0
20240105:1410,30.06,0.00,0.0,0.0,13.40,4.86,0.0
20240105:1510,0.00,0.00,0.0,0.0,13.04,4.86,0.0
20240105:1610,0.00,0.00,0.0,0.0,12.71,4.73,0.0
20240105:1710,0.00,0.00,0.0,0.0,12.56,4.54,0.0
20240105:1810,0.00,0.00,0.0,0.0,12.62,4.55,0.0
20240105:1910,0.00,0.00,0.0,0.0,12.75,4.77,0.0
20240105:2010,0.00,0.00,0.0,0.0,12.80,5.23,0.0
20240105:2110,0.00,0.00,0.0,0.0,12.59,5.80,0.0
20240105:2210,0.00,0.00,0.0,0.0,12.11,6.31,0.0
20240105:2310,0.00,0.00,0.0,0.0,11.50,6.63,0.0
20240106:0010,0.00,0.00,0.0,0.0,11.00,6.77,0.0
20240106:0110,0.00,0.00,0.0,0.0,10.64,6.66,0.0
20240106:0210,0.00,0.00,0.0,0.0,10.40,6.43,0.0
20240106:0310,0.00,0.00,0.0,0.0,10.23,6.22,0.0
20240106:0410,0.00,0.00,0.0,0.0,10.02,6.29,0.0
20240106:0510,8.41,0.00,0.0,0.0,9.79,6.63,0.0
20240106:0610,72.43,0.00,0.0,0.0,9.58,6.89,0.0
20240106:0710,200.57,0.00,0.0,0.0,9.49,6.64,0.0
20240106:0810,311.37,0.00,0.0,0.0,9.80,5.84,0.0
20240106:0910,376.81,0.00,0.0,0.0,10.77,5.37,0.0
20240106:1010,383.35,0.00,0.0,0.0,12.18,5.17,0.0
20240106:1110,322.37,0.00,0.0,0.0,13.68,5.30,0.0
20240106:1210,228.55,0.00,0.0,0.0,14.59,5.29,0.0
20240106:1310,109.06,0.00,0.0,0.0,14.93,4.82,0.0
20240106:1410,17.75,0.00,0.0,0.0,15.00,4.34,0.0
20240106:1510,0.00,0.00,0.0,0.0,15.06,4.34,0.0
20240106:1610,0.00,0.00,0.0,0.0,15.05,4.53,0.0
20240106:1710,0.00,0.00,0.0,0.0,14.93,4.59,0.0
20240106:1810,0.00,0.00,0.0,0.0,14.78,4.73,0.0
20240106:1910,0.00,0.00,0.0,0.0,14.67,5.23,0.0
20240106:2010,0.00,0.00,0.0,0.0,14.54,6.07,0.0
20240106:2110,0.00,0.00,0.0,0.0,14.30,6.85,0.0
20240106:2210,0.00,0.00,0.0,0.0,13.91,7.90,0.0
20240106:2310,0.00,0.00,0.0,0.0,13.32,8.68,0.0
20240107:0010,0.00,0.00,0.0,0.0,12.63,8.82,0.0
20240107:0110,0.00,0.00,0.0,0.0,12.02,8.83,0.0
20240107:0210,0.00,0.00,0.0,0.0,11.64,8.88,0.0
20240107:0310,0.00,0.00,0.0,0.0,11.51,9.07,0.0
20240107:0410,0.00,0.00,0.0,0.0,11.33,8.92,0.0
20240107:0510,7.02,0.00,0.0,0.0,10.95,8.93,0.0
20240107:0610,46.54,0.00,0.0,0.0,10.54,9.21,0.0
20240107:0710,49.92,0.00,0.0,0.0,10.58,9.54,0.0
20240107:0810,84.22,0.00,0.0,0.0,11.23,9.62,0.0
20240107:0910,127.61,0.00,0.0,0.0,12.42,9.67,0.0
20240107:1010,133.59,0.00,0.0,0.0,13.59,9.96,0.0
20240107:1110,116.24,0.00,0.0,0.0,14.62,9.99,0.0
20240107:1210,122.90,0.00,0.0,0.0,15.21,9.91,0.0
20240107:1310,60.21,0.00,0.0,0.0,15.31,9.82,0.0
20240107:1410,14.54,0.00,0.0,0.0,15.07,10.05,0.0
20240107:1510,0.00,0.00,0.0,0.0,14.68,10.79,0.0
20240107:1610,0.00,0.00,0.0,0.0,14.45,11.25,0.0
20240107:1710,0.00,0.00,0.0,0.0,14.39,11.62,0.0
20240107:1810,0.00,0.00,0.0,0.0,14.22,11.81,0.0
20240107:1910,0.00,0.00,0.0,0.0,13.99,11.80,0.0
20240107:2010,0.00,0.00,0.0,0.0,13.78,11.75,0.0
20240107:2110,0.00,0.00,0.0,0.0,13.74,12.16,0.0
20240107:2210,0.00,0.00,0.0,0.0,13.70,12.94,0.0
20240107:2310,0.00,0.00,0.0,0.0,13.59,13.43,0.0
20240108:0010,0.00,0.00,0.0,0.0,13.46,13.63,0.0
20240108:0110,0.00,0.00,0.0,0.0,13.30,13.47,0.0
20240108:0210,0.00,0.00,0.0,0.0,13.12,13.21,0.0
20240108:0310,0.00,0.00,0.0,0.0,12.98,13.13,0.0
20240108:0410,0.00,0.00,0.0,0.0,12.84,13.09,0.0
20240108:0510,6.60,0.00,0.0,0.0,12.52,12.49,0.0
20240108:0610,53.31,0.00,0.0,0.0,12.19,11.22,0.0
20240108:0710,124.28,0.00,0.0,0.0,12.46,10.64,0.0
20240108:0810,177.58,0.00,0.0,0.0,13.02,11.16,0.0
20240108:0910,244.97,0.00,0.0,0.0,13.38,11.70,0.0
20240108:1010,312.73,0.00,0.0,0.0,13.56,11.60,0.0
20240108:1110,253.78,0.00,0.0,0.0,13.77,10.94,0.0
20240108:1210,178.47,0.00,0.0,0.0,13.98,10.10,0.0
20240108:1310,94.50,0.00,0.0,0.0,14.03,8.98,0.0
20240108:1410,20.13,0.00,0.0,0.0,13.82,7.66,0.0
20240108:1510,0.00,0.00,0.0,0.0,13.32,6.64,0.0
20240108:1610,0.00,0.00,0.0,0.0,12.42,5.26,0.0
20240108:1710,0.00,0.00,0.0,0.0,11.09,3.41,0.0
20240108:1810,0.00,0.00,0.0,0.0,9.37,3.74,0.0
20240108:1910,0.00,0.00,0.0,0.0,7.54,5.71,0.0
20240108:2010,0.00,0.00,0.0,0.0,5.98,7.26,0.0
20240108:2110,0.00,0.00,0.0,0.0,4.99,8.13,0.0
20240108:2210,0.00,0.00,0.0,0.0,4.48,8.35,0.0
20240108:2310,0.00,0.00,0.0,0.0,4.22,8.69,0.0
20240109:0010,0.00,0.00,0.0,0.0,4.01,9.22,0.0
20240109:0110,0.00,0.00,0.0,0.0,3.83,9.79,0.0
20240109:0210,0.00,0.00,0.0,0.0,3.67,10.24,0.0
20240109:0310,0.00,0.00,0.0,0.0,3.54,10.65,0.0
20240109:0410,0.00,0.00,0.0,0.0,3.46,11.20,0.0
20240109:0510,5.18,0.00,0.0,0.0,3.36,11.77,0.0
20240109:0610,23.08,0.00,0.0,0.0,3.23,12.37,0.0
20240109:0710,24.62,0.00,0.0,0.0,3.11,13.04,0.0
20240109:0810,35.41,0.00,0.0,0.0,3.03,13.60,0.0
20240109:0910,39.57,0.00,0.0,0.0,2.95,14.00,0.0
20240109:1010,68.72,0.00,0.0,0.0,2.86,14.19,0.0
20240109:1110,61.82,0.00,0.0,0.0,2.92,14.24,0.0
20240109:1210,49.38,0.00,0.0,0.0,3.12,14.37,0.0
20240109:1310,25.39,0.00,0.0,0.0,3.37,14.37,0.0
20240109:1410,13.89,0.00,0.0,0.0,3.65,14.10,0.0
20240109:1510,0.00,0.00,0.0,0.0,4.04,13.85,0.0
20240109:1610,0.00,0.00,0.0,0.0,4.37,13.52,0.0
20240109:1710,0.00,0.00,0.0,0.0,4.56,13.35,0.0
20240109:1810,0.00,0.00,0.0,0.0,4.64,12.96,0.0
20240109:1910,0.00,0.00,0.0,0.0,4.82,12.52,0.0
20240109:2010,0.00,0.00,0.0,0.0,5.09,12.80,0.0
20240109:2110,0.00,0.00,0.0,0.0,5.07,13.45,0.0
20240109:2210,0.00,0.00,0.0,0.0,4.59,14.65,0.0
20240109:2310,0.00,0.00,0.0,0.0,3.98,15.72,0.0
20240110:0010,0.00,0.00,0.0,0.0,3.64,16.37,0.0
20240110:0110,0.00,0.00,0.0,0.0,3.36,16.95,0.0
20240110:0210,0.00,0.00,0.0,0.0,3.18,17.16,0.0
20240110:0310,0.00,0.00,0.0,0.0,3.31,16.72,0.0
20240110:0410,0.00,0.00,0.0,0.0,3.54,16.38,0.0
20240110:0510,5.94,0.00,0.0,0.0,3.55,15.87,0.0
20240110:0610,30.29,0.00,0.0,0.0,3.61,15.42,0.0
20240110:0710,52.57,0.00,0.0,0.0,3.61,15.06,0.0
20240110:0810,81.50,0.00,0.0,0.0,3.64,14.74,0.0
20240110:0910,114.73,0.00,0.0,0.0,3.68,14.33,0.0
20240110:1010,125.75,0.00,0.0,0.0,3.70,14.00,0.0
20240110:1110,117.83,0.00,0.0,0.0,3.65,13.67,0.0
20240110:1210,89.20,0.00,0.0,0.0,3.58,13.28,0.0
20240110:1310,47.44,0.00,0.0,0.0,3.54,12.82,0.0
20240110:1410,15.96,0.00,0.0,0.0,3.47,12.31,0.0
20240110:1510,0.00,0.00,0.0,0.0,3.37,11.65,0.0
20240110:1610,0.00,0.00,0.0,0.0,3.33,11.08,0.0
20240110:1710,0.00,0.00,0.0,0.0,3.35,10.77,0.0
20240110:1810,0.00,0.00,0.0,0.0,3.38,10.47,0.0
20240110:1910,0.00,0.00,0.0,0.0,3.39,10.08,0.0
20240110:2010,0.00,0.00,0.0,0.0,3.39,9.55,0.0
20240110:2110,0.00,0.00,0.0,0.0,3.38,9.01,0.0
20240110:2210,0.00,0.00,0.0,0.0,3.36,8.53,0.0
20240110:2310,0.00,0.00,0.0,0.0,3.32,8.14,0.0
20240111:0010,0.00,0.00,0.0,0.0,3.27,7.90,0.0
20240111:0110,0.00,0.00,0.0,0.0,3.27,7.71,0.0
20240111:0210,0.00,0.00,0.0,0.0,3.29,7.57,0.0
20240111:0310,0.00,0.00,0.0,0.0,3.35,7.50,0.0
20240111:0410,0.00,0.00,0.0,0.0,3.47,7.31,0.0
20240111:0510,6.97,0.00,0.0,0.0,3.55,7.01,0.0
20240111:0610,51.80,0.00,0.0,0.0,3.59,6.58,0.0
20240111:0710,84.99,0.00,0.0,0.0,3.72,5.95,0.0
20240111:0810,157.01,0.00,0.0,0.0,3.99,5.34,0.0
20240111:0910,168.19,0.00,0.0,0.0,4.23,4.66,0.0
20240111:1010,164.48,0.00,0.0,0.0,4.36,4.30,0.0
20240111:1110,176.99,0.00,0.0,0.0,4.46,4.18,0.0
20240111:1210,115.92,0.00,0.0,0.0,4.51,4.10,0.0
20240111:1310,64.05,0.00,0.0,0.0,4.45,4.03,0.0
20240111:1410,21.01,0.00,0.0,0.0,4.25,3.89,0.0
20240111:1510,0.00,0.00,0.0,0.0,3.98,3.77,0.0
20240111:1610,0.00,0.00,0.0,0.0,3.81,3.45,0.0
20240111:1710,0.00,0.00,0.0,0.0,3.73,2.87,0.0
20240111:1810,0.00,0.00,0.0,0.0,3.67,2.34,0.0
20240111:1910,0.00,0.00,0.0,0.0,3.61,2.05,0.0
20240111:2010,0.00,0.00,0.0,0.0,3.53,2.19,0.0
20240111:2110,0.00,0.00,0.0,0.0,3.41,2.72,0.0
20240111:2210,0.00,0.00,0.0,0.0,3.27,3.21,0.0
20240111:2310,0.00,0.00,0.0,0.0,3.06,3.44,0.0
20240112:0010,0.00,0.00,0.0,0.0,2.74,3.59,0.0
20240112:0110,0.00,0.00,0.0,0.0,2.45,3.88,0.0
20240112:0210,0.00,0.00,0.0,0.0,2.22,4.33,0.0
20240112:0310,0.00,0.00,0.0,0.0,2.10,4.66,0.0
20240112:0410,0.00,0.00,0.0,0.0,2.14,4.75,0.0
20240112:0510,8.66,0.00,0.0,0.0,2.22,4.72,0.0
20240112:0610,79.61,0.00,0.0,0.0,2.23,4.94,0.0
20240112:0710,193.20,0.00,0.0,0.0,2.34,5.22,0.0
20240112:0810,223.67,0.00,0.0,0.0,2.79,5.24,0.0
20240112:0910,228.09,0.00,0.0,0.0,3.28,5.38,0.0
20240112:1010,215.96,0.00,0.0,0.0,3.65,5.55,0.0
20240112:1110,189.41,0.00,0.0,0.0,3.84,5.93,0.0
20240112:1210,121.04,0.00,0.0,0.0,3.80,6.68,0.0
20240112:1310,64.41,0.00,0.0,0.0,3.60,7.57,0.0
20240112:1410,21.98,0.00,0.0,0.0,3.44,8.32,0.0
20240112:1510,0.00,0.00,0.0,0.0,3.33,8.64,0.0
20240112:1610,0.00,0.00,0.0,0.0,3.32,9.14,0.0
20240112:1710,0.00,0.00,0.0,0.0,3.31,9.84,0.0
20240112:1810,0.00,0.00,0.0,0.0,3.20,10.53,0.0
20240112:1910,0.00,0.00,0.0,0.0,2.91,10.87,0.0
20240112:2010,0.00,0.00,0.0,0.0,2.53,10.92,0.0
20240112:2110,0.00,0.00,0.0,0.0,2.15,10.57,0.0
20240112:2210,0.00,0.00,0.0,0.0,1.80,9.91,0.0
20240112:2310,0.00,0.00,0.0,0.0,1.47,9.31,0.0
20240113:0010,0.00,0.00,0.0,0.0,1.19,8.73,0.0
20240113:0110,0.00,0.00,0.0,0.0,0.96,8.06,0.0
20240113:0210,0.00,0.00,0.0,0.0,0.90,7.29,0.0
20240113:0310,0.00,0.00,0.0,0.0,0.97,6.71,0.0
20240113:0410,0.00,0.00,0.0,0.0,1.04,6.25,0.0
20240113:0510,7.79,0.00,0.0,0.0,1.10,5.92,0.0
20240113:0610,76.18,0.00,0.0,0.0,1.20,5.62,0.0
20240113:0710,176.38,0.00,0.0,0.0,1.33,5.26,0.0
20240113:0810,268.66,0.00,0.0,0.0,1.51,4.72,0.0
20240113:0910,325.55,0.00,0.0,0.0,1.69,4.17,0.0
20240113:1010,332.81,0.00,0.0,0.0,1.88,3.71,0.0
20240113:1110,300.06,0.00,0.0,0.0,2.11,3.42,0.0
20240113:1210,213.30,0.00,0.0,0.0,2.35,3.27,0.0
20240113:1310,111.09,0.00,0.0,0.0,2.51,3.07,0.0
20240113:1410,29.24,0.00,0.0,0.0,2.54,2.87,0.0
20240113:1510,0.00,0.00,0.0,0.0,2.51,2.70,0.0
20240113:1610,0.00,0.00,0.0,0.0,2.50,2.35,0.0
20240113:1710,0.00,0.00,0.0,0.0,2.48,1.92,0.0
20240113:1810,0.00,0.00,0.0,0.0,2.43,1.58,0.0
20240113:1910,0.00,0.00,0.0,0.0,2.38,1.44,0.0
20240113:2010,0.00,0.00,0.0,0.0,2.32,1.44,0.0
20240113:2110,0.00,0.00,0.0,0.0,2.25,1.43,0.0
20240113:2210,0.00,0.00,0.0,0.0,2.18,1.17,0.0
20240113:2310,0.00,0.00,0.0,0.0,2.14,0.72,0.0
20240114:0010,0.00,0.00,0.0,0.0,2.16,0.64,0.0
20240114:0110,0.00,0.00,0.0,0.0,2.22,1.38,0.0
20240114:0210,0.00,0.00,0.0,0.0,2.32,2.31,0.0
20240114:0310,0.00,0.00,0.0,0.0,2.43,3.18,0.0
20240114:0410,0.00,0.00,0.0,0.0,2.47,3.64,0.0
20240114:0510,10.00,0.00,0.0,0.0,2.44,3.86,0.0
20240114:0610,114.52,0.00,0.0,0.0,2.44,4.05,0.0
20240114:0710,303.99,0.00,0.0,0.0,2.58,4.19,0.0
20240114:0810,432.51,0.00,0.0,0.0,2.91,4.29,0.0
20240114:0910,499.03,0.00,0.0,0.0,3.37,4.63,0.0
20240114:1010,494.99,0.00,0.0,0.0,3.88,5.19,0.0
20240114:1110,446.83,0.00,0.0,0.0,4.33,5.83,0.0
20240114:1210,338.57,0.00,0.0,0.0,4.65,6.45,0.0
20240114:1310,191.38,0.00,0.0,0.0,4.84,6.98,0.0
20240114:1410,38.05,0.00,0.0,0.0,4.90,7.26,0.0
20240114:1510,0.00,0.00,0.0,0.0,4.93,7.32,0.0
20240114:1610,0.00,0.00,0.0,0.0,5.19,7.26,0.0
20240114:1710,0.00,0.00,0.0,0.0,5.65,7.19,0.0
20240114:1810,0.00,0.00,0.0,0.0,6.12,7.42,0.0
20240114:1910,0.00,0.00,0.0,0.0,6.47,7.91,0.0
20240114:2010,0.00,0.00,0.0,0.0,6.72,8.45,0.0
20240114:2110,0.00,0.00,0.0,0.0,6.77,8.81,0.0
20240114:2210,0.00,0.00,0.0,0.0,6.59,8.83,0.0
20240114:2310,0.00,0.00,0.0,0.0,6.33,8.74,0.0
20240115:0010,0.00,0.00,0.0,0.0,6.13,8.69,0.0
20240115:0110,0.00,0.00,0.0,0.0,6.09,8.78,0.0
20240115:0210,0.00,0.00,0.0,0.0,6.22,9.03,0.0
20240115:0310,0.00,0.00,0.0,0.0,6.28,8.96,0.0
20240115:0410,0.00,0.00,0.0,0.0,6.24,8.77,0.0
20240115:0510,9.65,0.00,0.0,0.0,6.14,8.83,0.0
20240115:0610,90.51,0.00,0.0,0.0,6.06,9.12,0.0
20240115:0710,202.30,0.00,0.0,0.0,6.19,9.16,0.0
20240115:0810,305.73,0.00,0.0,0.0,6.72,8.87,0.0
20240115:0910,356.67,0.00,0.0,0.0,7.65,8.86,0.0
20240115:1010,355.66,0.00,0.0,0.0,8.71,9.11,0.0
20240115:1110,307.90,0.00,0.0,0.0,9.75,9.62,0.0
20240115:1210,228.21,0.00,0.0,0.0,10.53,10.09,0.0
20240115:1310,128.15,0.00,0.0,0.0,10.74,9.93,0.0
20240115:1410,30.84,0.00,0.0,0.0,10.60,9.66,0.0
20240115:1510,0.00,0.00,0.0,0.0,10.35,9.99,0.0
20240115:1610,0.00,0.00,0.0,0.0,10.13,10.46,0.0
20240115:1710,0.00,0.00,0.0,0.0,9.86,10.66,0.0
20240115:1810,0.00,0.00,0.0,0.0,9.59,10.76,0.0
20240115:1910,0.00,0.00,0.0,0.0,9.55,11.07,0.0
20240115:2010,0.00,0.00,0.0,0.0,9.75,11.12,0.0
20240115:2110,0.00,0.00,0.0,0.0,10.05,11.31,0.0
20240115:2210,0.00,0.00,0.0,0.0,10.27,11.43,0.0
20240115:2310,0.00,0.00,0.0,0.0,10.30,11.51,0.0
20240116:0010,0.00,0.00,0.0,0.0,10.19,11.35,0.0
20240116:0110,0.00,0.00,0.0,0.0,10.33,12.28,0.0
20240116:0210,0.00,0.00,0.0,0.0,10.64,13.50,0.0
20240116:0310,0.00,0.00,0.0,0.0,10.87,13.71,0.0
20240116:0410,0.00,0.00,0.0,0.0,10.87,13.63,0.0
20240116:0510,5.99,0.00,0.0,0.0,10.56,12.17,0.0
20240116:0610,55.02,0.00,0.0,0.0,10.22,10.00,0.0
20240116:0710,130.37,0.00,0.0,0.0,10.21,8.44,0.0
20240116:0810,206.54,0.00,0.0,0.0,10.57,7.32,0.0
20240116:0910,229.47,0.00,0.0,0.0,11.29,7.43,0.0
20240116:1010,206.06,0.00,0.0,0.0,11.83,8.27,0.0
20240116:1110,152.92,0.00,0.0,0.0,11.56,8.59,0.0
20240116:1210,118.51,0.00,0.0,0.0,10.72,7.92,0.0
20240116:1310,65.73,0.00,0.0,0.0,9.83,7.42,0.0
20240116:1410,23.57,0.00,0.0,0.0,8.88,7.26,0.0
20240116:1510,0.00,0.00,0.0,0.0,8.02,7.14,0.0
20240116:1610,0.00,0.00,0.0,0.0,7.57,6.71,0.0
20240116:1710,0.00,0.00,0.0,0.0,7.54,6.01,0.0
20240116:1810,0.00,0.00,0.0,0.0,7.61,5.35,0.0
20240116:1910,0.00,0.00,0.0,0.0,7.67,4.83,0.0
20240116:2010,0.00,0.00,0.0,0.0,7.70,4.47,0.0
20240116:2110,0.00,0.00,0.0,0.0,7.67,4.27,0.0
20240116:2210,0.00,0.00,0.0,0.0,7.52,4.16,0.0
20240116:2310,0.00,0.00,0.0,0.0,7.30,4.18,0.0
20240117:0010,0.00,0.00,0.0,0.0,7.10,4.34,0.0
20240117:0110,0.00,0.00,0.0,0.0,6.92,4.53,0.0
20240117:0210,0.00,0.00,0.0,0.0,6.76,4.72,0.0
20240117:0310,0.00,0.00,0.0,0.0,6.62,4.87,0.0
20240117:0410,0.00,0.00,0.0,0.0,6.50,4.94,0.0
20240117:0510,10.42,0.00,0.0,0.0,6.39,4.88,0.0
20240117:0610,119.75,0.00,0.0,0.0,6.32,4.43,0.0
20240117:0710,264.70,0.00,0.0,0.0,6.48,3.80,0.0
20240117:0810,363.70,0.00,0.0,0.0,7.04,3.23,0.0
20240117:0910,441.74,0.00,0.0,0.0,7.75,3.04,0.0
20240117:1010,450.49,0.00,0.0,0.0,8.48,2.77,0.0
20240117:1110,411.03,0.00,0.0,0.0,9.17,2.43,0.0
20240117:1210,329.57,0.00,0.0,0.0,9.68,2.30,0.0
20240117:1310,194.73,0.00,0.0,0.0,9.92,2.25,0.0
20240117:1410,39.50,0.00,0.0,0.0,9.87,1.99,0.0
20240117:1510,0.00,0.00,0.0,0.0,9.61,1.78,0.0
20240117:1610,0.00,0.00,0.0,0.0,9.32,2.18,0.0
20240117:1710,0.00,0.00,0.0,0.0,9.19,3.18,0.0
20240117:1810,0.00,0.00,0.0,0.0,9.37,4.29,0.0
20240117:1910,0.00,0.00,0.0,0.0,9.88,4.99,0.0
20240117:2010,0.00,0.00,0.0,0.0,10.52,5.77,0.0
20240117:2110,0.00,0.00,0.0,0.0,10.91,6.80,0.0
20240117:2210,0.00,0.00,0.0,0.0,10.82,7.96,0.0
20240117:2310,0.00,0.00,0.0,0.0,10.38,8.58,0.0
20240118:0010,0.00,0.00,0.0,0.0,9.92,8.73,0.0
20240118:0110,0.00,0.00,0.0,0.0,9.64,8.88,0.0
20240118:0210,0.00,0.00,0.0,0.0,9.55,9.11,0.0
20240118:0310,0.00,0.00,0.0,0.0,9.54,9.28,0.0
20240118:0410,0.00,0.00,0.0,0.0,9.52,9.23,0.0
20240118:0510,8.29,0.00,0.0,0.0,9.52,9.19,0.0
20240118:0610,48.27,0.00,0.0,0.0,9.59,9.38,0.0
20240118:0710,119.81,0.00,0.0,0.0,9.85,9.57,0.0
20240118:0810,132.44,0.00,0.0,0.0,10.24,9.58,0.0
20240118:0910,165.58,0.00,0.0,0.0,10.80,9.87,0.0
20240118:1010,165.34,0.00,0.0,0.0,11.55,10.83,0.0
20240118:1110,150.62,0.00,0.0,0.0,12.25,12.00,0.0
20240118:1210,121.53,0.00,0.0,0.0,12.68,12.47,0.0
20240118:1310,70.91,0.00,0.0,0.0,13.13,12.06,0.0
20240118:1410,20.99,0.00,0.0,0.0,13.61,11.55,0.0
20240118:1510,0.00,0.00,0.0,0.0,13.99,11.56,0.0
20240118:1610,0.00,0.00,0.0,0.0,14.16,11.78,0.0
20240118:1710,0.00,0.00,0.0,0.0,14.07,11.79,0.0
20240118:1810,0.00,0.00,0.0,0.0,13.79,11.94,0.0
20240118:1910,0.00,0.00,0.0,0.0,13.60,12.21,0.0
20240118:2010,0.00,0.00,0.0,0.0,13.57,12.66,0.0
20240118:2110,0.00,0.00,0.0,0.0,13.61,13.05,0.0
20240118:2210,0.00,0.00,0.0,0.0,13.65,13.24,0.0
20240118:2310,0.00,0.00,0.0,0.0,13.69,13.27,0.0
20240119:0010,0.00,0.00,0.0,0.0,13.75,13.23,0.0
20240119:0110,0.00,0.00,0.0,0.0,13.88,13.43,0.0
20240119:0210,0.00,0.00,0.0,0.0,14.04,13.55,0.0
20240119:0310,0.00,0.00,0.0,0.0,14.13,12.94,0.0
20240119:0410,0.00,0.00,0.0,0.0,14.24,13.27,0.0
20240119:0510,8.93,0.00,0.0,0.0,14.17,13.37,0.0
20240119:0610,66.03,0.00,0.0,0.0,14.03,13.04,0.0
20240119:0710,85.76,0.00,0.0,0.0,14.12,12.85,0.0
20240119:0810,200.43,0.00,0.0,0.0,14.47,12.86,0.0
20240119:0910,251.72,0.00,0.0,0.0,14.94,12.68,0.0
20240119:1010,287.25,0.00,0.0,0.0,15.44,12.04,0.0
20240119:1110,282.27,0.00,0.0,0.0,15.86,11.41,0.0
20240119:1210,231.62,0.00,0.0,0.0,16.08,10.69,0.0
20240119:1310,138.60,0.00,0.0,0.0,16.18,9.62,0.0
20240119:1410,40.72,0.00,0.0,0.0,16.24,8.82,0.0
20240119:1510,0.00,0.00,0.0,0.0,16.17,8.50,0.0
20240119:1610,0.00,0.00,0.0,0.0,15.84,8.69,0.0
20240119:1710,0.00,0.00,0.0,0.0,15.25,8.72,0.0
20240119:1810,0.00,0.00,0.0,0.0,14.54,8.37,0.0
20240119:1910,0.00,0.00,0.0,0.0,13.84,8.45,0.0
20240119:2010,0.00,0.00,0.0,0.0,13.26,8.80,0.0
20240119:2110,0.00,0.00,0.0,0.0,12.85,8.96,0.0
20240119:2210,0.00,0.00,0.0,0.0,12.70,8.99,0.0
20240119:2310,0.00,0.00,0.0,0.0,12.68,8.95,0.0
20240120:0010,0.00,0.00,0.0,0.0,12.66,8.96,0.0
20240120:0110,0.00,0.00,0.0,0.0,12.56,8.40,0.0
20240120:0210,0.00,0.00,0.0,0.0,12.40,6.99,0.0
20240120:0310,0.00,0.00,0.0,0.0,12.16,6.07,0.0
20240120:0410,0.00,0.00,0.0,0.0,11.28,4.75,0.0
20240120:0510,7.41,0.00,0.0,0.0,9.68,5.42,0.0
20240120:0610,49.18,0.00,0.0,0.0,8.04,7.57,0.0
20240120:0710,53.00,0.00,0.0,0.0,7.16,7.86,0.0
20240120:0810,60.50,0.00,0.0,0.0,6.84,8.14,0.0
20240120:0910,90.99,0.00,0.0,0.0,6.41,8.90,0.0
20240120:1010,75.20,0.00,0.0,0.0,5.86,9.74,0.0
20240120:1110,83.77,0.00,0.0,0.0,5.22,10.55,0.0
20240120:1210,49.08,0.00,0.0,0.0,4.51,11.23,0.0
20240120:1310,31.35,0.00,0.0,0.0,3.92,11.94,0.0
20240120:1410,14.11,0.00,0.0,0.0,3.50,12.33,0.0
20240120:1510,0.00,0.00,0.0,0.0,3.21,12.28,0.0
20240120:1610,0.00,0.00,0.0,0.0,3.16,12.11,0.0
20240120:1710,0.00,0.00,0.0,0.0,3.21,11.84,0.0
20240120:1810,0.00,0.00,0.0,0.0,3.30,11.78,0.0
20240120:1910,0.00,0.00,0.0,0.0,3.31,11.57,0.0
20240120:2010,0.00,0.00,0.0,0.0,3.37,11.29,0.0
20240120:2110,0.00,0.00,0.0,0.0,3.54,11.23,0.0
20240120:2210,0.00,0.00,0.0,0.0,3.61,11.30,0.0
20240120:2310,0.00,0.00,0.0,0.0,3.59,11.22,0.0
20240121:0010,0.00,0.00,0.0,0.0,3.62,11.29,0.0
20240121:0110,0.00,0.00,0.0,0.0,3.63,11.38,0.0
20240121:0210,0.00,0.00,0.0,0.0,3.61,11.22,0.0
20240121:0310,0.00,0.00,0.0,0.0,3.69,11.05,0.0
20240121:0410,0.00,0.00,0.0,0.0,4.01,10.98,0.0
20240121:0510,8.92,0.00,0.0,0.0,4.45,11.20,0.0
20240121:0610,54.00,0.00,0.0,0.0,4.85,11.39,0.0
20240121:0710,145.98,0.00,0.0,0.0,5.11,11.56,0.0
20240121:0810,213.97,0.00,0.0,0.0,5.49,12.15,0.0
20240121:0910,254.46,0.00,0.0,0.0,5.84,12.75,0.0
20240121:1010,244.25,0.00,0.0,0.0,5.91,13.02,0.0
20240121:1110,205.86,0.00,0.0,0.0,5.78,13.41,0.0
20240121:1210,165.47,0.00,0.0,0.0,5.59,13.73,0.0
20240121:1310,92.70,0.00,0.0,0.0,5.31,13.82,0.0
20240121:1410,25.74,0.00,0.0,0.0,4.99,13.65,0.0
20240121:1510,0.00,0.00,0.0,0.0,4.76,13.14,0.0
20240121:1610,0.00,0.00,0.0,0.0,4.84,12.71,0.0
20240121:1710,0.00,0.00,0.0,0.0,5.13,12.70,0.0
20240121:1810,0.00,0.00,0.0,0.0,5.35,12.55,0.0
20240121:1910,0.00,0.00,0.0,0.0,5.45,12.46,0.0
20240121:2010,0.00,0.00,0.0,0.0,5.45,12.41,0.0
20240121:2110,0.00,0.00,0.0,0.0,5.33,12.40,0.0
20240121:2210,0.00,0.00,0.0,0.0,4.97,12.27,0.0
20240121:2310,0.00,0.00,0.0,0.0,4.48,11.93,0.0
20240122:0010,0.00,0.00,0.0,0.0,4.11,11.63,0.0
20240122:0110,0.00,0.00,0.0,0.0,3.95,11.39,0.0
20240122:0210,0.00,0.00,0.0,0.0,3.85,11.18,0.0
20240122:0310,0.00,0.00,0.0,0.0,3.86,11.11,0.0
20240122:0410,0.00,0.00,0.0,0.0,3.97,11.03,0.0
20240122:0510,9.68,0.00,0.0,0.0,4.09,10.91,0.0
20240122:0610,78.36,0.00,0.0,0.0,4.17,10.70,0.0
20240122:0710,171.94,0.00,0.0,0.0,4.31,10.53,0.0
20240122:0810,256.25,0.00,0.0,0.0,4.62,10.93,0.0
20240122:0910,300.34,0.00,0.0,0.0,4.94,11.09,0.0
20240122:1010,318.70,0.00,0.0,0.0,5.12,11.02,0.0
20240122:1110,288.55,0.00,0.0,0.0,5.18,10.97,0.0
20240122:1210,217.07,0.00,0.0,0.0,5.18,11.00,0.0
20240122:1310,125.91,0.00,0.0,0.0,5.11,11.12,0.0
20240122:1410,34.69,0.00,0.0,0.0,5.01,11.18,0.0
20240122:1510,0.00,0.00,0.0,0.0,4.83,10.93,0.0
20240122:1610,0.00,0.00,0.0,0.0,4.60,10.54,0.0
20240122:1710,0.00,0.00,0.0,0.0,4.41,10.10,0.0
20240122:1810,0.00,0.00,0.0,0.0,4.41,9.75,0.0
20240122:1910,0.00,0.00,0.0,0.0,4.43,9.48,0.0
20240122:2010,0.00,0.00,0.0,0.0,4.45,9.20,0.0
20240122:2110,0.00,0.00,0.0,0.0,4.47,8.91,0.0
20240122:2210,0.00,0.00,0.0,0.0,4.46,8.48,0.0
20240122:2310,0.00,0.00,0.0,0.0,4.47,8.06,0.0
20240123:0010,0.00,0.00,0.0,0.0,4.49,7.71,0.0
20240123:0110,0.00,0.00,0.0,0.0,4.53,7.42,0.0
20240123:0210,0.00,0.00,0.0,0.0,4.58,7.20,0.0
20240123:0310,0.00,0.00,0.0,0.0,4.63,6.92,0.0
20240123:0410,0.00,0.00,0.0,0.0,4.66,6.67,0.0
20240123:0510,13.80,0.00,0.0,0.0,4.66,6.40,0.0
20240123:0610,123.48,0.00,0.0,0.0,4.67,6.07,0.0
20240123:0710,264.80,0.00,0.0,0.0,4.83,5.71,0.0
20240123:0810,363.93,0.00,0.0,0.0,5.20,5.59,0.0
20240123:0910,412.69,0.00,0.0,0.0,5.56,5.20,0.0
20240123:1010,419.55,0.00,0.0,0.0,5.91,4.48,0.0
20240123:1110,384.81,0.00,0.0,0.0,6.24,4.22,0.0
20240123:1210,295.56,0.00,0.0,0.0,6.48,4.71,0.0
20240123:1310,179.58,0.00,0.0,0.0,6.51,5.60,0.0
20240123:1410,53.65,0.00,0.0,0.0,6.25,6.48,0.0
20240123:1510,0.00,0.00,0.0,0.0,5.77,7.14,0.0
20240123:1610,0.00,0.00,0.0,0.0,5.35,7.46,0.0
20240123:1710,0.00,0.00,0.0,0.0,5.12,7.16,0.0
20240123:1810,0.00,0.00,0.0,0.0,5.01,6.57,0.0
20240123:1910,0.00,0.00,0.0,0.0,4.97,5.95,0.0
20240123:2010,0.00,0.00,0.0,0.0,4.99,5.56,0.0
20240123:2110,0.00,0.00,0.0,0.0,4.97,5.40,0.0
20240123:2210,0.00,0.00,0.0,0.0,4.87,5.45,0.0
20240123:2310,0.00,0.00,0.0,0.0,4.76,5.53,0.0
20240124:0010,0.00,0.00,0.0,0.0,4.67,5.50,0.0
20240124:0110,0.00,0.00,0.0,0.0,4.59,5.37,0.0
20240124:0210,0.00,0.00,0.0,0.0,4.48,5.22,0.0
20240124:0310,0.00,0.00,0.0,0.0,4.40,5.17,0.0
20240124:0410,0.00,0.00,0.0,0.0,4.42,5.34,0.0
20240124:0510,12.19,0.00,0.0,0.0,4.51,5.74,0.0
20240124:0610,101.95,0.00,0.0,0.0,4.59,6.16,0.0
20240124:0710,219.85,0.00,0.0,0.0,4.77,6.19,0.0
20240124:0810,313.35,0.00,0.0,0.0,5.17,6.05,0.0
20240124:0910,339.64,0.00,0.0,0.0,5.62,5.87,0.0
20240124:1010,314.43,0.00,0.0,0.0,5.98,5.45,0.0
20240124:1110,281.02,0.00,0.0,0.0,6.30,5.16,0.0
20240124:1210,220.83,0.00,0.0,0.0,6.53,5.31,0.0
20240124:1310,126.09,0.00,0.0,0.0,6.58,5.57,0.0
20240124:1410,38.47,0.00,0.0,0.0,6.44,5.56,0.0
20240124:1510,0.00,0.00,0.0,0.0,6.19,5.43,0.0
20240124:1610,0.00,0.00,0.0,0.0,5.94,5.63,0.0
20240124:1710,0.00,0.00,0.0,0.0,5.69,5.76,0.0
20240124:1810,0.00,0.00,0.0,0.0,5.46,5.21,0.0
20240124:1910,0.00,0.00,0.0,0.0,5.29,4.11,0.0
20240124:2010,0.00,0.00,0.0,0.0,5.14,3.31,0.0
20240124:2110,0.00,0.00,0.0,0.0,4.96,3.12,0.0
20240124:2210,0.00,0.00,0.0,0.0,4.80,2.89,0.0
20240124:2310,0.00,0.00,0.0,0.0,4.66,2.36,0.0
20240125:0010,0.00,0.00,0.0,0.0,4.59,2.44,0.0
20240125:0110,0.00,0.00,0.0,0.0,4.66,3.28,0.0
20240125:0210,0.00,0.00,0.0,0.0,4.84,4.37,0.0
20240125:0310,0.00,0.00,0.0,0.0,5.07,5.29,0.0
20240125:0410,0.00,0.00,0.0,0.0,5.30,6.06,0.0
20240125:0510,9.68,0.00,0.0,0.0,5.48,6.90,0.0
20240125:0610,62.37,0.00,0.0,0.0,5.64,7.89,0.0
20240125:0710,137.31,0.00,0.0,0.0,5.96,8.77,0.0
20240125:0810,211.84,0.00,0.0,0.0,6.51,9.57,0.0
20240125:0910,262.83,0.00,0.0,0.0,6.99,10.38,0.0
20240125:1010,281.24,0.00,0.0,0.0,7.42,10.43,0.0
20240125:1110,262.23,0.00,0.0,0.0,8.08,9.63,0.0
20240125:1210,198.81,0.00,0.0,0.0,8.87,8.34,0.0
20240125:1310,111.13,0.00,0.0,0.0,9.48,7.10,0.0
20240125:1410,34.18,0.00,0.0,0.0,9.72,5.93,0.0
20240125:1510,0.00,0.00,0.0,0.0,9.62,5.27,0.0
20240125:1610,0.00,0.00,0.0,0.0,9.46,5.05,0.0
20240125:1710,0.00,0.00,0.0,0.0,9.21,4.82,0.0
20240125:1810,0.00,0.00,0.0,0.0,8.80,4.86,0.0
20240125:1910,0.00,0.00,0.0,0.0,8.27,5.05,0.0
20240125:2010,0.00,0.00,0.0,0.0,7.65,5.27,0.0
20240125:2110,0.00,0.00,0.0,0.0,7.01,5.52,0.0
20240125:2210,0.00,0.00,0.0,0.0,6.37,5.69,0.0
20240125:2310,0.00,0.00,0.0,0.0,5.81,5.75,0.0
20240126:0010,0.00,0.00,0.0,0.0,5.44,5.62,0.0
20240126:0110,0.00,0.00,0.0,0.0,5.33,5.45,0.0
20240126:0210,0.00,0.00,0.0,0.0,5.47,5.28,0.0
20240126:0310,0.00,0.00,0.0,0.0,5.61,4.82,0.0
20240126:0410,0.00,0.00,0.0,0.0,5.65,4.15,0.0
20240126:0510,11.75,0.00,0.0,0.0,5.59,3.94,0.0
20240126:0610,76.46,0.00,0.0,0.0,5.49,4.22,0.0
20240126:0710,153.90,0.00,0.0,0.0,5.60,4.37,0.0
20240126:0810,229.44,0.00,0.0,0.0,6.13,4.26,0.0
20240126:0910,265.71,0.00,0.0,0.0,6.99,4.45,0.0
20240126:1010,258.08,0.00,0.0,0.0,7.62,4.47,0.0
20240126:1110,185.80,0.00,0.0,0.0,8.04,4.35,0.0
20240126:1210,127.66,0.00,0.0,0.0,8.22,4.13,0.0
20240126:1310,80.09,0.00,0.0,0.0,8.20,3.89,0.0
20240126:1410,22.61,0.00,0.0,0.0,7.99,3.84,0.0
20240126:1510,0.00,0.00,0.0,0.0,7.58,4.23,0.0
20240126:1610,0.00,0.00,0.0,0.0,6.95,4.95,0.0
20240126:1710,0.00,0.00,0.0,0.0,6.16,5.65,0.0
20240126:1810,0.00,0.00,0.0,0.0,5.39,6.26,0.0
20240126:1910,0.00,0.00,0.0,0.0,4.82,6.33,0.0
20240126:2010,0.00,0.00,0.0,0.0,4.53,5.58,0.0
20240126:2110,0.00,0.00,0.0,0.0,4.44,4.57,0.0
20240126:2210,0.00,0.00,0.0,0.0,4.47,3.53,0.0
20240126:2310,0.00,0.00,0.0,0.0,4.52,2.65,0.0
20240127:0010,0.00,0.00,0.0,0.0,4.57,2.12,0.0
20240127:0110,0.00,0.00,0.0,0.0,4.60,1.93,0.0
20240127:0210,0.00,0.00,0.0,0.0,4.61,2.22,0.0
20240127:0310,0.00,0.00,0.0,0.0,4.60,2.60,0.0
20240127:0410,0.00,0.00,0.0,0.0,4.66,2.88,0.0
20240127:0510,14.12,0.00,0.0,0.0,4.80,3.17,0.0
20240127:0610,95.38,0.00,0.0,0.0,4.94,3.51,0.0
20240127:0710,204.22,0.00,0.0,0.0,5.19,3.97,0.0
20240127:0810,318.13,0.00,0.0,0.0,5.60,4.63,0.0
20240127:0910,397.28,0.00,0.0,0.0,6.04,5.34,0.0
20240127:1010,379.89,0.00,0.0,0.0,6.30,5.86,0.0
20240127:1110,253.27,0.00,0.0,0.0,6.47,6.23,0.0
20240127:1210,196.45,0.00,0.0,0.0,6.67,6.43,0.0
20240127:1310,106.71,0.00,0.0,0.0,6.87,6.45,0.0
20240127:1410,28.38,0.00,0.0,0.0,6.91,6.49,0.0
20240127:1510,0.00,0.00,0.0,0.0,6.71,6.29,0.0
20240127:1610,0.00,0.00,0.0,0.0,6.41,6.11,0.0
20240127:1710,0.00,0.00,0.0,0.0,5.97,5.69,0.0
20240127:1810,0.00,0.00,0.0,0.0,5.48,5.12,0.0
20240127:1910,0.00,0.00,0.0,0.0,5.08,4.66,0.0
20240127:2010,0.00,0.00,0.0,0.0,4.65,5.19,0.0
20240127:2110,0.00,0.00,0.0,0.0,4.26,6.73,0.0
20240127:2210,0.00,0.00,0.0,0.0,3.98,7.34,0.0
20240127:2310,0.00,0.00,0.0,0.0,3.78,7.15,0.0
20240128:0010,0.00,0.00,0.0,0.0,3.62,7.08,0.0
20240128:0110,0.00,0.00,0.0,0.0,3.40,7.27,0.0
20240128:0210,0.00,0.00,0.0,0.0,3.19,7.69,0.0
20240128:0310,0.00,0.00,0.0,0.0,3.16,8.05,0.0
20240128:0410,0.00,0.00,0.0,0.0,3.48,8.23,0.0
20240128:0510,10.92,0.00,0.0,0.0,3.89,8.36,0.0
20240128:0610,59.27,0.00,0.0,0.0,4.01,8.58,0.0
20240128:0710,126.47,0.00,0.0,0.0,4.02,8.50,0.0
20240128:0810,194.00,0.00,0.0,0.0,4.13,8.97,0.0
20240128:0910,231.22,0.00,0.0,0.0,4.24,8.98,0.0
20240128:1010,259.43,0.00,0.0,0.0,4.43,8.63,0.0
20240128:1110,229.01,0.00,0.0,0.0,4.56,8.22,0.0
20240128:1210,163.58,0.00,0.0,0.0,4.56,8.17,0.0
20240128:1310,109.80,0.00,0.0,0.0,4.36,8.24,0.0
20240128:1410,37.23,0.00,0.0,0.0,4.05,8.26,0.0
20240128:1510,0.00,0.00,0.0,0.0,3.79,8.01,0.0
20240128:1610,0.00,0.00,0.0,0.0,3.86,7.86,0.0
20240128:1710,0.00,0.00,0.0,0.0,4.12,8.25,0.0
20240128:1810,0.00,0.00,0.0,0.0,4.24,8.55,0.0
20240128:1910,0.00,0.00,0.0,0.0,4.25,8.62,0.0
20240128:2010,0.00,0.00,0.0,0.0,4.27,8.48,0.0
20240128:2110,0.00,0.00,0.0,0.0,4.25,8.28,0.0
20240128:2210,0.00,0.00,0.0,0.0,4.08,8.16,0.0
20240128:2310,0.00,0.00,0.0,0.0,3.83,8.00,0.0
20240129:0010,0.00,0.00,0.0,0.0,3.57,8.23,0.0
20240129:0110,0.00,0.00,0.0,0.0,3.20,8.31,0.0
20240129:0210,0.00,0.00,0.0,0.0,3.02,8.46,0.0
20240129:0310,0.00,0.00,0.0,0.0,3.17,8.74,0.0
20240129:0410,0.00,0.00,0.0,0.0,3.44,8.77,0.0
20240129:0510,11.31,0.00,0.0,0.0,3.65,8.84,0.0
20240129:0610,58.64,0.00,0.0,0.0,3.75,9.02,0.0
20240129:0710,127.05,0.00,0.0,0.0,3.76,9.27,0.0
20240129:0810,184.15,0.00,0.0,0.0,3.83,9.71,0.0
20240129:0910,210.61,0.00,0.0,0.0,4.09,10.07,0.0
20240129:1010,188.64,0.00,0.0,0.0,4.19,10.33,0.0
20240129:1110,195.43,0.00,0.0,0.0,4.15,10.72,0.0
20240129:1210,136.17,0.00,0.0,0.0,4.08,11.13,0.0
20240129:1310,79.46,0.00,0.0,0.0,3.99,11.40,0.0
20240129:1410,31.94,0.00,0.0,0.0,3.85,11.14,0.0
20240129:1510,0.00,0.00,0.0,0.0,3.73,10.49,0.0
20240129:1610,0.00,0.00,0.0,0.0,3.75,9.96,0.0
20240129:1710,0.00,0.00,0.0,0.0,3.79,9.65,0.0
20240129:1810,0.00,0.00,0.0,0.0,3.80,9.33,0.0
20240129:1910,0.00,0.00,0.0,0.0,3.82,8.99,0.0
20240129:2010,0.00,0.00,0.0,0.0,3.87,8.71,0.0
20240129:2110,0.00,0.00,0.0,0.0,3.91,8.52,0.0
20240129:2210,0.00,0.00,0.0,0.0,3.89,8.68,0.0
20240129:2310,0.00,0.00,0.0,0.0,3.92,8.91,0.0
20240130:0010,0.00,0.00,0.0,0.0,3.95,9.46,0.0
20240130:0110,0.00,0.00,0.0,0.0,3.95,9.80,0.0
20240130:0210,0.00,0.00,0.0,0.0,3.96,10.20,0.0
20240130:0310,0.00,0.00,0.0,0.0,4.02,10.64,0.0
20240130:0410,0.00,0.00,0.0,0.0,4.11,11.00,0.0
20240130:0510,13.91,0.00,0.0,0.0,4.19,11.13,0.0
20240130:0610,82.31,0.00,0.0,0.0,4.27,11.43,0.0
20240130:0710,182.07,0.00,0.0,0.0,4.35,11.69,0.0
20240130:0810,254.03,0.00,0.0,0.0,4.51,12.68,0.0
20240130:0910,317.09,0.00,0.0,0.0,4.80,13.29,0.0
20240130:1010,339.74,0.00,0.0,0.0,4.98,13.35,0.0
20240130:1110,309.01,0.00,0.0,0.0,5.02,13.22,0.0
20240130:1210,234.99,0.00,0.0,0.0,5.02,13.36,0.0
20240130:1310,142.96,0.00,0.0,0.0,4.98,13.63,0.0
20240130:1410,49.98,0.00,0.0,0.0,4.84,13.70,0.0
20240130:1510,0.00,0.00,0.0,0.0,4.65,13.23,0.0
20240130:1610,0.00,0.00,0.0,0.0,4.48,12.73,0.0
20240130:1710,0.00,0.00,0.0,0.0,4.41,12.22,0.0
20240130:1810,0.00,0.00,0.0,0.0,4.38,11.75,0.0
20240130:1910,0.00,0.00,0.0,0.0,4.37,11.34,0.0
20240130:2010,0.00,0.00,0.0,0.0,4.36,11.18,0.0
20240130:2110,0.00,0.00,0.0,0.0,4.39,11.02,0.0
20240130:2210,0.00,0.00,0.0,0.0,4.43,11.02,0.0
20240130:2310,0.00,0.00,0.0,0.0,4.53,11.25,0.0
20240131:0010,0.00,0.00,0.0,0.0,4.69,11.42,0.0
20240131:0110,0.00,0.00,0.0,0.0,4.83,11.40,0.0
20240131:0210,0.00,0.00,0.0,0.0,4.86,11.51,0.0
20240131:0310,0.00,0.00,0.0,0.0,4.88,11.55,0.0
20240131:0410,0.00,0.00,0.0,0.0,4.88,11.32,0.0
20240131:0510,16.31,0.00,0.0,0.0,4.86,11.21,0.0
20240131:0610,104.69,0.00,0.0,0.0,4.88,10.99,0.0
20240131:0710,207.91,0.00,0.0,0.0,5.06,10.85,0.0
20240131:0810,311.65,0.00,0.0,0.0,5.42,11.37,0.0
20240131:0910,374.82,0.00,0.0,0.0,5.77,11.42,0.0
20240131:1010,385.06,0.00,0.0,0.0,5.89,11.33,0.0
20240131:1110,336.49,0.00,0.0,0.0,5.94,11.25,0.0
20240131:1210,265.64,0.00,0.0,0.0,5.95,11.06,0.0
20240131:1310,164.23,0.00,0.0,0.0,5.88,10.86,0.0
20240131:1410,55.99,0.00,0.0,0.0,5.75,10.54,0.0
20240131:1510,0.00,0.00,0.0,0.0,5.56,9.97,0.0
20240131:1610,0.00,0.00,0.0,0.0,5.45,9.70,0.0
20240131:1710,0.00,0.00,0.0,0.0,5.45,9.67,0.0
20240131:1810,0.00,0.00,0.0,0.0,5.42,9.52,0.0
20240131:1910,0.00,0.00,0.0,0.0,5.40,9.32,0.0
20240131:2010,0.00,0.00,0.0,0.0,5.37,8.93,0.0
20240131:2110,0.00,0.00,0.0,0.0,5.34,8.48,0.0
20240131:2210,0.00,0.00,0.0,0.0,5.32,8.08,0.0
20240131:2310,0.00,0.00,0.0,0.0,5.31,7.71,0.0
20240201:0010,0.00,0.00,0.0,0.0,5.35,7.38,0.0
20240201:0110,0.00,0.00,0.0,0.0,5.38,7.12,0.0
20240201:0210,0.00,0.00,0.0,0.0,5.41,6.93,0.0
20240201:0310,0.00,0.00,0.0,0.0,5.43,6.76,0.0
20240201:0410,0.00,0.00,0.0,0.0,5.39,6.59,0.0
20240201:0510,18.36,0.00,0.0,0.0,5.32,6.36,0.0
20240201:0610,122.08,0.00,0.0,0.0,5.29,6.07,0.0
20240201:0710,253.09,0.00,0.0,0.0,5.44,5.54,0.0
20240201:0810,338.89,0.00,0.0,0.0,5.80,5.27,0.0
20240201:0910,409.65,0.00,0.0,0.0,6.09,4.86,0.0
20240201:1010,463.17,0.00,0.0,0.0,6.31,4.39,0.0
20240201:1110,414.56,0.00,0.0,0.0,6.53,4.00,0.0
20240201:1210,323.36,0.00,0.0,0.0,6.69,3.76,0.0
20240201:1310,215.22,0.00,0.0,0.0,6.77,3.57,0.0
20240201:1410,81.56,0.00,0.0,0.0,6.71,3.36,0.0
20240201:1510,0.00,0.00,0.0,0.0,6.47,3.33,0.0
20240201:1610,0.00,0.00,0.0,0.0,6.16,3.30,0.0
20240201:1710,0.00,0.00,0.0,0.0,5.89,2.83,0.0
20240201:1810,0.00,0.00,0.0,0.0,5.69,2.20,0.0
20240201:1910,0.00,0.00,0.0,0.0,5.54,1.67,0.0
20240201:2010,0.00,0.00,0.0,0.0,5.40,1.37,0.0
20240201:2110,0.00,0.00,0.0,0.0,5.25,1.27,0.0
20240201:2210,0.00,0.00,0.0,0.0,5.06,1.07,0.0
20240201:2310,0.00,0.00,0.0,0.0,4.83,1.29,0.0
20240202:0010,0.00,0.00,0.0,0.0,4.58,1.91,0.0
20240202:0110,0.00,0.00,0.0,0.0,4.32,2.59,0.0
20240202:0210,0.00,0.00,0.0,0.0,4.04,3.30,0.0
20240202:0310,0.00,0.00,0.0,0.0,3.76,3.99,0.0
20240202:0410,0.00,0.00,0.0,0.0,3.51,4.45,0.0
20240202:0510,24.11,0.00,0.0,0.0,3.23,4.60,0.0
20240202:0610,144.07,0.00,0.0,0.0,3.03,4.48,0.0
20240202:0710,287.71,0.00,0.0,0.0,3.28,4.03,0.0
20240202:0810,400.14,0.00,0.0,0.0,4.25,3.75,0.0
20240202:0910,461.36,0.00,0.0,0.0,5.53,3.78,0.0
20240202:1010,445.09,0.00,0.0,0.0,6.28,3.74,0.0
20240202:1110,371.28,0.00,0.0,0.0,6.62,3.80,0.0
20240202:1210,296.26,0.00,0.0,0.0,6.80,4.23,0.0
20240202:1310,189.57,0.00,0.0,0.0,6.78,5.02,0.0
20240202:1410,63.78,0.00,0.0,0.0,6.58,5.74,0.0
20240202:1510,0.00,0.00,0.0,0.0,6.30,6.27,0.0
20240202:1610,0.00,0.00,0.0,0.0,6.15,6.72,0.0
20240202:1710,0.00,0.00,0.0,0.0,6.11,7.03,0.0
20240202:1810,0.00,0.00,0.0,0.0,6.05,7.25,0.0
20240202:1910,0.00,0.00,0.0,0.0,5.97,7.44,0.0
20240202:2010,0.00,0.00,0.0,0.0,5.92,7.69,0.0
20240202:2110,0.00,0.00,0.0,0.0,5.93,7.77,0.0
20240202:2210,0.00,0.00,0.0,0.0,5.94,7.59,0.0
20240202:2310,0.00,0.00,0.0,0.0,5.94,7.36,0.0
20240203:0010,0.00,0.00,0.0,0.0,5.88,7.08,0.0
20240203:0110,0.00,0.00,0.0,0.0,5.79,6.80,0.0
20240203:0210,0.00,0.00,0.0,0.0,5.72,6.48,0.0
20240203:0310,0.00,0.00,0.0,0.0,5.68,6.21,0.0
20240203:0410,0.00,0.00,0.0,0.0,5.60,5.54,0.0
20240203:0510,22.04,0.00,0.0,0.0,5.51,4.53,0.0
20240203:0610,167.57,0.00,0.0,0.0,5.47,3.63,0.0
20240203:0710,332.60,0.00,0.0,0.0,5.61,2.80,0.0
20240203:0810,431.69,0.00,0.0,0.0,5.87,1.91,0.0
20240203:0910,521.81,0.00,0.0,0.0,6.11,0.92,0.0
20240203:1010,544.55,0.00,0.0,0.0,6.47,0.56,0.0
20240203:1110,475.74,0.00,0.0,0.0,6.90,1.16,0.0
20240203:1210,384.97,0.00,0.0,0.0,7.26,1.87,0.0
20240203:1310,256.29,0.00,0.0,0.0,7.50,2.62,0.0
20240203:1410,106.65,0.00,0.0,0.0,7.55,3.36,0.0
20240203:1510,1.62,0.00,0.0,0.0,7.40,4.12,0.0
20240203:1610,0.00,0.00,0.0,0.0,7.12,4.93,0.0
20240203:1710,0.00,0.00,0.0,0.0,6.85,5.50,0.0
20240203:1810,0.00,0.00,0.0,0.0,6.68,5.98,0.0
20240203:1910,0.00,0.00,0.0,0.0,6.60,6.54,0.0
20240203:2010,0.00,0.00,0.0,0.0,6.57,7.05,0.0
20240203:2110,0.00,0.00,0.0,0.0,6.54,7.53,0.0
20240203:2210,0.00,0.00,0.0,0.0,6.48,7.91,0.0
20240203:2310,0.00,0.00,0.0,0.0,6.39,8.16,0.0
20240204:0010,0.00,0.00,0.0,0.0,6.28,8.29,0.0
20240204:0110,0.00,0.00,0.0,0.0,6.12,8.43,0.0
20240204:0210,0.00,0.00,0.0,0.0,5.97,8.59,0.0
20240204:0310,0.00,0.00,0.0,0.0,5.90,8.67,0.0
20240204:0410,0.00,0.00,0.0,0.0,5.95,8.64,0.0
20240204:0510,18.31,0.00,0.0,0.0,6.05,8.54,0.0
20240204:0610,85.38,0.00,0.0,0.0,6.19,8.66,0.0
20240204:0710,174.05,0.00,0.0,0.0,6.53,8.57,0.0
20240204:0810,249.71,0.00,0.0,0.0,7.19,8.59,0.0
20240204:0910,318.88,0.00,0.0,0.0,7.97,8.97,0.0
20240204:1010,296.76,0.00,0.0,0.0,8.70,9.24,0.0
20240204:1110,209.52,0.00,0.0,0.0,9.22,9.19,0.0
20240204:1210,139.37,0.00,0.0,0.0,9.50,8.78,0.0
20240204:1310,80.12,0.00,0.0,0.0,9.57,7.97,0.0
20240204:1410,22.72,0.00,0.0,0.0,9.45,7.29,0.0
20240204:1510,2.91,0.00,0.0,0.0,9.37,7.36,0.0
20240204:1610,0.00,0.00,0.0,0.0,9.43,7.52,0.0
20240204:1710,0.00,0.00,0.0,0.0,9.51,7.94,0.0
20240204:1810,0.00,0.00,0.0,0.0,9.48,8.64,0.0
20240204:1910,0.00,0.00,0.0,0.0,9.23,8.88,0.0
20240204:2010,0.00,0.00,0.0,0.0,8.96,9.00,0.0
20240204:2110,0.00,0.00,0.0,0.0,8.74,8.76,0.0
20240204:2210,0.00,0.00,0.0,0.0,8.62,8.57,0.0
20240204:2310,0.00,0.00,0.0,0.0,8.49,8.56,0.0
20240205:0010,0.00,0.00,0.0,0.0,8.30,8.38,0.0
20240205:0110,0.00,0.00,0.0,0.0,8.07,8.13,0.0
20240205:0210,0.00,0.00,0.0,0.0,7.84,8.10,0.0
20240205:0310,0.00,0.00,0.0,0.0,7.63,8.20,0.0
20240205:0410,0.00,0.00,0.0,0.0,7.47,8.63,0.0
20240205:0510,22.65,0.00,0.0,0.0,7.33,9.16,0.0
20240205:0610,109.16,0.00,0.0,0.0,7.34,9.59,0.0
20240205:0710,173.01,0.00,0.0,0.0,7.87,9.42,0.0
20240205:0810,292.91,0.00,0.0,0.0,8.83,10.08,0.0
20240205:0910,413.58,0.00,0.0,0.0,9.73,10.88,0.0
20240205:1010,436.09,0.00,0.0,0.0,10.74,11.84,0.0
20240205:1110,403.74,0.00,0.0,0.0,12.01,12.33,0.0
20240205:1210,339.30,0.00,0.0,0.0,13.33,12.32,0.0
20240205:1310,229.39,0.00,0.0,0.0,14.28,12.05,0.0
20240205:1410,85.67,0.00,0.0,0.0,14.46,11.19,0.0
20240205:1510,3.60,0.00,0.0,0.0,13.96,10.78,0.0
20240205:1610,0.00,0.00,0.0,0.0,13.20,11.23,0.0
20240205:1710,0.00,0.00,0.0,0.0,12.51,11.73,0.0
20240205:1810,0.00,0.00,0.0,0.0,11.95,11.98,0.0
20240205:1910,0.00,0.00,0.0,0.0,11.43,11.92,0.0
20240205:2010,0.00,0.00,0.0,0.0,10.86,11.66,0.0
20240205:2110,0.00,0.00,0.0,0.0,10.36,11.34,0.0
20240205:2210,0.00,0.00,0.0,0.0,10.12,11.29,0.0
20240205:2310,0.00,0.00,0.0,0.0,9.98,11.08,0.0
20240206:0010,0.00,0.00,0.0,0.0,9.83,10.67,0.0
20240206:0110,0.00,0.00,0.0,0.0,9.66,10.26,0.0
20240206:0210,0.00,0.00,0.0,0.0,9.52,9.88,0.0
20240206:0310,0.00,0.00,0.0,0.0,9.38,9.42,0.0
20240206:0410,0.00,0.00,0.0,0.0,9.18,9.11,0.0
20240206:0510,26.98,0.00,0.0,0.0,8.92,8.96,0.0
20240206:0610,186.51,0.00,0.0,0.0,8.82,8.91,0.0
20240206:0710,359.98,0.00,0.0,0.0,9.36,8.69,0.0
20240206:0810,478.18,0.00,0.0,0.0,10.53,8.94,0.0
20240206:0910,561.78,0.00,0.0,0.0,11.92,9.34,0.0
20240206:1010,593.42,0.00,0.0,0.0,13.28,9.22,0.0
20240206:1110,548.94,0.00,0.0,0.0,14.50,8.87,0.0
20240206:1210,444.49,0.00,0.0,0.0,15.44,8.47,0.0
20240206:1310,293.40,0.00,0.0,0.0,15.93,7.86,0.0
20240206:1410,118.51,0.00,0.0,0.0,15.86,6.91,0.0
20240206:1510,6.06,0.00,0.0,0.0,15.44,6.86,0.0
20240206:1610,0.00,0.00,0.0,0.0,15.12,7.68,0.0
20240206:1710,0.00,0.00,0.0,0.0,15.02,8.26,0.0
20240206:1810,0.00,0.00,0.0,0.0,14.92,8.70,0.0
20240206:1910,0.00,0.00,0.0,0.0,14.47,9.30,0.0
20240206:2010,0.00,0.00,0.0,0.0,13.69,9.84,0.0
20240206:2110,0.00,0.00,0.0,0.0,12.87,10.11,0.0
20240206:2210,0.00,0.00,0.0,0.0,12.27,10.03,0.0
20240206:2310,0.00,0.00,0.0,0.0,11.85,9.91,0.0
20240207:0010,0.00,0.00,0.0,0.0,11.48,9.95,0.0
20240207:0110,0.00,0.00,0.0,0.0,11.09,9.93,0.0
20240207:0210,0.00,0.00,0.0,0.0,10.65,9.80,0.0
20240207:0310,0.00,0.00,0.0,0.0,10.22,9.66,0.0
20240207:0410,0.00,0.00,0.0,0.0,9.86,9.47,0.0
20240207:0510,31.05,0.00,0.0,0.0,9.66,9.26,0.0
20240207:0610,187.31,0.00,0.0,0.0,9.72,9.00,0.0
20240207:0710,351.38,0.00,0.0,0.0,10.37,8.57,0.0
20240207:0810,484.22,0.00,0.0,0.0,11.69,9.13,0.0
20240207:0910,558.83,0.00,0.0,0.0,13.12,10.58,0.0
20240207:1010,570.01,0.00,0.0,0.0,14.18,10.59,0.0
20240207:1110,515.34,0.00,0.0,0.0,15.11,10.51,0.0
20240207:1210,415.33,0.00,0.0,0.0,15.83,10.48,0.0
20240207:1310,267.15,0.00,0.0,0.0,16.24,10.42,0.0
20240207:1410,99.45,0.00,0.0,0.0,16.16,9.75,0.0
20240207:1510,7.62,0.00,0.0,0.0,15.74,9.79,0.0
20240207:1610,0.00,0.00,0.0,0.0,15.28,10.37,0.0
20240207:1710,0.00,0.00,0.0,0.0,14.76,10.91,0.0
20240207:1810,0.00,0.00,0.0,0.0,14.09,11.08,0.0
20240207:1910,0.00,0.00,0.0,0.0,13.42,10.92,0.0
20240207:2010,0.00,0.00,0.0,0.0,12.93,10.73,0.0
20240207:2110,0.00,0.00,0.0,0.0,12.58,10.65,0.0
20240207:2210,0.00,0.00,0.0,0.0,12.36,10.38,0.0
20240207:2310,0.00,0.00,0.0,0.0,12.21,10.32,0.0
20240208:0010,0.00,0.00,0.0,0.0,12.07,10.37,0.0
20240208:0110,0.00,0.00,0.0,0.0,11.90,10.39,0.0
20240208:0210,0.00,0.00,0.0,0.0,11.76,10.29,0.0
20240208:0310,0.00,0.00,0.0,0.0,11.67,10.09,0.0
20240208:0410,0.00,0.00,0.0,0.0,11.61,9.78,0.0
20240208:0510,25.48,0.00,0.0,0.0,11.56,9.35,0.0
20240208:0610,144.56,0.00,0.0,0.0,11.60,9.05,0.0
20240208:0710,292.30,0.00,0.0,0.0,11.81,8.34,0.0
20240208:0810,410.92,0.00,0.0,0.0,12.31,7.90,0.0
20240208:0910,447.22,0.00,0.0,0.0,13.00,7.63,0.0
20240208:1010,456.30,0.00,0.0,0.0,13.86,8.37,0.0
20240208:1110,433.96,0.00,0.0,0.0,14.86,9.79,0.0
20240208:1210,352.32,0.00,0.0,0.0,15.87,10.62,0.0
20240208:1310,240.62,0.00,0.0,0.0,16.52,10.50,0.0
20240208:1410,91.37,0.00,0.0,0.0,16.57,9.38,0.0
20240208:1510,7.92,0.00,0.0,0.0,16.24,8.81,0.0
20240208:1610,0.00,0.00,0.0,0.0,15.86,8.95,0.0
20240208:1710,0.00,0.00,0.0,0.0,15.48,9.07,0.0
20240208:1810,0.00,0.00,0.0,0.0,15.01,9.16,0.0
20240208:1910,0.00,0.00,0.0,0.0,14.51,9.26,0.0
20240208:2010,0.00,0.00,0.0,0.0,14.02,9.15,0.0
20240208:2110,0.00,0.00,0.0,0.0,13.52,8.94,0.0
20240208:2210,0.00,0.00,0.0,0.0,12.96,8.57,0.0
20240208:2310,0.00,0.00,0.0,0.0,12.40,7.88,0.0
20240209:0010,0.00,0.00,0.0,0.0,11.91,7.68,0.0
20240209:0110,0.00,0.00,0.0,0.0,11.48,7.73,0.0
20240209:0210,0.00,0.00,0.0,0.0,11.13,7.76,0.0
20240209:0310,0.00,0.00,0.0,0.0,10.85,7.86,0.0
20240209:0410,0.00,0.00,0.0,0.0,10.54,8.07,0.0
20240209:0510,35.27,0.00,0.0,0.0,10.22,8.26,0.0
20240209:0610,199.74,0.00,0.0,0.0,10.08,8.12,0.0
20240209:0710,369.69,0.00,0.0,0.0,10.47,7.45,0.0
20240209:0810,500.55,0.00,0.0,0.0,11.47,7.87,0.0
20240209:0910,567.93,0.00,0.0,0.0,12.53,8.77,0.0
20240209:1010,596.58,0.00,0.0,0.0,13.38,8.96,0.0
20240209:1110,553.84,0.00,0.0,0.0,14.07,8.83,0.0
20240209:1210,448.17,0.00,0.0,0.0,14.67,8.44,0.0
20240209:1310,302.86,0.00,0.0,0.0,15.08,8.01,0.0
20240209:1410,123.44,0.00,0.0,0.0,15.11,7.51,0.0
20240209:1510,9.65,0.00,0.0,0.0,14.75,6.90,0.0
20240209:1610,0.00,0.00,0.0,0.0,14.46,7.29,0.0
20240209:1710,0.00,0.00,0.0,0.0,14.35,7.87,0.0
20240209:1810,0.00,0.00,0.0,0.0,14.15,8.43,0.0
20240209:1910,0.00,0.00,0.0,0.0,13.68,9.06,0.0
20240209:2010,0.00,0.00,0.0,0.0,13.04,9.42,0.0
20240209:2110,0.00,0.00,0.0,0.0,12.44,9.49,0.0
20240209:2210,0.00,0.00,0.0,0.0,12.02,9.51,0.0
20240209:2310,0.00,0.00,0.0,0.0,11.73,9.51,0.0
20240210:0010,0.00,0.00,0.0,0.0,11.46,9.50,0.0
20240210:0110,0.00,0.00,0.0,0.0,11.21,9.46,0.0
20240210:0210,0.00,0.00,0.0,0.0,10.97,9.36,0.0
20240210:0310,0.00,0.00,0.0,0.0,10.74,9.39,0.0
20240210:0410,0.00,0.00,0.0,0.0,10.54,9.33,0.0
20240210:0510,28.02,0.00,0.0,0.0,10.39,9.35,0.0
20240210:0610,116.08,0.00,0.0,0.0,10.42,9.44,0.0
20240210:0710,223.16,0.00,0.0,0.0,11.00,9.14,0.0
20240210:0810,324.81,0.00,0.0,0.0,12.11,9.73,0.0
20240210:0910,377.64,0.00,0.0,0.0,13.27,11.31,0.0
20240210:1010,475.92,0.00,0.0,0.0,14.12,12.20,0.0
20240210:1110,398.11,0.00,0.0,0.0,14.80,12.69,0.0
20240210:1210,301.97,0.00,0.0,0.0,15.32,12.78,0.0
20240210:1310,200.57,0.00,0.0,0.0,15.71,12.28,0.0
20240210:1410,81.22,0.00,0.0,0.0,15.86,11.11,0.0
20240210:1510,7.13,0.00,0.0,0.0,15.74,11.07,0.0
20240210:1610,0.00,0.00,0.0,0.0,15.37,11.26,0.0
20240210:1710,0.00,0.00,0.0,0.0,14.98,11.78,0.0
20240210:1810,0.00,0.00,0.0,0.0,14.46,12.12,0.0
20240210:1910,0.00,0.00,0.0,0.0,13.83,11.73,0.0
20240210:2010,0.00,0.00,0.0,0.0,13.27,10.79,0.0
20240210:2110,0.00,0.00,0.0,0.0,12.96,10.32,0.0
20240210:2210,0.00,0.00,0.0,0.0,12.82,10.20,0.0
20240210:2310,0.00,0.00,0.0,0.0,12.73,10.27,0.0
20240211:0010,0.00,0.00,0.0,0.0,12.62,10.26,0.0
20240211:0110,0.00,0.00,0.0,0.0,12.51,10.14,0.0
20240211:0210,0.00,0.00,0.0,0.0,12.39,9.99,0.0
20240211:0310,0.00,0.00,0.0,0.0,12.25,9.72,0.0
20240211:0410,0.00,0.00,0.0,0.0,12.12,9.45,0.0
20240211:0510,18.22,0.00,0.0,0.0,11.99,9.42,0.0
20240211:0610,78.59,0.00,0.0,0.0,11.95,9.44,0.0
20240211:0710,129.68,0.00,0.0,0.0,12.38,8.89,0.0
20240211:0810,186.51,0.00,0.0,0.0,13.52,9.36,0.0
20240211:0910,272.73,0.00,0.0,0.0,14.73,11.29,0.0
20240211:1010,306.48,0.00,0.0,0.0,15.29,12.12,0.0
20240211:1110,239.49,0.00,0.0,0.0,15.74,12.40,0.0
20240211:1210,182.79,0.00,0.0,0.0,16.42,12.02,0.0
20240211:1310,113.36,0.00,0.0,0.0,16.90,11.12,0.0
20240211:1410,39.86,0.00,0.0,0.0,16.89,10.16,0.0
20240211:1510,7.38,0.00,0.0,0.0,16.57,9.54,0.0
20240211:1610,0.00,0.00,0.0,0.0,16.37,9.39,0.0
20240211:1710,0.00,0.00,0.0,0.0,16.31,9.10,0.0
20240211:1810,0.00,0.00,0.0,0.0,16.23,9.02,0.0
20240211:1910,0.00,0.00,0.0,0.0,16.06,9.00,0.0
20240211:2010,0.00,0.00,0.0,0.0,15.78,9.10,0.0
20240211:2110,0.00,0.00,0.0,0.0,15.42,9.16,0.0
20240211:2210,0.00,0.00,0.0,0.0,15.10,9.67,0.0
20240211:2310,0.00,0.00,0.0,0.0,14.84,10.43,0.0
20240212:0010,0.00,0.00,0.0,0.0,14.66,10.88,0.0
20240212:0110,0.00,0.00,0.0,0.0,14.50,10.82,0.0
20240212:0210,0.00,0.00,0.0,0.0,14.19,10.55,0.0
20240212:0310,0.00,0.00,0.0,0.0,13.78,10.65,0.0
20240212:0410,0.00,0.00,0.0,0.0,13.38,10.35,0.0
20240212:0510,22.65,0.00,0.0,0.0,13.28,9.81,0.0
20240212:0610,110.23,0.00,0.0,0.0,13.64,9.41,0.0
20240212:0710,202.59,0.00,0.0,0.0,14.04,8.80,0.0
20240212:0810,250.04,0.00,0.0,0.0,14.59,8.08,0.0
20240212:0910,208.21,0.00,0.0,0.0,15.16,8.44,0.0
20240212:1010,237.23,0.00,0.0,0.0,15.40,8.91,0.0
20240212:1110,176.15,0.00,0.0,0.0,15.17,9.20,0.0
20240212:1210,150.06,0.00,0.0,0.0,14.82,8.83,0.0
20240212:1310,105.72,0.00,0.0,0.0,14.54,8.04,0.0
20240212:1410,35.38,0.00,0.0,0.0,14.28,7.32,0.0
20240212:1510,6.62,0.00,0.0,0.0,13.98,6.79,0.0
20240212:1610,0.00,0.00,0.0,0.0,13.32,6.53,0.0
20240212:1710,0.00,0.00,0.0,0.0,12.45,5.88,0.0
20240212:1810,0.00,0.00,0.0,0.0,11.73,5.26,0.0
20240212:1910,0.00,0.00,0.0,0.0,11.12,4.96,0.0
20240212:2010,0.00,0.00,0.0,0.0,10.59,4.62,0.0
20240212:2110,0.00,0.00,0.0,0.0,10.15,4.20,0.0
20240212:2210,0.00,0.00,0.0,0.0,9.93,4.25,0.0
20240212:2310,0.00,0.00,0.0,0.0,9.84,4.64,0.0
20240213:0010,0.00,0.00,0.0,0.0,9.76,4.91,0.0
20240213:0110,0.00,0.00,0.0,0.0,9.70,5.13,0.0
20240213:0210,0.00,0.00,0.0,0.0,9.62,5.35,0.0
20240213:0310,0.00,0.00,0.0,0.0,9.54,5.32,0.0
20240213:0410,0.00,0.00,0.0,0.0,9.46,5.24,0.0
20240213:0510,24.31,0.00,0.0,0.0,9.29,5.76,0.0
20240213:0610,108.38,0.00,0.0,0.0,9.08,6.47,0.0
20240213:0710,198.09,0.00,0.0,0.0,8.98,6.72,0.0
20240213:0810,288.55,0.00,0.0,0.0,9.13,6.91,0.0
20240213:0910,356.25,0.00,0.0,0.0,9.50,7.30,0.0
20240213:1010,394.09,0.00,0.0,0.0,9.99,7.13,0.0
20240213:1110,346.02,0.00,0.0,0.0,10.54,6.73,0.0
20240213:1210,268.07,0.00,0.0,0.0,11.07,6.19,0.0
20240213:1310,175.13,0.00,0.0,0.0,11.41,5.09,0.0
20240213:1410,76.78,0.00,0.0,0.0,11.57,3.79,0.0
20240213:1510,10.30,0.00,0.0,0.0,11.50,2.79,0.0
20240213:1610,0.00,0.00,0.0,0.0,11.26,2.09,0.0
20240213:1710,0.00,0.00,0.0,0.0,10.97,1.34,0.0
20240213:1810,0.00,0.00,0.0,0.0,10.71,0.66,0.0
20240213:1910,0.00,0.00,0.0,0.0,10.46,0.55,0.0
20240213:2010,0.00,0.00,0.0,0.0,10.21,1.02,0.0
20240213:2110,0.00,0.00,0.0,0.0,9.96,1.33,0.0
20240213:2210,0.00,0.00,0.0,0.0,9.70,1.27,0.0
20240213:2310,0.00,0.00,0.0,0.0,9.43,0.88,0.0
20240214:0010,0.00,0.00,0.0,0.0,9.15,0.46,0.0
20240214:0110,0.00,0.00,0.0,0.0,8.83,0.88,0.0
20240214:0210,0.00,0.00,0.0,0.0,8.49,1.87,0.0
20240214:0310,0.00,0.00,0.0,0.0,8.17,3.02,0.0
20240214:0410,0.00,0.00,0.0,0.0,7.88,4.05,0.0
20240214:0510,22.59,0.00,0.0,0.0,7.72,4.93,0.0
20240214:0610,70.92,0.00,0.0,0.0,7.77,5.72,0.0
20240214:0710,133.58,0.00,0.0,0.0,7.99,6.54,0.0
20240214:0810,166.41,0.00,0.0,0.0,8.20,7.45,0.0
20240214:0910,219.91,0.00,0.0,0.0,8.22,8.42,0.0
20240214:1010,171.14,0.00,0.0,0.0,8.20,9.08,0.0
20240214:1110,191.98,0.00,0.0,0.0,8.23,9.43,0.0
20240214:1210,117.10,0.00,0.0,0.0,8.33,9.73,0.0
20240214:1310,81.03,0.00,0.0,0.0,8.31,10.03,0.0
20240214:1410,35.16,0.00,0.0,0.0,8.10,10.24,0.0
20240214:1510,7.38,0.00,0.0,0.0,7.81,10.16,0.0
20240214:1610,0.00,0.00,0.0,0.0,7.53,10.16,0.0
20240214:1710,0.00,0.00,0.0,0.0,7.36,9.99,0.0
20240214:1810,0.00,0.00,0.0,0.0,7.27,9.84,0.0
20240214:1910,0.00,0.00,0.0,0.0,7.22,9.63,0.0
20240214:2010,0.00,0.00,0.0,0.0,7.20,9.67,0.0
20240214:2110,0.00,0.00,0.0,0.0,7.19,10.12,0.0
20240214:2210,0.00,0.00,0.0,0.0,7.16,10.58,0.0
20240214:2310,0.00,0.00,0.0,0.0,7.02,11.18,0.0
20240215:0010,0.00,0.00,0.0,0.0,6.75,11.52,0.0
20240215:0110,0.00,0.00,0.0,0.0,6.42,11.51,0.0
20240215:0210,0.00,0.00,0.0,0.0,6.14,11.32,0.0
20240215:0310,0.00,0.00,0.0,0.0,5.93,10.96,0.0
20240215:0410,0.00,0.00,0.0,0.0,5.75,10.72,0.0
20240215:0510,19.75,0.00,0.0,0.0,5.63,10.53,0.0
20240215:0610,39.99,0.00,0.0,0.0,5.56,10.41,0.0
20240215:0710,71.21,0.00,0.0,0.0,5.59,10.48,0.0
20240215:0810,119.30,0.00,0.0,0.0,5.73,10.69,0.0
20240215:0910,126.88,0.00,0.0,0.0,5.88,10.84,0.0
20240215:1010,89.81,0.00,0.0,0.0,5.84,10.68,0.0
20240215:1110,119.45,0.00,0.0,0.0,5.64,10.44,0.0
20240215:1210,102.89,0.00,0.0,0.0,5.39,10.20,0.0
20240215:1310,67.10,0.00,0.0,0.0,5.15,9.79,0.0
20240215:1410,29.21,0.00,0.0,0.0,4.93,8.99,0.0
20240215:1510,8.39,0.00,0.0,0.0,4.75,8.07,0.0
20240215:1610,0.00,0.00,0.0,0.0,4.72,7.35,0.0
20240215:1710,0.00,0.00,0.0,0.0,4.81,6.82,0.0
20240215:1810,0.00,0.00,0.0,0.0,5.04,6.34,0.0
20240215:1910,0.00,0.00,0.0,0.0,5.44,6.04,0.0
20240215:2010,0.00,0.00,0.0,0.0,5.93,5.80,0.0
20240215:2110,0.00,0.00,0.0,0.0,6.39,5.61,0.0
20240215:2210,0.00,0.00,0.0,0.0,6.65,5.90,0.0
20240215:2310,0.00,0.00,0.0,0.0,6.74,6.03,0.0
20240216:0010,0.00,0.00,0.0,0.0,6.67,6.12,0.0
20240216:0110,0.00,0.00,0.0,0.0,6.47,6.05,0.0
20240216:0210,0.00,0.00,0.0,0.0,6.23,6.02,0.0
20240216:0310,0.00,0.00,0.0,0.0,6.05,6.06,0.0
20240216:0410,0.00,0.00,0.0,0.0,5.94,6.14,0.0
20240216:0510,20.42,0.00,0.0,0.0,5.89,6.14,0.0
20240216:0610,37.78,0.00,0.0,0.0,5.86,6.07,0.0
20240216:0710,70.11,0.00,0.0,0.0,5.84,6.10,0.0
20240216:0810,110.33,0.00,0.0,0.0,5.92,6.22,0.0
20240216:0910,134.67,0.00,0.0,0.0,6.06,6.49,0.0
20240216:1010,146.08,0.00,0.0,0.0,6.17,6.64,0.0
20240216:1110,129.37,0.00,0.0,0.0,6.31,6.78,0.0
20240216:1210,110.36,0.00,0.0,0.0,6.47,7.07,0.0
20240216:1310,54.79,0.00,0.0,0.0,6.50,7.43,0.0
20240216:1410,22.15,0.00,0.0,0.0,6.35,7.67,0.0
20240216:1510,9.52,0.00,0.0,0.0,6.12,7.74,0.0
20240216:1610,0.00,0.00,0.0,0.0,5.93,7.58,0.0
20240216:1710,0.00,0.00,0.0,0.0,5.82,7.27,0.0
20240216:1810,0.00,0.00,0.0,0.0,5.76,6.99,0.0
20240216:1910,0.00,0.00,0.0,0.0,5.72,6.71,0.0
20240216:2010,0.00,0.00,0.0,0.0,5.71,6.49,0.0
20240216:2110,0.00,0.00,0.0,0.0,5.74,6.33,0.0
20240216:2210,0.00,0.00,0.0,0.0,5.81,6.25,0.0
20240216:2310,0.00,0.00,0.0,0.0,5.88,6.27,0.0
20240217:0010,0.00,0.00,0.0,0.0,5.90,6.19,0.0
20240217:0110,0.00,0.00,0.0,0.0,5.90,6.25,0.0
20240217:0210,0.00,0.00,0.0,0.0,5.89,6.31,0.0
20240217:0310,0.00,0.00,0.0,0.0,5.90,6.41,0.0
20240217:0410,0.00,0.00,0.0,0.0,5.91,6.49,0.0
20240217:0510,27.17,0.00,0.0,0.0,5.94,6.52,0.0
20240217:0610,51.85,0.00,0.0,0.0,6.04,6.42,0.0
20240217:0710,108.96,0.00,0.0,0.0,6.28,6.54,0.0
20240217:0810,123.45,0.00,0.0,0.0,6.57,6.77,0.0
20240217:0910,139.91,0.00,0.0,0.0,6.77,6.77,0.0
20240217:1010,153.72,0.00,0.0,0.0,6.80,6.74,0.0
20240217:1110,131.82,0.00,0.0,0.0,6.79,6.63,0.0
20240217:1210,106.46,0.00,0.0,0.0,6.77,6.51,0.0
20240217:1310,73.90,0.00,0.0,0.0,6.70,6.58,0.0
20240217:1410,32.44,0.00,0.0,0.0,6.55,6.87,0.0
20240217:1510,10.21,0.00,0.0,0.0,6.32,7.11,0.0
20240217:1610,0.00,0.00,0.0,0.0,6.13,7.27,0.0
20240217:1710,0.00,0.00,0.0,0.0,6.01,7.27,0.0
20240217:1810,0.00,0.00,0.0,0.0,5.89,6.99,0.0
20240217:1910,0.00,0.00,0.0,0.0,5.75,6.64,0.0
20240217:2010,0.00,0.00,0.0,0.0,5.58,6.35,0.0
20240217:2110,0.00,0.00,0.0,0.0,5.37,6.03,0.0
20240217:2210,0.00,0.00,0.0,0.0,5.25,5.63,0.0
20240217:2310,0.00,0.00,0.0,0.0,5.24,5.34,0.0
20240218:0010,0.00,0.00,0.0,0.0,5.25,4.94,0.0
20240218:0110,0.00,0.00,0.0,0.0,5.26,4.67,0.0
20240218:0210,0.00,0.00,0.0,0.0,5.28,4.51,0.0
20240218:0310,0.00,0.00,0.0,0.0,5.32,4.43,0.0
20240218:0410,0.00,0.00,0.0,0.0,5.35,4.22,0.0
20240218:0510,31.20,0.00,0.0,0.0,5.37,3.96,0.0
20240218:0610,73.42,0.00,0.0,0.0,5.44,3.73,0.0
20240218:0710,131.21,0.00,0.0,0.0,5.62,3.37,0.0
20240218:0810,197.85,0.00,0.0,0.0,5.99,3.07,0.0
20240218:0910,257.41,0.00,0.0,0.0,6.51,2.84,0.0
20240218:1010,282.41,0.00,0.0,0.0,6.88,2.68,0.0
20240218:1110,265.22,0.00,0.0,0.0,7.11,2.66,0.0
20240218:1210,231.14,0.00,0.0,0.0,7.24,2.80,0.0
20240218:1310,161.77,0.00,0.0,0.0,7.23,3.01,0.0
20240218:1410,79.35,0.00,0.0,0.0,6.99,3.26,0.0
20240218:1510,14.85,0.00,0.0,0.0,6.57,3.55,0.0
20240218:1610,0.00,0.00,0.0,0.0,6.14,4.09,0.0
20240218:1710,0.00,0.00,0.0,0.0,5.81,4.59,0.0
20240218:1810,0.00,0.00,0.0,0.0,5.55,4.77,0.0
20240218:1910,0.00,0.00,0.0,0.0,5.36,4.71,0.0
20240218:2010,0.00,0.00,0.0,0.0,5.25,4.55,0.0
20240218:2110,0.00,0.00,0.0,0.0,5.18,4.32,0.0
20240218:2210,0.00,0.00,0.0,0.0,5.17,4.22,0.0
20240218:2310,0.00,0.00,0.0,0.0,5.19,4.23,0.0
20240219:0010,0.00,0.00,0.0,0.0,5.19,4.26,0.0
20240219:0110,0.00,0.00,0.0,0.0,5.20,4.20,0.0
20240219:0210,0.00,0.00,0.0,0.0,5.25,4.18,0.0
20240219:0310,0.00,0.00,0.0,0.0,5.32,4.15,0.0
20240219:0410,0.00,0.00,0.0,0.0,5.33,3.93,0.0
20240219:0510,28.46,0.00,0.0,0.0,5.34,3.58,0.0
20240219:0610,63.17,0.00,0.0,0.0,5.43,3.30,0.0
20240219:0710,113.38,0.00,0.0,0.0,5.66,3.04,0.0
20240219:0810,156.54,0.00,0.0,0.0,6.10,3.08,0.0
20240219:0910,205.50,0.00,0.0,0.0,6.67,3.58,0.0
20240219:1010,239.90,0.00,0.0,0.0,7.15,4.15,0.0
20240219:1110,225.63,0.00,0.0,0.0,7.51,4.75,0.0
20240219:1210,176.66,0.00,0.0,0.0,7.74,5.36,0.0
20240219:1310,115.74,0.00,0.0,0.0,7.77,5.84,0.0
20240219:1410,55.69,0.00,0.0,0.0,7.54,6.21,0.0
20240219:1510,14.74,0.00,0.0,0.0,7.09,6.44,0.0
20240219:1610,0.00,0.00,0.0,0.0,6.56,6.71,0.0
20240219:1710,0.00,0.00,0.0,0.0,6.18,7.03,0.0
20240219:1810,0.00,0.00,0.0,0.0,5.93,6.94,0.0
20240219:1910,0.00,0.00,0.0,0.0,5.79,6.69,0.0
20240219:2010,0.00,0.00,0.0,0.0,5.68,6.43,0.0
20240219:2110,0.00,0.00,0.0,0.0,5.59,6.13,0.0
20240219:2210,0.00,0.00,0.0,0.0,5.55,5.87,0.0
20240219:2310,0.00,0.00,0.0,0.0,5.53,5.70,0.0
20240220:0010,0.00,0.00,0.0,0.0,5.51,5.53,0.0
20240220:0110,0.00,0.00,0.0,0.0,5.48,5.35,0.0
20240220:0210,0.00,0.00,0.0,0.0,5.48,5.20,0.0
20240220:0310,0.00,0.00,0.0,0.0,5.49,5.10,0.0
20240220:0410,0.00,0.00,0.0,0.0,5.47,4.90,0.0
20240220:0510,63.06,0.00,0.0,0.0,5.46,4.61,0.0
20240220:0610,236.13,0.00,0.0,0.0,5.58,4.37,0.0
20240220:0710,397.86,0.00,0.0,0.0,5.91,4.09,0.0
20240220:0810,498.92,0.00,0.0,0.0,6.39,4.02,0.0
20240220:0910,597.88,0.00,0.0,0.0,6.93,4.11,0.0
20240220:1010,622.31,0.00,0.0,0.0,7.29,4.39,0.0
20240220:1110,579.40,0.00,0.0,0.0,7.55,4.64,0.0
20240220:1210,470.98,0.00,0.0,0.0,7.75,4.92,0.0
20240220:1310,328.23,0.00,0.0,0.0,7.84,5.21,0.0
20240220:1410,159.32,0.00,0.0,0.0,7.70,5.51,0.0
20240220:1510,21.60,0.00,0.0,0.0,7.24,5.86,0.0
20240220:1610,0.00,0.00,0.0,0.0,6.58,6.27,0.0
20240220:1710,0.00,0.00,0.0,0.0,6.06,6.49,0.0
20240220:1810,0.00,0.00,0.0,0.0,5.77,6.17,0.0
20240220:1910,0.00,0.00,0.0,0.0,5.62,5.65,0.0
20240220:2010,0.00,0.00,0.0,0.0,5.50,5.11,0.0
20240220:2110,0.00,0.00,0.0,0.0,5.40,4.52,0.0
20240220:2210,0.00,0.00,0.0,0.0,5.34,3.87,0.0
20240220:2310,0.00,0.00,0.0,0.0,5.30,3.32,0.0
20240221:0010,0.00,0.00,0.0,0.0,5.25,2.91,0.0
20240221:0110,0.00,0.00,0.0,0.0,5.17,2.50,0.0
20240221:0210,0.00,0.00,0.0,0.0,5.08,2.19,0.0
20240221:0310,0.00,0.00,0.0,0.0,5.01,2.02,0.0
20240221:0410,0.00,0.00,0.0,0.0,4.93,1.88,0.0
20240221:0510,46.44,0.00,0.0,0.0,4.86,1.64,0.0
20240221:0610,181.47,0.00,0.0,0.0,4.95,1.28,0.0
20240221:0710,320.18,0.00,0.0,0.0,5.39,0.72,0.0
20240221:0810,431.55,0.00,0.0,0.0,6.13,0.33,0.0
20240221:0910,498.76,0.00,0.0,0.0,6.93,1.16,0.0
20240221:1010,485.28,0.00,0.0,0.0,7.60,1.83,0.0
20240221:1110,475.20,0.00,0.0,0.0,8.12,2.27,0.0
20240221:1210,379.08,0.00,0.0,0.0,8.51,2.39,0.0
20240221:1310,257.63,0.00,0.0,0.0,8.78,2.30,0.0
20240221:1410,118.72,0.00,0.0,0.0,8.90,2.04,0.0
20240221:1510,20.20,0.00,0.0,0.0,8.82,1.63,0.0
20240221:1610,0.00,0.00,0.0,0.0,8.52,1.17,0.0
20240221:1710,0.00,0.00,0.0,0.0,8.15,1.37,0.0
20240221:1810,0.00,0.00,0.0,0.0,7.81,2.03,0.0
20240221:1910,0.00,0.00,0.0,0.0,7.53,2.76,0.0
20240221:2010,0.00,0.00,0.0,0.0,7.31,3.39,0.0
20240221:2110,0.00,0.00,0.0,0.0,7.11,3.82,0.0
20240221:2210,0.00,0.00,0.0,0.0,6.92,3.95,0.0
20240221:2310,0.00,0.00,0.0,0.0,6.75,3.82,0.0
20240222:0010,0.00,0.00,0.0,0.0,6.61,3.56,0.0
20240222:0110,0.00,0.00,0.0,0.0,6.48,3.31,0.0
20240222:0210,0.00,0.00,0.0,0.0,6.38,3.15,0.0
20240222:0310,0.00,0.00,0.0,0.0,6.33,3.16,0.0
20240222:0410,0.00,0.00,0.0,0.0,6.33,3.60,0.0
20240222:0510,66.18,0.00,0.0,0.0,6.36,4.34,0.0
20240222:0610,259.39,0.00,0.0,0.0,6.51,4.90,0.0
20240222:0710,422.63,0.00,0.0,0.0,7.00,4.83,0.0
20240222:0810,558.50,0.00,0.0,0.0,7.92,4.58,0.0
20240222:0910,613.88,0.00,0.0,0.0,8.86,4.14,0.0
20240222:1010,658.04,0.00,0.0,0.0,9.60,3.86,0.0
20240222:1110,613.96,0.00,0.0,0.0,10.16,3.67,0.0
20240222:1210,497.51,0.00,0.0,0.0,10.54,3.57,0.0
20240222:1310,368.68,0.00,0.0,0.0,10.73,3.50,0.0
20240222:1410,184.54,0.00,0.0,0.0,10.68,3.35,0.0
20240222:1510,25.54,0.00,0.0,0.0,10.37,2.94,0.0
20240222:1610,0.00,0.00,0.0,0.0,9.97,2.42,0.0
20240222:1710,0.00,0.00,0.0,0.0,9.66,2.10,0.0
20240222:1810,0.00,0.00,0.0,0.0,9.44,2.22,0.0
20240222:1910,0.00,0.00,0.0,0.0,9.29,2.87,0.0
20240222:2010,0.00,0.00,0.0,0.0,9.19,3.95,0.0
20240222:2110,0.00,0.00,0.0,0.0,9.15,4.92,0.0
20240222:2210,0.00,0.00,0.0,0.0,9.07,5.44,0.0
20240222:2310,0.00,0.00,0.0,0.0,8.92,5.92,0.0
20240223:0010,0.00,0.00,0.0,0.0,8.68,6.60,0.0
20240223:0110,0.00,0.00,0.0,0.0,8.35,7.12,0.0
20240223:0210,0.00,0.00,0.0,0.0,8.04,7.25,0.0
20240223:0310,0.00,0.00,0.0,0.0,7.77,7.20,0.0
20240223:0410,0.00,0.00,0.0,0.0,7.50,7.35,0.0
20240223:0510,68.51,0.00,0.0,0.0,7.27,7.75,0.0
20240223:0610,266.67,0.00,0.0,0.0,7.29,7.87,0.0
20240223:0710,430.32,0.00,0.0,0.0,7.93,7.17,0.0
20240223:0810,527.54,0.00,0.0,0.0,9.36,6.99,0.0
20240223:0910,611.18,0.00,0.0,0.0,11.10,7.94,0.0
20240223:1010,611.91,0.00,0.0,0.0,12.47,8.52,0.0
20240223:1110,522.59,0.00,0.0,0.0,13.52,8.85,0.0
20240223:1210,429.89,0.00,0.0,0.0,14.28,8.95,0.0
20240223:1310,295.89,0.00,0.0,0.0,14.80,8.68,0.0
20240223:1410,143.63,0.00,0.0,0.0,15.03,8.01,0.0
20240223:1510,23.68,0.00,0.0,0.0,14.91,6.93,0.0
20240223:1610,0.00,0.00,0.0,0.0,14.62,7.00,0.0
20240223:1710,0.00,0.00,0.0,0.0,14.29,7.23,0.0
20240223:1810,0.00,0.00,0.0,0.0,13.88,7.54,0.0
20240223:1910,0.00,0.00,0.0,0.0,13.35,7.80,0.0
20240223:2010,0.00,0.00,0.0,0.0,12.77,7.95,0.0
20240223:2110,0.00,0.00,0.0,0.0,12.23,7.81,0.0
20240223:2210,0.00,0.00,0.0,0.0,11.84,7.83,0.0
20240223:2310,0.00,0.00,0.0,0.0,11.54,8.02,0.0
20240224:0010,0.00,0.00,0.0,0.0,11.23,8.29,0.0
20240224:0110,0.00,0.00,0.0,0.0,10.86,8.55,0.0
20240224:0210,0.00,0.00,0.0,0.0,10.47,8.69,0.0
20240224:0310,0.00,0.00,0.0,0.0,10.18,8.81,0.0
20240224:0410,0.00,0.00,0.0,0.0,9.99,8.83,0.0
20240224:0510,72.88,0.00,0.0,0.0,9.68,8.73,0.0
20240224:0610,247.17,0.00,0.0,0.0,9.65,8.43,0.0
20240224:0710,423.99,0.00,0.0,0.0,10.44,7.76,0.0
20240224:0810,561.32,0.00,0.0,0.0,12.03,8.04,0.0
20240224:0910,644.15,0.00,0.0,0.0,13.61,8.56,0.0
20240224:1010,647.80,0.00,0.0,0.0,14.83,8.40,0.0
20240224:1110,580.72,0.00,0.0,0.0,15.81,8.18,0.0
20240224:1210,500.90,0.00,0.0,0.0,16.49,7.93,0.0
20240224:1310,356.96,0.00,0.0,0.0,16.94,7.36,0.0
20240224:1410,184.64,0.00,0.0,0.0,17.09,6.34,0.0
20240224:1510,29.10,0.00,0.0,0.0,16.90,5.04,0.0
20240224:1610,0.00,0.00,0.0,0.0,16.52,4.57,0.0
20240224:1710,0.00,0.00,0.0,0.0,16.09,4.43,0.0
20240224:1810,0.00,0.00,0.0,0.0,15.67,4.42,0.0
20240224:1910,0.00,0.00,0.0,0.0,15.23,4.60,0.0
20240224:2010,0.00,0.00,0.0,0.0,14.75,4.93,0.0
20240224:2110,0.00,0.00,0.0,0.0,14.19,5.32,0.0
20240224:2210,0.00,0.00,0.0,0.0,13.55,5.67,0.0
20240224:2310,0.00,0.00,0.0,0.0,12.89,5.93,0.0
20240225:0010,0.00,0.00,0.0,0.0,12.31,6.07,0.0
20240225:0110,0.00,0.00,0.0,0.0,11.83,6.14,0.0
20240225:0210,0.00,0.00,0.0,0.0,11.47,6.16,0.0
20240225:0310,0.00,0.00,0.0,0.0,11.24,6.10,0.0
20240225:0410,0.00,0.00,0.0,0.0,11.12,6.04,0.0
20240225:0510,60.25,0.00,0.0,0.0,11.05,5.94,0.0
20240225:0610,207.34,0.00,0.0,0.0,11.07,5.70,0.0
20240225:0710,345.95,0.00,0.0,0.0,11.39,5.03,0.0
20240225:0810,453.82,0.00,0.0,0.0,12.23,4.15,0.0
20240225:0910,471.66,0.00,0.0,0.0,13.50,3.62,0.0
20240225:1010,434.51,0.00,0.0,0.0,14.71,3.16,0.0
20240225:1110,386.98,0.00,0.0,0.0,15.62,2.68,0.0
20240225:1210,305.38,0.00,0.0,0.0,16.11,2.21,0.0
20240225:1310,228.73,0.00,0.0,0.0,16.33,1.53,0.0
20240225:1410,130.08,0.00,0.0,0.0,16.44,0.49,0.0
20240225:1510,24.52,0.00,0.0,0.0,16.23,0.92,0.0
20240225:1610,0.00,0.00,0.0,0.0,15.64,2.30,0.0
20240225:1710,0.00,0.00,0.0,0.0,14.78,3.80,0.0
20240225:1810,0.00,0.00,0.0,0.0,13.88,4.95,0.0
20240225:1910,0.00,0.00,0.0,0.0,13.13,5.33,0.0
20240225:2010,0.00,0.00,0.0,0.0,12.68,5.17,0.0
20240225:2110,0.00,0.00,0.0,0.0,12.48,4.78,0.0
20240225:2210,0.00,0.00,0.0,0.0,12.37,4.64,0.0
20240225:2310,0.00,0.00,0.0,0.0,12.26,4.74,0.0
20240226:0010,0.00,0.00,0.0,0.0,12.08,4.84,0.0
20240226:0110,0.00,0.00,0.0,0.0,11.89,4.83,0.0
20240226:0210,0.00,0.00,0.0,0.0,11.68,4.84,0.0
20240226:0310,0.00,0.00,0.0,0.0,11.46,4.88,0.0
20240226:0410,0.00,0.00,0.0,0.0,11.13,4.84,0.0
20240226:0510,44.42,0.00,0.0,0.0,10.75,4.72,0.0
20240226:0610,149.93,0.00,0.0,0.0,10.39,4.42,0.0
20240226:0710,257.09,0.00,0.0,0.0,10.15,3.76,0.0
20240226:0810,350.00,0.00,0.0,0.0,10.19,2.87,0.0
20240226:0910,409.12,0.00,0.0,0.0,10.69,2.18,0.0
20240226:1010,448.32,0.00,0.0,0.0,11.69,1.55,0.0
20240226:1110,420.75,0.00,0.0,0.0,12.53,1.41,0.0
20240226:1210,338.15,0.00,0.0,0.0,12.50,2.23,0.0
20240226:1310,221.21,0.00,0.0,0.0,12.07,2.83,0.0
20240226:1410,102.10,0.00,0.0,0.0,11.39,3.07,0.0
20240226:1510,19.52,0.00,0.0,0.0,10.53,3.39,0.0
20240226:1610,0.00,0.00,0.0,0.0,9.55,3.95,0.0
20240226:1710,0.00,0.00,0.0,0.0,8.68,4.41,0.0
20240226:1810,0.00,0.00,0.0,0.0,8.09,4.22,0.0
20240226:1910,0.00,0.00,0.0,0.0,7.76,3.62,0.0
20240226:2010,0.00,0.00,0.0,0.0,7.57,3.19,0.0
20240226:2110,0.00,0.00,0.0,0.0,7.37,3.08,0.0
20240226:2210,0.00,0.00,0.0,0.0,7.20,3.32,0.0
20240226:2310,0.00,0.00,0.0,0.0,7.01,3.74,0.0
20240227:0010,0.00,0.00,0.0,0.0,6.73,4.14,0.0
20240227:0110,0.00,0.00,0.0,0.0,6.44,4.23,0.0
20240227:0210,0.00,0.00,0.0,0.0,6.29,3.99,0.0
20240227:0310,0.00,0.00,0.0,0.0,6.24,3.65,0.0
20240227:0410,0.00,0.00,0.0,0.0,6.12,3.34,0.0
20240227:0510,54.98,0.00,0.0,0.0,6.00,3.02,0.0
20240227:0610,147.55,0.00,0.0,0.0,5.97,2.77,0.0
20240227:0710,250.82,0.00,0.0,0.0,6.07,2.55,0.0
20240227:0810,329.01,0.00,0.0,0.0,6.39,2.38,0.0
20240227:0910,433.17,0.00,0.0,0.0,6.92,2.30,0.0
20240227:1010,499.33,0.00,0.0,0.0,7.74,2.41,0.0
20240227:1110,519.48,0.00,0.0,0.0,8.64,2.75,0.0
20240227:1210,440.27,0.00,0.0,0.0,9.31,3.15,0.0
20240227:1310,313.93,0.00,0.0,0.0,9.61,3.56,0.0
20240227:1410,160.49,0.00,0.0,0.0,9.51,3.92,0.0
20240227:1510,27.73,0.00,0.0,0.0,9.01,4.28,0.0
20240227:1610,0.00,0.00,0.0,0.0,8.21,4.83,0.0
20240227:1710,0.00,0.00,0.0,0.0,7.53,5.21,0.0
20240227:1810,0.00,0.00,0.0,0.0,7.08,5.00,0.0
20240227:1910,0.00,0.00,0.0,0.0,6.80,4.59,0.0
20240227:2010,0.00,0.00,0.0,0.0,6.65,4.26,0.0
20240227:2110,0.00,0.00,0.0,0.0,6.58,3.92,0.0
20240227:2210,0.00,0.00,0.0,0.0,6.56,3.66,0.0
20240227:2310,0.00,0.00,0.0,0.0,6.60,3.65,0.0
20240228:0010,0.00,0.00,0.0,0.0,6.65,3.78,0.0
20240228:0110,0.00,0.00,0.0,0.0,6.73,3.95,0.0
20240228:0210,0.00,0.00,0.0,0.0,6.80,4.09,0.0
20240228:0310,0.00,0.00,0.0,0.0,6.79,4.24,0.0
20240228:0410,0.00,0.00,0.0,0.0,6.59,4.16,0.0
20240228:0510,66.48,0.00,0.0,0.0,6.33,3.95,0.0
20240228:0610,160.01,0.00,0.0,0.0,6.30,3.81,0.0
20240228:0710,265.12,0.00,0.0,0.0,6.82,3.57,0.0
20240228:0810,342.40,0.00,0.0,0.0,7.68,3.20,0.0
20240228:0910,442.72,0.00,0.0,0.0,8.66,2.84,0.0
20240228:1010,454.55,0.00,0.0,0.0,9.87,2.65,0.0
20240228:1110,433.05,0.00,0.0,0.0,10.90,2.73,0.0
20240228:1210,335.18,0.00,0.0,0.0,11.52,3.11,0.0
20240228:1310,229.82,0.00,0.0,0.0,11.53,3.74,0.0
20240228:1410,108.94,0.00,0.0,0.0,10.94,4.57,0.0
20240228:1510,19.43,0.00,0.0,0.0,9.92,5.35,0.0
20240228:1610,0.00,0.00,0.0,0.0,8.86,5.72,0.0
20240228:1710,0.00,0.00,0.0,0.0,8.03,5.70,0.0
20240228:1810,0.00,0.00,0.0,0.0,7.53,5.30,0.0
20240228:1910,0.00,0.00,0.0,0.0,7.31,4.70,0.0
20240228:2010,0.00,0.00,0.0,0.0,7.26,4.08,0.0
20240228:2110,0.00,0.00,0.0,0.0,7.28,3.58,0.0
20240228:2210,0.00,0.00,0.0,0.0,7.29,3.38,0.0
20240228:2310,0.00,0.00,0.0,0.0,7.24,3.44,0.0
20240229:0010,0.00,0.00,0.0,0.0,7.14,3.54,0.0
20240229:0110,0.00,0.00,0.0,0.0,7.04,3.53,0.0
20240229:0210,0.00,0.00,0.0,0.0,6.99,3.29,0.0
20240229:0310,0.00,0.00,0.0,0.0,6.93,2.88,0.0
20240229:0410,0.00,0.00,0.0,0.0,6.77,2.40,0.0
20240229:0510,67.01,0.00,0.0,0.0,6.60,2.21,0.0
20240229:0610,133.76,0.00,0.0,0.0,6.68,2.30,0.0
20240229:0710,248.68,0.00,0.0,0.0,7.29,2.22,0.0
20240229:0810,301.97,0.00,0.0,0.0,8.60,2.00,0.0
20240229:0910,418.74,0.00,0.0,0.0,10.22,1.97,0.0
20240229:1010,425.17,0.00,0.0,0.0,11.65,2.35,0.0
20240229:1110,409.18,0.00,0.0,0.0,12.72,2.96,0.0
20240229:1210,322.70,0.00,0.0,0.0,13.32,3.79,0.0
20240229:1310,229.08,0.00,0.0,0.0,13.27,4.73,0.0
20240229:1410,120.06,0.00,0.0,0.0,12.49,5.49,0.0
20240229:1510,24.13,0.00,0.0,0.0,11.06,5.84,0.0
20240229:1610,0.00,0.00,0.0,0.0,9.45,6.22,0.0
20240229:1710,0.00,0.00,0.0,0.0,8.23,6.85,0.0
20240229:1810,0.00,0.00,0.0,0.0,7.70,6.51,0.0
20240229:1910,0.00,0.00,0.0,0.0,7.57,5.33,0.0
20240229:2010,0.00,0.00,0.0,0.0,7.49,4.52,0.0
20240229:2110,0.00,0.00,0.0,0.0,7.41,4.72,0.0
20240229:2210,0.00,0.00,0.0,0.0,7.43,5.03,0.0
20240229:2310,0.00,0.00,0.0,0.0,7.54,5.06,0.0
20240301:0010,0.00,0.00,0.0,0.0,7.67,4.81,0.0
20240301:0110,0.00,0.00,0.0,0.0,7.82,4.42,0.0
20240301:0210,0.00,0.00,0.0,0.0,7.96,4.09,0.0
20240301:0310,0.00,0.00,0.0,0.0,8.02,3.89,0.0
20240301:0410,1.26,0.00,0.0,0.0,7.80,3.53,0.0
20240301:0510,39.96,0.00,0.0,0.0,7.53,2.80,0.0
20240301:0610,113.63,0.00,0.0,0.0,7.51,1.96,0.0
20240301:0710,194.76,0.00,0.0,0.0,8.00,1.34,0.0
20240301:0810,281.97,0.00,0.0,0.0,9.05,0.79,0.0
20240301:0910,282.98,0.00,0.0,0.0,9.70,0.39,0.0
20240301:1010,335.34,0.00,0.0,0.0,10.06,0.45,0.0
20240301:1110,272.04,0.00,0.0,0.0,10.25,0.68,0.0
20240301:1210,229.26,0.00,0.0,0.0,10.37,1.09,0.0
20240301:1310,129.26,0.00,0.0,0.0,10.57,1.70,0.0
20240301:1410,64.56,0.00,0.0,0.0,10.69,2.15,0.0
20240301:1510,15.62,0.00,0.0,0.0,10.47,2.36,0.0
20240301:1610,0.00,0.00,0.0,0.0,9.86,3.35,0.0
20240301:1710,0.00,0.00,0.0,0.0,9.23,4.02,0.0
20240301:1810,0.00,0.00,0.0,0.0,8.84,3.78,0.0
20240301:1910,0.00,0.00,0.0,0.0,8.74,3.25,0.0
20240301:2010,0.00,0.00,0.0,0.0,8.82,2.34,0.0
20240301:2110,0.00,0.00,0.0,0.0,8.93,0.97,0.0
20240301:2210,0.00,0.00,0.0,0.0,8.89,0.64,0.0
20240301:2310,0.00,0.00,0.0,0.0,8.57,2.06,0.0
20240302:0010,0.00,0.00,0.0,0.0,8.08,2.94,0.0
20240302:0110,0.00,0.00,0.0,0.0,7.63,3.30,0.0
20240302:0210,0.00,0.00,0.0,0.0,7.39,3.57,0.0
20240302:0310,0.00,0.00,0.0,0.0,7.32,3.71,0.0
20240302:0410,3.04,0.00,0.0,0.0,7.17,3.12,0.0
20240302:0510,46.30,0.00,0.0,0.0,7.00,1.96,0.0
20240302:0610,117.20,0.00,0.0,0.0,6.95,0.91,0.0
20240302:0710,203.68,0.00,0.0,0.0,7.10,1.26,0.0
20240302:0810,274.29,0.00,0.0,0.0,7.44,2.10,0.0
20240302:0910,322.11,0.00,0.0,0.0,7.94,2.75,0.0
20240302:1010,378.47,0.00,0.0,0.0,8.77,3.13,0.0
20240302:1110,313.68,0.00,0.0,0.0,9.94,3.59,0.0
20240302:1210,271.96,0.00,0.0,0.0,11.18,3.92,0.0
20240302:1310,188.05,0.00,0.0,0.0,11.99,3.77,0.0
20240302:1410,95.56,0.00,0.0,0.0,12.14,3.58,0.0
20240302:1510,20.46,0.00,0.0,0.0,11.69,3.62,0.0
20240302:1610,0.00,0.00,0.0,0.0,10.71,4.11,0.0
20240302:1710,0.00,0.00,0.0,0.0,9.66,4.32,0.0
20240302:1810,0.00,0.00,0.0,0.0,8.88,3.86,0.0
20240302:1910,0.00,0.00,0.0,0.0,8.38,3.29,0.0
20240302:2010,0.00,0.00,0.0,0.0,8.06,2.88,0.0
20240302:2110,0.00,0.00,0.0,0.0,7.85,2.63,0.0
20240302:2210,0.00,0.00,0.0,0.0,7.70,2.58,0.0
20240302:2310,0.00,0.00,0.0,0.0,7.61,2.42,0.0
20240303:0010,0.00,0.00,0.0,0.0,7.57,2.09,0.0
20240303:0110,0.00,0.00,0.0,0.0,7.56,1.81,0.0
20240303:0210,0.00,0.00,0.0,0.0,7.57,1.68,0.0
20240303:0310,0.00,0.00,0.0,0.0,7.59,1.71,0.0
20240303:0410,4.42,0.00,0.0,0.0,7.62,1.98,0.0
20240303:0510,59.04,0.00,0.0,0.0,7.66,2.29,0.0
20240303:0610,147.29,0.00,0.0,0.0,7.83,2.35,0.0
20240303:0710,237.48,0.00,0.0,0.0,8.25,2.00,0.0
20240303:0810,301.76,0.00,0.0,0.0,8.78,1.41,0.0
20240303:0910,338.84,0.00,0.0,0.0,9.29,1.13,0.0
20240303:1010,383.63,0.00,0.0,0.0,9.82,1.42,0.0
20240303:1110,281.77,0.00,0.0,0.0,10.32,2.04,0.0
20240303:1210,237.70,0.00,0.0,0.0,10.61,2.73,0.0
20240303:1310,166.75,0.00,0.0,0.0,10.39,3.37,0.0
20240303:1410,85.86,0.00,0.0,0.0,9.87,3.89,0.0
20240303:1510,24.79,0.00,0.0,0.0,9.19,4.16,0.0
20240303:1610,0.00,0.00,0.0,0.0,8.48,4.10,0.0
20240303:1710,0.00,0.00,0.0,0.0,7.90,3.85,0.0
20240303:1810,0.00,0.00,0.0,0.0,7.59,3.24,0.0
20240303:1910,0.00,0.00,0.0,0.0,7.53,2.55,0.0
20240303:2010,0.00,0.00,0.0,0.0,7.57,1.89,0.0
20240303:2110,0.00,0.00,0.0,0.0,7.66,1.29,0.0
20240303:2210,0.00,0.00,0.0,0.0,7.77,0.96,0.0
20240303:2310,0.00,0.00,0.0,0.0,7.89,0.83,0.0
20240304:0010,0.00,0.00,0.0,0.0,7.96,0.76,0.0
20240304:0110,0.00,0.00,0.0,0.0,8.00,0.75,0.0
20240304:0210,0.00,0.00,0.0,0.0,8.00,0.72,0.0
20240304:0310,0.00,0.00,0.0,0.0,7.94,0.65,0.0
20240304:0410,7.39,0.00,0.0,0.0,7.75,0.39,0.0
20240304:0510,82.67,0.00,0.0,0.0,7.58,0.04,0.0
20240304:0610,199.85,0.00,0.0,0.0,7.69,0.44,0.0
20240304:0710,324.36,0.00,0.0,0.0,8.32,0.55,0.0
20240304:0810,438.25,0.00,0.0,0.0,9.24,0.66,0.0
20240304:0910,525.12,0.00,0.0,0.0,10.12,0.69,0.0
20240304:1010,549.74,0.00,0.0,0.0,10.93,0.64,0.0
20240304:1110,617.07,0.00,0.0,0.0,11.68,0.68,0.0
20240304:1210,524.28,0.00,0.0,0.0,12.25,0.76,0.0
20240304:1310,380.58,0.00,0.0,0.0,12.56,0.66,0.0
20240304:1410,203.81,0.00,0.0,0.0,12.61,0.41,0.0
20240304:1510,38.40,0.00,0.0,0.0,12.31,0.62,0.0
20240304:1610,0.00,0.00,0.0,0.0,11.65,2.13,0.0
20240304:1710,0.00,0.00,0.0,0.0,10.84,3.92,0.0
20240304:1810,0.00,0.00,0.0,0.0,9.95,5.18,0.0
20240304:1910,0.00,0.00,0.0,0.0,9.17,5.69,0.0
20240304:2010,0.00,0.00,0.0,0.0,8.64,5.66,0.0
20240304:2110,0.00,0.00,0.0,0.0,8.36,5.36,0.0
20240304:2210,0.00,0.00,0.0,0.0,8.36,4.77,0.0
20240304:2310,0.00,0.00,0.0,0.0,8.60,4.28,0.0
20240305:0010,0.00,0.00,0.0,0.0,8.89,4.03,0.0
20240305:0110,0.00,0.00,0.0,0.0,9.12,3.94,0.0
20240305:0210,0.00,0.00,0.0,0.0,9.24,3.96,0.0
20240305:0310,0.00,0.00,0.0,0.0,9.31,4.08,0.0
20240305:0410,7.19,0.00,0.0,0.0,9.40,4.41,0.0
20240305:0510,64.57,0.00,0.0,0.0,9.52,4.68,0.0
20240305:0610,154.62,0.00,0.0,0.0,9.66,4.33,0.0
20240305:0710,259.95,0.00,0.0,0.0,9.82,3.36,0.0
20240305:0810,309.64,0.00,0.0,0.0,10.10,2.59,0.0
20240305:0910,271.18,0.00,0.0,0.0,10.59,2.35,0.0
20240305:1010,260.59,0.00,0.0,0.0,11.37,2.16,0.0
20240305:1110,203.49,0.00,0.0,0.0,12.08,2.62,0.0
20240305:1210,142.55,0.00,0.0,0.0,11.79,3.96,0.0
20240305:1310,126.15,0.00,0.0,0.0,10.94,4.35,0.0
20240305:1410,60.44,0.00,0.0,0.0,9.82,4.26,0.0
20240305:1510,19.25,0.00,0.0,0.0,8.97,4.90,0.0
20240305:1610,0.00,0.00,0.0,0.0,8.62,5.19,0.0
20240305:1710,0.00,0.00,0.0,0.0,8.53,4.96,0.0
20240305:1810,0.00,0.00,0.0,0.0,8.53,4.37,0.0
20240305:1910,0.00,0.00,0.0,0.0,8.54,4.06,0.0
20240305:2010,0.00,0.00,0.0,0.0,8.53,3.84,0.0
20240305:2110,0.00,0.00,0.0,0.0,8.49,3.89,0.0
20240305:2210,0.00,0.00,0.0,0.0,8.34,4.43,0.0
20240305:2310,0.00,0.00,0.0,0.0,7.99,4.96,0.0
20240306:0010,0.00,0.00,0.0,0.0,7.50,5.37,0.0
20240306:0110,0.00,0.00,0.0,0.0,7.11,5.24,0.0
20240306:0210,0.00,0.00,0.0,0.0,7.09,4.92,0.0
20240306:0310,0.00,0.00,0.0,0.0,7.32,4.70,0.0
20240306:0410,6.25,0.00,0.0,0.0,7.68,4.51,0.0
20240306:0510,54.48,0.00,0.0,0.0,7.99,4.85,0.0
20240306:0610,137.12,0.00,0.0,0.0,8.12,5.52,0.0
20240306:0710,214.83,0.00,0.0,0.0,8.14,6.34,0.0
20240306:0810,292.11,0.00,0.0,0.0,8.06,6.64,0.0
20240306:0910,370.20,0.00,0.0,0.0,8.03,6.46,0.0
20240306:1010,376.37,0.00,0.0,0.0,8.01,6.12,0.0
20240306:1110,287.24,0.00,0.0,0.0,8.05,5.64,0.0
20240306:1210,302.45,0.00,0.0,0.0,8.17,5.12,0.0
20240306:1310,215.45,0.00,0.0,0.0,8.16,4.73,0.0
20240306:1410,120.74,0.00,0.0,0.0,7.91,4.46,0.0
20240306:1510,31.40,0.00,0.0,0.0,7.43,4.27,0.0
20240306:1610,0.00,0.00,0.0,0.0,6.87,4.27,0.0
20240306:1710,0.00,0.00,0.0,0.0,6.42,4.47,0.0
20240306:1810,0.00,0.00,0.0,0.0,6.18,4.35,0.0
20240306:1910,0.00,0.00,0.0,0.0,6.11,3.88,0.0
20240306:2010,0.00,0.00,0.0,0.0,6.13,3.25,0.0
20240306:2110,0.00,0.00,0.0,0.0,6.17,2.65,0.0
20240306:2210,0.00,0.00,0.0,0.0,6.22,2.27,0.0
20240306:2310,0.00,0.00,0.0,0.0,6.28,2.11,0.0
20240307:0010,0.00,0.00,0.0,0.0,6.32,1.97,0.0
20240307:0110,0.00,0.00,0.0,0.0,6.34,1.85,0.0
20240307:0210,0.00,0.00,0.0,0.0,6.36,1.81,0.0
20240307:0310,0.00,0.00,0.0,0.0,6.37,1.89,0.0
20240307:0410,8.44,0.00,0.0,0.0,6.30,2.00,0.0
20240307:0510,97.26,0.00,0.0,0.0,6.22,2.11,0.0
20240307:0610,240.35,0.00,0.0,0.0,6.31,2.16,0.0
20240307:0710,370.03,0.00,0.0,0.0,6.77,1.85,0.0
20240307:0810,491.60,0.00,0.0,0.0,7.44,1.27,0.0
20240307:0910,548.88,0.00,0.0,0.0,8.08,0.66,0.0
20240307:1010,599.15,0.00,0.0,0.0,8.64,0.36,0.0
20240307:1110,593.09,0.00,0.0,0.0,9.13,0.78,0.0
20240307:1210,495.59,0.00,0.0,0.0,9.50,1.44,0.0
20240307:1310,356.57,0.00,0.0,0.0,9.73,2.14,0.0
20240307:1410,190.63,0.00,0.0,0.0,9.75,2.86,0.0
20240307:1510,41.15,0.00,0.0,0.0,9.45,3.62,0.0
20240307:1610,0.00,0.00,0.0,0.0,8.78,4.83,0.0
20240307:1710,0.00,0.00,0.0,0.0,7.97,6.12,0.0
20240307:1810,0.00,0.00,0.0,0.0,7.34,6.60,0.0
20240307:1910,0.00,0.00,0.0,0.0,6.95,6.59,0.0
20240307:2010,0.00,0.00,0.0,0.0,6.72,6.32,0.0
20240307:2110,0.00,0.00,0.0,0.0,6.58,5.94,0.0
20240307:2210,0.00,0.00,0.0,0.0,6.57,5.76,0.0
20240307:2310,0.00,0.00,0.0,0.0,6.61,5.84,0.0
20240308:0010,0.00,0.00,0.0,0.0,6.63,6.14,0.0
20240308:0110,0.00,0.00,0.0,0.0,6.58,6.57,0.0
20240308:0210,0.00,0.00,0.0,0.0,6.55,7.03,0.0
20240308:0310,0.00,0.00,0.0,0.0,6.55,7.30,0.0
20240308:0410,6.79,0.00,0.0,0.0,6.52,7.36,0.0
20240308:0510,45.46,0.00,0.0,0.0,6.43,7.48,0.0
20240308:0610,81.59,0.00,0.0,0.0,6.34,7.45,0.0
20240308:0710,152.50,0.00,0.0,0.0,6.39,7.40,0.0
20240308:0810,131.79,0.00,0.0,0.0,6.59,7.34,0.0
20240308:0910,164.03,0.00,0.0,0.0,6.80,7.04,0.0
20240308:1010,123.41,0.00,0.0,0.0,7.00,6.69,0.0
20240308:1110,135.59,0.00,0.0,0.0,6.99,6.50,0.0
20240308:1210,117.21,0.00,0.0,0.0,6.72,6.48,0.0
20240308:1310,81.03,0.00,0.0,0.0,6.34,6.66,0.0
20240308:1410,50.15,0.00,0.0,0.0,5.98,6.81,0.0
20240308:1510,16.13,0.00,0.0,0.0,5.66,6.61,0.0
20240308:1610,0.00,0.00,0.0,0.0,5.34,5.98,0.0
20240308:1710,0.00,0.00,0.0,0.0,5.13,5.29,0.0
20240308:1810,0.00,0.00,0.0,0.0,5.01,4.80,0.0
20240308:1910,0.00,0.00,0.0,0.0,4.95,4.54,0.0
20240308:2010,0.00,0.00,0.0,0.0,4.96,4.41,0.0
20240308:2110,0.00,0.00,0.0,0.0,5.05,4.32,0.0
20240308:2210,0.00,0.00,0.0,0.0,5.19,4.33,0.0
20240308:2310,0.00,0.00,0.0,0.0,5.40,4.39,0.0
20240309:0010,0.00,0.00,0.0,0.0,5.63,4.52,0.0
20240309:0110,0.00,0.00,0.0,0.0,5.80,4.57,0.0
20240309:0210,0.00,0.00,0.0,0.0,5.90,4.55,0.0
20240309:0310,0.00,0.00,0.0,0.0,5.94,4.53,0.0
20240309:0410,9.80,0.00,0.0,0.0,5.89,4.31,0.0
20240309:0510,64.41,0.00,0.0,0.0,5.78,4.05,0.0
20240309:0610,124.39,0.00,0.0,0.0,5.71,3.76,0.0
20240309:0710,196.54,0.00,0.0,0.0,5.79,3.44,0.0
20240309:0810,250.13,0.00,0.0,0.0,5.90,3.16,0.0
20240309:0910,306.58,0.00,0.0,0.0,6.01,2.97,0.0
20240309:1010,310.80,0.00,0.0,0.0,6.13,2.84,0.0
20240309:1110,329.50,0.00,0.0,0.0,6.32,2.77,0.0
20240309:1210,273.96,0.00,0.0,0.0,6.60,2.74,0.0
20240309:1310,193.31,0.00,0.0,0.0,6.85,2.71,0.0
20240309:1410,103.87,0.00,0.0,0.0,7.01,2.68,0.0
20240309:1510,33.61,0.00,0.0,0.0,7.05,2.72,0.0
20240309:1610,0.00,0.00,0.0,0.0,7.00,2.85,0.0
20240309:1710,0.00,0.00,0.0,0.0,6.93,3.11,0.0
20240309:1810,0.00,0.00,0.0,0.0,6.90,3.13,0.0
20240309:1910,0.00,0.00,0.0,0.0,6.88,3.04,0.0
20240309:2010,0.00,0.00,0.0,0.0,6.86,2.94,0.0
20240309:2110,0.00,0.00,0.0,0.0,6.84,2.80,0.0
20240309:2210,0.00,0.00,0.0,0.0,6.81,2.56,0.0
20240309:2310,0.00,0.00,0.0,0.0,6.77,2.29,0.0
20240310:0010,0.00,0.00,0.0,0.0,6.71,2.08,0.0
20240310:0110,0.00,0.00,0.0,0.0,6.64,1.93,0.0
20240310:0210,0.00,0.00,0.0,0.0,6.59,1.95,0.0
20240310:0310,0.00,0.00,0.0,0.0,6.53,2.00,0.0
20240310:0410,14.95,0.00,0.0,0.0,6.32,2.04,0.0
20240310:0510,145.92,0.00,0.0,0.0,6.08,2.13,0.0
20240310:0610,331.49,0.00,0.0,0.0,6.10,2.14,0.0
20240310:0710,506.90,0.00,0.0,0.0,6.57,2.10,0.0
20240310:0810,616.73,0.00,0.0,0.0,7.12,2.09,0.0
20240310:0910,668.13,0.00,0.0,0.0,7.63,2.09,0.0
20240310:1010,738.48,0.00,0.0,0.0,8.25,2.15,0.0
20240310:1110,687.57,0.00,0.0,0.0,8.85,2.20,0.0
20240310:1210,583.20,0.00,0.0,0.0,9.34,2.22,0.0
20240310:1310,424.48,0.00,0.0,0.0,9.69,2.24,0.0
20240310:1410,245.57,0.00,0.0,0.0,9.84,2.21,0.0
20240310:1510,57.25,0.00,0.0,0.0,9.73,2.12,0.0
20240310:1610,0.00,0.00,0.0,0.0,9.40,2.26,0.0
20240310:1710,0.00,0.00,0.0,0.0,9.04,2.53,0.0
20240310:1810,0.00,0.00,0.0,0.0,8.82,2.78,0.0
20240310:1910,0.00,0.00,0.0,0.0,8.71,3.02,0.0
20240310:2010,0.00,0.00,0.0,0.0,8.71,3.34,0.0
20240310:2110,0.00,0.00,0.0,0.0,8.79,3.68,0.0
20240310:2210,0.00,0.00,0.0,0.0,8.88,3.82,0.0
20240310:2310,0.00,0.00,0.0,0.0,8.97,3.84,0.0
20240311:0010,0.00,0.00,0.0,0.0,9.10,3.96,0.0
20240311:0110,0.00,0.00,0.0,0.0,9.24,4.12,0.0
20240311:0210,0.00,0.00,0.0,0.0,9.34,4.43,0.0
20240311:0310,0.00,0.00,0.0,0.0,9.33,4.76,0.0
20240311:0410,14.83,0.00,0.0,0.0,9.17,5.18,0.0
20240311:0510,136.34,0.00,0.0,0.0,9.00,5.52,0.0
20240311:0610,312.85,0.00,0.0,0.0,9.07,5.55,0.0
20240311:0710,456.84,0.00,0.0,0.0,9.71,5.08,0.0
20240311:0810,592.96,0.00,0.0,0.0,10.96,5.16,0.0
20240311:0910,653.92,0.00,0.0,0.0,12.12,5.64,0.0
20240311:1010,654.38,0.00,0.0,0.0,13.28,5.64,0.0
20240311:1110,630.84,0.00,0.0,0.0,14.39,5.27,0.0
20240311:1210,519.49,0.00,0.0,0.0,15.27,4.76,0.0
20240311:1310,370.69,0.00,0.0,0.0,15.88,3.97,0.0
20240311:1410,199.06,0.00,0.0,0.0,16.17,2.83,0.0
20240311:1510,50.38,0.00,0.0,0.0,16.02,1.20,0.0
20240311:1610,0.00,0.00,0.0,0.0,15.53,1.08,0.0
20240311:1710,0.00,0.00,0.0,0.0,14.85,3.58,0.0
20240311:1810,0.00,0.00,0.0,0.0,14.05,5.51,0.0
20240311:1910,0.00,0.00,0.0,0.0,13.39,6.21,0.0
20240311:2010,0.00,0.00,0.0,0.0,13.15,6.31,0.0
20240311:2110,0.00,0.00,0.0,0.0,13.33,5.99,0.0
20240311:2210,0.00,0.00,0.0,0.0,13.55,5.60,0.0
20240311:2310,0.00,0.00,0.0,0.0,13.58,5.57,0.0
20240312:0010,0.00,0.00,0.0,0.0,13.38,5.88,0.0
20240312:0110,0.00,0.00,0.0,0.0,13.05,6.25,0.0
20240312:0210,0.00,0.00,0.0,0.0,12.74,6.28,0.0
20240312:0310,0.00,0.00,0.0,0.0,12.41,6.45,0.0
20240312:0410,12.65,0.00,0.0,0.0,12.11,6.92,0.0
20240312:0510,55.95,0.00,0.0,0.0,11.82,7.55,0.0
20240312:0610,164.75,0.00,0.0,0.0,11.67,7.63,0.0
20240312:0710,237.16,0.00,0.0,0.0,11.94,7.26,0.0
20240312:0810,175.00,0.00,0.0,0.0,12.52,6.91,0.0
20240312:0910,237.62,0.00,0.0,0.0,13.23,6.64,0.0
20240312:1010,260.29,0.00,0.0,0.0,13.98,6.12,0.0
20240312:1110,225.14,0.00,0.0,0.0,14.67,5.37,0.0
20240312:1210,176.90,0.00,0.0,0.0,15.29,4.96,0.0
20240312:1310,100.02,0.00,0.0,0.0,15.81,4.35,0.0
20240312:1410,46.72,0.00,0.0,0.0,16.27,4.26,0.0
20240312:1510,17.90,0.00,0.0,0.0,16.46,4.63,0.0
20240312:1610,0.00,0.00,0.0,0.0,16.05,5.49,0.0
20240312:1710,0.00,0.00,0.0,0.0,15.10,5.72,0.0
20240312:1810,0.00,0.00,0.0,0.0,14.22,5.69,0.0
20240312:1910,0.00,0.00,0.0,0.0,13.56,5.92,0.0
20240312:2010,0.00,0.00,0.0,0.0,13.09,6.43,0.0
20240312:2110,0.00,0.00,0.0,0.0,12.75,7.02,0.0
20240312:2210,0.00,0.00,0.0,0.0,12.48,7.63,0.0
20240312:2310,0.00,0.00,0.0,0.0,12.19,8.04,0.0
20240313:0010,0.00,0.00,0.0,0.0,11.84,7.93,0.0
20240313:0110,0.00,0.00,0.0,0.0,11.52,7.83,0.0
20240313:0210,0.00,0.00,0.0,0.0,11.32,8.01,0.0
20240313:0310,0.00,0.00,0.0,0.0,11.18,8.42,0.0
20240313:0410,8.99,0.00,0.0,0.0,11.06,8.51,0.0
20240313:0510,37.86,0.00,0.0,0.0,10.98,8.45,0.0
20240313:0610,102.20,0.00,0.0,0.0,11.05,8.17,0.0
20240313:0710,184.90,0.00,0.0,0.0,11.41,7.60,0.0
20240313:0810,228.61,0.00,0.0,0.0,11.96,7.40,0.0
20240313:0910,320.35,0.00,0.0,0.0,12.45,7.45,0.0
20240313:1010,416.54,0.00,0.0,0.0,12.73,7.28,0.0
20240313:1110,365.23,0.00,0.0,0.0,12.95,6.92,0.0
20240313:1210,262.25,0.00,0.0,0.0,13.18,6.37,0.0
20240313:1310,186.67,0.00,0.0,0.0,13.36,5.72,0.0
20240313:1410,117.03,0.00,0.0,0.0,13.34,4.93,0.0
20240313:1510,30.67,0.00,0.0,0.0,13.08,3.77,0.0
20240313:1610,0.00,0.00,0.0,0.0,12.69,2.82,0.0
20240313:1710,0.00,0.00,0.0,0.0,12.31,2.28,0.0
20240313:1810,0.00,0.00,0.0,0.0,11.96,1.98,0.0
20240313:1910,0.00,0.00,0.0,0.0,11.65,1.98,0.0
20240313:2010,0.00,0.00,0.0,0.0,11.37,2.19,0.0
20240313:2110,0.00,0.00,0.0,0.0,11.11,2.54,0.0
20240313:2210,0.00,0.00,0.0,0.0,10.87,3.01,0.0
20240313:2310,0.00,0.00,0.0,0.0,10.61,3.57,0.0
20240314:0010,0.00,0.00,0.0,0.0,10.27,4.10,0.0
20240314:0110,0.00,0.00,0.0,0.0,9.87,4.55,0.0
20240314:0210,0.00,0.00,0.0,0.0,9.47,4.88,0.0
20240314:0310,0.00,0.00,0.0,0.0,9.13,5.01,0.0
20240314:0410,15.03,0.00,0.0,0.0,8.88,4.89,0.0
20240314:0510,84.66,0.00,0.0,0.0,8.77,4.79,0.0
20240314:0610,214.57,0.00,0.0,0.0,8.90,4.52,0.0
20240314:0710,328.86,0.00,0.0,0.0,9.39,4.17,0.0
20240314:0810,410.67,0.00,0.0,0.0,10.01,4.33,0.0
20240314:0910,458.70,0.00,0.0,0.0,10.63,4.36,0.0
20240314:1010,478.02,0.00,0.0,0.0,11.26,4.29,0.0
20240314:1110,414.34,0.00,0.0,0.0,11.69,4.21,0.0
20240314:1210,332.75,0.00,0.0,0.0,11.85,4.00,0.0
20240314:1310,238.62,0.00,0.0,0.0,11.85,3.57,0.0
20240314:1410,129.43,0.00,0.0,0.0,11.70,2.85,0.0
20240314:1510,34.08,0.00,0.0,0.0,11.33,2.15,0.0
20240314:1610,0.00,0.00,0.0,0.0,10.76,1.83,0.0
20240314:1710,0.00,0.00,0.0,0.0,10.13,1.89,0.0
20240314:1810,0.00,0.00,0.0,0.0,9.61,2.09,0.0
20240314:1910,0.00,0.00,0.0,0.0,9.21,2.13,0.0
20240314:2010,0.00,0.00,0.0,0.0,8.88,2.16,0.0
20240314:2110,0.00,0.00,0.0,0.0,8.59,2.44,0.0
20240314:2210,0.00,0.00,0.0,0.0,8.34,3.25,0.0
20240314:2310,0.00,0.00,0.0,0.0,8.06,4.49,0.0
20240315:0010,0.00,0.00,0.0,0.0,7.71,5.55,0.0
20240315:0110,0.00,0.00,0.0,0.0,7.32,6.13,0.0
20240315:0210,0.00,0.00,0.0,0.0,6.98,6.29,0.0
20240315:0310,0.00,0.00,0.0,0.0,6.67,6.17,0.0
20240315:0410,12.68,0.00,0.0,0.0,6.41,6.06,0.0
20240315:0510,61.29,0.00,0.0,0.0,6.18,5.90,0.0
20240315:0610,95.65,0.00,0.0,0.0,6.11,5.66,0.0
20240315:0710,142.42,0.00,0.0,0.0,6.32,5.23,0.0
20240315:0810,197.11,0.00,0.0,0.0,6.74,4.69,0.0
20240315:0910,273.86,0.00,0.0,0.0,7.25,4.26,0.0
20240315:1010,308.75,0.00,0.0,0.0,7.79,3.77,0.0
20240315:1110,326.70,0.00,0.0,0.0,8.16,3.49,0.0
20240315:1210,315.15,0.00,0.0,0.0,8.28,3.43,0.0
20240315:1310,236.97,0.00,0.0,0.0,8.29,3.32,0.0
20240315:1410,138.72,0.00,0.0,0.0,8.14,3.16,0.0
20240315:1510,42.05,0.00,0.0,0.0,7.85,2.92,0.0
20240315:1610,0.00,0.00,0.0,0.0,7.52,2.67,0.0
20240315:1710,0.00,0.00,0.0,0.0,7.23,2.63,0.0
20240315:1810,0.00,0.00,0.0,0.0,7.02,2.50,0.0
20240315:1910,0.00,0.00,0.0,0.0,6.90,2.24,0.0
20240315:2010,0.00,0.00,0.0,0.0,6.84,1.86,0.0
20240315:2110,0.00,0.00,0.0,0.0,6.82,1.43,0.0
20240315:2210,0.00,0.00,0.0,0.0,6.80,1.25,0.0
20240315:2310,0.00,0.00,0.0,0.0,6.78,1.40,0.0
20240316:0010,0.00,0.00,0.0,0.0,6.75,1.64,0.0
20240316:0110,0.00,0.00,0.0,0.0,6.70,1.89,0.0
20240316:0210,0.00,0.00,0.0,0.0,6.66,2.10,0.0
20240316:0310,0.00,0.00,0.0,0.0,6.65,2.29,0.0
20240316:0410,17.13,0.00,0.0,0.0,6.68,2.24,0.0
20240316:0510,88.53,0.00,0.0,0.0,6.78,2.00,0.0
20240316:0610,210.90,0.00,0.0,0.0,7.12,1.70,0.0
20240316:0710,327.40,0.00,0.0,0.0,7.82,1.40,0.0
20240316:0810,459.28,0.00,0.0,0.0,8.58,1.31,0.0
20240316:0910,511.07,0.00,0.0,0.0,9.19,1.38,0.0
20240316:1010,536.66,0.00,0.0,0.0,9.64,1.64,0.0
20240316:1110,504.39,0.00,0.0,0.0,10.01,1.91,0.0
20240316:1210,448.35,0.00,0.0,0.0,10.27,2.17,0.0
20240316:1310,335.80,0.00,0.0,0.0,10.40,2.47,0.0
20240316:1410,202.99,0.00,0.0,0.0,10.34,2.86,0.0
20240316:1510,60.31,0.00,0.0,0.0,10.01,3.42,0.0
20240316:1610,0.00,0.00,0.0,0.0,9.40,4.15,0.0
20240316:1710,0.00,0.00,0.0,0.0,8.63,4.98,0.0
20240316:1810,0.00,0.00,0.0,0.0,8.00,5.39,0.0
20240316:1910,0.00,0.00,0.0,0.0,7.56,5.40,0.0
20240316:2010,0.00,0.00,0.0,0.0,7.29,5.22,0.0
20240316:2110,0.00,0.00,0.0,0.0,7.10,4.88,0.0
20240316:2210,0.00,0.00,0.0,0.0,6.96,4.47,0.0
20240316:2310,0.00,0.00,0.0,0.0,6.81,4.14,0.0
20240317:0010,0.00,0.00,0.0,0.0,6.61,3.95,0.0
20240317:0110,0.00,0.00,0.0,0.0,6.39,3.77,0.0
20240317:0210,0.00,0.00,0.0,0.0,6.20,3.58,0.0
20240317:0310,0.00,0.00,0.0,0.0,6.05,3.54,0.0
20240317:0410,28.77,0.00,0.0,0.0,5.87,3.44,0.0
20240317:0510,183.23,0.00,0.0,0.0,5.79,3.30,0.0
20240317:0610,382.37,0.00,0.0,0.0,6.10,3.20,0.0
20240317:0710,552.40,0.00,0.0,0.0,7.12,3.15,0.0
20240317:0810,685.96,0.00,0.0,0.0,8.64,3.19,0.0
20240317:0910,741.17,0.00,0.0,0.0,9.73,3.16,0.0
20240317:1010,756.45,0.00,0.0,0.0,10.41,3.53,0.0
20240317:1110,707.58,0.00,0.0,0.0,10.82,4.18,0.0
20240317:1210,606.79,0.00,0.0,0.0,11.00,4.79,0.0
20240317:1310,452.93,0.00,0.0,0.0,10.96,5.21,0.0
20240317:1410,267.61,0.00,0.0,0.0,10.67,5.46,0.0
20240317:1510,83.41,0.00,0.0,0.0,10.13,5.63,0.0
20240317:1610,0.00,0.00,0.0,0.0,9.30,5.73,0.0
20240317:1710,0.00,0.00,0.0,0.0,8.39,5.95,0.0
20240317:1810,0.00,0.00,0.0,0.0,7.79,5.86,0.0
20240317:1910,0.00,0.00,0.0,0.0,7.47,5.46,0.0
20240317:2010,0.00,0.00,0.0,0.0,7.29,4.95,0.0
20240317:2110,0.00,0.00,0.0,0.0,7.18,4.37,0.0
20240317:2210,0.00,0.00,0.0,0.0,7.12,3.78,0.0
20240317:2310,0.00,0.00,0.0,0.0,7.07,3.20,0.0
20240318:0010,0.00,0.00,0.0,0.0,7.00,2.57,0.0
20240318:0110,0.00,0.00,0.0,0.0,6.87,1.95,0.0
20240318:0210,0.00,0.00,0.0,0.0,6.68,1.51,0.0
20240318:0310,0.00,0.00,0.0,0.0,6.44,1.30,0.0
20240318:0410,31.32,0.00,0.0,0.0,6.15,1.15,0.0
20240318:0510,174.38,0.00,0.0,0.0,5.91,0.87,0.0
20240318:0610,349.05,0.00,0.0,0.0,6.15,0.57,0.0
20240318:0710,506.68,0.00,0.0,0.0,7.23,0.23,0.0
20240318:0810,632.38,0.00,0.0,0.0,8.99,0.34,0.0
20240318:0910,727.34,0.00,0.0,0.0,11.02,1.17,0.0
20240318:1010,794.60,0.00,0.0,0.0,12.16,1.49,0.0
20240318:1110,735.27,0.00,0.0,0.0,12.82,1.46,0.0
20240318:1210,631.46,0.00,0.0,0.0,13.26,1.43,0.0
20240318:1310,474.25,0.00,0.0,0.0,13.50,1.32,0.0
20240318:1410,286.30,0.00,0.0,0.0,13.57,1.06,0.0
20240318:1510,72.62,0.00,0.0,0.0,13.36,0.59,0.0
20240318:1610,0.00,0.00,0.0,0.0,12.75,0.26,0.0
20240318:1710,0.00,0.00,0.0,0.0,11.95,1.28,0.0
20240318:1810,0.00,0.00,0.0,0.0,11.24,2.12,0.0
20240318:1910,0.00,0.00,0.0,0.0,10.64,2.78,0.0
20240318:2010,0.00,0.00,0.0,0.0,10.14,3.28,0.0
20240318:2110,0.00,0.00,0.0,0.0,9.75,3.61,0.0
20240318:2210,0.00,0.00,0.0,0.0,9.48,3.64,0.0
20240318:2310,0.00,0.00,0.0,0.0,9.31,3.39,0.0
20240319:0010,0.00,0.00,0.0,0.0,9.16,2.96,0.0
20240319:0110,0.00,0.00,0.0,0.0,9.01,2.61,0.0
20240319:0210,0.00,0.00,0.0,0.0,8.86,2.53,0.0
20240319:0310,0.00,0.00,0.0,0.0,8.73,2.56,0.0
20240319:0410,29.30,0.00,0.0,0.0,8.68,2.67,0.0
20240319:0510,158.64,0.00,0.0,0.0,8.74,2.83,0.0
20240319:0610,319.24,0.00,0.0,0.0,9.21,2.92,0.0
20240319:0710,449.61,0.00,0.0,0.0,10.52,2.65,0.0
20240319:0810,510.40,0.00,0.0,0.0,12.01,2.37,0.0
20240319:0910,541.49,0.00,0.0,0.0,13.00,2.04,0.0
20240319:1010,562.03,0.00,0.0,0.0,13.61,1.42,0.0
20240319:1110,545.77,0.00,0.0,0.0,13.94,0.88,0.0
20240319:1210,421.28,0.00,0.0,0.0,14.03,1.20,0.0
20240319:1310,310.80,0.00,0.0,0.0,13.88,2.04,0.0
20240319:1410,166.41,0.00,0.0,0.0,13.39,3.08,0.0
20240319:1510,44.63,0.00,0.0,0.0,12.41,4.40,0.0
20240319:1610,0.00,0.00,0.0,0.0,11.02,5.75,0.0
20240319:1710,0.00,0.00,0.0,0.0,9.58,6.79,0.0
20240319:1810,0.00,0.00,0.0,0.0,8.57,7.23,0.0
20240319:1910,0.00,0.00,0.0,0.0,8.12,7.36,0.0
20240319:2010,0.00,0.00,0.0,0.0,7.92,7.56,0.0
20240319:2110,0.00,0.00,0.0,0.0,7.69,7.92,0.0
20240319:2210,0.00,0.00,0.0,0.0,7.36,8.22,0.0
20240319:2310,0.00,0.00,0.0,0.0,6.99,8.49,0.0
20240320:0010,0.00,0.00,0.0,0.0,6.63,8.80,0.0
20240320:0110,0.00,0.00,0.0,0.0,6.32,8.80,0.0
20240320:0210,0.00,0.00,0.0,0.0,6.00,8.96,0.0
20240320:0310,0.00,0.00,0.0,0.0,5.65,9.31,0.0
20240320:0410,15.42,0.00,0.0,0.0,5.39,9.59,0.0
20240320:0510,58.00,0.00,0.0,0.0,5.24,9.68,0.0
20240320:0610,126.70,0.00,0.0,0.0,5.29,9.70,0.0
20240320:0710,179.30,0.00,0.0,0.0,5.52,9.71,0.0
20240320:0810,197.01,0.00,0.0,0.0,5.79,9.64,0.0
20240320:0910,298.06,0.00,0.0,0.0,6.07,9.41,0.0
20240320:1010,271.67,0.00,0.0,0.0,6.26,8.98,0.0
20240320:1110,291.20,0.00,0.0,0.0,6.43,8.47,0.0
20240320:1210,285.92,0.00,0.0,0.0,6.61,8.09,0.0
20240320:1310,237.73,0.00,0.0,0.0,6.73,7.76,0.0
20240320:1410,142.10,0.00,0.0,0.0,6.73,7.40,0.0
20240320:1510,50.16,0.00,0.0,0.0,6.62,6.88,0.0
20240320:1610,0.00,0.00,0.0,0.0,6.56,6.33,0.0
20240320:1710,0.00,0.00,0.0,0.0,6.58,6.07,0.0
20240320:1810,0.00,0.00,0.0,0.0,6.63,5.75,0.0
20240320:1910,0.00,0.00,0.0,0.0,6.69,5.33,0.0
20240320:2010,0.00,0.00,0.0,0.0,6.74,4.88,0.0
20240320:2110,0.00,0.00,0.0,0.0,6.72,4.40,0.0
20240320:2210,0.00,0.00,0.0,0.0,6.57,4.10,0.0
20240320:2310,0.00,0.00,0.0,0.0,6.36,3.86,0.0
20240321:0010,0.00,0.00,0.0,0.0,6.15,3.49,0.0
20240321:0110,0.00,0.00,0.0,0.0,5.93,3.02,0.0
20240321:0210,0.00,0.00,0.0,0.0,5.71,2.53,0.0
20240321:0310,0.00,0.00,0.0,0.0,5.50,2.04,0.0
20240321:0410,33.02,0.00,0.0,0.0,5.35,1.18,0.0
20240321:0510,173.59,0.00,0.0,0.0,5.39,0.04,0.0
20240321:0610,316.84,0.00,0.0,0.0,5.65,1.00,0.0
20240321:0710,457.64,0.00,0.0,0.0,6.27,1.81,0.0
20240321:0810,551.74,0.00,0.0,0.0,6.93,2.73,0.0
20240321:0910,630.36,0.00,0.0,0.0,7.47,3.60,0.0
20240321:1010,634.70,0.00,0.0,0.0,7.99,4.12,0.0
20240321:1110,517.87,0.00,0.0,0.0,8.46,4.34,0.0
20240321:1210,483.97,0.00,0.0,0.0,8.85,4.46,0.0
20240321:1310,351.74,0.00,0.0,0.0,9.17,4.46,0.0
20240321:1410,194.66,0.00,0.0,0.0,9.41,4.23,0.0
20240321:1510,60.65,0.00,0.0,0.0,9.49,3.74,0.0
20240321:1610,0.00,0.00,0.0,0.0,9.32,3.11,0.0
20240321:1710,0.00,0.00,0.0,0.0,8.96,2.70,0.0
20240321:1810,0.00,0.00,0.0,0.0,8.45,2.53,0.0
20240321:1910,0.00,0.00,0.0,0.0,7.81,3.06,0.0
20240321:2010,0.00,0.00,0.0,0.0,7.11,3.65,0.0
20240321:2110,0.00,0.00,0.0,0.0,6.44,4.20,0.0
20240321:2210,0.00,0.00,0.0,0.0,5.78,4.99,0.0
20240321:2310,0.00,0.00,0.0,0.0,5.19,5.62,0.0
20240322:0010,0.00,0.00,0.0,0.0,4.75,5.88,0.0
20240322:0110,0.00,0.00,0.0,0.0,4.30,6.14,0.0
20240322:0210,0.00,0.00,0.0,0.0,3.76,6.36,0.0
20240322:0310,0.00,0.00,0.0,0.0,3.30,6.45,0.0
20240322:0410,26.43,0.00,0.0,0.0,3.12,6.52,0.0
20240322:0510,119.22,0.00,0.0,0.0,3.28,6.34,0.0
20240322:0610,224.88,0.00,0.0,0.0,3.72,6.06,0.0
20240322:0710,310.58,0.00,0.0,0.0,4.38,5.89,0.0
20240322:0810,437.73,0.00,0.0,0.0,5.10,5.89,0.0
20240322:0910,456.25,0.00,0.0,0.0,5.77,5.99,0.0
20240322:1010,467.87,0.00,0.0,0.0,6.23,6.17,0.0
20240322:1110,420.12,0.00,0.0,0.0,6.59,6.40,0.0
20240322:1210,420.36,0.00,0.0,0.0,6.90,6.57,0.0
20240322:1310,349.02,0.00,0.0,0.0,7.09,6.65,0.0
20240322:1410,201.51,0.00,0.0,0.0,7.17,6.69,0.0
20240322:1510,80.04,0.00,0.0,0.0,7.06,6.62,0.0
20240322:1610,0.00,0.00,0.0,0.0,6.81,6.03,0.0
20240322:1710,0.00,0.00,0.0,0.0,6.57,5.22,0.0
20240322:1810,0.00,0.00,0.0,0.0,6.44,4.26,0.0
20240322:1910,0.00,0.00,0.0,0.0,6.37,3.29,0.0
20240322:2010,0.00,0.00,0.0,0.0,6.33,2.50,0.0
20240322:2110,0.00,0.00,0.0,0.0,6.27,2.00,0.0
20240322:2210,0.00,0.00,0.0,0.0,6.17,1.79,0.0
20240322:2310,0.00,0.00,0.0,0.0,6.07,1.84,0.0
20240323:0010,0.00,0.00,0.0,0.0,5.94,1.98,0.0
20240323:0110,0.00,0.00,0.0,0.0,5.80,2.31,0.0
20240323:0210,0.00,0.00,0.0,0.0,5.66,2.83,0.0
20240323:0310,0.00,0.00,0.0,0.0,5.48,3.28,0.0
20240323:0410,39.88,0.00,0.0,0.0,5.26,3.42,0.0
20240323:0510,217.28,0.00,0.0,0.0,5.10,3.23,0.0
20240323:0610,411.34,0.00,0.0,0.0,5.30,2.88,0.0
20240323:0710,576.04,0.00,0.0,0.0,6.05,2.57,0.0
20240323:0810,680.37,0.00,0.0,0.0,7.28,2.34,0.0
20240323:0910,761.40,0.00,0.0,0.0,8.54,2.12,0.0
20240323:1010,780.56,0.00,0.0,0.0,9.30,2.07,0.0
20240323:1110,746.69,0.00,0.0,0.0,9.85,2.04,0.0
20240323:1210,645.06,0.00,0.0,0.0,10.29,1.96,0.0
20240323:1310,492.07,0.00,0.0,0.0,10.62,1.84,0.0
20240323:1410,311.60,0.00,0.0,0.0,10.79,1.66,0.0
20240323:1510,108.73,0.00,0.0,0.0,10.70,1.63,0.0
20240323:1610,0.00,0.00,0.0,0.0,10.21,1.99,0.0
20240323:1710,0.00,0.00,0.0,0.0,9.52,2.74,0.0
20240323:1810,0.00,0.00,0.0,0.0,8.97,3.29,0.0
20240323:1910,0.00,0.00,0.0,0.0,8.61,3.61,0.0
20240323:2010,0.00,0.00,0.0,0.0,8.38,3.79,0.0
20240323:2110,0.00,0.00,0.0,0.0,8.23,3.85,0.0
20240323:2210,0.00,0.00,0.0,0.0,8.15,3.80,0.0
20240323:2310,0.00,0.00,0.0,0.0,8.12,3.78,0.0
20240324:0010,0.00,0.00,0.0,0.0,8.06,3.85,0.0
20240324:0110,0.00,0.00,0.0,0.0,7.98,4.10,0.0
20240324:0210,0.00,0.00,0.0,0.0,7.89,4.57,0.0
20240324:0310,0.00,0.00,0.0,0.0,7.76,5.05,0.0
20240324:0410,54.20,0.00,0.0,0.0,7.58,5.57,0.0
20240324:0510,259.47,0.00,0.0,0.0,7.55,6.16,0.0
20240324:0610,464.20,0.00,0.0,0.0,8.03,6.32,0.0
20240324:0710,604.86,0.00,0.0,0.0,9.05,6.84,0.0
20240324:0810,750.13,0.00,0.0,0.0,10.13,7.51,0.0
20240324:0910,801.40,0.00,0.0,0.0,11.12,8.15,0.0
20240324:1010,827.91,0.00,0.0,0.0,12.03,8.60,0.0
20240324:1110,710.83,0.00,0.0,0.0,12.86,8.71,0.0
20240324:1210,600.07,0.00,0.0,0.0,13.67,8.62,0.0
20240324:1310,405.16,0.00,0.0,0.0,14.30,8.40,0.0
20240324:1410,237.63,0.00,0.0,0.0,14.50,8.11,0.0
20240324:1510,84.24,0.00,0.0,0.0,14.21,7.47,0.0
20240324:1610,0.00,0.00,0.0,0.0,13.79,6.97,0.0
20240324:1710,0.00,0.00,0.0,0.0,13.43,7.01,0.0
20240324:1810,0.00,0.00,0.0,0.0,13.08,7.24,0.0
20240324:1910,0.00,0.00,0.0,0.0,12.73,7.78,0.0
20240324:2010,0.00,0.00,0.0,0.0,12.28,8.51,0.0
20240324:2110,0.00,0.00,0.0,0.0,11.69,8.95,0.0
20240324:2210,0.00,0.00,0.0,0.0,11.23,9.10,0.0
20240324:2310,0.00,0.00,0.0,0.0,11.04,9.02,0.0
20240325:0010,0.00,0.00,0.0,0.0,10.97,9.11,0.0
20240325:0110,0.00,0.00,0.0,0.0,10.83,9.50,0.0
20240325:0210,0.00,0.00,0.0,0.0,10.65,10.99,0.0
20240325:0310,0.00,0.00,0.0,0.0,10.28,10.87,0.0
20240325:0410,33.36,0.00,0.0,0.0,10.01,10.53,0.0
20240325:0510,130.49,0.00,0.0,0.0,10.02,10.61,0.0
20240325:0610,224.09,0.00,0.0,0.0,10.76,11.09,0.0
20240325:0710,309.82,0.00,0.0,0.0,12.41,11.96,0.0
20240325:0810,230.65,0.00,0.0,0.0,14.16,13.53,0.0
20240325:0910,226.91,0.00,0.0,0.0,15.08,13.61,0.0
20240325:1010,162.42,0.00,0.0,0.0,14.82,12.69,0.0
20240325:1110,87.55,0.00,0.0,0.0,13.38,10.58,0.0
20240325:1210,105.28,0.00,0.0,0.0,11.14,8.99,0.0
20240325:1310,104.33,0.00,0.0,0.0,8.77,10.42,0.0
20240325:1410,56.83,0.00,0.0,0.0,6.90,10.20,0.0
20240325:1510,27.05,0.00,0.0,0.0,6.43,7.74,0.0
20240325:1610,3.09,0.00,0.0,0.0,6.79,5.65,0.0
20240325:1710,0.00,0.00,0.0,0.0,7.07,3.34,0.0
20240325:1810,0.00,0.00,0.0,0.0,7.22,1.34,0.0
20240325:1910,0.00,0.00,0.0,0.0,7.31,1.85,0.0
20240325:2010,0.00,0.00,0.0,0.0,7.35,3.72,0.0
20240325:2110,0.00,0.00,0.0,0.0,7.39,5.34,0.0
20240325:2210,0.00,0.00,0.0,0.0,7.41,6.74,0.0
20240325:2310,0.00,0.00,0.0,0.0,7.41,7.70,0.0
20240326:0010,0.00,0.00,0.0,0.0,7.36,8.00,0.0
20240326:0110,0.00,0.00,0.0,0.0,7.26,8.01,0.0
20240326:0210,0.00,0.00,0.0,0.0,7.12,8.14,0.0
20240326:0310,0.00,0.00,0.0,0.0,7.00,8.13,0.0
20240326:0410,57.29,0.00,0.0,0.0,6.94,8.01,0.0
20240326:0510,260.08,0.00,0.0,0.0,7.09,7.78,0.0
20240326:0610,463.86,0.00,0.0,0.0,7.71,7.09,0.0
20240326:0710,628.08,0.00,0.0,0.0,8.79,6.66,0.0
20240326:0810,713.59,0.00,0.0,0.0,9.79,5.89,0.0
20240326:0910,775.71,0.00,0.0,0.0,10.51,5.76,0.0
20240326:1010,705.99,0.00,0.0,0.0,11.02,5.41,0.0
20240326:1110,577.75,0.00,0.0,0.0,11.45,4.86,0.0
20240326:1210,441.36,0.00,0.0,0.0,11.81,4.46,0.0
20240326:1310,251.33,0.00,0.0,0.0,12.08,3.84,0.0
20240326:1410,143.68,0.00,0.0,0.0,12.21,2.84,0.0
20240326:1510,45.71,0.00,0.0,0.0,12.14,1.70,0.0
20240326:1610,2.70,0.00,0.0,0.0,11.89,0.88,0.0
20240326:1710,0.00,0.00,0.0,0.0,11.61,1.00,0.0
20240326:1810,0.00,0.00,0.0,0.0,11.35,2.25,0.0
20240326:1910,0.00,0.00,0.0,0.0,11.05,3.88,0.0
20240326:2010,0.00,0.00,0.0,0.0,10.70,5.26,0.0
20240326:2110,0.00,0.00,0.0,0.0,10.39,5.85,0.0
20240326:2210,0.00,0.00,0.0,0.0,10.13,5.27,0.0
20240326:2310,0.00,0.00,0.0,0.0,9.84,4.72,0.0
20240327:0010,0.00,0.00,0.0,0.0,9.50,4.67,0.0
20240327:0110,0.00,0.00,0.0,0.0,9.18,5.03,0.0
20240327:0210,0.00,0.00,0.0,0.0,8.92,5.29,0.0
20240327:0310,0.00,0.00,0.0,0.0,8.83,5.56,0.0
20240327:0410,28.86,0.00,0.0,0.0,8.96,5.56,0.0
20240327:0510,109.88,0.00,0.0,0.0,9.23,5.71,0.0
20240327:0610,212.47,0.00,0.0,0.0,9.68,5.50,0.0
20240327:0710,338.26,0.00,0.0,0.0,10.65,4.92,0.0
20240327:0810,397.67,0.00,0.0,0.0,12.44,4.19,0.0
20240327:0910,498.90,0.00,0.0,0.0,14.81,3.91,0.0
20240327:1010,587.24,0.00,0.0,0.0,16.50,4.12,0.0
20240327:1110,545.06,0.00,0.0,0.0,17.53,4.39,0.0
20240327:1210,494.65,0.00,0.0,0.0,18.25,4.23,0.0
20240327:1310,392.59,0.00,0.0,0.0,18.76,3.47,0.0
20240327:1410,236.77,0.00,0.0,0.0,19.04,2.29,0.0
20240327:1510,80.50,0.00,0.0,0.0,19.06,1.05,0.0
20240327:1610,3.38,0.00,0.0,0.0,18.78,0.49,0.0
20240327:1710,0.00,0.00,0.0,0.0,18.38,2.16,0.0
20240327:1810,0.00,0.00,0.0,0.0,18.16,3.61,0.0
20240327:1910,0.00,0.00,0.0,0.0,18.17,4.62,0.0
20240327:2010,0.00,0.00,0.0,0.0,18.30,5.33,0.0
20240327:2110,0.00,0.00,0.0,0.0,18.27,6.10,0.0
20240327:2210,0.00,0.00,0.0,0.0,17.82,6.62,0.0
20240327:2310,0.00,0.00,0.0,0.0,17.17,6.57,0.0
20240328:0010,0.00,0.00,0.0,0.0,16.51,6.41,0.0
20240328:0110,0.00,0.00,0.0,0.0,15.79,6.84,0.0
20240328:0210,0.00,0.00,0.0,0.0,14.95,7.37,0.0
20240328:0310,0.00,0.00,0.0,0.0,14.06,7.57,0.0
20240328:0410,41.05,0.00,0.0,0.0,13.37,7.53,0.0
20240328:0510,136.08,0.00,0.0,0.0,13.06,6.61,0.0
20240328:0610,253.81,0.00,0.0,0.0,13.36,5.18,0.0
20240328:0710,359.17,0.00,0.0,0.0,14.42,4.14,0.0
20240328:0810,421.16,0.00,0.0,0.0,15.94,3.90,0.0
20240328:0910,448.14,0.00,0.0,0.0,17.46,3.87,0.0
20240328:1010,341.34,0.00,0.0,0.0,18.59,3.83,0.0
20240328:1110,305.93,0.00,0.0,0.0,19.56,3.76,0.0
20240328:1210,199.19,0.00,0.0,0.0,20.57,3.47,0.0
20240328:1310,110.05,0.00,0.0,0.0,21.17,4.16,0.0
20240328:1410,66.81,0.00,0.0,0.0,20.92,5.54,0.0
20240328:1510,25.55,0.00,0.0,0.0,20.34,5.50,0.0
20240328:1610,2.52,0.00,0.0,0.0,19.76,3.61,0.0
20240328:1710,0.00,0.00,0.0,0.0,19.18,2.08,0.0
20240328:1810,0.00,0.00,0.0,0.0,18.63,1.83,0.0
20240328:1910,0.00,0.00,0.0,0.0,18.14,2.18,0.0
20240328:2010,0.00,0.00,0.0,0.0,17.66,2.93,0.0
20240328:2110,0.00,0.00,0.0,0.0,17.14,3.31,0.0
20240328:2210,0.00,0.00,0.0,0.0,16.54,3.48,0.0
20240328:2310,0.00,0.00,0.0,0.0,15.95,3.40,0.0
20240329:0010,0.00,0.00,0.0,0.0,15.48,3.41,0.0
20240329:0110,0.00,0.00,0.0,0.0,15.08,3.93,0.0
20240329:0210,0.00,0.00,0.0,0.0,14.73,4.82,0.0
20240329:0310,0.00,0.00,0.0,0.0,14.42,5.68,0.0
20240329:0410,56.58,0.00,0.0,0.0,14.13,6.48,0.0
20240329:0510,243.17,0.00,0.0,0.0,13.90,7.08,0.0
20240329:0610,436.60,0.00,0.0,0.0,14.06,6.94,0.0
20240329:0710,615.08,0.00,0.0,0.0,14.96,6.81,0.0
20240329:0810,722.37,0.00,0.0,0.0,16.17,7.28,0.0
20240329:0910,780.56,0.00,0.0,0.0,17.26,7.09,0.0
20240329:1010,822.33,0.00,0.0,0.0,18.32,6.43,0.0
20240329:1110,767.62,0.00,0.0,0.0,19.22,5.56,0.0
20240329:1210,654.11,0.00,0.0,0.0,19.86,4.73,0.0
20240329:1310,508.18,0.00,0.0,0.0,20.25,3.94,0.0
20240329:1410,318.53,0.00,0.0,0.0,20.38,3.23,0.0
20240329:1510,120.13,0.00,0.0,0.0,20.21,2.58,0.0
20240329:1610,7.79,0.00,0.0,0.0,19.65,2.09,0.0
20240329:1710,0.00,0.00,0.0,0.0,18.85,2.07,0.0
20240329:1810,0.00,0.00,0.0,0.0,18.04,2.51,0.0
20240329:1910,0.00,0.00,0.0,0.0,17.30,2.97,0.0
20240329:2010,0.00,0.00,0.0,0.0,16.66,3.38,0.0
20240329:2110,0.00,0.00,0.0,0.0,16.15,3.75,0.0
20240329:2210,0.00,0.00,0.0,0.0,15.86,3.72,0.0
20240329:2310,0.00,0.00,0.0,0.0,15.74,3.42,0.0
20240330:0010,0.00,0.00,0.0,0.0,15.65,3.13,0.0
20240330:0110,0.00,0.00,0.0,0.0,15.57,2.96,0.0
20240330:0210,0.00,0.00,0.0,0.0,15.47,3.01,0.0
20240330:0310,0.00,0.00,0.0,0.0,15.23,3.30,0.0
20240330:0410,60.54,0.00,0.0,0.0,14.68,3.56,0.0
20240330:0510,239.50,0.00,0.0,0.0,14.04,3.70,0.0
20240330:0610,418.56,0.00,0.0,0.0,13.77,3.39,0.0
20240330:0710,577.96,0.00,0.0,0.0,14.32,2.43,0.0
20240330:0810,712.32,0.00,0.0,0.0,15.68,2.41,0.0
20240330:0910,768.12,0.00,0.0,0.0,16.85,3.07,0.0
20240330:1010,763.85,0.00,0.0,0.0,18.05,3.20,0.0
20240330:1110,725.05,0.00,0.0,0.0,19.34,2.83,0.0
20240330:1210,601.56,0.00,0.0,0.0,20.23,2.18,0.0
20240330:1310,444.87,0.00,0.0,0.0,20.92,1.40,0.0
20240330:1410,274.73,0.00,0.0,0.0,21.42,0.57,0.0
20240330:1510,97.89,0.00,0.0,0.0,21.62,0.77,0.0
20240330:1610,7.32,0.00,0.0,0.0,21.33,1.61,0.0
20240330:1710,0.00,0.00,0.0,0.0,20.65,2.43,0.0
20240330:1810,0.00,0.00,0.0,0.0,19.98,3.17,0.0
20240330:1910,0.00,0.00,0.0,0.0,19.46,3.78,0.0
20240330:2010,0.00,0.00,0.0,0.0,19.12,4.38,0.0
20240330:2110,0.00,0.00,0.0,0.0,18.90,5.02,0.0
20240330:2210,0.00,0.00,0.0,0.0,18.54,5.62,0.0
20240330:2310,0.00,0.00,0.0,0.0,17.95,6.06,0.0
20240331:0010,0.00,0.00,0.0,0.0,17.22,6.41,0.0
20240331:0110,0.00,0.00,0.0,0.0,16.49,6.61,0.0
20240331:0210,0.00,0.00,0.0,0.0,15.90,6.61,0.0
20240331:0310,0.00,0.00,0.0,0.0,15.49,6.45,0.0
20240331:0410,63.48,0.00,0.0,0.0,15.34,6.15,0.0
20240331:0510,267.67,0.00,0.0,0.0,15.46,5.89,0.0
20240331:0610,463.35,0.00,0.0,0.0,16.00,5.42,0.0
20240331:0710,628.56,0.00,0.0,0.0,17.19,5.26,0.0
20240331:0810,745.41,0.00,0.0,0.0,18.63,5.74,0.0
20240331:0910,801.37,0.00,0.0,0.0,19.87,6.29,0.0
20240331:1010,795.69,0.00,0.0,0.0,20.90,6.77,0.0
20240331:1110,766.07,0.00,0.0,0.0,21.66,7.03,0.0
20240331:1210,638.09,0.00,0.0,0.0,22.21,7.16,0.0
20240331:1310,491.89,0.00,0.0,0.0,22.60,7.15,0.0
20240331:1410,314.21,0.00,0.0,0.0,22.64,6.67,0.0
20240331:1510,114.15,0.00,0.0,0.0,22.22,5.76,0.0
20240331:1610,8.25,0.00,0.0,0.0,21.45,5.31,0.0
20240331:1710,0.00,0.00,0.0,0.0,20.53,5.22,0.0
20240331:1810,0.00,0.00,0.0,0.0,19.59,5.15,0.0
20240331:1910,0.00,0.00,0.0,0.0,18.69,5.11,0.0
20240331:2010,0.00,0.00,0.0,0.0,17.87,5.18,0.0
20240331:2110,0.00,0.00,0.0,0.0,17.18,5.44,0.0
20240331:2210,0.00,0.00,0.0,0.0,16.62,5.88,0.0
20240331:2310,0.00,0.00,0.0,0.0,16.12,6.43,0.0
20240401:0010,0.00,0.00,0.0,0.0,15.67,6.89,0.0
20240401:0110,0.00,0.00,0.0,0.0,15.28,7.20,0.0
20240401:0210,0.00,0.00,0.0,0.0,15.05,7.54,0.0
20240401:0310,0.00,0.00,0.0,0.0,14.99,7.85,0.0
20240401:0410,57.63,0.00,0.0,0.0,15.09,8.11,0.0
20240401:0510,208.04,0.00,0.0,0.0,15.32,8.25,0.0
20240401:0610,379.12,0.00,0.0,0.0,15.81,7.92,0.0
20240401:0710,557.23,0.00,0.0,0.0,16.80,7.42,0.0
20240401:0810,638.65,0.00,0.0,0.0,18.12,7.81,0.0
20240401:0910,719.02,0.00,0.0,0.0,19.36,8.42,0.0
20240401:1010,696.64,0.00,0.0,0.0,20.35,8.43,0.0
20240401:1110,656.22,0.00,0.0,0.0,21.12,8.05,0.0
20240401:1210,565.65,0.00,0.0,0.0,21.78,7.70,0.0
20240401:1310,413.13,0.00,0.0,0.0,22.14,7.30,0.0
20240401:1410,242.68,0.00,0.0,0.0,22.10,6.57,0.0
20240401:1510,87.63,0.00,0.0,0.0,21.79,5.99,0.0
20240401:1610,7.30,0.00,0.0,0.0,21.38,5.71,0.0
20240401:1710,0.00,0.00,0.0,0.0,20.96,5.73,0.0
20240401:1810,0.00,0.00,0.0,0.0,20.51,5.79,0.0
20240401:1910,0.00,0.00,0.0,0.0,20.03,5.99,0.0
20240401:2010,0.00,0.00,0.0,0.0,19.55,6.38,0.0
20240401:2110,0.00,0.00,0.0,0.0,19.04,6.79,0.0
20240401:2210,0.00,0.00,0.0,0.0,18.49,7.19,0.0
20240401:2310,0.00,0.00,0.0,0.0,17.90,7.55,0.0
20240402:0010,0.00,0.00,0.0,0.0,17.29,7.85,0.0
20240402:0110,0.00,0.00,0.0,0.0,16.71,8.31,0.0
20240402:0210,0.00,0.00,0.0,0.0,16.21,8.46,0.0
20240402:0310,0.00,0.00,0.0,0.0,15.90,8.43,0.0
20240402:0410,46.35,0.00,0.0,0.0,15.82,8.44,0.0
20240402:0510,176.79,0.00,0.0,0.0,15.99,8.26,0.0
20240402:0610,318.03,0.00,0.0,0.0,16.53,8.10,0.0
20240402:0710,451.27,0.00,0.0,0.0,17.57,7.75,0.0
20240402:0810,592.58,0.00,0.0,0.0,19.06,7.94,0.0
20240402:0910,657.92,0.00,0.0,0.0,20.75,8.63,0.0
20240402:1010,700.13,0.00,0.0,0.0,22.25,9.00,0.0
20240402:1110,655.07,0.00,0.0,0.0,23.50,9.02,0.0
20240402:1210,554.24,0.00,0.0,0.0,24.52,9.12,0.0
20240402:1310,392.95,0.00,0.0,0.0,25.01,8.80,0.0
20240402:1410,238.59,0.00,0.0,0.0,24.91,8.26,0.0
20240402:1510,85.59,0.00,0.0,0.0,24.30,7.59,0.0
20240402:1610,7.80,0.00,0.0,0.0,23.61,7.44,0.0
20240402:1710,0.00,0.00,0.0,0.0,22.82,7.90,0.0
20240402:1810,0.00,0.00,0.0,0.0,21.83,8.10,0.0
20240402:1910,0.00,0.00,0.0,0.0,20.80,7.73,0.0
20240402:2010,0.00,0.00,0.0,0.0,19.82,7.02,0.0
20240402:2110,0.00,0.00,0.0,0.0,18.71,6.10,0.0
20240402:2210,0.00,0.00,0.0,0.0,17.26,6.32,0.0
20240402:2310,0.00,0.00,0.0,0.0,15.71,8.05,0.0
20240403:0010,0.00,0.00,0.0,0.0,14.51,8.96,0.0
20240403:0110,0.00,0.00,0.0,0.0,13.74,8.29,0.0
20240403:0210,0.00,0.00,0.0,0.0,13.20,7.94,0.0
20240403:0310,0.00,0.00,0.0,0.0,12.75,7.67,0.0
20240403:0410,66.16,0.00,0.0,0.0,12.57,7.68,0.0
20240403:0510,232.21,0.00,0.0,0.0,12.57,6.78,0.0
20240403:0610,382.38,0.00,0.0,0.0,12.98,5.21,0.0
20240403:0710,535.31,0.00,0.0,0.0,13.81,4.28,0.0
20240403:0810,739.41,0.00,0.0,0.0,14.87,3.81,0.0
20240403:0910,809.64,0.00,0.0,0.0,15.97,3.06,0.0
20240403:1010,852.77,0.00,0.0,0.0,16.75,2.35,0.0
20240403:1110,769.42,0.00,0.0,0.0,17.22,1.53,0.0
20240403:1210,640.45,0.00,0.0,0.0,17.55,1.17,0.0
20240403:1310,445.11,0.00,0.0,0.0,17.78,0.94,0.0
20240403:1410,268.99,0.00,0.0,0.0,17.84,0.95,0.0
20240403:1510,107.09,0.00,0.0,0.0,17.72,1.21,0.0
20240403:1610,8.40,0.00,0.0,0.0,17.52,1.48,0.0
20240403:1710,0.00,0.00,0.0,0.0,17.21,2.02,0.0
20240403:1810,0.00,0.00,0.0,0.0,16.81,2.95,0.0
20240403:1910,0.00,0.00,0.0,0.0,16.35,3.95,0.0
20240403:2010,0.00,0.00,0.0,0.0,15.87,4.70,0.0
20240403:2110,0.00,0.00,0.0,0.0,15.38,5.03,0.0
20240403:2210,0.00,0.00,0.0,0.0,14.87,5.06,0.0
20240403:2310,0.00,0.00,0.0,0.0,14.37,4.91,0.0
20240404:0010,0.00,0.00,0.0,0.0,13.95,4.79,0.0
20240404:0110,0.00,0.00,0.0,0.0,13.56,4.67,0.0
20240404:0210,0.00,0.00,0.0,0.0,13.18,4.42,0.0
20240404:0310,0.00,0.00,0.0,0.0,12.77,4.23,0.0
20240404:0410,90.03,0.00,0.0,0.0,12.41,4.55,0.0
20240404:0510,279.20,0.00,0.0,0.0,12.24,5.15,0.0
20240404:0610,460.39,0.00,0.0,0.0,12.61,5.02,0.0
20240404:0710,618.78,0.00,0.0,0.0,13.96,4.99,0.0
20240404:0810,725.99,0.00,0.0,0.0,15.75,5.79,0.0
20240404:0910,824.08,0.00,0.0,0.0,16.63,5.80,0.0
20240404:1010,844.32,0.00,0.0,0.0,17.06,5.59,0.0
20240404:1110,781.05,0.00,0.0,0.0,17.28,5.55,0.0
20240404:1210,656.16,0.00,0.0,0.0,17.31,5.60,0.0
20240404:1310,508.42,0.00,0.0,0.0,17.20,5.60,0.0
20240404:1410,326.88,0.00,0.0,0.0,16.93,5.50,0.0
20240404:1510,135.04,0.00,0.0,0.0,16.40,5.34,0.0
20240404:1610,10.62,0.00,0.0,0.0,15.53,5.05,0.0
20240404:1710,0.00,0.00,0.0,0.0,14.63,5.00,0.0
20240404:1810,0.00,0.00,0.0,0.0,13.98,5.00,0.0
20240404:1910,0.00,0.00,0.0,0.0,13.57,4.89,0.0
20240404:2010,0.00,0.00,0.0,0.0,13.29,4.65,0.0
20240404:2110,0.00,0.00,0.0,0.0,13.07,4.10,0.0
20240404:2210,0.00,0.00,0.0,0.0,12.91,3.12,0.0
20240404:2310,0.00,0.00,0.0,0.0,12.80,1.99,0.0
20240405:0010,0.00,0.00,0.0,0.0,12.74,1.13,0.0
20240405:0110,0.00,0.00,0.0,0.0,12.65,0.83,0.0
20240405:0210,0.00,0.00,0.0,0.0,12.50,1.02,0.0
20240405:0310,0.00,0.00,0.0,0.0,12.29,1.37,0.0
20240405:0410,95.28,0.00,0.0,0.0,12.02,1.83,0.0
20240405:0510,278.82,0.00,0.0,0.0,11.87,2.29,0.0
20240405:0610,478.35,0.00,0.0,0.0,12.35,2.39,0.0
20240405:0710,631.83,0.00,0.0,0.0,14.07,2.49,0.0
20240405:0810,750.53,0.00,0.0,0.0,15.98,2.96,0.0
20240405:0910,800.13,0.00,0.0,0.0,17.06,3.17,0.0
20240405:1010,804.35,0.00,0.0,0.0,17.78,3.11,0.0
20240405:1110,713.04,0.00,0.0,0.0,18.22,2.86,0.0
20240405:1210,634.51,0.00,0.0,0.0,18.44,2.58,0.0
20240405:1310,483.58,0.00,0.0,0.0,18.50,2.38,0.0
20240405:1410,312.08,0.00,0.0,0.0,18.40,2.38,0.0
20240405:1510,128.78,0.00,0.0,0.0,18.03,2.55,0.0
20240405:1610,11.59,0.00,0.0,0.0,17.29,2.83,0.0
20240405:1710,0.00,0.00,0.0,0.0,16.40,3.25,0.0
20240405:1810,0.00,0.00,0.0,0.0,15.63,3.55,0.0
20240405:1910,0.00,0.00,0.0,0.0,15.07,3.53,0.0
20240405:2010,0.00,0.00,0.0,0.0,14.69,3.18,0.0
20240405:2110,0.00,0.00,0.0,0.0,14.42,2.53,0.0
20240405:2210,0.00,0.00,0.0,0.0,14.17,1.71,0.0
20240405:2310,0.00,0.00,0.0,0.0,13.84,1.36,0.0
20240406:0010,0.00,0.00,0.0,0.0,13.41,1.82,0.0
20240406:0110,0.00,0.00,0.0,0.0,12.92,2.64,0.0
20240406:0210,0.00,0.00,0.0,0.0,12.46,3.25,0.0
20240406:0310,0.00,0.00,0.0,0.0,12.11,3.32,0.0
20240406:0410,109.28,0.00,0.0,0.0,11.89,2.83,0.0
20240406:0510,300.82,0.00,0.0,0.0,11.90,2.22,0.0
20240406:0610,490.55,0.00,0.0,0.0,12.72,1.61,0.0
20240406:0710,658.94,0.00,0.0,0.0,14.68,1.68,0.0
20240406:0810,753.14,0.00,0.0,0.0,16.13,1.73,0.0
20240406:0910,841.29,0.00,0.0,0.0,16.93,1.58,0.0
20240406:1010,843.64,0.00,0.0,0.0,17.51,1.85,0.0
20240406:1110,781.30,0.00,0.0,0.0,17.93,2.33,0.0
20240406:1210,660.32,0.00,0.0,0.0,18.19,2.78,0.0
20240406:1310,503.53,0.00,0.0,0.0,18.31,2.97,0.0
20240406:1410,316.69,0.00,0.0,0.0,18.24,3.05,0.0
20240406:1510,128.50,0.00,0.0,0.0,17.92,3.11,0.0
20240406:1610,11.06,0.00,0.0,0.0,17.30,3.17,0.0
20240406:1710,0.00,0.00,0.0,0.0,16.60,3.50,0.0
20240406:1810,0.00,0.00,0.0,0.0,15.98,3.82,0.0
20240406:1910,0.00,0.00,0.0,0.0,15.50,3.98,0.0
20240406:2010,0.00,0.00,0.0,0.0,15.18,3.79,0.0
20240406:2110,0.00,0.00,0.0,0.0,15.01,3.29,0.0
20240406:2210,0.00,0.00,0.0,0.0,14.91,2.60,0.0
20240406:2310,0.00,0.00,0.0,0.0,14.81,1.88,0.0
20240407:0010,0.00,0.00,0.0,0.0,14.67,1.38,0.0
20240407:0110,0.00,0.00,0.0,0.0,14.45,1.15,0.0
20240407:0210,0.00,0.00,0.0,0.0,14.08,1.48,0.0
20240407:0310,2.87,0.00,0.0,0.0,13.47,2.82,0.0
20240407:0410,37.44,0.00,0.0,0.0,12.70,4.70,0.0
20240407:0510,98.98,0.00,0.0,0.0,12.09,5.93,0.0
20240407:0610,192.01,0.00,0.0,0.0,11.98,6.13,0.0
20240407:0710,261.20,0.00,0.0,0.0,12.31,6.03,0.0
20240407:0810,382.28,0.00,0.0,0.0,12.72,5.80,0.0
20240407:0910,443.18,0.00,0.0,0.0,13.07,5.74,0.0
20240407:1010,478.27,0.00,0.0,0.0,13.26,5.96,0.0
20240407:1110,500.87,0.00,0.0,0.0,13.34,6.38,0.0
20240407:1210,497.79,0.00,0.0,0.0,13.45,6.98,0.0
20240407:1310,410.61,0.00,0.0,0.0,13.64,7.88,0.0
20240407:1410,285.72,0.00,0.0,0.0,13.75,8.73,0.0
20240407:1510,125.86,0.00,0.0,0.0,13.58,9.26,0.0
20240407:1610,14.49,0.00,0.0,0.0,12.92,9.25,0.0
20240407:1710,0.00,0.00,0.0,0.0,12.02,9.11,0.0
20240407:1810,0.00,0.00,0.0,0.0,11.48,9.03,0.0
20240407:1910,0.00,0.00,0.0,0.0,11.33,8.86,0.0
20240407:2010,0.00,0.00,0.0,0.0,11.20,8.80,0.0
20240407:2110,0.00,0.00,0.0,0.0,11.03,8.67,0.0
20240407:2210,0.00,0.00,0.0,0.0,10.82,8.43,0.0
20240407:2310,0.00,0.00,0.0,0.0,10.61,8.31,0.0
20240408:0010,0.00,0.00,0.0,0.0,10.43,8.36,0.0
20240408:0110,0.00,0.00,0.0,0.0,10.32,8.53,0.0
20240408:0210,0.00,0.00,0.0,0.0,10.30,8.66,0.0
20240408:0310,4.13,0.00,0.0,0.0,10.31,8.61,0.0
20240408:0410,110.56,0.00,0.0,0.0,10.30,8.37,0.0
20240408:0510,283.78,0.00,0.0,0.0,10.54,7.81,0.0
20240408:0610,447.19,0.00,0.0,0.0,11.38,7.74,0.0
20240408:0710,590.46,0.00,0.0,0.0,12.41,8.38,0.0
20240408:0810,710.30,0.00,0.0,0.0,13.16,8.61,0.0
20240408:0910,836.06,0.00,0.0,0.0,13.74,8.88,0.0
20240408:1010,834.94,0.00,0.0,0.0,14.23,9.38,0.0
20240408:1110,788.58,0.00,0.0,0.0,14.62,10.06,0.0
20240408:1210,704.88,0.00,0.0,0.0,14.88,10.52,0.0
20240408:1310,536.45,0.00,0.0,0.0,14.98,10.74,0.0
20240408:1410,350.63,0.00,0.0,0.0,14.79,10.64,0.0
20240408:1510,148.73,0.00,0.0,0.0,14.15,9.89,0.0
20240408:1610,13.98,0.00,0.0,0.0,13.12,8.47,0.0
20240408:1710,0.00,0.00,0.0,0.0,12.04,7.60,0.0
20240408:1810,0.00,0.00,0.0,0.0,11.36,7.58,0.0
20240408:1910,0.00,0.00,0.0,0.0,11.08,7.44,0.0
20240408:2010,0.00,0.00,0.0,0.0,10.92,7.25,0.0
20240408:2110,0.00,0.00,0.0,0.0,10.82,6.93,0.0
20240408:2210,0.00,0.00,0.0,0.0,10.80,6.58,0.0
20240408:2310,0.00,0.00,0.0,0.0,10.80,6.28,0.0
20240409:0010,0.00,0.00,0.0,0.0,10.79,6.05,0.0
20240409:0110,0.00,0.00,0.0,0.0,10.80,5.85,0.0
20240409:0210,0.00,0.00,0.0,0.0,10.83,5.66,0.0
20240409:0310,6.01,0.00,0.0,0.0,10.88,5.51,0.0
20240409:0410,113.35,0.00,0.0,0.0,10.94,5.49,0.0
20240409:0510,303.02,0.00,0.0,0.0,11.19,5.33,0.0
20240409:0610,501.41,0.00,0.0,0.0,11.91,4.79,0.0
20240409:0710,655.67,0.00,0.0,0.0,12.89,4.91,0.0
20240409:0810,778.90,0.00,0.0,0.0,13.78,5.46,0.0
20240409:0910,856.33,0.00,0.0,0.0,14.57,6.07,0.0
20240409:1010,862.28,0.00,0.0,0.0,15.37,6.59,0.0
20240409:1110,812.21,0.00,0.0,0.0,16.00,7.19,0.0
20240409:1210,704.18,0.00,0.0,0.0,16.34,7.79,0.0
20240409:1310,551.83,0.00,0.0,0.0,16.39,8.22,0.0
20240409:1410,361.14,0.00,0.0,0.0,16.07,8.32,0.0
20240409:1510,161.39,0.00,0.0,0.0,15.34,7.97,0.0
20240409:1610,15.64,0.00,0.0,0.0,14.09,7.20,0.0
20240409:1710,0.00,0.00,0.0,0.0,12.70,6.32,0.0
20240409:1810,0.00,0.00,0.0,0.0,11.80,5.95,0.0
20240409:1910,0.00,0.00,0.0,0.0,11.43,5.52,0.0
20240409:2010,0.00,0.00,0.0,0.0,11.23,5.12,0.0
20240409:2110,0.00,0.00,0.0,0.0,11.08,4.70,0.0
20240409:2210,0.00,0.00,0.0,0.0,11.11,4.35,0.0
20240409:2310,0.00,0.00,0.0,0.0,11.19,4.28,0.0
20240410:0010,0.00,0.00,0.0,0.0,11.26,4.43,0.0
20240410:0110,0.00,0.00,0.0,0.0,11.36,4.58,0.0
20240410:0210,0.00,0.00,0.0,0.0,11.47,4.63,0.0
20240410:0310,7.61,0.00,0.0,0.0,11.55,4.57,0.0
20240410:0410,95.96,0.00,0.0,0.0,11.50,4.37,0.0
20240410:0510,191.47,0.00,0.0,0.0,11.58,4.01,0.0
20240410:0610,323.95,0.00,0.0,0.0,12.07,3.56,0.0
20240410:0710,451.86,0.00,0.0,0.0,12.90,3.62,0.0
20240410:0810,553.97,0.00,0.0,0.0,13.70,3.99,0.0
20240410:0910,663.48,0.00,0.0,0.0,14.40,4.54,0.0
20240410:1010,744.02,0.00,0.0,0.0,14.95,5.12,0.0
20240410:1110,689.02,0.00,0.0,0.0,15.27,5.80,0.0
20240410:1210,643.32,0.00,0.0,0.0,15.28,6.43,0.0
20240410:1310,507.74,0.00,0.0,0.0,14.96,6.90,0.0
20240410:1410,334.42,0.00,0.0,0.0,14.41,7.17,0.0
20240410:1510,153.52,0.00,0.0,0.0,13.64,7.16,0.0
20240410:1610,16.18,0.00,0.0,0.0,12.82,6.78,0.0
20240410:1710,0.00,0.00,0.0,0.0,12.00,6.18,0.0
20240410:1810,0.00,0.00,0.0,0.0,11.49,5.89,0.0
20240410:1910,0.00,0.00,0.0,0.0,11.38,5.49,0.0
20240410:2010,0.00,0.00,0.0,0.0,11.44,5.06,0.0
20240410:2110,0.00,0.00,0.0,0.0,11.48,4.61,0.0
20240410:2210,0.00,0.00,0.0,0.0,11.45,4.38,0.0
20240410:2310,0.00,0.00,0.0,0.0,11.43,4.33,0.0
20240411:0010,0.00,0.00,0.0,0.0,11.48,4.38,0.0
20240411:0110,0.00,0.00,0.0,0.0,11.52,4.45,0.0
20240411:0210,0.00,0.00,0.0,0.0,11.55,4.47,0.0
20240411:0310,8.62,0.00,0.0,0.0,11.58,4.49,0.0
20240411:0410,112.94,0.00,0.0,0.0,11.62,4.36,0.0
20240411:0510,271.80,0.00,0.0,0.0,11.84,4.18,0.0
20240411:0610,462.63,0.00,0.0,0.0,12.49,4.23,0.0
20240411:0710,617.64,0.00,0.0,0.0,13.49,4.55,0.0
20240411:0810,659.24,0.00,0.0,0.0,14.66,4.96,0.0
20240411:0910,810.04,0.00,0.0,0.0,15.85,5.65,0.0
20240411:1010,835.61,0.00,0.0,0.0,16.85,6.53,0.0
20240411:1110,783.46,0.00,0.0,0.0,17.40,7.43,0.0
20240411:1210,681.23,0.00,0.0,0.0,17.57,8.24,0.0
20240411:1310,527.68,0.00,0.0,0.0,17.52,8.86,0.0
20240411:1410,340.14,0.00,0.0,0.0,17.32,9.30,0.0
20240411:1510,147.18,0.00,0.0,0.0,16.79,9.30,0.0
20240411:1610,15.91,0.00,0.0,0.0,15.63,8.17,0.0
20240411:1710,0.00,0.00,0.0,0.0,14.18,7.22,0.0
20240411:1810,0.00,0.00,0.0,0.0,13.16,6.97,0.0
20240411:1910,0.00,0.00,0.0,0.0,12.77,6.66,0.0
20240411:2010,0.00,0.00,0.0,0.0,12.65,6.39,0.0
20240411:2110,0.00,0.00,0.0,0.0,12.61,6.21,0.0
20240411:2210,0.00,0.00,0.0,0.0,12.57,6.08,0.0
20240411:2310,0.00,0.00,0.0,0.0,12.52,5.70,0.0
20240412:0010,0.00,0.00,0.0,0.0,12.46,5.33,0.0
20240412:0110,0.00,0.00,0.0,0.0,12.38,5.14,0.0
20240412:0210,0.00,0.00,0.0,0.0,12.31,5.15,0.0
20240412:0310,8.66,0.00,0.0,0.0,12.23,5.36,0.0
20240412:0410,110.19,0.00,0.0,0.0,12.14,5.53,0.0
20240412:0510,288.93,0.00,0.0,0.0,12.25,5.31,0.0
20240412:0610,458.21,0.00,0.0,0.0,13.05,4.65,0.0
20240412:0710,589.61,0.00,0.0,0.0,14.61,5.01,0.0
20240412:0810,746.68,0.00,0.0,0.0,15.97,5.70,0.0
20240412:0910,818.64,0.00,0.0,0.0,16.88,6.15,0.0
20240412:1010,804.69,0.00,0.0,0.0,17.54,6.44,0.0
20240412:1110,759.35,0.00,0.0,0.0,17.95,6.72,0.0
20240412:1210,638.72,0.00,0.0,0.0,18.09,6.95,0.0
20240412:1310,501.91,0.00,0.0,0.0,18.00,7.07,0.0
20240412:1410,332.91,0.00,0.0,0.0,17.66,6.97,0.0
20240412:1510,148.70,0.00,0.0,0.0,16.99,6.63,0.0
20240412:1610,16.59,0.00,0.0,0.0,15.90,6.18,0.0
20240412:1710,0.00,0.00,0.0,0.0,14.59,5.93,0.0
20240412:1810,0.00,0.00,0.0,0.0,13.52,5.78,0.0
20240412:1910,0.00,0.00,0.0,0.0,12.96,5.35,0.0
20240412:2010,0.00,0.00,0.0,0.0,12.76,4.95,0.0
20240412:2110,0.00,0.00,0.0,0.0,12.70,4.68,0.0
20240412:2210,0.00,0.00,0.0,0.0,12.70,4.45,0.0
20240412:2310,0.00,0.00,0.0,0.0,12.74,4.34,0.0
20240413:0010,0.00,0.00,0.0,0.0,12.79,4.42,0.0
20240413:0110,0.00,0.00,0.0,0.0,12.87,4.58,0.0
20240413:0210,0.00,0.00,0.0,0.0,12.94,4.65,0.0
20240413:0310,10.07,0.00,0.0,0.0,12.98,4.55,0.0
20240413:0410,123.58,0.00,0.0,0.0,12.95,4.30,0.0
20240413:0510,304.82,0.00,0.0,0.0,13.12,3.76,0.0
20240413:0610,501.59,0.00,0.0,0.0,13.93,3.28,0.0
20240413:0710,668.00,0.00,0.0,0.0,15.27,3.37,0.0
20240413:0810,775.24,0.00,0.0,0.0,16.49,3.56,0.0
20240413:0910,843.64,0.00,0.0,0.0,17.44,3.89,0.0
20240413:1010,832.84,0.00,0.0,0.0,18.14,4.53,0.0
20240413:1110,786.82,0.00,0.0,0.0,18.52,5.39,0.0
20240413:1210,682.98,0.00,0.0,0.0,18.57,6.18,0.0
20240413:1310,531.56,0.00,0.0,0.0,18.31,6.73,0.0
20240413:1410,355.75,0.00,0.0,0.0,17.78,7.01,0.0
20240413:1510,156.57,0.00,0.0,0.0,16.96,7.01,0.0
20240413:1610,18.13,0.00,0.0,0.0,15.88,6.45,0.0
20240413:1710,0.00,0.00,0.0,0.0,14.73,5.72,0.0
20240413:1810,0.00,0.00,0.0,0.0,13.92,5.21,0.0
20240413:1910,0.00,0.00,0.0,0.0,13.53,4.43,0.0
20240413:2010,0.00,0.00,0.0,0.0,13.37,3.61,0.0
20240413:2110,0.00,0.00,0.0,0.0,13.30,2.93,0.0
20240413:2210,0.00,0.00,0.0,0.0,13.32,2.41,0.0
20240413:2310,0.00,0.00,0.0,0.0,13.34,1.91,0.0
20240414:0010,0.00,0.00,0.0,0.0,13.34,1.53,0.0
20240414:0110,0.00,0.00,0.0,0.0,13.33,1.22,0.0
20240414:0210,0.00,0.00,0.0,0.0,13.33,0.87,0.0
20240414:0310,10.66,0.00,0.0,0.0,13.31,0.44,0.0
20240414:0410,128.15,0.00,0.0,0.0,13.12,0.26,0.0
20240414:0510,335.11,0.00,0.0,0.0,13.02,0.73,0.0
20240414:0610,526.36,0.00,0.0,0.0,13.66,1.07,0.0
20240414:0710,686.88,0.00,0.0,0.0,15.42,1.52,0.0
20240414:0810,783.93,0.00,0.0,0.0,17.00,2.25,0.0
20240414:0910,850.46,0.00,0.0,0.0,17.96,2.77,0.0
20240414:1010,878.07,0.00,0.0,0.0,18.82,2.99,0.0
20240414:1110,821.59,0.00,0.0,0.0,19.52,3.10,0.0
20240414:1210,716.31,0.00,0.0,0.0,20.01,3.26,0.0
20240414:1310,562.07,0.00,0.0,0.0,20.34,3.39,0.0
20240414:1410,368.91,0.00,0.0,0.0,20.50,3.42,0.0
20240414:1510,172.24,0.00,0.0,0.0,20.44,3.22,0.0
20240414:1610,21.90,0.00,0.0,0.0,20.14,2.65,0.0
20240414:1710,0.00,0.00,0.0,0.0,19.72,2.23,0.0
20240414:1810,0.00,0.00,0.0,0.0,19.28,2.60,0.0
20240414:1910,0.00,0.00,0.0,0.0,18.87,3.38,0.0
20240414:2010,0.00,0.00,0.0,0.0,18.48,4.01,0.0
20240414:2110,0.00,0.00,0.0,0.0,18.13,4.47,0.0
20240414:2210,0.00,0.00,0.0,0.0,17.70,4.88,0.0
20240414:2310,0.00,0.00,0.0,0.0,17.20,5.09,0.0
20240415:0010,0.00,0.00,0.0,0.0,16.63,5.14,0.0
20240415:0110,0.00,0.00,0.0,0.0,16.03,5.12,0.0
20240415:0210,0.00,0.00,0.0,0.0,15.47,5.11,0.0
20240415:0310,13.05,0.00,0.0,0.0,15.01,5.17,0.0
20240415:0410,142.14,0.00,0.0,0.0,14.75,5.42,0.0
20240415:0510,356.00,0.00,0.0,0.0,14.80,5.67,0.0
20240415:0610,515.88,0.00,0.0,0.0,15.53,5.40,0.0
20240415:0710,620.58,0.00,0.0,0.0,17.15,5.44,0.0
20240415:0810,812.22,0.00,0.0,0.0,18.91,5.60,0.0
20240415:0910,864.76,0.00,0.0,0.0,20.19,5.64,0.0
20240415:1010,894.41,0.00,0.0,0.0,21.17,5.59,0.0
20240415:1110,845.54,0.00,0.0,0.0,21.90,5.39,0.0
20240415:1210,735.29,0.00,0.0,0.0,22.43,5.03,0.0
20240415:1310,580.03,0.00,0.0,0.0,22.77,4.64,0.0
20240415:1410,392.73,0.00,0.0,0.0,22.86,4.41,0.0
20240415:1510,181.61,0.00,0.0,0.0,22.56,4.32,0.0
20240415:1610,25.01,0.00,0.0,0.0,21.86,4.27,0.0
20240415:1710,0.00,0.00,0.0,0.0,21.11,3.99,0.0
20240415:1810,0.00,0.00,0.0,0.0,20.59,3.51,0.0
20240415:1910,0.00,0.00,0.0,0.0,20.21,3.24,0.0
20240415:2010,0.00,0.00,0.0,0.0,19.82,3.51,0.0
20240415:2110,0.00,0.00,0.0,0.0,19.44,4.19,0.0
20240415:2210,0.00,0.00,0.0,0.0,19.16,5.21,0.0
20240415:2310,0.00,0.00,0.0,0.0,18.99,6.16,0.0
20240416:0010,0.00,0.00,0.0,0.0,18.68,6.82,0.0
20240416:0110,0.00,0.00,0.0,0.0,18.08,7.54,0.0
20240416:0210,0.00,0.00,0.0,0.0,17.33,8.16,0.0
20240416:0310,14.25,0.00,0.0,0.0,16.72,8.50,0.0
20240416:0410,126.88,0.00,0.0,0.0,16.51,8.61,0.0
20240416:0510,305.87,0.00,0.0,0.0,16.75,8.47,0.0
20240416:0610,474.36,0.00,0.0,0.0,17.60,8.14,0.0
20240416:0710,634.07,0.00,0.0,0.0,19.12,8.05,0.0
20240416:0810,761.80,0.00,0.0,0.0,20.76,8.43,0.0
20240416:0910,831.60,0.00,0.0,0.0,22.16,9.45,0.0
20240416:1010,793.59,0.00,0.0,0.0,23.18,9.67,0.0
20240416:1110,743.09,0.00,0.0,0.0,24.14,9.53,0.0
20240416:1210,631.11,0.00,0.0,0.0,25.02,9.38,0.0
20240416:1310,482.86,0.00,0.0,0.0,25.49,9.03,0.0
20240416:1410,299.08,0.00,0.0,0.0,25.42,8.09,0.0
20240416:1510,132.45,0.00,0.0,0.0,24.89,7.55,0.0
20240416:1610,16.71,0.00,0.0,0.0,24.09,7.83,0.0
20240416:1710,0.00,0.00,0.0,0.0,23.14,8.27,0.0
20240416:1810,0.00,0.00,0.0,0.0,22.12,9.08,0.0
20240416:1910,0.00,0.00,0.0,0.0,21.04,9.54,0.0
20240416:2010,0.00,0.00,0.0,0.0,20.01,9.16,0.0
20240416:2110,0.00,0.00,0.0,0.0,19.28,8.68,0.0
20240416:2210,0.00,0.00,0.0,0.0,18.95,8.22,0.0
20240416:2310,0.00,0.00,0.0,0.0,18.84,7.75,0.0
20240417:0010,0.00,0.00,0.0,0.0,18.77,7.57,0.0
20240417:0110,0.00,0.00,0.0,0.0,18.72,7.81,0.0
20240417:0210,0.00,0.00,0.0,0.0,18.65,8.02,0.0
20240417:0310,9.57,0.00,0.0,0.0,18.50,8.24,0.0
20240417:0410,44.15,0.00,0.0,0.0,18.34,8.66,0.0
20240417:0510,130.89,0.00,0.0,0.0,18.22,8.15,0.0
20240417:0610,229.11,0.00,0.0,0.0,18.21,7.51,0.0
20240417:0710,388.62,0.00,0.0,0.0,18.56,6.83,0.0
20240417:0810,527.79,0.00,0.0,0.0,19.22,6.52,0.0
20240417:0910,599.73,0.00,0.0,0.0,19.91,6.37,0.0
20240417:1010,629.82,0.00,0.0,0.0,20.70,5.98,0.0
20240417:1110,536.62,0.00,0.0,0.0,21.96,5.77,0.0
20240417:1210,423.11,0.00,0.0,0.0,23.43,5.51,0.0
20240417:1310,258.19,0.00,0.0,0.0,24.56,5.24,0.0
20240417:1410,142.36,0.00,0.0,0.0,24.85,5.73,0.0
20240417:1510,60.27,0.00,0.0,0.0,23.84,8.92,0.0
20240417:1610,13.80,0.00,0.0,0.0,22.09,9.67,0.0
20240417:1710,0.00,0.00,0.0,0.0,21.13,6.43,0.0
20240417:1810,0.00,0.00,0.0,0.0,20.93,3.20,0.0
20240417:1910,0.00,0.00,0.0,0.0,20.98,2.33,0.0
20240417:2010,0.00,0.00,0.0,0.0,20.68,4.11,0.0
20240417:2110,0.00,0.00,0.0,0.0,19.87,7.08,0.0
20240417:2210,0.00,0.00,0.0,0.0,19.27,8.32,0.0
20240417:2310,0.00,0.00,0.0,0.0,19.20,7.99,0.0
20240418:0010,0.00,0.00,0.0,0.0,19.48,7.11,0.0
20240418:0110,0.00,0.00,0.0,0.0,19.99,5.64,0.0
20240418:0210,0.00,0.00,0.0,0.0,20.08,6.26,0.0
20240418:0310,12.38,0.00,0.0,0.0,19.41,8.45,0.0
20240418:0410,64.42,0.00,0.0,0.0,18.48,8.72,0.0
20240418:0510,158.11,0.00,0.0,0.0,18.05,8.33,0.0
20240418:0610,241.65,0.00,0.0,0.0,18.26,8.74,0.0
20240418:0710,328.94,0.00,0.0,0.0,18.76,9.47,0.0
20240418:0810,420.25,0.00,0.0,0.0,18.98,9.96,0.0
20240418:0910,445.44,0.00,0.0,0.0,18.75,9.84,0.0
20240418:1010,503.66,0.00,0.0,0.0,18.31,9.39,0.0
20240418:1110,483.66,0.00,0.0,0.0,17.87,8.33,0.0
20240418:1210,438.43,0.00,0.0,0.0,17.40,7.20,0.0
20240418:1310,372.70,0.00,0.0,0.0,16.89,6.20,0.0
20240418:1410,241.02,0.00,0.0,0.0,16.47,5.28,0.0
20240418:1510,107.13,0.00,0.0,0.0,16.12,4.27,0.0
20240418:1610,17.99,0.00,0.0,0.0,15.60,3.06,0.0
20240418:1710,0.00,0.00,0.0,0.0,14.88,1.98,0.0
20240418:1810,0.00,0.00,0.0,0.0,14.29,1.34,0.0
20240418:1910,0.00,0.00,0.0,0.0,14.06,1.31,0.0
20240418:2010,0.00,0.00,0.0,0.0,13.99,1.55,0.0
20240418:2110,0.00,0.00,0.0,0.0,13.93,1.56,0.0
20240418:2210,0.00,0.00,0.0,0.0,13.81,0.94,0.0
20240418:2310,0.00,0.00,0.0,0.0,13.52,0.30,0.0
20240419:0010,0.00,0.00,0.0,0.0,13.05,1.73,0.0
20240419:0110,0.00,0.00,0.0,0.0,12.48,2.82,0.0
20240419:0210,0.00,0.00,0.0,0.0,12.11,3.46,0.0
20240419:0310,13.31,0.00,0.0,0.0,11.96,4.05,0.0
20240419:0410,73.78,0.00,0.0,0.0,11.98,4.42,0.0
20240419:0510,167.11,0.00,0.0,0.0,12.06,4.58,0.0
20240419:0610,262.53,0.00,0.0,0.0,12.12,4.68,0.0
20240419:0710,355.88,0.00,0.0,0.0,12.29,4.79,0.0
20240419:0810,419.49,0.00,0.0,0.0,12.59,4.70,0.0
20240419:0910,440.68,0.00,0.0,0.0,12.92,4.79,0.0
20240419:1010,426.61,0.00,0.0,0.0,13.12,5.13,0.0
20240419:1110,359.04,0.00,0.0,0.0,13.20,5.53,0.0
20240419:1210,323.47,0.00,0.0,0.0,13.20,5.93,0.0
20240419:1310,206.64,0.00,0.0,0.0,13.13,6.35,0.0
20240419:1410,128.54,0.00,0.0,0.0,13.02,6.91,0.0
20240419:1510,72.57,0.00,0.0,0.0,12.83,7.46,0.0
20240419:1610,15.92,0.00,0.0,0.0,12.53,7.75,0.0
20240419:1710,0.00,0.00,0.0,0.0,12.17,7.80,0.0
20240419:1810,0.00,0.00,0.0,0.0,11.89,7.94,0.0
20240419:1910,0.00,0.00,0.0,0.0,11.76,8.07,0.0
20240419:2010,0.00,0.00,0.0,0.0,11.68,8.29,0.0
20240419:2110,0.00,0.00,0.0,0.0,11.58,8.74,0.0
20240419:2210,0.00,0.00,0.0,0.0,11.46,9.87,0.0
20240419:2310,0.00,0.00,0.0,0.0,11.38,10.77,0.0
20240420:0010,0.00,0.00,0.0,0.0,11.39,11.21,0.0
20240420:0110,0.00,0.00,0.0,0.0,11.47,11.17,0.0
20240420:0210,0.00,0.00,0.0,0.0,11.50,10.81,0.0
20240420:0310,8.54,0.00,0.0,0.0,11.46,11.26,0.0
20240420:0410,28.57,0.00,0.0,0.0,11.48,11.93,0.0
20240420:0510,58.22,0.00,0.0,0.0,11.71,12.39,0.0
20240420:0610,71.33,0.00,0.0,0.0,12.21,12.05,0.0
20240420:0710,124.93,0.00,0.0,0.0,12.89,9.29,0.0
20240420:0810,199.21,0.00,0.0,0.0,13.45,5.49,0.0
20240420:0910,242.04,0.00,0.0,0.0,13.83,1.81,0.0
20240420:1010,245.36,0.00,0.0,0.0,14.01,1.60,0.0
20240420:1110,188.21,0.00,0.0,0.0,14.03,3.68,0.0
20240420:1210,262.86,0.00,0.0,0.0,13.83,4.87,0.0
20240420:1310,185.72,0.00,0.0,0.0,13.33,5.80,0.0
20240420:1410,110.12,0.00,0.0,0.0,12.66,6.88,0.0
20240420:1510,38.40,0.00,0.0,0.0,11.95,7.45,0.0
20240420:1610,13.42,0.00,0.0,0.0,11.19,7.94,0.0
20240420:1710,0.00,0.00,0.0,0.0,10.44,8.43,0.0
20240420:1810,0.00,0.00,0.0,0.0,9.90,8.93,0.0
20240420:1910,0.00,0.00,0.0,0.0,9.57,9.17,0.0
20240420:2010,0.00,0.00,0.0,0.0,9.34,9.22,0.0
20240420:2110,0.00,0.00,0.0,0.0,9.09,8.93,0.0
20240420:2210,0.00,0.00,0.0,0.0,8.90,8.28,0.0
20240420:2310,0.00,0.00,0.0,0.0,8.87,7.38,0.0
20240421:0010,0.00,0.00,0.0,0.0,8.97,6.65,0.0
20240421:0110,0.00,0.00,0.0,0.0,9.15,6.14,0.0
20240421:0210,0.00,0.00,0.0,0.0,9.33,5.76,0.0
20240421:0310,18.40,0.00,0.0,0.0,9.49,5.28,0.0
20240421:0410,137.34,0.00,0.0,0.0,9.68,4.81,0.0
20240421:0510,301.34,0.00,0.0,0.0,10.12,4.08,0.0
20240421:0610,462.27,0.00,0.0,0.0,11.00,3.54,0.0
20240421:0710,566.83,0.00,0.0,0.0,11.86,2.94,0.0
20240421:0810,641.09,0.00,0.0,0.0,12.75,2.50,0.0
20240421:0910,654.25,0.00,0.0,0.0,13.74,2.23,0.0
20240421:1010,695.05,0.00,0.0,0.0,14.77,2.28,0.0
20240421:1110,648.26,0.00,0.0,0.0,15.70,2.45,0.0
20240421:1210,622.47,0.00,0.0,0.0,16.44,2.51,0.0
20240421:1310,477.68,0.00,0.0,0.0,17.01,2.43,0.0
20240421:1410,306.63,0.00,0.0,0.0,17.42,2.23,0.0
20240421:1510,140.61,0.00,0.0,0.0,17.58,1.74,0.0
20240421:1610,24.23,0.00,0.0,0.0,17.26,0.50,0.0
20240421:1710,0.00,0.00,0.0,0.0,16.52,1.45,0.0
20240421:1810,0.00,0.00,0.0,0.0,15.74,2.93,0.0
20240421:1910,0.00,0.00,0.0,0.0,15.07,3.35,0.0
20240421:2010,0.00,0.00,0.0,0.0,14.59,3.42,0.0
20240421:2110,0.00,0.00,0.0,0.0,14.32,3.62,0.0
20240421:2210,0.00,0.00,0.0,0.0,14.33,4.44,0.0
20240421:2310,0.00,0.00,0.0,0.0,14.43,5.97,0.0
20240422:0010,0.00,0.00,0.0,0.0,14.37,7.75,0.0
20240422:0110,0.00,0.00,0.0,0.0,14.29,9.23,0.0
20240422:0210,0.00,0.00,0.0,0.0,14.27,9.95,0.0
20240422:0310,23.65,0.00,0.0,0.0,14.14,9.65,0.0
20240422:0410,171.54,0.00,0.0,0.0,13.94,9.24,0.0
20240422:0510,366.18,0.00,0.0,0.0,14.04,8.42,0.0
20240422:0610,538.92,0.00,0.0,0.0,14.56,7.96,0.0
20240422:0710,702.16,0.00,0.0,0.0,15.09,7.60,0.0
20240422:0810,795.89,0.00,0.0,0.0,15.62,7.01,0.0
20240422:0910,806.49,0.00,0.0,0.0,16.13,6.71,0.0
20240422:1010,773.71,0.00,0.0,0.0,16.58,6.41,0.0
20240422:1110,671.76,0.00,0.0,0.0,16.98,5.87,0.0
20240422:1210,448.33,0.00,0.0,0.0,17.20,5.20,0.0
20240422:1310,303.30,0.00,0.0,0.0,17.24,4.41,0.0
20240422:1410,179.94,0.00,0.0,0.0,17.13,3.36,0.0
20240422:1510,79.95,0.00,0.0,0.0,16.84,2.06,0.0
20240422:1610,16.65,0.00,0.0,0.0,16.38,1.62,0.0
20240422:1710,0.00,0.00,0.0,0.0,15.77,2.47,0.0
20240422:1810,0.00,0.00,0.0,0.0,15.08,3.93,0.0
20240422:1910,0.00,0.00,0.0,0.0,14.33,5.45,0.0
20240422:2010,0.00,0.00,0.0,0.0,13.72,5.91,0.0
20240422:2110,0.00,0.00,0.0,0.0,13.42,5.58,0.0
20240422:2210,0.00,0.00,0.0,0.0,13.32,6.01,0.0
20240422:2310,0.00,0.00,0.0,0.0,13.25,6.58,0.0
20240423:0010,0.00,0.00,0.0,0.0,13.28,6.82,0.0
20240423:0110,0.00,0.00,0.0,0.0,13.54,6.94,0.0
20240423:0210,0.00,0.00,0.0,0.0,13.74,6.95,0.0
20240423:0310,14.78,0.00,0.0,0.0,13.75,7.08,0.0
20240423:0410,59.00,0.00,0.0,0.0,13.51,7.20,0.0
20240423:0510,127.89,0.00,0.0,0.0,13.25,7.25,0.0
20240423:0610,241.66,0.00,0.0,0.0,13.26,7.21,0.0
20240423:0710,382.00,0.00,0.0,0.0,13.57,7.36,0.0
20240423:0810,498.66,0.00,0.0,0.0,14.27,7.31,0.0
20240423:0910,481.71,0.00,0.0,0.0,15.23,7.07,0.0
20240423:1010,571.91,0.00,0.0,0.0,16.16,7.40,0.0
20240423:1110,565.83,0.00,0.0,0.0,17.04,9.15,0.0
20240423:1210,471.62,0.00,0.0,0.0,17.65,10.33,0.0
20240423:1310,346.19,0.00,0.0,0.0,17.76,9.33,0.0
20240423:1410,228.53,0.00,0.0,0.0,17.38,8.80,0.0
20240423:1510,111.69,0.00,0.0,0.0,16.63,8.38,0.0
20240423:1610,18.26,0.00,0.0,0.0,15.58,7.09,0.0
20240423:1710,0.00,0.00,0.0,0.0,14.61,5.44,0.0
20240423:1810,0.00,0.00,0.0,0.0,13.87,4.56,0.0
20240423:1910,0.00,0.00,0.0,0.0,13.51,4.03,0.0
20240423:2010,0.00,0.00,0.0,0.0,13.84,5.02,0.0
20240423:2110,0.00,0.00,0.0,0.0,15.40,6.24,0.0
20240423:2210,0.00,0.00,0.0,0.0,18.04,4.94,0.0
20240423:2310,0.00,0.00,0.0,0.0,19.70,3.41,0.0
20240424:0010,0.00,0.00,0.0,0.0,20.42,3.53,0.0
20240424:0110,0.00,0.00,0.0,0.0,20.68,4.10,0.0
20240424:0210,0.00,0.00,0.0,0.0,20.71,4.61,0.0
20240424:0310,18.46,0.00,0.0,0.0,20.61,4.97,0.0
20240424:0410,89.79,0.00,0.0,0.0,20.34,5.42,0.0
20240424:0510,208.39,0.00,0.0,0.0,20.01,5.97,0.0
20240424:0610,342.81,0.00,0.0,0.0,19.75,6.32,0.0
20240424:0710,480.44,0.00,0.0,0.0,19.56,5.94,0.0
20240424:0810,601.06,0.00,0.0,0.0,19.67,5.37,0.0
20240424:0910,643.49,0.00,0.0,0.0,20.31,5.58,0.0
20240424:1010,619.81,0.00,0.0,0.0,21.15,5.94,0.0
20240424:1110,603.94,0.00,0.0,0.0,21.73,5.85,0.0
20240424:1210,524.11,0.00,0.0,0.0,22.04,5.54,0.0
20240424:1310,379.03,0.00,0.0,0.0,22.23,4.94,0.0
20240424:1410,247.20,0.00,0.0,0.0,22.27,3.87,0.0
20240424:1510,110.08,0.00,0.0,0.0,22.14,2.58,0.0
20240424:1610,21.61,0.00,0.0,0.0,21.76,2.31,0.0
20240424:1710,0.00,0.00,0.0,0.0,20.89,3.62,0.0
20240424:1810,0.00,0.00,0.0,0.0,19.74,4.94,0.0
20240424:1910,0.00,0.00,0.0,0.0,18.62,5.90,0.0
20240424:2010,0.00,0.00,0.0,0.0,17.67,6.18,0.0
20240424:2110,0.00,0.00,0.0,0.0,16.92,5.97,0.0
20240424:2210,0.00,0.00,0.0,0.0,16.33,5.38,0.0
20240424:2310,0.00,0.00,0.0,0.0,15.85,4.79,0.0
20240425:0010,0.00,0.00,0.0,0.0,15.42,4.41,0.0
20240425:0110,0.00,0.00,0.0,0.0,15.10,4.30,0.0
20240425:0210,0.00,0.00,0.0,0.0,14.91,4.46,0.0
20240425:0310,21.14,0.00,0.0,0.0,14.84,4.63,0.0
20240425:0410,104.95,0.00,0.0,0.0,14.88,4.28,0.0
20240425:0510,251.78,0.00,0.0,0.0,15.11,3.51,0.0
20240425:0610,395.18,0.00,0.0,0.0,15.72,2.64,0.0
20240425:0710,580.69,0.00,0.0,0.0,16.95,1.90,0.0
20240425:0810,685.04,0.00,0.0,0.0,18.58,1.82,0.0
20240425:0910,718.41,0.00,0.0,0.0,19.77,3.29,0.0
20240425:1010,706.18,0.00,0.0,0.0,20.34,4.19,0.0
20240425:1110,608.65,0.00,0.0,0.0,20.60,4.11,0.0
20240425:1210,501.50,0.00,0.0,0.0,20.78,4.13,0.0
20240425:1310,407.97,0.00,0.0,0.0,20.84,4.53,0.0
20240425:1410,284.42,0.00,0.0,0.0,20.62,4.69,0.0
20240425:1510,125.25,0.00,0.0,0.0,20.18,3.87,0.0
20240425:1610,24.65,0.00,0.0,0.0,19.81,2.37,0.0
20240425:1710,0.00,0.00,0.0,0.0,19.63,1.35,0.0
20240425:1810,0.00,0.00,0.0,0.0,19.53,1.36,0.0
20240425:1910,0.00,0.00,0.0,0.0,19.50,1.99,0.0
20240425:2010,0.00,0.00,0.0,0.0,19.44,2.54,0.0
20240425:2110,0.00,0.00,0.0,0.0,19.12,3.46,0.0
20240425:2210,0.00,0.00,0.0,0.0,18.29,4.71,0.0
20240425:2310,0.00,0.00,0.0,0.0,17.12,5.54,0.0
20240426:0010,0.00,0.00,0.0,0.0,15.97,5.71,0.0
20240426:0110,0.00,0.00,0.0,0.0,14.91,5.09,0.0
20240426:0210,0.00,0.00,0.0,0.0,14.06,4.28,0.0
20240426:0310,23.51,0.00,0.0,0.0,13.43,3.55,0.0
20240426:0410,123.92,0.00,0.0,0.0,13.09,3.24,0.0
20240426:0510,230.64,0.00,0.0,0.0,13.17,3.09,0.0
20240426:0610,328.45,0.00,0.0,0.0,13.88,2.89,0.0
20240426:0710,444.04,0.00,0.0,0.0,14.84,2.67,0.0
20240426:0810,612.99,0.00,0.0,0.0,15.47,2.43,0.0
20240426:0910,661.01,0.00,0.0,0.0,15.85,2.32,0.0
20240426:1010,743.26,0.00,0.0,0.0,16.23,2.37,0.0
20240426:1110,723.43,0.00,0.0,0.0,16.62,2.23,0.0
20240426:1210,689.13,0.00,0.0,0.0,16.95,2.15,0.0
20240426:1310,558.88,0.00,0.0,0.0,17.19,2.33,0.0
20240426:1410,386.09,0.00,0.0,0.0,17.27,2.60,0.0
20240426:1510,192.01,0.00,0.0,0.0,17.15,2.90,0.0
20240426:1610,33.62,0.00,0.0,0.0,16.81,3.31,0.0
20240426:1710,0.00,0.00,0.0,0.0,16.16,4.12,0.0
20240426:1810,0.00,0.00,0.0,0.0,15.36,5.29,0.0
20240426:1910,0.00,0.00,0.0,0.0,14.67,6.03,0.0
20240426:2010,0.00,0.00,0.0,0.0,14.16,6.22,0.0
20240426:2110,0.00,0.00,0.0,0.0,13.81,6.00,0.0
20240426:2210,0.00,0.00,0.0,0.0,13.49,5.69,0.0
20240426:2310,0.00,0.00,0.0,0.0,13.15,5.84,0.0
20240427:0010,0.00,0.00,0.0,0.0,12.81,6.59,0.0
20240427:0110,0.00,0.00,0.0,0.0,12.49,7.00,0.0
20240427:0210,0.00,0.00,0.0,0.0,12.29,7.07,0.0
20240427:0310,30.10,0.00,0.0,0.0,12.21,7.26,0.0
20240427:0410,168.52,0.00,0.0,0.0,12.26,7.41,0.0
20240427:0510,341.24,0.00,0.0,0.0,12.69,7.40,0.0
20240427:0610,512.30,0.00,0.0,0.0,13.57,8.27,0.0
20240427:0710,638.88,0.00,0.0,0.0,14.40,9.17,0.0
20240427:0810,760.21,0.00,0.0,0.0,15.00,9.90,0.0
20240427:0910,748.19,0.00,0.0,0.0,15.38,10.50,0.0
20240427:1010,807.75,0.00,0.0,0.0,15.53,11.04,0.0
20240427:1110,734.82,0.00,0.0,0.0,15.52,11.27,0.0
20240427:1210,681.70,0.00,0.0,0.0,15.36,11.33,0.0
20240427:1310,541.55,0.00,0.0,0.0,15.05,11.47,0.0
20240427:1410,350.86,0.00,0.0,0.0,14.51,11.56,0.0
20240427:1510,174.80,0.00,0.0,0.0,13.76,11.80,0.0
20240427:1610,33.00,0.00,0.0,0.0,12.96,11.82,0.0
20240427:1710,0.00,0.00,0.0,0.0,12.27,10.81,0.0
20240427:1810,0.00,0.00,0.0,0.0,11.88,9.57,0.0
20240427:1910,0.00,0.00,0.0,0.0,11.77,8.84,0.0
20240427:2010,0.00,0.00,0.0,0.0,11.71,8.54,0.0
20240427:2110,0.00,0.00,0.0,0.0,11.66,8.47,0.0
20240427:2210,0.00,0.00,0.0,0.0,11.61,8.01,0.0
20240427:2310,0.00,0.00,0.0,0.0,11.63,7.50,0.0
20240428:0010,0.00,0.00,0.0,0.0,11.68,7.44,0.0
20240428:0110,0.00,0.00,0.0,0.0,11.75,7.23,0.0
20240428:0210,0.00,0.00,0.0,0.0,11.82,6.99,0.0
20240428:0310,16.46,0.00,0.0,0.0,11.91,7.20,0.0
20240428:0410,66.94,0.00,0.0,0.0,12.03,7.50,0.0
20240428:0510,128.07,0.00,0.0,0.0,12.25,7.26,0.0
20240428:0610,196.41,0.00,0.0,0.0,12.61,7.53,0.0
20240428:0710,215.97,0.00,0.0,0.0,12.92,7.62,0.0
20240428:0810,216.73,0.00,0.0,0.0,13.29,7.33,0.0
20240428:0910,249.13,0.00,0.0,0.0,13.65,7.84,0.0
20240428:1010,247.29,0.00,0.0,0.0,13.87,8.54,0.0
20240428:1110,230.86,0.00,0.0,0.0,14.13,8.68,0.0
20240428:1210,238.91,0.00,0.0,0.0,14.46,8.41,0.0
20240428:1310,190.72,0.00,0.0,0.0,14.68,8.33,0.0
20240428:1410,137.93,0.00,0.0,0.0,14.69,8.22,0.0
20240428:1510,68.18,0.00,0.0,0.0,14.57,8.23,0.0
20240428:1610,20.94,0.00,0.0,0.0,14.29,8.08,0.0
20240428:1710,0.00,0.00,0.0,0.0,13.74,7.88,0.0
20240428:1810,0.00,0.00,0.0,0.0,13.13,7.93,0.0
20240428:1910,0.00,0.00,0.0,0.0,12.85,7.78,0.0
20240428:2010,0.00,0.00,0.0,0.0,12.79,7.52,0.0
20240428:2110,0.00,0.00,0.0,0.0,12.76,7.34,0.0
20240428:2210,0.00,0.00,0.0,0.0,12.69,7.12,0.0
20240428:2310,0.00,0.00,0.0,0.0,12.58,6.51,0.0
20240429:0010,0.00,0.00,0.0,0.0,12.50,6.26,0.0
20240429:0110,0.00,0.00,0.0,0.0,12.47,6.32,0.0
20240429:0210,0.00,0.00,0.0,0.0,12.53,6.16,0.0
20240429:0310,20.59,0.00,0.0,0.0,12.58,6.06,0.0
20240429:0410,65.47,0.00,0.0,0.0,12.60,6.16,0.0
20240429:0510,124.39,0.00,0.0,0.0,12.73,6.26,0.0
20240429:0610,179.58,0.00,0.0,0.0,13.06,6.78,0.0
20240429:0710,241.01,0.00,0.0,0.0,13.37,7.40,0.0
20240429:0810,290.16,0.00,0.0,0.0,13.58,7.79,0.0
20240429:0910,318.57,0.00,0.0,0.0,13.77,7.81,0.0
20240429:1010,298.22,0.00,0.0,0.0,14.01,7.68,0.0
20240429:1110,251.72,0.00,0.0,0.0,14.25,7.52,0.0
20240429:1210,205.69,0.00,0.0,0.0,14.34,7.34,0.0
20240429:1310,151.10,0.00,0.0,0.0,14.26,7.22,0.0
20240429:1410,99.38,0.00,0.0,0.0,14.09,7.14,0.0
20240429:1510,44.81,0.00,0.0,0.0,13.85,7.07,0.0
20240429:1610,17.72,0.00,0.0,0.0,13.51,6.72,0.0
20240429:1710,0.00,0.00,0.0,0.0,13.06,6.24,0.0
20240429:1810,0.00,0.00,0.0,0.0,12.73,5.92,0.0
20240429:1910,0.00,0.00,0.0,0.0,12.64,5.65,0.0
20240429:2010,0.00,0.00,0.0,0.0,12.64,5.37,0.0
20240429:2110,0.00,0.00,0.0,0.0,12.67,5.06,0.0
20240429:2210,0.00,0.00,0.0,0.0,12.71,4.90,0.0
20240429:2310,0.00,0.00,0.0,0.0,12.74,5.04,0.0
20240430:0010,0.00,0.00,0.0,0.0,12.78,5.37,0.0
20240430:0110,0.00,0.00,0.0,0.0,12.82,5.67,0.0
20240430:0210,0.00,0.00,0.0,0.0,12.89,6.03,0.0
20240430:0310,20.68,0.00,0.0,0.0,12.97,6.29,0.0
20240430:0410,50.22,0.00,0.0,0.0,13.06,6.27,0.0
20240430:0510,102.16,0.00,0.0,0.0,13.31,5.84,0.0
20240430:0610,165.14,0.00,0.0,0.0,13.84,5.46,0.0
20240430:0710,287.70,0.00,0.0,0.0,14.61,5.40,0.0
20240430:0810,308.05,0.00,0.0,0.0,15.39,5.61,0.0
20240430:0910,346.40,0.00,0.0,0.0,16.01,5.90,0.0
20240430:1010,371.99,0.00,0.0,0.0,16.45,6.34,0.0
20240430:1110,370.21,0.00,0.0,0.0,16.70,6.94,0.0
20240430:1210,260.41,0.00,0.0,0.0,16.71,7.82,0.0
20240430:1310,176.96,0.00,0.0,0.0,16.47,8.72,0.0
20240430:1410,97.84,0.00,0.0,0.0,16.03,9.25,0.0
20240430:1510,36.39,0.00,0.0,0.0,15.45,9.57,0.0
20240430:1610,14.06,0.00,0.0,0.0,14.80,9.95,0.0
20240430:1710,0.00,0.00,0.0,0.0,14.10,10.00,0.0
20240430:1810,0.00,0.00,0.0,0.0,13.60,9.71,0.0
20240430:1910,0.00,0.00,0.0,0.0,13.45,9.43,0.0
20240430:2010,0.00,0.00,0.0,0.0,13.39,9.31,0.0
20240430:2110,0.00,0.00,0.0,0.0,13.31,9.56,0.0
20240430:2210,0.00,0.00,0.0,0.0,13.15,9.77,0.0
20240430:2310,0.00,0.00,0.0,0.0,12.98,9.62,0.0
20240501:0010,0.00,0.00,0.0,0.0,12.87,9.07,0.0
20240501:0110,0.00,0.00,0.0,0.0,12.81,8.85,0.0
20240501:0210,0.00,0.00,0.0,0.0,12.77,9.04,0.0
20240501:0310,16.19,0.00,0.0,0.0,12.71,9.04,0.0
20240501:0410,73.38,0.00,0.0,0.0,12.66,8.42,0.0
20240501:0510,99.94,0.00,0.0,0.0,12.76,8.11,0.0
20240501:0610,123.71,0.00,0.0,0.0,12.99,8.14,0.0
20240501:0710,118.61,0.00,0.0,0.0,13.20,8.06,0.0
20240501:0810,196.08,0.00,0.0,0.0,13.41,8.62,0.0
20240501:0910,194.49,0.00,0.0,0.0,13.62,9.01,0.0
20240501:1010,219.88,0.00,0.0,0.0,13.82,8.71,0.0
20240501:1110,237.76,0.00,0.0,0.0,13.96,8.72,0.0
20240501:1210,209.21,0.00,0.0,0.0,14.01,8.99,0.0
20240501:1310,159.49,0.00,0.0,0.0,13.88,9.38,0.0
20240501:1410,91.81,0.00,0.0,0.0,13.58,9.56,0.0
20240501:1510,35.33,0.00,0.0,0.0,13.22,9.29,0.0
20240501:1610,17.40,0.00,0.0,0.0,12.90,8.64,0.0
20240501:1710,0.00,0.00,0.0,0.0,12.66,7.71,0.0
20240501:1810,0.00,0.00,0.0,0.0,12.49,6.61,0.0
20240501:1910,0.00,0.00,0.0,0.0,12.45,5.60,0.0
20240501:2010,0.00,0.00,0.0,0.0,12.48,4.73,0.0
20240501:2110,0.00,0.00,0.0,0.0,12.53,4.38,0.0
20240501:2210,0.00,0.00,0.0,0.0,12.52,4.12,0.0
20240501:2310,0.00,0.00,0.0,0.0,12.47,3.84,0.0
20240502:0010,0.00,0.00,0.0,0.0,12.44,3.56,0.0
20240502:0110,0.00,0.00,0.0,0.0,12.43,3.23,0.0
20240502:0210,0.00,0.00,0.0,0.0,12.41,2.97,0.0
20240502:0310,18.68,0.00,0.0,0.0,12.39,2.84,0.0
20240502:0410,46.54,0.00,0.0,0.0,12.43,3.00,0.0
20240502:0510,81.32,0.00,0.0,0.0,12.57,3.18,0.0
20240502:0610,142.03,0.00,0.0,0.0,12.89,3.23,0.0
20240502:0710,232.52,0.00,0.0,0.0,13.36,3.38,0.0
20240502:0810,267.07,0.00,0.0,0.0,13.95,3.65,0.0
20240502:0910,326.83,0.00,0.0,0.0,14.46,3.96,0.0
20240502:1010,395.39,0.00,0.0,0.0,14.76,4.17,0.0
20240502:1110,374.05,0.00,0.0,0.0,15.10,4.07,0.0
20240502:1210,367.93,0.00,0.0,0.0,15.56,3.72,0.0
20240502:1310,300.67,0.00,0.0,0.0,15.81,3.32,0.0
20240502:1410,193.66,0.00,0.0,0.0,15.79,3.08,0.0
20240502:1510,96.12,0.00,0.0,0.0,15.54,2.87,0.0
20240502:1610,23.94,0.00,0.0,0.0,15.05,2.50,0.0
20240502:1710,0.00,0.00,0.0,0.0,14.47,1.99,0.0
20240502:1810,0.00,0.00,0.0,0.0,13.91,1.51,0.0
20240502:1910,0.00,0.00,0.0,0.0,13.49,0.98,0.0
20240502:2010,0.00,0.00,0.0,0.0,13.17,0.98,0.0
20240502:2110,0.00,0.00,0.0,0.0,12.95,1.75,0.0
20240502:2210,0.00,0.00,0.0,0.0,12.87,2.31,0.0
20240502:2310,0.00,0.00,0.0,0.0,12.87,2.49,0.0
20240503:0010,0.00,0.00,0.0,0.0,12.86,2.67,0.0
20240503:0110,0.00,0.00,0.0,0.0,12.81,2.54,0.0
20240503:0210,0.00,0.00,0.0,0.0,12.74,1.86,0.0
20240503:0310,31.29,0.00,0.0,0.0,12.68,1.41,0.0
20240503:0410,115.55,0.00,0.0,0.0,12.79,1.42,0.0
20240503:0510,239.30,0.00,0.0,0.0,13.27,1.72,0.0
20240503:0610,346.43,0.00,0.0,0.0,14.00,2.24,0.0
20240503:0710,488.44,0.00,0.0,0.0,14.50,2.79,0.0
20240503:0810,577.90,0.00,0.0,0.0,14.86,3.19,0.0
20240503:0910,649.08,0.00,0.0,0.0,15.20,3.33,0.0
20240503:1010,557.35,0.00,0.0,0.0,15.60,3.21,0.0
20240503:1110,570.26,0.00,0.0,0.0,16.29,2.84,0.0
20240503:1210,417.40,0.00,0.0,0.0,17.18,2.54,0.0
20240503:1310,253.19,0.00,0.0,0.0,17.74,2.28,0.0
20240503:1410,182.77,0.00,0.0,0.0,17.91,1.97,0.0
20240503:1510,82.45,0.00,0.0,0.0,17.57,1.99,0.0
20240503:1610,13.92,0.00,0.0,0.0,16.79,2.30,0.0
20240503:1710,0.00,0.00,0.0,0.0,16.08,2.73,0.0
20240503:1810,0.00,0.00,0.0,0.0,15.68,3.07,0.0
20240503:1910,0.00,0.00,0.0,0.0,15.39,3.29,0.0
20240503:2010,0.00,0.00,0.0,0.0,15.11,3.63,0.0
20240503:2110,0.00,0.00,0.0,0.0,14.83,3.71,0.0
20240503:2210,0.00,0.00,0.0,0.0,14.49,3.81,0.0
20240503:2310,0.00,0.00,0.0,0.0,14.08,3.58,0.0
20240504:0010,0.00,0.00,0.0,0.0,13.55,2.89,0.0
20240504:0110,0.00,0.00,0.0,0.0,12.88,2.05,0.0
20240504:0210,0.00,0.00,0.0,0.0,12.26,1.41,0.0
20240504:0310,23.29,0.00,0.0,0.0,11.83,0.98,0.0
20240504:0410,82.67,0.00,0.0,0.0,11.73,0.91,0.0
20240504:0510,175.20,0.00,0.0,0.0,11.97,1.09,0.0
20240504:0610,292.23,0.00,0.0,0.0,12.33,1.45,0.0
20240504:0710,335.49,0.00,0.0,0.0,12.50,1.78,0.0
20240504:0810,454.36,0.00,0.0,0.0,12.71,1.94,0.0
20240504:0910,514.16,0.00,0.0,0.0,13.08,2.54,0.0
20240504:1010,466.77,0.00,0.0,0.0,13.52,3.11,0.0
20240504:1110,471.60,0.00,0.0,0.0,13.97,2.73,0.0
20240504:1210,386.47,0.00,0.0,0.0,14.46,1.81,0.0
20240504:1310,260.28,0.00,0.0,0.0,14.77,1.17,0.0
20240504:1410,168.48,0.00,0.0,0.0,14.94,1.39,0.0
20240504:1510,82.08,0.00,0.0,0.0,14.86,2.61,0.0
20240504:1610,22.47,0.00,0.0,0.0,14.45,4.03,0.0
20240504:1710,0.00,0.00,0.0,0.0,13.77,5.10,0.0
20240504:1810,0.00,0.00,0.0,0.0,13.05,5.72,0.0
20240504:1910,0.00,0.00,0.0,0.0,12.54,6.16,0.0
20240504:2010,0.00,0.00,0.0,0.0,12.26,6.36,0.0
20240504:2110,0.00,0.00,0.0,0.0,12.15,6.36,0.0
20240504:2210,0.00,0.00,0.0,0.0,12.22,6.01,0.0
20240504:2310,0.00,0.00,0.0,0.0,12.39,6.14,0.0
20240505:0010,0.00,0.00,0.0,0.0,12.55,6.72,0.0
20240505:0110,0.00,0.00,0.0,0.0,12.62,7.49,0.0
20240505:0210,0.00,0.00,0.0,0.0,12.57,8.23,0.0
20240505:0310,36.30,0.00,0.0,0.0,12.50,8.97,0.0
20240505:0410,154.00,0.00,0.0,0.0,12.57,9.13,0.0
20240505:0510,316.65,0.00,0.0,0.0,12.99,8.79,0.0
20240505:0610,488.73,0.00,0.0,0.0,13.65,9.54,0.0
20240505:0710,674.51,0.00,0.0,0.0,14.15,9.81,0.0
20240505:0810,830.14,0.00,0.0,0.0,14.45,9.84,0.0
20240505:0910,901.21,0.00,0.0,0.0,14.61,10.03,0.0
20240505:1010,888.31,0.00,0.0,0.0,14.64,10.14,0.0
20240505:1110,848.25,0.00,0.0,0.0,14.63,10.03,0.0
20240505:1210,768.59,0.00,0.0,0.0,14.57,9.77,0.0
20240505:1310,621.10,0.00,0.0,0.0,14.44,9.38,0.0
20240505:1410,443.22,0.00,0.0,0.0,14.20,8.89,0.0
20240505:1510,239.24,0.00,0.0,0.0,13.82,8.28,0.0
20240505:1610,55.06,0.00,0.0,0.0,13.28,7.59,0.0
20240505:1710,0.00,0.00,0.0,0.0,12.63,6.84,0.0
20240505:1810,0.00,0.00,0.0,0.0,12.10,6.39,0.0
20240505:1910,0.00,0.00,0.0,0.0,11.84,5.93,0.0
20240505:2010,0.00,0.00,0.0,0.0,11.67,5.31,0.0
20240505:2110,0.00,0.00,0.0,0.0,11.55,4.67,0.0
20240505:2210,0.00,0.00,0.0,0.0,11.46,4.05,0.0
20240505:2310,0.00,0.00,0.0,0.0,11.36,3.49,0.0
20240506:0010,0.00,0.00,0.0,0.0,11.25,3.09,0.0
20240506:0110,0.00,0.00,0.0,0.0,11.15,2.83,0.0
20240506:0210,0.00,0.00,0.0,0.0,11.04,2.57,0.0
20240506:0310,53.00,0.00,0.0,0.0,10.97,2.23,0.0
20240506:0410,240.09,0.00,0.0,0.0,11.05,1.85,0.0
20240506:0510,453.88,0.00,0.0,0.0,11.43,1.55,0.0
20240506:0610,637.82,0.00,0.0,0.0,12.09,1.49,0.0
20240506:0710,801.80,0.00,0.0,0.0,12.82,1.41,0.0
20240506:0810,852.20,0.00,0.0,0.0,13.65,1.21,0.0
20240506:0910,967.15,0.00,0.0,0.0,14.63,0.97,0.0
20240506:1010,964.93,0.00,0.0,0.0,15.51,0.94,0.0
20240506:1110,911.41,0.00,0.0,0.0,16.25,1.16,0.0
20240506:1210,800.95,0.00,0.0,0.0,16.78,1.44,0.0
20240506:1310,648.06,0.00,0.0,0.0,17.10,1.68,0.0
20240506:1410,459.08,0.00,0.0,0.0,17.21,1.87,0.0
20240506:1510,249.66,0.00,0.0,0.0,17.12,1.98,0.0
20240506:1610,62.05,0.00,0.0,0.0,16.79,1.97,0.0
20240506:1710,0.00,0.00,0.0,0.0,16.20,2.16,0.0
20240506:1810,0.00,0.00,0.0,0.0,15.48,2.72,0.0
20240506:1910,0.00,0.00,0.0,0.0,14.88,3.21,0.0
20240506:2010,0.00,0.00,0.0,0.0,14.43,3.40,0.0
20240506:2110,0.00,0.00,0.0,0.0,14.08,3.39,0.0
20240506:2210,0.00,0.00,0.0,0.0,13.74,3.16,0.0
20240506:2310,0.00,0.00,0.0,0.0,13.43,2.76,0.0
20240507:0010,0.00,0.00,0.0,0.0,13.18,2.30,0.0
20240507:0110,0.00,0.00,0.0,0.0,12.96,1.89,0.0
20240507:0210,0.00,0.00,0.0,0.0,12.76,1.77,0.0
20240507:0310,53.89,0.00,0.0,0.0,12.64,2.07,0.0
20240507:0410,241.07,0.00,0.0,0.0,12.77,2.70,0.0
20240507:0510,436.08,0.00,0.0,0.0,13.37,3.22,0.0
20240507:0610,602.41,0.00,0.0,0.0,14.49,3.19,0.0
20240507:0710,673.11,0.00,0.0,0.0,15.80,3.20,0.0
20240507:0810,869.09,0.00,0.0,0.0,17.15,3.10,0.0
20240507:0910,781.00,0.00,0.0,0.0,18.33,2.95,0.0
20240507:1010,929.10,0.00,0.0,0.0,19.23,2.80,0.0
20240507:1110,875.32,0.00,0.0,0.0,19.92,2.66,0.0
20240507:1210,768.99,0.00,0.0,0.0,20.45,2.55,0.0
20240507:1310,591.88,0.00,0.0,0.0,20.85,2.55,0.0
20240507:1410,422.70,0.00,0.0,0.0,21.08,2.62,0.0
20240507:1510,227.47,0.00,0.0,0.0,21.10,2.67,0.0
20240507:1610,48.76,0.00,0.0,0.0,20.83,2.82,0.0
20240507:1710,0.00,0.00,0.0,0.0,20.17,3.32,0.0
20240507:1810,0.00,0.00,0.0,0.0,19.43,3.97,0.0
20240507:1910,0.00,0.00,0.0,0.0,18.98,4.45,0.0
20240507:2010,0.00,0.00,0.0,0.0,18.76,4.80,0.0
20240507:2110,0.00,0.00,0.0,0.0,18.59,5.09,0.0
20240507:2210,0.00,0.00,0.0,0.0,18.25,5.21,0.0
20240507:2310,0.00,0.00,0.0,0.0,17.69,5.35,0.0
20240508:0010,0.00,0.00,0.0,0.0,17.00,5.47,0.0
20240508:0110,0.00,0.00,0.0,0.0,16.23,5.45,0.0
20240508:0210,0.00,0.00,0.0,0.0,15.53,5.32,0.0
20240508:0310,47.31,0.00,0.0,0.0,15.00,5.18,0.0
20240508:0410,196.11,0.00,0.0,0.0,14.72,5.09,0.0
20240508:0510,366.14,0.00,0.0,0.0,14.86,4.63,0.0
20240508:0610,534.37,0.00,0.0,0.0,15.63,4.13,0.0
20240508:0710,666.74,0.00,0.0,0.0,16.87,4.03,0.0
20240508:0810,783.09,0.00,0.0,0.0,17.98,3.97,0.0
20240508:0910,841.10,0.00,0.0,0.0,18.93,3.90,0.0
20240508:1010,808.86,0.00,0.0,0.0,19.90,3.30,0.0
20240508:1110,768.80,0.00,0.0,0.0,20.94,2.13,0.0
20240508:1210,648.58,0.00,0.0,0.0,21.80,1.16,0.0
20240508:1310,506.17,0.00,0.0,0.0,22.27,1.52,0.0
20240508:1410,341.46,0.00,0.0,0.0,22.23,2.75,0.0
20240508:1510,171.35,0.00,0.0,0.0,21.48,4.28,0.0
20240508:1610,39.46,0.00,0.0,0.0,19.81,5.89,0.0
20240508:1710,0.00,0.00,0.0,0.0,17.66,7.12,0.0
20240508:1810,0.00,0.00,0.0,0.0,15.71,7.53,0.0
20240508:1910,0.00,0.00,0.0,0.0,14.62,7.25,0.0
20240508:2010,0.00,0.00,0.0,0.0,14.23,6.83,0.0
20240508:2110,0.00,0.00,0.0,0.0,14.11,6.69,0.0
20240508:2210,0.00,0.00,0.0,0.0,14.07,6.64,0.0
20240508:2310,0.00,0.00,0.0,0.0,14.00,6.73,0.0
20240509:0010,0.00,0.00,0.0,0.0,13.90,7.12,0.0
20240509:0110,0.00,0.00,0.0,0.0,13.79,7.44,0.0
20240509:0210,0.00,0.00,0.0,0.0,13.68,7.60,0.0
20240509:0310,23.45,0.00,0.0,0.0,13.59,7.69,0.0
20240509:0410,71.82,0.00,0.0,0.0,13.52,7.44,0.0
20240509:0510,125.40,0.00,0.0,0.0,13.75,7.23,0.0
20240509:0610,182.00,0.00,0.0,0.0,14.25,6.92,0.0
20240509:0710,323.78,0.00,0.0,0.0,14.79,6.29,0.0
20240509:0810,358.46,0.00,0.0,0.0,15.24,5.82,0.0
20240509:0910,387.67,0.00,0.0,0.0,15.62,5.60,0.0
20240509:1010,385.18,0.00,0.0,0.0,15.98,5.58,0.0
20240509:1110,399.25,0.00,0.0,0.0,16.18,5.79,0.0
20240509:1210,356.49,0.00,0.0,0.0,16.17,6.12,0.0
20240509:1310,272.94,0.00,0.0,0.0,15.82,6.64,0.0
20240509:1410,181.23,0.00,0.0,0.0,15.16,7.22,0.0
20240509:1510,86.91,0.00,0.0,0.0,14.41,7.75,0.0
20240509:1610,21.27,0.00,0.0,0.0,13.89,7.89,0.0
20240509:1710,0.00,0.00,0.0,0.0,13.62,7.81,0.0
20240509:1810,0.00,0.00,0.0,0.0,13.47,7.88,0.0
20240509:1910,0.00,0.00,0.0,0.0,13.43,7.93,0.0
20240509:2010,0.00,0.00,0.0,0.0,13.43,7.94,0.0
20240509:2110,0.00,0.00,0.0,0.0,13.42,7.79,0.0
20240509:2210,0.00,0.00,0.0,0.0,13.42,7.97,0.0
20240509:2310,0.00,0.00,0.0,0.0,13.40,8.13,0.0
20240510:0010,0.00,0.00,0.0,0.0,13.39,8.38,0.0
20240510:0110,0.00,0.00,0.0,0.0,13.39,8.69,0.0
20240510:0210,0.00,0.00,0.0,0.0,13.39,8.93,0.0
20240510:0310,24.94,0.00,0.0,0.0,13.38,9.22,0.0
20240510:0410,83.42,0.00,0.0,0.0,13.34,9.62,0.0
20240510:0510,148.64,0.00,0.0,0.0,13.41,10.13,0.0
20240510:0610,233.77,0.00,0.0,0.0,13.62,10.96,0.0
20240510:0710,313.02,0.00,0.0,0.0,13.92,11.31,0.0
20240510:0810,437.35,0.00,0.0,0.0,14.31,11.59,0.0
20240510:0910,542.17,0.00,0.0,0.0,14.78,11.79,0.0
20240510:1010,559.22,0.00,0.0,0.0,15.16,11.97,0.0
20240510:1110,592.31,0.00,0.0,0.0,15.39,12.30,0.0
20240510:1210,433.78,0.00,0.0,0.0,15.45,12.70,0.0
20240510:1310,243.04,0.00,0.0,0.0,15.26,12.98,0.0
20240510:1410,171.63,0.00,0.0,0.0,14.87,12.83,0.0
20240510:1510,91.21,0.00,0.0,0.0,14.37,12.78,0.0
20240510:1610,25.23,0.00,0.0,0.0,13.89,13.34,0.0
20240510:1710,0.00,0.00,0.0,0.0,13.65,14.13,0.0
20240510:1810,0.00,0.00,0.0,0.0,13.60,13.86,0.0
20240510:1910,0.00,0.00,0.0,0.0,13.45,12.49,0.0
20240510:2010,0.00,0.00,0.0,0.0,13.19,12.91,0.0
20240510:2110,0.00,0.00,0.0,0.0,12.94,13.81,0.0
20240510:2210,0.00,0.00,0.0,0.0,12.79,14.04,0.0
20240510:2310,0.00,0.00,0.0,0.0,12.72,13.93,0.0
20240511:0010,0.00,0.00,0.0,0.0,12.69,13.67,0.0
20240511:0110,0.00,0.00,0.0,0.0,12.63,13.18,0.0
20240511:0210,0.00,0.00,0.0,0.0,12.57,12.61,0.0
20240511:0310,25.01,0.00,0.0,0.0,12.61,11.87,0.0
20240511:0410,76.57,0.00,0.0,0.0,12.79,11.10,0.0
20240511:0510,120.94,0.00,0.0,0.0,12.99,10.76,0.0
20240511:0610,192.11,0.00,0.0,0.0,13.11,10.70,0.0
20240511:0710,233.85,0.00,0.0,0.0,13.20,11.21,0.0
20240511:0810,291.67,0.00,0.0,0.0,13.23,11.70,0.0
20240511:0910,337.79,0.00,0.0,0.0,13.29,12.00,0.0
20240511:1010,300.40,0.00,0.0,0.0,13.14,12.43,0.0
20240511:1110,361.17,0.00,0.0,0.0,12.76,12.50,0.0
20240511:1210,344.14,0.00,0.0,0.0,12.38,11.97,0.0
20240511:1310,297.24,0.00,0.0,0.0,12.24,11.11,0.0
20240511:1410,221.89,0.00,0.0,0.0,12.33,10.14,0.0
20240511:1510,128.51,0.00,0.0,0.0,12.52,8.93,0.0
20240511:1610,39.27,0.00,0.0,0.0,12.66,7.48,0.0
20240511:1710,0.00,0.00,0.0,0.0,12.72,5.92,0.0
20240511:1810,0.00,0.00,0.0,0.0,12.78,4.28,0.0
20240511:1910,0.00,0.00,0.0,0.0,12.88,2.76,0.0
20240511:2010,0.00,0.00,0.0,0.0,12.89,1.92,0.0
20240511:2110,0.00,0.00,0.0,0.0,12.78,2.61,0.0
20240511:2210,0.00,0.00,0.0,0.0,12.57,3.61,0.0
20240511:2310,0.00,0.00,0.0,0.0,12.32,4.29,0.0
20240512:0010,0.00,0.00,0.0,0.0,12.14,4.64,0.0
20240512:0110,0.00,0.00,0.0,0.0,12.05,4.61,0.0
20240512:0210,0.00,0.00,0.0,0.0,12.01,4.27,0.0
20240512:0310,41.96,0.00,0.0,0.0,11.94,3.92,0.0
20240512:0410,177.07,0.00,0.0,0.0,11.84,3.59,0.0
20240512:0510,340.46,0.00,0.0,0.0,11.98,3.10,0.0
20240512:0610,481.47,0.00,0.0,0.0,12.80,2.37,0.0
20240512:0710,657.75,0.00,0.0,0.0,14.26,1.85,0.0
20240512:0810,784.81,0.00,0.0,0.0,15.75,1.77,0.0
20240512:0910,842.42,0.00,0.0,0.0,16.62,2.05,0.0
20240512:1010,866.06,0.00,0.0,0.0,17.35,2.65,0.0
20240512:1110,802.91,0.00,0.0,0.0,17.94,3.44,0.0
20240512:1210,724.39,0.00,0.0,0.0,18.32,4.31,0.0
20240512:1310,585.37,0.00,0.0,0.0,18.49,5.16,0.0
20240512:1410,423.64,0.00,0.0,0.0,18.37,5.82,0.0
20240512:1510,227.17,0.00,0.0,0.0,17.91,6.19,0.0
20240512:1610,59.68,0.00,0.0,0.0,16.92,6.35,0.0
20240512:1710,0.00,0.00,0.0,0.0,15.60,6.34,0.0
20240512:1810,0.00,0.00,0.0,0.0,14.43,6.23,0.0
20240512:1910,0.00,0.00,0.0,0.0,13.83,5.87,0.0
20240512:2010,0.00,0.00,0.0,0.0,13.57,5.38,0.0
20240512:2110,0.00,0.00,0.0,0.0,13.41,4.97,0.0
20240512:2210,0.00,0.00,0.0,0.0,13.27,4.88,0.0
20240512:2310,0.00,0.00,0.0,0.0,13.09,4.91,0.0
20240513:0010,0.00,0.00,0.0,0.0,12.92,4.91,0.0
20240513:0110,0.00,0.00,0.0,0.0,12.79,4.92,0.0
20240513:0210,0.00,0.00,0.0,0.0,12.68,4.97,0.0
20240513:0310,27.75,0.00,0.0,0.0,12.56,5.15,0.0
20240513:0410,69.02,0.00,0.0,0.0,12.48,5.47,0.0
20240513:0510,97.25,0.00,0.0,0.0,12.34,6.29,0.0
20240513:0610,136.11,0.00,0.0,0.0,12.00,7.70,0.0
20240513:0710,226.40,0.00,0.0,0.0,11.48,9.01,0.0
20240513:0810,254.24,0.00,0.0,0.0,11.08,9.55,0.0
20240513:0910,356.21,0.00,0.0,0.0,11.08,9.34,0.0
20240513:1010,427.97,0.00,0.0,0.0,11.41,8.82,0.0
20240513:1110,407.53,0.00,0.0,0.0,11.75,8.31,0.0
20240513:1210,487.28,0.00,0.0,0.0,11.98,7.95,0.0
20240513:1310,441.16,0.00,0.0,0.0,12.14,7.63,0.0
20240513:1410,327.32,0.00,0.0,0.0,12.27,7.33,0.0
20240513:1510,171.48,0.00,0.0,0.0,12.34,6.97,0.0
20240513:1610,49.66,0.00,0.0,0.0,12.23,6.32,0.0
20240513:1710,0.00,0.00,0.0,0.0,11.98,5.56,0.0
20240513:1810,0.00,0.00,0.0,0.0,11.74,5.06,0.0
20240513:1910,0.00,0.00,0.0,0.0,11.58,4.66,0.0
20240513:2010,0.00,0.00,0.0,0.0,11.44,4.21,0.0
20240513:2110,0.00,0.00,0.0,0.0,11.30,3.70,0.0
20240513:2210,0.00,0.00,0.0,0.0,11.14,3.29,0.0
20240513:2310,0.00,0.00,0.0,0.0,10.96,2.95,0.0
20240514:0010,0.00,0.00,0.0,0.0,10.78,2.65,0.0
20240514:0110,0.00,0.00,0.0,0.0,10.61,2.36,0.0
20240514:0210,0.00,0.00,0.0,0.0,10.46,1.98,0.0
20240514:0310,69.74,0.00,0.0,0.0,10.34,1.50,0.0
20240514:0410,262.49,0.00,0.0,0.0,10.35,1.03,0.0
20240514:0510,448.42,0.00,0.0,0.0,10.59,0.80,0.0
20240514:0610,639.44,0.00,0.0,0.0,11.23,1.09,0.0
20240514:0710,763.63,0.00,0.0,0.0,12.03,1.34,0.0
20240514:0810,881.90,0.00,0.0,0.0,12.80,1.45,0.0
20240514:0910,898.43,0.00,0.0,0.0,13.51,1.44,0.0
20240514:1010,874.96,0.00,0.0,0.0,14.14,1.50,0.0
20240514:1110,857.25,0.00,0.0,0.0,14.67,1.81,0.0
20240514:1210,753.69,0.00,0.0,0.0,15.08,2.33,0.0
20240514:1310,621.72,0.00,0.0,0.0,15.36,2.98,0.0
20240514:1410,446.20,0.00,0.0,0.0,15.50,3.65,0.0
20240514:1510,246.50,0.00,0.0,0.0,15.44,4.21,0.0
20240514:1610,75.74,0.00,0.0,0.0,15.16,4.75,0.0
20240514:1710,0.00,0.00,0.0,0.0,14.61,5.33,0.0
20240514:1810,0.00,0.00,0.0,0.0,13.91,5.99,0.0
20240514:1910,0.00,0.00,0.0,0.0,13.30,6.29,0.0
20240514:2010,0.00,0.00,0.0,0.0,12.83,6.21,0.0
20240514:2110,0.00,0.00,0.0,0.0,12.49,6.04,0.0
20240514:2210,0.00,0.00,0.0,0.0,12.24,5.73,0.0
20240514:2310,0.00,0.00,0.0,0.0,12.04,5.26,0.0
20240515:0010,0.00,0.00,0.0,0.0,11.89,4.72,0.0
20240515:0110,0.00,0.00,0.0,0.0,11.78,4.26,0.0
20240515:0210,0.00,0.00,0.0,0.0,11.71,3.92,0.0
20240515:0310,60.71,0.00,0.0,0.0,11.66,3.65,0.0
20240515:0410,210.54,0.00,0.0,0.0,11.68,3.60,0.0
20240515:0510,403.75,0.00,0.0,0.0,12.19,3.33,0.0
20240515:0610,579.23,0.00,0.0,0.0,13.56,3.79,0.0
20240515:0710,748.04,0.00,0.0,0.0,14.67,4.55,0.0
20240515:0810,878.32,0.00,0.0,0.0,15.26,4.77,0.0
20240515:0910,918.35,0.00,0.0,0.0,15.71,4.85,0.0
20240515:1010,916.18,0.00,0.0,0.0,16.03,5.04,0.0
20240515:1110,839.76,0.00,0.0,0.0,16.19,5.31,0.0
20240515:1210,729.86,0.00,0.0,0.0,16.18,5.68,0.0
20240515:1310,564.63,0.00,0.0,0.0,15.96,6.19,0.0
20240515:1410,341.38,0.00,0.0,0.0,15.44,6.90,0.0
20240515:1510,182.13,0.00,0.0,0.0,14.65,7.60,0.0
20240515:1610,54.41,0.00,0.0,0.0,13.77,7.86,0.0
20240515:1710,0.00,0.00,0.0,0.0,13.02,7.64,0.0
20240515:1810,0.00,0.00,0.0,0.0,12.59,7.29,0.0
20240515:1910,0.00,0.00,0.0,0.0,12.43,7.02,0.0
20240515:2010,0.00,0.00,0.0,0.0,12.37,6.92,0.0
20240515:2110,0.00,0.00,0.0,0.0,12.34,6.90,0.0
20240515:2210,0.00,0.00,0.0,0.0,12.29,6.59,0.0
20240515:2310,0.00,0.00,0.0,0.0,12.24,6.00,0.0
20240516:0010,0.00,0.00,0.0,0.0,12.17,5.72,0.0
20240516:0110,0.00,0.00,0.0,0.0,12.07,5.72,0.0
20240516:0210,0.00,0.00,0.0,0.0,12.00,5.64,0.0
20240516:0310,61.22,0.00,0.0,0.0,11.96,5.33,0.0
20240516:0410,203.55,0.00,0.0,0.0,12.02,5.01,0.0
20240516:0510,385.39,0.00,0.0,0.0,12.36,4.94,0.0
20240516:0610,549.04,0.00,0.0,0.0,12.89,5.25,0.0
20240516:0710,687.41,0.00,0.0,0.0,13.52,5.38,0.0
20240516:0810,813.56,0.00,0.0,0.0,14.14,5.40,0.0
20240516:0910,891.27,0.00,0.0,0.0,14.72,5.39,0.0
20240516:1010,858.32,0.00,0.0,0.0,15.27,5.12,0.0
20240516:1110,754.26,0.00,0.0,0.0,15.69,5.34,0.0
20240516:1210,610.23,0.00,0.0,0.0,15.94,5.79,0.0
20240516:1310,519.88,0.00,0.0,0.0,16.05,5.84,0.0
20240516:1410,329.24,0.00,0.0,0.0,16.03,5.85,0.0
20240516:1510,175.28,0.00,0.0,0.0,15.83,6.22,0.0
20240516:1610,47.00,0.00,0.0,0.0,15.32,6.38,0.0
20240516:1710,0.00,0.00,0.0,0.0,14.51,6.15,0.0
20240516:1810,0.00,0.00,0.0,0.0,13.74,6.21,0.0
20240516:1910,0.00,0.00,0.0,0.0,13.26,6.44,0.0
20240516:2010,0.00,0.00,0.0,0.0,13.00,6.45,0.0
20240516:2110,0.00,0.00,0.0,0.0,12.85,6.00,0.0
20240516:2210,0.00,0.00,0.0,0.0,12.75,5.58,0.0
20240516:2310,0.00,0.00,0.0,0.0,12.70,5.41,0.0
20240517:0010,0.00,0.00,0.0,0.0,12.67,5.23,0.0
20240517:0110,0.00,0.00,0.0,0.0,12.66,5.06,0.0
20240517:0210,0.00,0.00,0.0,0.0,12.66,5.12,0.0
20240517:0310,35.73,0.00,0.0,0.0,12.65,5.43,0.0
20240517:0410,130.26,0.00,0.0,0.0,12.64,5.75,0.0
20240517:0510,260.62,0.00,0.0,0.0,12.75,6.17,0.0
20240517:0610,386.68,0.00,0.0,0.0,13.08,6.99,0.0
20240517:0710,575.80,0.00,0.0,0.0,13.73,7.45,0.0
20240517:0810,707.79,0.00,0.0,0.0,14.69,7.51,0.0
20240517:0910,801.11,0.00,0.0,0.0,15.79,7.09,0.0
20240517:1010,849.75,0.00,0.0,0.0,16.99,6.51,0.0
20240517:1110,786.04,0.00,0.0,0.0,17.94,6.25,0.0
20240517:1210,674.05,0.00,0.0,0.0,18.51,6.38,0.0
20240517:1310,523.02,0.00,0.0,0.0,18.70,6.61,0.0
20240517:1410,362.63,0.00,0.0,0.0,18.70,6.60,0.0
20240517:1510,191.27,0.00,0.0,0.0,18.43,6.64,0.0
20240517:1610,54.25,0.00,0.0,0.0,17.55,6.99,0.0
20240517:1710,0.00,0.00,0.0,0.0,16.15,7.29,0.0
20240517:1810,0.00,0.00,0.0,0.0,14.80,7.38,0.0
20240517:1910,0.00,0.00,0.0,0.0,14.05,6.92,0.0
20240517:2010,0.00,0.00,0.0,0.0,13.72,6.25,0.0
20240517:2110,0.00,0.00,0.0,0.0,13.57,5.66,0.0
20240517:2210,0.00,0.00,0.0,0.0,13.49,5.26,0.0
20240517:2310,0.00,0.00,0.0,0.0,13.42,4.79,0.0
20240518:0010,0.00,0.00,0.0,0.0,13.35,4.29,0.0
20240518:0110,0.00,0.00,0.0,0.0,13.30,3.93,0.0
20240518:0210,0.00,0.00,0.0,0.0,13.27,3.61,0.0
20240518:0310,66.02,0.00,0.0,0.0,13.25,3.24,0.0
20240518:0410,220.51,0.00,0.0,0.0,13.32,2.91,0.0
20240518:0510,389.06,0.00,0.0,0.0,13.74,2.59,0.0
20240518:0610,572.54,0.00,0.0,0.0,14.55,2.25,0.0
20240518:0710,716.04,0.00,0.0,0.0,15.47,2.14,0.0
20240518:0810,809.66,0.00,0.0,0.0,16.40,2.32,0.0
20240518:0910,900.04,0.00,0.0,0.0,17.32,2.51,0.0
20240518:1010,904.59,0.00,0.0,0.0,18.28,2.67,0.0
20240518:1110,862.74,0.00,0.0,0.0,19.01,2.96,0.0
20240518:1210,757.53,0.00,0.0,0.0,19.39,3.30,0.0
20240518:1310,623.07,0.00,0.0,0.0,19.54,3.66,0.0
20240518:1410,438.99,0.00,0.0,0.0,19.43,3.96,0.0
20240518:1510,238.12,0.00,0.0,0.0,19.09,4.27,0.0
20240518:1610,73.04,0.00,0.0,0.0,18.47,4.61,0.0
20240518:1710,0.00,0.00,0.0,0.0,17.46,5.07,0.0
20240518:1810,0.00,0.00,0.0,0.0,16.26,5.63,0.0
20240518:1910,0.00,0.00,0.0,0.0,15.36,5.94,0.0
20240518:2010,0.00,0.00,0.0,0.0,14.90,5.79,0.0
20240518:2110,0.00,0.00,0.0,0.0,14.75,5.32,0.0
20240518:2210,0.00,0.00,0.0,0.0,14.71,4.87,0.0
20240518:2310,0.00,0.00,0.0,0.0,14.70,4.84,0.0
20240519:0010,0.00,0.00,0.0,0.0,14.70,5.28,0.0
20240519:0110,0.00,0.00,0.0,0.0,14.67,5.86,0.0
20240519:0210,0.00,0.00,0.0,0.0,14.61,6.13,0.0
20240519:0310,45.01,0.00,0.0,0.0,14.58,5.80,0.0
20240519:0410,158.61,0.00,0.0,0.0,14.63,5.37,0.0
20240519:0510,302.72,0.00,0.0,0.0,14.90,5.18,0.0
20240519:0610,444.44,0.00,0.0,0.0,15.44,5.66,0.0
20240519:0710,487.36,0.00,0.0,0.0,16.01,6.12,0.0
20240519:0810,433.84,0.00,0.0,0.0,16.50,6.28,0.0
20240519:0910,355.36,0.00,0.0,0.0,16.79,6.38,0.0
20240519:1010,288.11,0.00,0.0,0.0,16.75,6.85,0.0
20240519:1110,287.59,0.00,0.0,0.0,16.51,7.55,0.0
20240519:1210,210.53,0.00,0.0,0.0,16.35,7.97,0.0
20240519:1310,164.33,0.00,0.0,0.0,16.24,8.00,0.0
20240519:1410,118.16,0.00,0.0,0.0,16.07,7.91,0.0
20240519:1510,62.24,0.00,0.0,0.0,15.90,7.72,0.0
20240519:1610,24.10,0.00,0.0,0.0,15.80,7.35,0.0
20240519:1710,0.00,0.00,0.0,0.0,15.59,6.94,0.0
20240519:1810,0.00,0.00,0.0,0.0,15.25,6.82,0.0
20240519:1910,0.00,0.00,0.0,0.0,15.00,6.72,0.0
20240519:2010,0.00,0.00,0.0,0.0,14.87,6.65,0.0
20240519:2110,0.00,0.00,0.0,0.0,14.77,6.84,0.0
20240519:2210,0.00,0.00,0.0,0.0,14.59,6.96,0.0
20240519:2310,0.00,0.00,0.0,0.0,14.42,6.77,0.0
20240520:0010,0.00,0.00,0.0,0.0,14.30,6.57,0.0
20240520:0110,0.00,0.00,0.0,0.0,14.22,6.35,0.0
20240520:0210,0.00,0.00,0.0,0.0,14.17,6.09,0.0
20240520:0310,53.52,0.00,0.0,0.0,14.12,5.71,0.0
20240520:0410,179.57,0.00,0.0,0.0,14.11,5.35,0.0
20240520:0510,338.39,0.00,0.0,0.0,14.45,4.93,0.0
20240520:0610,490.25,0.00,0.0,0.0,15.20,4.74,0.0
20240520:0710,623.42,0.00,0.0,0.0,16.12,4.63,0.0
20240520:0810,723.62,0.00,0.0,0.0,17.10,4.73,0.0
20240520:0910,706.69,0.00,0.0,0.0,18.04,4.92,0.0
20240520:1010,664.46,0.00,0.0,0.0,19.04,5.17,0.0
20240520:1110,617.89,0.00,0.0,0.0,19.86,5.63,0.0
20240520:1210,578.54,0.00,0.0,0.0,20.26,6.26,0.0
20240520:1310,490.73,0.00,0.0,0.0,20.27,7.01,0.0
20240520:1410,357.43,0.00,0.0,0.0,19.93,7.63,0.0
20240520:1510,197.21,0.00,0.0,0.0,19.21,7.90,0.0
20240520:1610,60.83,0.00,0.0,0.0,18.05,7.79,0.0
20240520:1710,0.00,0.00,0.0,0.0,16.69,7.29,0.0
20240520:1810,0.00,0.00,0.0,0.0,15.57,6.72,0.0
20240520:1910,0.00,0.00,0.0,0.0,14.95,6.29,0.0
20240520:2010,0.00,0.00,0.0,0.0,14.69,5.98,0.0
20240520:2110,0.00,0.00,0.0,0.0,14.54,5.71,0.0
20240520:2210,0.00,0.00,0.0,0.0,14.41,5.42,0.0
20240520:2310,0.00,0.00,0.0,0.0,14.31,5.31,0.0
20240521:0010,0.00,0.00,0.0,0.0,14.25,5.35,0.0
20240521:0110,0.00,0.00,0.0,0.0,14.21,5.34,0.0
20240521:0210,0.00,0.00,0.0,0.0,14.17,5.29,0.0
20240521:0310,69.64,0.00,0.0,0.0,14.13,5.22,0.0
20240521:0410,202.52,0.00,0.0,0.0,14.18,4.93,0.0
20240521:0510,351.54,0.00,0.0,0.0,14.59,4.60,0.0
20240521:0610,532.42,0.00,0.0,0.0,15.30,4.54,0.0
20240521:0710,711.70,0.00,0.0,0.0,16.04,4.28,0.0
20240521:0810,821.40,0.00,0.0,0.0,16.76,3.91,0.0
20240521:0910,884.03,0.00,0.0,0.0,17.53,3.85,0.0
20240521:1010,910.21,0.00,0.0,0.0,18.19,4.22,0.0
20240521:1110,868.81,0.00,0.0,0.0,18.77,4.85,0.0
20240521:1210,774.06,0.00,0.0,0.0,19.11,5.40,0.0
20240521:1310,629.05,0.00,0.0,0.0,19.12,5.71,0.0
20240521:1410,450.37,0.00,0.0,0.0,18.88,5.86,0.0
20240521:1510,253.82,0.00,0.0,0.0,18.38,5.85,0.0
20240521:1610,81.15,0.00,0.0,0.0,17.63,5.66,0.0
20240521:1710,0.00,0.00,0.0,0.0,16.60,5.50,0.0
20240521:1810,0.00,0.00,0.0,0.0,15.48,5.59,0.0
20240521:1910,0.00,0.00,0.0,0.0,14.72,5.48,0.0
20240521:2010,0.00,0.00,0.0,0.0,14.39,4.98,0.0
20240521:2110,0.00,0.00,0.0,0.0,14.31,4.46,0.0
20240521:2210,0.00,0.00,0.0,0.0,14.44,4.23,0.0
20240521:2310,0.00,0.00,0.0,0.0,14.61,4.22,0.0
20240522:0010,0.00,0.00,0.0,0.0,14.74,4.33,0.0
20240522:0110,0.00,0.00,0.0,0.0,14.85,4.57,0.0
20240522:0210,0.00,0.00,0.0,0.0,14.96,4.82,0.0
20240522:0310,62.93,0.00,0.0,0.0,15.01,4.87,0.0
20240522:0410,215.55,0.00,0.0,0.0,15.02,4.69,0.0
20240522:0510,388.81,0.00,0.0,0.0,15.40,4.18,0.0
20240522:0610,562.44,0.00,0.0,0.0,16.35,4.00,0.0
20240522:0710,724.50,0.00,0.0,0.0,17.43,3.70,0.0
20240522:0810,826.38,0.00,0.0,0.0,18.50,3.18,0.0
20240522:0910,799.08,0.00,0.0,0.0,19.55,2.66,0.0
20240522:1010,862.86,0.00,0.0,0.0,20.39,2.53,0.0
20240522:1110,763.24,0.00,0.0,0.0,21.06,2.73,0.0
20240522:1210,693.26,0.00,0.0,0.0,21.50,3.26,0.0
20240522:1310,537.46,0.00,0.0,0.0,21.63,3.86,0.0
20240522:1410,372.12,0.00,0.0,0.0,21.43,4.40,0.0
20240522:1510,195.75,0.00,0.0,0.0,20.85,4.73,0.0
20240522:1610,60.04,0.00,0.0,0.0,19.83,5.04,0.0
20240522:1710,1.73,0.00,0.0,0.0,18.37,5.62,0.0
20240522:1810,0.00,0.00,0.0,0.0,16.77,6.05,0.0
20240522:1910,0.00,0.00,0.0,0.0,15.70,5.84,0.0
20240522:2010,0.00,0.00,0.0,0.0,15.30,5.39,0.0
20240522:2110,0.00,0.00,0.0,0.0,15.18,5.03,0.0
20240522:2210,0.00,0.00,0.0,0.0,15.15,4.78,0.0
20240522:2310,0.00,0.00,0.0,0.0,15.13,4.52,0.0
20240523:0010,0.00,0.00,0.0,0.0,15.13,4.19,0.0
20240523:0110,0.00,0.00,0.0,0.0,15.16,3.79,0.0
20240523:0210,0.00,0.00,0.0,0.0,15.18,3.48,0.0
20240523:0310,57.92,0.00,0.0,0.0,15.21,3.36,0.0
20240523:0410,188.74,0.00,0.0,0.0,15.35,3.38,0.0
20240523:0510,332.91,0.00,0.0,0.0,15.79,3.35,0.0
20240523:0610,481.74,0.00,0.0,0.0,16.54,3.38,0.0
20240523:0710,610.84,0.00,0.0,0.0,17.45,3.59,0.0
20240523:0810,659.87,0.00,0.0,0.0,18.38,4.35,0.0
20240523:0910,739.57,0.00,0.0,0.0,19.07,5.33,0.0
20240523:1010,712.93,0.00,0.0,0.0,19.39,6.00,0.0
20240523:1110,559.55,0.00,0.0,0.0,19.28,6.07,0.0
20240523:1210,302.84,0.00,0.0,0.0,18.94,6.08,0.0
20240523:1310,203.40,0.00,0.0,0.0,18.36,6.53,0.0
20240523:1410,184.32,0.00,0.0,0.0,17.62,7.14,0.0
20240523:1510,106.62,0.00,0.0,0.0,16.97,7.44,0.0
20240523:1610,38.05,0.00,0.0,0.0,16.63,6.05,0.0
20240523:1710,1.84,0.00,0.0,0.0,16.28,4.32,0.0
20240523:1810,0.00,0.00,0.0,0.0,15.95,2.93,0.0
20240523:1910,0.00,0.00,0.0,0.0,15.79,2.72,0.0
20240523:2010,0.00,0.00,0.0,0.0,15.68,3.33,0.0
20240523:2110,0.00,0.00,0.0,0.0,15.52,4.29,0.0
20240523:2210,0.00,0.00,0.0,0.0,15.25,5.02,0.0
20240523:2310,0.00,0.00,0.0,0.0,14.98,5.35,0.0
20240524:0010,0.00,0.00,0.0,0.0,14.77,5.23,0.0
20240524:0110,0.00,0.00,0.0,0.0,14.64,4.63,0.0
20240524:0210,0.00,0.00,0.0,0.0,14.62,4.21,0.0
20240524:0310,35.27,0.00,0.0,0.0,14.69,3.97,0.0
20240524:0410,92.39,0.00,0.0,0.0,14.79,4.03,0.0
20240524:0510,193.36,0.00,0.0,0.0,14.96,4.13,0.0
20240524:0610,296.08,0.00,0.0,0.0,15.34,4.44,0.0
20240524:0710,457.77,0.00,0.0,0.0,16.01,4.84,0.0
20240524:0810,547.29,0.00,0.0,0.0,16.85,5.05,0.0
20240524:0910,667.18,0.00,0.0,0.0,17.59,5.09,0.0
20240524:1010,704.52,0.00,0.0,0.0,18.27,5.02,0.0
20240524:1110,668.98,0.00,0.0,0.0,18.83,4.88,0.0
20240524:1210,623.99,0.00,0.0,0.0,19.14,4.88,0.0
20240524:1310,524.35,0.00,0.0,0.0,19.16,4.97,0.0
20240524:1410,379.49,0.00,0.0,0.0,18.98,4.95,0.0
20240524:1510,216.17,0.00,0.0,0.0,18.70,4.66,0.0
20240524:1610,71.69,0.00,0.0,0.0,18.35,4.30,0.0
20240524:1710,2.00,0.00,0.0,0.0,17.85,4.13,0.0
20240524:1810,0.00,0.00,0.0,0.0,17.27,4.32,0.0
20240524:1910,0.00,0.00,0.0,0.0,16.79,4.55,0.0
20240524:2010,0.00,0.00,0.0,0.0,16.49,4.71,0.0
20240524:2110,0.00,0.00,0.0,0.0,16.28,5.06,0.0
20240524:2210,0.00,0.00,0.0,0.0,16.04,5.52,0.0
20240524:2310,0.00,0.00,0.0,0.0,15.78,5.83,0.0
20240525:0010,0.00,0.00,0.0,0.0,15.59,5.98,0.0
20240525:0110,0.00,0.00,0.0,0.0,15.51,6.13,0.0
20240525:0210,2.12,0.00,0.0,0.0,15.55,6.42,0.0
20240525:0310,68.88,0.00,0.0,0.0,15.66,6.76,0.0
20240525:0410,198.72,0.00,0.0,0.0,15.97,6.52,0.0
20240525:0510,341.66,0.00,0.0,0.0,16.43,6.25,0.0
20240525:0610,477.09,0.00,0.0,0.0,17.10,6.02,0.0
20240525:0710,647.91,0.00,0.0,0.0,17.93,5.95,0.0
20240525:0810,732.67,0.00,0.0,0.0,18.72,5.97,0.0
20240525:0910,836.93,0.00,0.0,0.0,19.38,6.36,0.0
20240525:1010,835.88,0.00,0.0,0.0,19.80,7.14,0.0
20240525:1110,812.64,0.00,0.0,0.0,19.89,7.97,0.0
20240525:1210,716.51,0.00,0.0,0.0,19.72,8.54,0.0
20240525:1310,568.82,0.00,0.0,0.0,19.36,8.88,0.0
20240525:1410,385.38,0.00,0.0,0.0,18.83,8.99,0.0
20240525:1510,215.49,0.00,0.0,0.0,18.16,8.90,0.0
20240525:1610,73.63,0.00,0.0,0.0,17.42,8.60,0.0
20240525:1710,1.77,0.00,0.0,0.0,16.68,8.00,0.0
20240525:1810,0.00,0.00,0.0,0.0,16.07,7.19,0.0
20240525:1910,0.00,0.00,0.0,0.0,15.69,6.45,0.0
20240525:2010,0.00,0.00,0.0,0.0,15.49,6.20,0.0
20240525:2110,0.00,0.00,0.0,0.0,15.43,6.33,0.0
20240525:2210,0.00,0.00,0.0,0.0,15.51,6.51,0.0
20240525:2310,0.00,0.00,0.0,0.0,15.61,6.58,0.0
20240526:0010,0.00,0.00,0.0,0.0,15.71,6.55,0.0
20240526:0110,0.00,0.00,0.0,0.0,15.78,6.57,0.0
20240526:0210,1.88,0.00,0.0,0.0,15.82,6.74,0.0
20240526:0310,75.74,0.00,0.0,0.0,15.82,7.04,0.0
20240526:0410,236.97,0.00,0.0,0.0,15.94,7.07,0.0
20240526:0510,403.83,0.00,0.0,0.0,16.41,7.39,0.0
20240526:0610,591.36,0.00,0.0,0.0,16.98,8.26,0.0
20240526:0710,710.22,0.00,0.0,0.0,17.36,8.62,0.0
20240526:0810,842.73,0.00,0.0,0.0,17.74,8.86,0.0
20240526:0910,902.89,0.00,0.0,0.0,18.07,9.15,0.0
20240526:1010,897.19,0.00,0.0,0.0,18.34,9.63,0.0
20240526:1110,872.61,0.00,0.0,0.0,18.49,10.25,0.0
20240526:1210,772.68,0.00,0.0,0.0,18.49,10.81,0.0
20240526:1310,631.97,0.00,0.0,0.0,18.35,11.20,0.0
20240526:1410,460.88,0.00,0.0,0.0,18.07,11.36,0.0
20240526:1510,269.30,0.00,0.0,0.0,17.67,11.35,0.0
20240526:1610,93.28,0.00,0.0,0.0,17.19,11.33,0.0
20240526:1710,3.67,0.00,0.0,0.0,16.63,11.26,0.0
20240526:1810,0.00,0.00,0.0,0.0,16.11,10.85,0.0
20240526:1910,0.00,0.00,0.0,0.0,15.76,10.13,0.0
20240526:2010,0.00,0.00,0.0,0.0,15.54,9.27,0.0
20240526:2110,0.00,0.00,0.0,0.0,15.36,8.83,0.0
20240526:2210,0.00,0.00,0.0,0.0,15.17,8.40,0.0
20240526:2310,0.00,0.00,0.0,0.0,14.99,7.64,0.0
20240527:0010,0.00,0.00,0.0,0.0,14.88,7.14,0.0
20240527:0110,0.00,0.00,0.0,0.0,14.82,6.79,0.0
20240527:0210,1.86,0.00,0.0,0.0,14.81,6.55,0.0
20240527:0310,75.44,0.00,0.0,0.0,14.83,6.41,0.0
20240527:0410,221.39,0.00,0.0,0.0,14.99,6.31,0.0
20240527:0510,379.46,0.00,0.0,0.0,15.50,6.46,0.0
20240527:0610,541.30,0.00,0.0,0.0,16.06,6.91,0.0
20240527:0710,642.50,0.00,0.0,0.0,16.46,6.96,0.0
20240527:0810,671.27,0.00,0.0,0.0,16.82,7.01,0.0
20240527:0910,780.77,0.00,0.0,0.0,17.08,7.08,0.0
20240527:1010,807.08,0.00,0.0,0.0,17.21,7.10,0.0
20240527:1110,778.21,0.00,0.0,0.0,17.27,6.90,0.0
20240527:1210,704.25,0.00,0.0,0.0,17.27,6.56,0.0
20240527:1310,567.69,0.00,0.0,0.0,17.21,6.17,0.0
20240527:1410,414.42,0.00,0.0,0.0,17.06,5.75,0.0
20240527:1510,240.39,0.00,0.0,0.0,16.82,5.29,0.0
20240527:1610,82.36,0.00,0.0,0.0,16.47,4.90,0.0
20240527:1710,5.56,0.00,0.0,0.0,15.98,4.53,0.0
20240527:1810,0.00,0.00,0.0,0.0,15.46,4.23,0.0
20240527:1910,0.00,0.00,0.0,0.0,15.09,3.79,0.0
20240527:2010,0.00,0.00,0.0,0.0,14.89,3.22,0.0
20240527:2110,0.00,0.00,0.0,0.0,14.80,2.68,0.0
20240527:2210,0.00,0.00,0.0,0.0,14.73,2.31,0.0
20240527:2310,0.00,0.00,0.0,0.0,14.65,2.21,0.0
20240528:0010,0.00,0.00,0.0,0.0,14.56,2.42,0.0
20240528:0110,0.00,0.00,0.0,0.0,14.47,2.96,0.0
20240528:0210,1.89,0.00,0.0,0.0,14.39,3.52,0.0
20240528:0310,72.97,0.00,0.0,0.0,14.31,3.81,0.0
20240528:0410,222.12,0.00,0.0,0.0,14.33,3.67,0.0
20240528:0510,387.97,0.00,0.0,0.0,14.67,3.20,0.0
20240528:0610,550.90,0.00,0.0,0.0,15.07,2.82,0.0
20240528:0710,683.80,0.00,0.0,0.0,15.60,2.46,0.0
20240528:0810,787.47,0.00,0.0,0.0,16.33,2.08,0.0
20240528:0910,848.93,0.00,0.0,0.0,17.03,1.94,0.0
20240528:1010,861.46,0.00,0.0,0.0,17.59,2.04,0.0
20240528:1110,828.34,0.00,0.0,0.0,18.04,2.17,0.0
20240528:1210,739.69,0.00,0.0,0.0,18.37,2.21,0.0
20240528:1310,605.26,0.00,0.0,0.0,18.58,2.25,0.0
20240528:1410,436.57,0.00,0.0,0.0,18.68,2.25,0.0
20240528:1510,254.04,0.00,0.0,0.0,18.63,2.28,0.0
20240528:1610,84.66,0.00,0.0,0.0,18.41,2.37,0.0
20240528:1710,5.67,0.00,0.0,0.0,18.02,2.54,0.0
20240528:1810,0.00,0.00,0.0,0.0,17.54,2.74,0.0
20240528:1910,0.00,0.00,0.0,0.0,17.14,2.62,0.0
20240528:2010,0.00,0.00,0.0,0.0,16.82,2.23,0.0
20240528:2110,0.00,0.00,0.0,0.0,16.56,2.03,0.0
20240528:2210,0.00,0.00,0.0,0.0,16.30,2.35,0.0
20240528:2310,0.00,0.00,0.0,0.0,16.05,2.77,0.0
20240529:0010,0.00,0.00,0.0,0.0,15.86,3.03,0.0
20240529:0110,0.00,0.00,0.0,0.0,15.74,3.21,0.0
20240529:0210,2.17,0.00,0.0,0.0,15.67,3.40,0.0
20240529:0310,88.97,0.00,0.0,0.0,15.63,3.54,0.0
20240529:0410,264.97,0.00,0.0,0.0,15.72,3.72,0.0
20240529:0510,444.20,0.00,0.0,0.0,16.28,3.54,0.0
20240529:0610,628.34,0.00,0.0,0.0,17.34,3.38,0.0
20240529:0710,737.63,0.00,0.0,0.0,18.32,3.32,0.0
20240529:0810,861.01,0.00,0.0,0.0,19.15,3.35,0.0
20240529:0910,891.88,0.00,0.0,0.0,19.89,3.39,0.0
20240529:1010,906.65,0.00,0.0,0.0,20.58,3.29,0.0
20240529:1110,856.10,0.00,0.0,0.0,21.20,3.04,0.0
20240529:1210,747.44,0.00,0.0,0.0,21.70,2.79,0.0
20240529:1310,594.75,0.00,0.0,0.0,22.08,2.54,0.0
20240529:1410,419.15,0.00,0.0,0.0,22.33,2.23,0.0
20240529:1510,241.79,0.00,0.0,0.0,22.42,1.74,0.0
20240529:1610,81.56,0.00,0.0,0.0,22.33,1.15,0.0
20240529:1710,5.53,0.00,0.0,0.0,22.02,0.53,0.0
20240529:1810,0.00,0.00,0.0,0.0,21.41,0.92,0.0
20240529:1910,0.00,0.00,0.0,0.0,20.76,2.43,0.0
20240529:2010,0.00,0.00,0.0,0.0,20.13,3.49,0.0
20240529:2110,0.00,0.00,0.0,0.0,19.56,4.00,0.0
20240529:2210,0.00,0.00,0.0,0.0,19.00,3.95,0.0
20240529:2310,0.00,0.00,0.0,0.0,18.51,3.74,0.0
20240530:0010,0.00,0.00,0.0,0.0,18.09,3.69,0.0
20240530:0110,0.00,0.00,0.0,0.0,17.65,3.81,0.0
20240530:0210,3.80,0.00,0.0,0.0,17.18,4.09,0.0
20240530:0310,83.84,0.00,0.0,0.0,16.72,4.45,0.0
20240530:0410,263.52,0.00,0.0,0.0,16.54,4.52,0.0
20240530:0510,440.52,0.00,0.0,0.0,17.08,4.05,0.0
20240530:0610,620.79,0.00,0.0,0.0,18.39,3.98,0.0
20240530:0710,749.45,0.00,0.0,0.0,19.50,4.09,0.0
20240530:0810,865.86,0.00,0.0,0.0,20.40,4.24,0.0
20240530:0910,918.56,0.00,0.0,0.0,21.16,4.38,0.0
20240530:1010,894.79,0.00,0.0,0.0,21.87,4.40,0.0
20240530:1110,865.13,0.00,0.0,0.0,22.50,4.27,0.0
20240530:1210,741.31,0.00,0.0,0.0,23.03,4.03,0.0
20240530:1310,575.66,0.00,0.0,0.0,23.46,3.73,0.0
20240530:1410,405.54,0.00,0.0,0.0,23.77,3.30,0.0
20240530:1510,229.17,0.00,0.0,0.0,23.92,2.66,0.0
20240530:1610,83.60,0.00,0.0,0.0,23.88,2.06,0.0
20240530:1710,5.76,0.00,0.0,0.0,23.59,1.60,0.0
20240530:1810,0.00,0.00,0.0,0.0,22.99,1.20,0.0
20240530:1910,0.00,0.00,0.0,0.0,22.34,1.74,0.0
20240530:2010,0.00,0.00,0.0,0.0,21.67,2.59,0.0
20240530:2110,0.00,0.00,0.0,0.0,21.05,3.38,0.0
20240530:2210,0.00,0.00,0.0,0.0,20.56,4.01,0.0
20240530:2310,0.00,0.00,0.0,0.0,20.19,4.35,0.0
20240531:0010,0.00,0.00,0.0,0.0,19.88,4.48,0.0
20240531:0110,0.00,0.00,0.0,0.0,19.61,4.55,0.0
20240531:0210,3.74,0.00,0.0,0.0,19.36,4.52,0.0
20240531:0310,91.35,0.00,0.0,0.0,19.13,4.50,0.0
20240531:0410,256.28,0.00,0.0,0.0,19.06,4.46,0.0
20240531:0510,441.65,0.00,0.0,0.0,19.43,4.15,0.0
20240531:0610,616.66,0.00,0.0,0.0,20.52,4.04,0.0
20240531:0710,739.86,0.00,0.0,0.0,21.75,4.29,0.0
20240531:0810,862.68,0.00,0.0,0.0,22.67,4.55,0.0
20240531:0910,877.25,0.00,0.0,0.0,23.39,4.73,0.0
20240531:1010,910.54,0.00,0.0,0.0,24.01,4.76,0.0
20240531:1110,851.38,0.00,0.0,0.0,24.58,4.64,0.0
20240531:1210,750.98,0.00,0.0,0.0,25.07,4.36,0.0
20240531:1310,618.94,0.00,0.0,0.0,25.47,3.92,0.0
20240531:1410,447.45,0.00,0.0,0.0,25.76,3.34,0.0
20240531:1510,265.56,0.00,0.0,0.0,25.88,2.58,0.0
20240531:1610,86.14,0.00,0.0,0.0,25.79,1.86,0.0
20240531:1710,7.69,0.00,0.0,0.0,25.42,1.19,0.0
20240531:1810,0.00,0.00,0.0,0.0,24.70,0.96,0.0
20240531:1910,0.00,0.00,0.0,0.0,23.86,1.80,0.0
20240531:2010,0.00,0.00,0.0,0.0,22.95,2.56,0.0
20240531:2110,0.00,0.00,0.0,0.0,22.19,2.85,0.0
20240531:2210,0.00,0.00,0.0,0.0,21.69,2.51,0.0
20240531:2310,0.00,0.00,0.0,0.0,21.34,2.07,0.0
20240601:0010,0.00,0.00,0.0,0.0,21.01,2.27,0.0
20240601:0110,0.00,0.00,0.0,0.0,20.63,2.96,0.0
20240601:0210,3.77,0.00,0.0,0.0,20.23,3.64,0.0
20240601:0310,97.52,0.00,0.0,0.0,19.88,3.97,0.0
20240601:0410,270.23,0.00,0.0,0.0,19.65,3.95,0.0
20240601:0510,454.93,0.00,0.0,0.0,19.95,3.60,0.0
20240601:0610,642.73,0.00,0.0,0.0,21.15,3.63,0.0
20240601:0710,775.22,0.00,0.0,0.0,22.44,4.04,0.0
20240601:0810,835.51,0.00,0.0,0.0,23.44,4.39,0.0
20240601:0910,937.00,0.00,0.0,0.0,24.28,4.61,0.0
20240601:1010,933.61,0.00,0.0,0.0,25.06,4.72,0.0
20240601:1110,893.72,0.00,0.0,0.0,25.76,4.65,0.0
20240601:1210,789.78,0.00,0.0,0.0,26.34,4.40,0.0
20240601:1310,645.59,0.00,0.0,0.0,26.79,4.01,0.0
20240601:1410,471.25,0.00,0.0,0.0,27.08,3.53,0.0
20240601:1510,286.94,0.00,0.0,0.0,27.20,2.99,0.0
20240601:1610,103.85,0.00,0.0,0.0,27.20,2.50,0.0
20240601:1710,8.19,0.00,0.0,0.0,26.88,2.07,0.0
20240601:1810,0.00,0.00,0.0,0.0,26.30,1.96,0.0
20240601:1910,0.00,0.00,0.0,0.0,25.71,2.22,0.0
20240601:2010,0.00,0.00,0.0,0.0,25.10,2.57,0.0
20240601:2110,0.00,0.00,0.0,0.0,24.46,2.89,0.0
20240601:2210,0.00,0.00,0.0,0.0,23.83,3.16,0.0
20240601:2310,0.00,0.00,0.0,0.0,23.26,3.37,0.0
20240602:0010,0.00,0.00,0.0,0.0,22.76,3.52,0.0
20240602:0110,0.00,0.00,0.0,0.0,22.31,3.60,0.0
20240602:0210,5.71,0.00,0.0,0.0,21.87,3.64,0.0
20240602:0310,82.54,0.00,0.0,0.0,21.41,3.64,0.0
20240602:0410,253.72,0.00,0.0,0.0,21.03,3.45,0.0
20240602:0510,461.45,0.00,0.0,0.0,21.07,2.90,0.0
20240602:0610,635.76,0.00,0.0,0.0,22.09,2.15,0.0
20240602:0710,771.67,0.00,0.0,0.0,23.76,1.79,0.0
20240602:0810,874.01,0.00,0.0,0.0,25.13,1.43,0.0
20240602:0910,918.64,0.00,0.0,0.0,26.17,1.08,0.0
20240602:1010,920.63,0.00,0.0,0.0,27.01,0.84,0.0
20240602:1110,884.62,0.00,0.0,0.0,27.65,0.61,0.0
20240602:1210,781.22,0.00,0.0,0.0,28.08,0.26,0.0
20240602:1310,643.16,0.00,0.0,0.0,28.34,0.50,0.0
20240602:1410,454.60,0.00,0.0,0.0,28.43,1.00,0.0
20240602:1510,267.42,0.00,0.0,0.0,28.23,1.53,0.0
20240602:1610,99.72,0.00,0.0,0.0,27.65,2.04,0.0
20240602:1710,8.29,0.00,0.0,0.0,26.82,2.57,0.0
20240602:1810,0.00,0.00,0.0,0.0,25.89,3.23,0.0
20240602:1910,0.00,0.00,0.0,0.0,25.05,3.71,0.0
20240602:2010,0.00,0.00,0.0,0.0,24.39,3.92,0.0
20240602:2110,0.00,0.00,0.0,0.0,23.93,3.89,0.0
20240602:2210,0.00,0.00,0.0,0.0,23.71,3.66,0.0
20240602:2310,0.00,0.00,0.0,0.0,23.62,3.14,0.0
20240603:0010,0.00,0.00,0.0,0.0,23.50,2.38,0.0
20240603:0110,0.00,0.00,0.0,0.0,23.32,1.54,0.0
20240603:0210,5.82,0.00,0.0,0.0,23.11,0.75,0.0
20240603:0310,90.72,0.00,0.0,0.0,22.84,0.52,0.0
20240603:0410,259.21,0.00,0.0,0.0,22.53,0.93,0.0
20240603:0510,417.79,0.00,0.0,0.0,22.54,1.33,0.0
20240603:0610,612.75,0.00,0.0,0.0,23.47,1.69,0.0
20240603:0710,753.80,0.00,0.0,0.0,25.13,2.27,0.0
20240603:0810,851.31,0.00,0.0,0.0,26.11,2.25,0.0
20240603:0910,912.81,0.00,0.0,0.0,26.98,1.99,0.0
20240603:1010,918.51,0.00,0.0,0.0,27.91,2.01,0.0
20240603:1110,878.81,0.00,0.0,0.0,28.68,2.56,0.0
20240603:1210,775.51,0.00,0.0,0.0,29.17,3.31,0.0
20240603:1310,628.17,0.00,0.0,0.0,29.34,3.96,0.0
20240603:1410,446.82,0.00,0.0,0.0,29.22,4.35,0.0
20240603:1510,267.80,0.00,0.0,0.0,28.73,4.58,0.0
20240603:1610,95.68,0.00,0.0,0.0,27.66,4.97,0.0
20240603:1710,8.30,0.00,0.0,0.0,26.11,5.66,0.0
20240603:1810,0.00,0.00,0.0,0.0,24.52,6.44,0.0
20240603:1910,0.00,0.00,0.0,0.0,23.31,6.97,0.0
20240603:2010,0.00,0.00,0.0,0.0,22.48,6.69,0.0
20240603:2110,0.00,0.00,0.0,0.0,21.99,6.11,0.0
20240603:2210,0.00,0.00,0.0,0.0,21.79,5.43,0.0
20240603:2310,0.00,0.00,0.0,0.0,21.72,4.79,0.0
20240604:0010,0.00,0.00,0.0,0.0,21.68,4.40,0.0
20240604:0110,0.00,0.00,0.0,0.0,21.64,4.20,0.0
20240604:0210,5.60,0.00,0.0,0.0,21.59,4.11,0.0
20240604:0310,70.79,0.00,0.0,0.0,21.54,4.08,0.0
20240604:0410,221.89,0.00,0.0,0.0,21.50,3.80,0.0
20240604:0510,389.56,0.00,0.0,0.0,21.70,2.99,0.0
20240604:0610,566.85,0.00,0.0,0.0,22.51,2.09,0.0
20240604:0710,714.89,0.00,0.0,0.0,23.96,1.45,0.0
20240604:0810,831.95,0.00,0.0,0.0,25.56,0.82,0.0
20240604:0910,871.26,0.00,0.0,0.0,27.00,0.22,0.0
20240604:1010,890.41,0.00,0.0,0.0,28.41,0.66,0.0
20240604:1110,840.05,0.00,0.0,0.0,29.28,1.30,0.0
20240604:1210,749.44,0.00,0.0,0.0,29.89,2.11,0.0
20240604:1310,611.26,0.00,0.0,0.0,30.29,2.50,0.0
20240604:1410,438.35,0.00,0.0,0.0,30.48,1.81,0.0
20240604:1510,256.42,0.00,0.0,0.0,30.38,0.55,0.0
20240604:1610,94.99,0.00,0.0,0.0,29.95,0.86,0.0
20240604:1710,8.52,0.00,0.0,0.0,29.31,1.25,0.0
20240604:1810,0.00,0.00,0.0,0.0,28.51,1.19,0.0
20240604:1910,0.00,0.00,0.0,0.0,27.68,1.43,0.0
20240604:2010,0.00,0.00,0.0,0.0,26.77,2.49,0.0
20240604:2110,0.00,0.00,0.0,0.0,25.88,3.78,0.0
20240604:2210,0.00,0.00,0.0,0.0,25.12,5.30,0.0
20240604:2310,0.00,0.00,0.0,0.0,24.30,6.63,0.0
20240605:0010,0.00,0.00,0.0,0.0,23.40,7.06,0.0
20240605:0110,0.00,0.00,0.0,0.0,22.71,7.03,0.0
20240605:0210,5.97,0.00,0.0,0.0,22.26,6.81,0.0
20240605:0310,92.31,0.00,0.0,0.0,21.94,6.38,0.0
20240605:0410,258.29,0.00,0.0,0.0,21.85,5.46,0.0
20240605:0510,442.79,0.00,0.0,0.0,22.34,3.99,0.0
20240605:0610,615.93,0.00,0.0,0.0,23.30,2.93,0.0
20240605:0710,750.08,0.00,0.0,0.0,24.30,2.59,0.0
20240605:0810,858.80,0.00,0.0,0.0,25.16,2.85,0.0
20240605:0910,901.50,0.00,0.0,0.0,25.88,3.24,0.0
20240605:1010,924.79,0.00,0.0,0.0,26.56,3.40,0.0
20240605:1110,879.31,0.00,0.0,0.0,27.13,3.57,0.0
20240605:1210,781.49,0.00,0.0,0.0,27.53,3.94,0.0
20240605:1310,636.20,0.00,0.0,0.0,27.73,4.34,0.0
20240605:1410,463.17,0.00,0.0,0.0,27.70,4.69,0.0
20240605:1510,280.86,0.00,0.0,0.0,27.34,5.03,0.0
20240605:1610,104.45,0.00,0.0,0.0,26.50,5.43,0.0
20240605:1710,9.00,0.00,0.0,0.0,25.23,5.76,0.0
20240605:1810,0.00,0.00,0.0,0.0,23.88,6.03,0.0
20240605:1910,0.00,0.00,0.0,0.0,22.91,6.36,0.0
20240605:2010,0.00,0.00,0.0,0.0,22.33,6.41,0.0
20240605:2110,0.00,0.00,0.0,0.0,21.98,6.33,0.0
20240605:2210,0.00,0.00,0.0,0.0,21.81,5.69,0.0
20240605:2310,0.00,0.00,0.0,0.0,21.77,4.55,0.0
20240606:0010,0.00,0.00,0.0,0.0,21.81,2.97,0.0
20240606:0110,0.00,0.00,0.0,0.0,21.97,1.54,0.0
20240606:0210,5.34,0.00,0.0,0.0,22.13,1.46,0.0
20240606:0310,68.18,0.00,0.0,0.0,21.98,1.82,0.0
20240606:0410,186.77,0.00,0.0,0.0,21.66,1.40,0.0
20240606:0510,331.36,0.00,0.0,0.0,21.99,2.17,0.0
20240606:0610,500.17,0.00,0.0,0.0,23.08,3.81,0.0
20240606:0710,710.91,0.00,0.0,0.0,23.88,4.52,0.0
20240606:0810,835.55,0.00,0.0,0.0,24.49,4.45,0.0
20240606:0910,893.55,0.00,0.0,0.0,25.03,4.24,0.0
20240606:1010,887.39,0.00,0.0,0.0,25.61,4.02,0.0
20240606:1110,852.60,0.00,0.0,0.0,26.06,4.01,0.0
20240606:1210,757.06,0.00,0.0,0.0,26.24,4.38,0.0
20240606:1310,615.60,0.00,0.0,0.0,26.14,4.99,0.0
20240606:1410,415.62,0.00,0.0,0.0,25.79,5.62,0.0
20240606:1510,236.44,0.00,0.0,0.0,25.17,6.14,0.0
20240606:1610,85.03,0.00,0.0,0.0,24.26,6.53,0.0
20240606:1710,8.61,0.00,0.0,0.0,23.09,6.60,0.0
20240606:1810,0.00,0.00,0.0,0.0,21.97,6.40,0.0
20240606:1910,0.00,0.00,0.0,0.0,21.27,6.25,0.0
20240606:2010,0.00,0.00,0.0,0.0,20.95,5.81,0.0
20240606:2110,0.00,0.00,0.0,0.0,20.85,5.26,0.0
20240606:2210,0.00,0.00,0.0,0.0,20.94,5.24,0.0
20240606:2310,0.00,0.00,0.0,0.0,21.09,5.64,0.0
20240607:0010,0.00,0.00,0.0,0.0,21.19,6.10,0.0
20240607:0110,0.00,0.00,0.0,0.0,21.26,6.37,0.0
20240607:0210,5.62,0.00,0.0,0.0,21.32,6.61,0.0
20240607:0310,73.14,0.00,0.0,0.0,21.34,7.17,0.0
20240607:0410,227.53,0.00,0.0,0.0,21.39,7.62,0.0
20240607:0510,398.55,0.00,0.0,0.0,21.93,7.36,0.0
20240607:0610,559.28,0.00,0.0,0.0,22.81,7.76,0.0
20240607:0710,683.43,0.00,0.0,0.0,23.41,8.01,0.0
20240607:0810,759.44,0.00,0.0,0.0,23.66,7.45,0.0
20240607:0910,822.57,0.00,0.0,0.0,23.66,6.36,0.0
20240607:1010,832.81,0.00,0.0,0.0,23.71,5.45,0.0
20240607:1110,749.22,0.00,0.0,0.0,23.78,4.95,0.0
20240607:1210,679.00,0.00,0.0,0.0,23.72,5.04,0.0
20240607:1310,550.61,0.00,0.0,0.0,23.60,5.74,0.0
20240607:1410,392.45,0.00,0.0,0.0,23.35,5.84,0.0
20240607:1510,238.52,0.00,0.0,0.0,22.98,5.22,0.0
20240607:1610,91.89,0.00,0.0,0.0,22.58,5.05,0.0
20240607:1710,9.33,0.00,0.0,0.0,22.20,5.20,0.0
20240607:1810,0.00,0.00,0.0,0.0,21.95,5.02,0.0
20240607:1910,0.00,0.00,0.0,0.0,21.90,4.84,0.0
20240607:2010,0.00,0.00,0.0,0.0,21.88,4.95,0.0
20240607:2110,0.00,0.00,0.0,0.0,21.75,5.17,0.0
20240607:2210,0.00,0.00,0.0,0.0,21.41,5.10,0.0
20240607:2310,0.00,0.00,0.0,0.0,21.03,4.87,0.0
20240608:0010,0.00,0.00,0.0,0.0,20.75,4.75,0.0
20240608:0110,0.00,0.00,0.0,0.0,20.55,4.89,0.0
20240608:0210,6.13,0.00,0.0,0.0,20.40,5.19,0.0
20240608:0310,91.80,0.00,0.0,0.0,20.34,5.59,0.0
20240608:0410,267.22,0.00,0.0,0.0,20.55,5.53,0.0
20240608:0510,452.01,0.00,0.0,0.0,21.27,5.37,0.0
20240608:0610,632.18,0.00,0.0,0.0,22.27,5.82,0.0
20240608:0710,759.83,0.00,0.0,0.0,23.13,6.26,0.0
20240608:0810,885.13,0.00,0.0,0.0,23.82,6.70,0.0
20240608:0910,934.38,0.00,0.0,0.0,24.31,7.12,0.0
20240608:1010,926.73,0.00,0.0,0.0,24.57,7.68,0.0
20240608:1110,882.09,0.00,0.0,0.0,24.66,8.30,0.0
20240608:1210,791.83,0.00,0.0,0.0,24.64,8.76,0.0
20240608:1310,651.17,0.00,0.0,0.0,24.52,9.01,0.0
20240608:1410,479.15,0.00,0.0,0.0,24.24,9.05,0.0
20240608:1510,294.55,0.00,0.0,0.0,23.78,8.93,0.0
20240608:1610,111.78,0.00,0.0,0.0,23.20,8.67,0.0
20240608:1710,10.39,0.00,0.0,0.0,22.48,8.09,0.0
20240608:1810,0.00,0.00,0.0,0.0,21.74,7.45,0.0
20240608:1910,0.00,0.00,0.0,0.0,21.22,6.91,0.0
20240608:2010,0.00,0.00,0.0,0.0,20.94,6.49,0.0
20240608:2110,0.00,0.00,0.0,0.0,20.77,6.17,0.0
20240608:2210,0.00,0.00,0.0,0.0,20.67,5.91,0.0
20240608:2310,0.00,0.00,0.0,0.0,20.59,5.59,0.0
20240609:0010,0.00,0.00,0.0,0.0,20.53,5.26,0.0
20240609:0110,0.00,0.00,0.0,0.0,20.48,5.02,0.0
20240609:0210,6.20,0.00,0.0,0.0,20.45,4.79,0.0
20240609:0310,96.04,0.00,0.0,0.0,20.47,4.50,0.0
20240609:0410,276.52,0.00,0.0,0.0,20.66,4.21,0.0
20240609:0510,463.35,0.00,0.0,0.0,21.38,4.04,0.0
20240609:0610,629.09,0.00,0.0,0.0,22.47,4.39,0.0
20240609:0710,776.10,0.00,0.0,0.0,23.48,4.79,0.0
20240609:0810,846.42,0.00,0.0,0.0,24.32,5.10,0.0
20240609:0910,932.89,0.00,0.0,0.0,25.07,5.31,0.0
20240609:1010,936.22,0.00,0.0,0.0,25.74,5.62,0.0
20240609:1110,903.89,0.00,0.0,0.0,26.29,6.05,0.0
20240609:1210,809.76,0.00,0.0,0.0,26.64,6.51,0.0
20240609:1310,658.17,0.00,0.0,0.0,26.83,6.86,0.0
20240609:1410,473.41,0.00,0.0,0.0,26.82,7.09,0.0
20240609:1510,305.78,0.00,0.0,0.0,26.53,7.19,0.0
20240609:1610,118.95,0.00,0.0,0.0,25.77,7.11,0.0
20240609:1710,11.01,0.00,0.0,0.0,24.63,6.73,0.0
20240609:1810,0.00,0.00,0.0,0.0,23.45,6.37,0.0
20240609:1910,0.00,0.00,0.0,0.0,22.58,6.14,0.0
20240609:2010,0.00,0.00,0.0,0.0,22.00,5.81,0.0
20240609:2110,0.00,0.00,0.0,0.0,21.58,5.47,0.0
20240609:2210,0.00,0.00,0.0,0.0,21.28,5.15,0.0
20240609:2310,0.00,0.00,0.0,0.0,21.04,4.80,0.0
20240610:0010,0.00,0.00,0.0,0.0,20.83,4.42,0.0
20240610:0110,0.00,0.00,0.0,0.0,20.66,4.01,0.0
20240610:0210,6.42,0.00,0.0,0.0,20.56,3.51,0.0
20240610:0310,94.81,0.00,0.0,0.0,20.50,3.03,0.0
20240610:0410,268.41,0.00,0.0,0.0,20.53,2.66,0.0
20240610:0510,452.45,0.00,0.0,0.0,21.10,1.93,0.0
20240610:0610,628.38,0.00,0.0,0.0,22.72,1.47,0.0
20240610:0710,765.91,0.00,0.0,0.0,24.65,1.41,0.0
20240610:0810,874.17,0.00,0.0,0.0,26.01,1.50,0.0
20240610:0910,909.26,0.00,0.0,0.0,26.92,1.73,0.0
20240610:1010,939.94,0.00,0.0,0.0,27.64,2.07,0.0
20240610:1110,894.86,0.00,0.0,0.0,28.21,2.51,0.0
20240610:1210,794.61,0.00,0.0,0.0,28.64,2.97,0.0
20240610:1310,644.34,0.00,0.0,0.0,28.95,3.36,0.0
20240610:1410,466.38,0.00,0.0,0.0,29.07,3.58,0.0
20240610:1510,271.37,0.00,0.0,0.0,28.87,3.65,0.0
20240610:1610,100.81,0.00,0.0,0.0,28.24,3.65,0.0
20240610:1710,9.68,0.00,0.0,0.0,27.23,3.88,0.0
20240610:1810,0.00,0.00,0.0,0.0,26.05,4.52,0.0
20240610:1910,0.00,0.00,0.0,0.0,25.02,4.97,0.0
20240610:2010,0.00,0.00,0.0,0.0,24.30,4.98,0.0
20240610:2110,0.00,0.00,0.0,0.0,23.84,4.58,0.0
20240610:2210,0.00,0.00,0.0,0.0,23.60,3.77,0.0
20240610:2310,0.00,0.00,0.0,0.0,23.48,3.00,0.0
20240611:0010,0.00,0.00,0.0,0.0,23.41,2.61,0.0
20240611:0110,0.00,0.00,0.0,0.0,23.29,2.56,0.0
20240611:0210,5.55,0.00,0.0,0.0,23.13,2.81,0.0
20240611:0310,74.21,0.00,0.0,0.0,22.98,3.21,0.0
20240611:0410,221.71,0.00,0.0,0.0,22.94,3.65,0.0
20240611:0510,395.74,0.00,0.0,0.0,23.25,3.38,0.0
20240611:0610,561.22,0.00,0.0,0.0,24.41,2.31,0.0
20240611:0710,712.04,0.00,0.0,0.0,26.51,1.79,0.0
20240611:0810,826.51,0.00,0.0,0.0,28.31,1.63,0.0
20240611:0910,867.97,0.00,0.0,0.0,29.64,2.26,0.0
20240611:1010,894.50,0.00,0.0,0.0,30.64,3.00,0.0
20240611:1110,861.42,0.00,0.0,0.0,31.36,3.49,0.0
20240611:1210,752.59,0.00,0.0,0.0,31.93,3.77,0.0
20240611:1310,606.63,0.00,0.0,0.0,32.37,3.84,0.0
20240611:1410,436.75,0.00,0.0,0.0,32.63,3.49,0.0
20240611:1510,264.63,0.00,0.0,0.0,32.64,2.85,0.0
20240611:1610,95.43,0.00,0.0,0.0,32.34,2.34,0.0
20240611:1710,10.31,0.00,0.0,0.0,31.65,2.29,0.0
20240611:1810,0.00,0.00,0.0,0.0,30.87,2.43,0.0
20240611:1910,0.00,0.00,0.0,0.0,30.05,2.41,0.0
20240611:2010,0.00,0.00,0.0,0.0,29.20,2.82,0.0
20240611:2110,0.00,0.00,0.0,0.0,28.43,3.65,0.0
20240611:2210,0.00,0.00,0.0,0.0,27.66,4.69,0.0
20240611:2310,0.00,0.00,0.0,0.0,26.82,5.64,0.0
20240612:0010,0.00,0.00,0.0,0.0,26.01,6.32,0.0
20240612:0110,0.00,0.00,0.0,0.0,25.33,6.81,0.0
20240612:0210,5.40,0.00,0.0,0.0,24.75,7.02,0.0
20240612:0310,79.85,0.00,0.0,0.0,24.19,7.06,0.0
20240612:0410,235.54,0.00,0.0,0.0,23.80,6.61,0.0
20240612:0510,410.11,0.00,0.0,0.0,24.06,5.40,0.0
20240612:0610,586.45,0.00,0.0,0.0,24.99,4.24,0.0
20240612:0710,718.29,0.00,0.0,0.0,25.99,3.12,0.0
20240612:0810,793.94,0.00,0.0,0.0,27.10,2.37,0.0
20240612:0910,894.40,0.00,0.0,0.0,28.31,2.04,0.0
20240612:1010,902.22,0.00,0.0,0.0,29.17,1.91,0.0
20240612:1110,861.87,0.00,0.0,0.0,29.69,2.06,0.0
20240612:1210,760.21,0.00,0.0,0.0,29.91,2.59,0.0
20240612:1310,620.15,0.00,0.0,0.0,29.85,3.42,0.0
20240612:1410,448.44,0.00,0.0,0.0,29.51,4.44,0.0
20240612:1510,264.72,0.00,0.0,0.0,28.82,5.66,0.0
20240612:1610,105.26,0.00,0.0,0.0,27.72,6.73,0.0
20240612:1710,10.75,0.00,0.0,0.0,26.18,7.48,0.0
20240612:1810,0.00,0.00,0.0,0.0,24.52,7.88,0.0
20240612:1910,0.00,0.00,0.0,0.0,23.39,7.62,0.0
20240612:2010,0.00,0.00,0.0,0.0,22.93,6.60,0.0
20240612:2110,0.00,0.00,0.0,0.0,22.78,5.30,0.0
20240612:2210,0.00,0.00,0.0,0.0,22.93,4.50,0.0
20240612:2310,0.00,0.00,0.0,0.0,23.20,4.37,0.0
20240613:0010,0.00,0.00,0.0,0.0,23.43,4.29,0.0
20240613:0110,0.00,0.00,0.0,0.0,23.64,3.96,0.0
20240613:0210,5.82,0.00,0.0,0.0,23.83,3.67,0.0
20240613:0310,66.51,0.00,0.0,0.0,23.97,4.06,0.0
20240613:0410,209.64,0.00,0.0,0.0,24.01,3.78,0.0
20240613:0510,375.63,0.00,0.0,0.0,24.32,2.55,0.0
20240613:0610,536.69,0.00,0.0,0.0,25.05,1.34,0.0
20240613:0710,667.97,0.00,0.0,0.0,25.93,0.49,0.0
20240613:0810,770.07,0.00,0.0,0.0,27.07,1.06,0.0
20240613:0910,826.57,0.00,0.0,0.0,28.72,2.72,0.0
20240613:1010,849.75,0.00,0.0,0.0,29.99,3.96,0.0
20240613:1110,779.94,0.00,0.0,0.0,30.65,4.13,0.0
20240613:1210,728.20,0.00,0.0,0.0,30.80,3.52,0.0
20240613:1310,583.13,0.00,0.0,0.0,30.64,2.75,0.0
20240613:1410,407.87,0.00,0.0,0.0,30.45,2.42,0.0
20240613:1510,235.52,0.00,0.0,0.0,30.12,2.35,0.0
20240613:1610,88.07,0.00,0.0,0.0,29.51,2.51,0.0
20240613:1710,10.15,0.00,0.0,0.0,28.47,2.75,0.0
20240613:1810,0.00,0.00,0.0,0.0,27.17,3.26,0.0
20240613:1910,0.00,0.00,0.0,0.0,26.13,3.64,0.0
20240613:2010,0.00,0.00,0.0,0.0,25.51,3.51,0.0
20240613:2110,0.00,0.00,0.0,0.0,25.32,3.03,0.0
20240613:2210,0.00,0.00,0.0,0.0,25.61,2.62,0.0
20240613:2310,0.00,0.00,0.0,0.0,26.25,2.66,0.0
20240614:0010,0.00,0.00,0.0,0.0,26.89,3.46,0.0
20240614:0110,0.00,0.00,0.0,0.0,27.36,4.53,0.0
20240614:0210,5.64,0.00,0.0,0.0,27.51,5.98,0.0
20240614:0310,60.78,0.00,0.0,0.0,27.12,6.60,0.0
20240614:0410,196.99,0.00,0.0,0.0,26.31,5.60,0.0
20240614:0510,350.50,0.00,0.0,0.0,25.76,3.90,0.0
20240614:0610,474.56,0.00,0.0,0.0,26.09,2.26,0.0
20240614:0710,501.96,0.00,0.0,0.0,27.36,1.56,0.0
20240614:0810,712.27,0.00,0.0,0.0,28.19,2.36,0.0
20240614:0910,742.04,0.00,0.0,0.0,27.78,3.67,0.0
20240614:1010,717.90,0.00,0.0,0.0,27.04,5.22,0.0
20240614:1110,617.97,0.00,0.0,0.0,26.69,5.36,0.0
20240614:1210,429.83,0.00,0.0,0.0,26.35,5.94,0.0
20240614:1310,374.06,0.00,0.0,0.0,25.50,7.12,0.0
20240614:1410,247.23,0.00,0.0,0.0,24.30,8.89,0.0
20240614:1510,126.60,0.00,0.0,0.0,23.22,10.00,0.0
20240614:1610,55.62,0.00,0.0,0.0,22.35,9.73,0.0
20240614:1710,7.93,0.00,0.0,0.0,21.36,9.42,0.0
20240614:1810,0.00,0.00,0.0,0.0,20.45,9.22,0.0
20240614:1910,0.00,0.00,0.0,0.0,19.89,6.85,0.0
20240614:2010,0.00,0.00,0.0,0.0,19.49,4.73,0.0
20240614:2110,0.00,0.00,0.0,0.0,19.22,4.22,0.0
20240614:2210,0.00,0.00,0.0,0.0,19.05,4.66,0.0
20240614:2310,0.00,0.00,0.0,0.0,18.94,4.88,0.0
20240615:0010,0.00,0.00,0.0,0.0,18.83,4.70,0.0
20240615:0110,0.00,0.00,0.0,0.0,18.72,4.53,0.0
20240615:0210,5.27,0.00,0.0,0.0,18.58,4.43,0.0
20240615:0310,77.18,0.00,0.0,0.0,18.46,4.37,0.0
20240615:0410,224.48,0.00,0.0,0.0,18.59,4.18,0.0
20240615:0510,400.47,0.00,0.0,0.0,19.10,3.93,0.0
20240615:0610,564.43,0.00,0.0,0.0,19.66,3.97,0.0
20240615:0710,678.86,0.00,0.0,0.0,20.35,4.12,0.0
20240615:0810,821.22,0.00,0.0,0.0,21.10,4.38,0.0
20240615:0910,859.55,0.00,0.0,0.0,21.78,4.73,0.0
20240615:1010,859.12,0.00,0.0,0.0,22.31,4.86,0.0
20240615:1110,850.60,0.00,0.0,0.0,22.70,4.79,0.0
20240615:1210,770.90,0.00,0.0,0.0,22.96,4.63,0.0
20240615:1310,645.65,0.00,0.0,0.0,23.12,4.38,0.0
20240615:1410,470.43,0.00,0.0,0.0,23.20,4.06,0.0
20240615:1510,288.52,0.00,0.0,0.0,23.17,3.75,0.0
20240615:1610,103.84,0.00,0.0,0.0,22.85,3.58,0.0
20240615:1710,12.46,0.00,0.0,0.0,22.31,3.53,0.0
20240615:1810,0.00,0.00,0.0,0.0,21.66,3.62,0.0
20240615:1910,0.00,0.00,0.0,0.0,21.08,3.72,0.0
20240615:2010,0.00,0.00,0.0,0.0,20.58,3.64,0.0
20240615:2110,0.00,0.00,0.0,0.0,20.23,3.48,0.0
20240615:2210,0.00,0.00,0.0,0.0,20.13,3.30,0.0
20240615:2310,0.00,0.00,0.0,0.0,20.20,3.18,0.0
20240616:0010,0.00,0.00,0.0,0.0,20.27,3.13,0.0
20240616:0110,0.00,0.00,0.0,0.0,20.32,3.22,0.0
20240616:0210,6.23,0.00,0.0,0.0,20.36,3.40,0.0
20240616:0310,94.25,0.00,0.0,0.0,20.38,3.65,0.0
20240616:0410,286.65,0.00,0.0,0.0,20.41,3.64,0.0
20240616:0510,483.02,0.00,0.0,0.0,20.83,3.19,0.0
20240616:0610,633.59,0.00,0.0,0.0,21.71,2.92,0.0
20240616:0710,786.32,0.00,0.0,0.0,22.70,2.59,0.0
20240616:0810,887.99,0.00,0.0,0.0,23.65,2.48,0.0
20240616:0910,941.42,0.00,0.0,0.0,24.42,2.81,0.0
20240616:1010,940.65,0.00,0.0,0.0,24.99,3.38,0.0
20240616:1110,906.11,0.00,0.0,0.0,25.39,3.96,0.0
20240616:1210,813.37,0.00,0.0,0.0,25.60,4.44,0.0
20240616:1310,678.58,0.00,0.0,0.0,25.64,4.88,0.0
20240616:1410,504.91,0.00,0.0,0.0,25.54,5.27,0.0
20240616:1510,318.13,0.00,0.0,0.0,25.29,5.61,0.0
20240616:1610,123.02,0.00,0.0,0.0,24.86,5.76,0.0
20240616:1710,13.46,0.00,0.0,0.0,24.15,5.70,0.0
20240616:1810,0.00,0.00,0.0,0.0,23.23,5.88,0.0
20240616:1910,0.00,0.00,0.0,0.0,22.43,6.16,0.0
20240616:2010,0.00,0.00,0.0,0.0,21.85,5.75,0.0
20240616:2110,0.00,0.00,0.0,0.0,21.45,4.94,0.0
20240616:2210,0.00,0.00,0.0,0.0,21.20,4.22,0.0
20240616:2310,0.00,0.00,0.0,0.0,21.03,3.74,0.0
20240617:0010,0.00,0.00,0.0,0.0,20.91,3.49,0.0
20240617:0110,0.00,0.00,0.0,0.0,20.80,3.50,0.0
20240617:0210,6.30,0.00,0.0,0.0,20.71,3.63,0.0
20240617:0310,94.32,0.00,0.0,0.0,20.65,3.76,0.0
20240617:0410,286.78,0.00,0.0,0.0,20.80,3.56,0.0
20240617:0510,480.76,0.00,0.0,0.0,21.72,3.00,0.0
20240617:0610,636.59,0.00,0.0,0.0,23.23,3.30,0.0
20240617:0710,756.96,0.00,0.0,0.0,24.42,3.39,0.0
20240617:0810,894.25,0.00,0.0,0.0,25.35,3.49,0.0
20240617:0910,914.35,0.00,0.0,0.0,26.10,3.86,0.0
20240617:1010,956.46,0.00,0.0,0.0,26.64,4.53,0.0
20240617:1110,912.87,0.00,0.0,0.0,26.91,5.28,0.0
20240617:1210,819.47,0.00,0.0,0.0,27.00,5.99,0.0
20240617:1310,673.98,0.00,0.0,0.0,26.93,6.61,0.0
20240617:1410,501.28,0.00,0.0,0.0,26.69,7.08,0.0
20240617:1510,317.46,0.00,0.0,0.0,26.24,7.41,0.0
20240617:1610,129.15,0.00,0.0,0.0,25.64,7.40,0.0
20240617:1710,13.77,0.00,0.0,0.0,24.76,7.00,0.0
20240617:1810,0.00,0.00,0.0,0.0,23.73,6.71,0.0
20240617:1910,0.00,0.00,0.0,0.0,22.94,6.70,0.0
20240617:2010,0.00,0.00,0.0,0.0,22.47,6.41,0.0
20240617:2110,0.00,0.00,0.0,0.0,22.20,6.05,0.0
20240617:2210,0.00,0.00,0.0,0.0,21.97,5.80,0.0
20240617:2310,0.00,0.00,0.0,0.0,21.76,5.72,0.0
20240618:0010,0.00,0.00,0.0,0.0,21.59,5.69,0.0
20240618:0110,0.00,0.00,0.0,0.0,21.45,5.63,0.0
20240618:0210,6.30,0.00,0.0,0.0,21.36,5.58,0.0
20240618:0310,98.47,0.00,0.0,0.0,21.32,5.67,0.0
20240618:0410,270.05,0.00,0.0,0.0,21.47,5.77,0.0
20240618:0510,456.69,0.00,0.0,0.0,22.27,5.57,0.0
20240618:0610,624.11,0.00,0.0,0.0,23.58,6.15,0.0
20240618:0710,773.75,0.00,0.0,0.0,24.79,6.76,0.0
20240618:0810,831.47,0.00,0.0,0.0,25.79,7.22,0.0
20240618:0910,936.63,0.00,0.0,0.0,26.55,7.65,0.0
20240618:1010,944.15,0.00,0.0,0.0,27.19,8.25,0.0
20240618:1110,902.62,0.00,0.0,0.0,27.62,9.02,0.0
20240618:1210,807.87,0.00,0.0,0.0,27.79,9.74,0.0
20240618:1310,669.49,0.00,0.0,0.0,27.75,10.38,0.0
20240618:1410,496.67,0.00,0.0,0.0,27.49,10.78,0.0
20240618:1510,309.30,0.00,0.0,0.0,26.97,10.87,0.0
20240618:1610,124.89,0.00,0.0,0.0,26.13,10.42,0.0
20240618:1710,13.74,0.00,0.0,0.0,24.99,9.35,0.0
20240618:1810,0.00,0.00,0.0,0.0,23.73,8.23,0.0
20240618:1910,0.00,0.00,0.0,0.0,22.83,7.54,0.0
20240618:2010,0.00,0.00,0.0,0.0,22.35,7.01,0.0
20240618:2110,0.00,0.00,0.0,0.0,22.08,6.74,0.0
20240618:2210,0.00,0.00,0.0,0.0,21.89,6.73,0.0
20240618:2310,0.00,0.00,0.0,0.0,21.76,6.69,0.0
20240619:0010,0.00,0.00,0.0,0.0,21.68,6.50,0.0
20240619:0110,0.00,0.00,0.0,0.0,21.62,6.46,0.0
20240619:0210,5.97,0.00,0.0,0.0,21.58,6.62,0.0
20240619:0310,87.60,0.00,0.0,0.0,21.55,6.91,0.0
20240619:0410,265.00,0.00,0.0,0.0,21.69,6.76,0.0
20240619:0510,473.30,0.00,0.0,0.0,22.45,7.10,0.0
20240619:0610,641.27,0.00,0.0,0.0,23.49,8.37,0.0
20240619:0710,786.15,0.00,0.0,0.0,24.30,9.08,0.0
20240619:0810,894.59,0.00,0.0,0.0,24.90,9.50,0.0
20240619:0910,942.07,0.00,0.0,0.0,25.39,9.79,0.0
20240619:1010,941.99,0.00,0.0,0.0,25.85,10.02,0.0
20240619:1110,901.89,0.00,0.0,0.0,26.15,10.25,0.0
20240619:1210,809.31,0.00,0.0,0.0,26.28,10.50,0.0
20240619:1310,665.15,0.00,0.0,0.0,26.23,10.75,0.0
20240619:1410,498.49,0.00,0.0,0.0,25.99,10.93,0.0
20240619:1510,310.03,0.00,0.0,0.0,25.56,10.86,0.0
20240619:1610,124.95,0.00,0.0,0.0,24.89,10.58,0.0
20240619:1710,14.36,0.00,0.0,0.0,24.03,9.88,0.0
20240619:1810,0.00,0.00,0.0,0.0,23.12,8.87,0.0
20240619:1910,0.00,0.00,0.0,0.0,22.45,8.03,0.0
20240619:2010,0.00,0.00,0.0,0.0,22.08,7.49,0.0
20240619:2110,0.00,0.00,0.0,0.0,21.83,7.08,0.0
20240619:2210,0.00,0.00,0.0,0.0,21.72,6.93,0.0
20240619:2310,0.00,0.00,0.0,0.0,21.67,6.83,0.0
20240620:0010,0.00,0.00,0.0,0.0,21.66,6.71,0.0
20240620:0110,0.00,0.00,0.0,0.0,21.71,6.69,0.0
20240620:0210,6.54,0.00,0.0,0.0,21.80,6.78,0.0
20240620:0310,102.77,0.00,0.0,0.0,21.90,6.86,0.0
20240620:0410,278.97,0.00,0.0,0.0,22.20,6.46,0.0
20240620:0510,467.72,0.00,0.0,0.0,23.08,6.46,0.0
20240620:0610,646.62,0.00,0.0,0.0,24.24,7.38,0.0
20240620:0710,785.11,0.00,0.0,0.0,25.14,7.83,0.0
20240620:0810,897.66,0.00,0.0,0.0,25.84,8.02,0.0
20240620:0910,944.80,0.00,0.0,0.0,26.43,8.18,0.0
20240620:1010,934.68,0.00,0.0,0.0,26.87,8.40,0.0
20240620:1110,887.44,0.00,0.0,0.0,27.17,8.71,0.0
20240620:1210,810.66,0.00,0.0,0.0,27.30,9.10,0.0
20240620:1310,667.93,0.00,0.0,0.0,27.26,9.38,0.0
20240620:1410,506.99,0.00,0.0,0.0,27.05,9.41,0.0
20240620:1510,311.69,0.00,0.0,0.0,26.67,9.21,0.0
20240620:1610,126.49,0.00,0.0,0.0,26.04,8.82,0.0
20240620:1710,14.45,0.00,0.0,0.0,25.06,8.05,0.0
20240620:1810,0.00,0.00,0.0,0.0,23.82,7.03,0.0
20240620:1910,0.00,0.00,0.0,0.0,22.86,6.51,0.0
20240620:2010,0.00,0.00,0.0,0.0,22.34,6.02,0.0
20240620:2110,0.00,0.00,0.0,0.0,22.08,5.77,0.0
20240620:2210,0.00,0.00,0.0,0.0,22.01,5.72,0.0
20240620:2310,0.00,0.00,0.0,0.0,22.07,5.84,0.0
20240621:0010,0.00,0.00,0.0,0.0,22.20,6.00,0.0
20240621:0110,0.00,0.00,0.0,0.0,22.36,5.95,0.0
20240621:0210,6.29,0.00,0.0,0.0,22.55,6.15,0.0
20240621:0310,98.30,0.00,0.0,0.0,22.71,6.65,0.0
20240621:0410,258.73,0.00,0.0,0.0,22.87,6.79,0.0
20240621:0510,431.66,0.00,0.0,0.0,23.58,7.09,0.0
20240621:0610,598.04,0.00,0.0,0.0,24.60,8.00,0.0
20240621:0710,707.15,0.00,0.0,0.0,25.40,8.60,0.0
20240621:0810,825.62,0.00,0.0,0.0,25.88,9.18,0.0
20240621:0910,875.76,0.00,0.0,0.0,26.16,9.86,0.0
20240621:1010,899.34,0.00,0.0,0.0,26.30,10.54,0.0
20240621:1110,881.65,0.00,0.0,0.0,26.29,11.13,0.0
20240621:1210,780.93,0.00,0.0,0.0,26.12,11.47,0.0
20240621:1310,646.76,0.00,0.0,0.0,25.80,11.63,0.0
20240621:1410,474.37,0.00,0.0,0.0,25.32,11.62,0.0
20240621:1510,297.89,0.00,0.0,0.0,24.63,11.52,0.0
20240621:1610,128.35,0.00,0.0,0.0,23.77,11.32,0.0
20240621:1710,14.32,0.00,0.0,0.0,22.97,10.72,0.0
20240621:1810,0.00,0.00,0.0,0.0,22.35,9.78,0.0
20240621:1910,0.00,0.00,0.0,0.0,21.95,9.09,0.0
20240621:2010,0.00,0.00,0.0,0.0,21.68,8.49,0.0
20240621:2110,0.00,0.00,0.0,0.0,21.44,7.88,0.0
20240621:2210,0.00,0.00,0.0,0.0,21.30,7.61,0.0
20240621:2310,0.00,0.00,0.0,0.0,21.20,7.42,0.0
20240622:0010,0.00,0.00,0.0,0.0,21.12,7.30,0.0
20240622:0110,0.00,0.00,0.0,0.0,21.07,7.22,0.0
20240622:0210,6.09,0.00,0.0,0.0,21.01,7.11,0.0
20240622:0310,87.31,0.00,0.0,0.0,20.96,7.02,0.0
20240622:0410,248.83,0.00,0.0,0.0,21.03,6.94,0.0
20240622:0510,426.69,0.00,0.0,0.0,21.45,7.49,0.0
20240622:0610,596.61,0.00,0.0,0.0,21.96,7.76,0.0
20240622:0710,692.17,0.00,0.0,0.0,22.47,7.89,0.0
20240622:0810,876.04,0.00,0.0,0.0,22.94,8.18,0.0
20240622:0910,891.71,0.00,0.0,0.0,23.29,8.60,0.0
20240622:1010,939.68,0.00,0.0,0.0,23.58,9.01,0.0
20240622:1110,907.30,0.00,0.0,0.0,23.81,9.47,0.0
20240622:1210,805.10,0.00,0.0,0.0,23.87,10.01,0.0
20240622:1310,664.20,0.00,0.0,0.0,23.75,10.49,0.0
20240622:1410,501.86,0.00,0.0,0.0,23.44,10.77,0.0
20240622:1510,314.72,0.00,0.0,0.0,23.00,10.76,0.0
20240622:1610,123.91,0.00,0.0,0.0,22.50,10.56,0.0
20240622:1710,14.39,0.00,0.0,0.0,21.96,10.15,0.0
20240622:1810,0.00,0.00,0.0,0.0,21.47,9.52,0.0
20240622:1910,0.00,0.00,0.0,0.0,21.15,8.87,0.0
20240622:2010,0.00,0.00,0.0,0.0,20.99,8.34,0.0
20240622:2110,0.00,0.00,0.0,0.0,20.88,7.98,0.0
20240622:2210,0.00,0.00,0.0,0.0,20.79,7.68,0.0
20240622:2310,0.00,0.00,0.0,0.0,20.71,7.61,0.0
20240623:0010,0.00,0.00,0.0,0.0,20.65,7.67,0.0
20240623:0110,0.00,0.00,0.0,0.0,20.61,7.76,0.0
20240623:0210,6.28,0.00,0.0,0.0,20.60,7.83,0.0
20240623:0310,94.54,0.00,0.0,0.0,20.62,7.88,0.0
20240623:0410,271.12,0.00,0.0,0.0,20.85,7.55,0.0
20240623:0510,462.87,0.00,0.0,0.0,21.63,8.08,0.0
20240623:0610,614.84,0.00,0.0,0.0,22.57,8.66,0.0
20240623:0710,770.34,0.00,0.0,0.0,23.42,8.70,0.0
20240623:0810,881.29,0.00,0.0,0.0,24.15,8.86,0.0
20240623:0910,951.33,0.00,0.0,0.0,24.69,9.24,0.0
20240623:1010,940.90,0.00,0.0,0.0,25.05,9.79,0.0
20240623:1110,908.08,0.00,0.0,0.0,25.23,10.17,0.0
20240623:1210,817.91,0.00,0.0,0.0,25.25,10.27,0.0
20240623:1310,677.19,0.00,0.0,0.0,25.10,10.25,0.0
20240623:1410,492.48,0.00,0.0,0.0,24.74,10.19,0.0
20240623:1510,316.44,0.00,0.0,0.0,24.16,10.06,0.0
20240623:1610,135.73,0.00,0.0,0.0,23.63,9.78,0.0
20240623:1710,15.06,0.00,0.0,0.0,23.15,9.29,0.0
20240623:1810,0.00,0.00,0.0,0.0,22.59,8.57,0.0
20240623:1910,0.00,0.00,0.0,0.0,22.15,7.96,0.0
20240623:2010,0.00,0.00,0.0,0.0,21.89,7.60,0.0
20240623:2110,0.00,0.00,0.0,0.0,21.68,7.26,0.0
20240623:2210,0.00,0.00,0.0,0.0,21.37,7.05,0.0
20240623:2310,0.00,0.00,0.0,0.0,21.02,6.85,0.0
20240624:0010,0.00,0.00,0.0,0.0,20.77,6.70,0.0
20240624:0110,0.00,0.00,0.0,0.0,20.60,6.59,0.0
20240624:0210,6.20,0.00,0.0,0.0,20.50,6.57,0.0
20240624:0310,86.38,0.00,0.0,0.0,20.50,6.57,0.0
20240624:0410,206.69,0.00,0.0,0.0,20.82,6.42,0.0
20240624:0510,361.91,0.00,0.0,0.0,21.64,6.66,0.0
20240624:0610,512.21,0.00,0.0,0.0,22.45,6.96,0.0
20240624:0710,667.38,0.00,0.0,0.0,23.16,7.27,0.0
20240624:0810,808.16,0.00,0.0,0.0,23.78,7.72,0.0
20240624:0910,877.84,0.00,0.0,0.0,24.26,8.11,0.0
20240624:1010,888.18,0.00,0.0,0.0,24.63,8.34,0.0
20240624:1110,860.69,0.00,0.0,0.0,24.90,8.43,0.0
20240624:1210,788.33,0.00,0.0,0.0,25.04,8.45,0.0
20240624:1310,647.16,0.00,0.0,0.0,24.99,8.44,0.0
20240624:1410,480.29,0.00,0.0,0.0,24.71,8.46,0.0
20240624:1510,299.77,0.00,0.0,0.0,24.23,8.36,0.0
20240624:1610,117.95,0.00,0.0,0.0,23.57,8.24,0.0
20240624:1710,14.28,0.00,0.0,0.0,22.81,8.00,0.0
20240624:1810,0.00,0.00,0.0,0.0,22.05,7.59,0.0
20240624:1910,0.00,0.00,0.0,0.0,21.54,7.15,0.0
20240624:2010,0.00,0.00,0.0,0.0,21.25,6.80,0.0
20240624:2110,0.00,0.00,0.0,0.0,21.08,6.70,0.0
20240624:2210,0.00,0.00,0.0,0.0,20.97,6.65,0.0
20240624:2310,0.00,0.00,0.0,0.0,20.89,6.58,0.0
20240625:0010,0.00,0.00,0.0,0.0,20.82,6.56,0.0
20240625:0110,0.00,0.00,0.0,0.0,20.77,6.40,0.0
20240625:0210,5.46,0.00,0.0,0.0,20.78,6.29,0.0
20240625:0310,80.87,0.00,0.0,0.0,20.85,6.39,0.0
20240625:0410,248.13,0.00,0.0,0.0,21.06,6.41,0.0
20240625:0510,431.29,0.00,0.0,0.0,21.73,6.85,0.0
20240625:0610,607.71,0.00,0.0,0.0,22.63,7.45,0.0
20240625:0710,752.33,0.00,0.0,0.0,23.59,7.87,0.0
20240625:0810,855.31,0.00,0.0,0.0,24.45,8.54,0.0
20240625:0910,910.20,0.00,0.0,0.0,25.10,9.30,0.0
20240625:1010,864.11,0.00,0.0,0.0,25.67,9.90,0.0
20240625:1110,877.32,0.00,0.0,0.0,26.05,10.53,0.0
20240625:1210,795.47,0.00,0.0,0.0,26.16,11.17,0.0
20240625:1310,650.95,0.00,0.0,0.0,26.06,11.62,0.0
20240625:1410,480.69,0.00,0.0,0.0,25.73,11.81,0.0
20240625:1510,292.68,0.00,0.0,0.0,25.17,11.71,0.0
20240625:1610,121.52,0.00,0.0,0.0,24.40,11.46,0.0
20240625:1710,14.23,0.00,0.0,0.0,23.53,10.98,0.0
20240625:1810,0.00,0.00,0.0,0.0,22.73,10.13,0.0
20240625:1910,0.00,0.00,0.0,0.0,22.20,9.14,0.0
20240625:2010,0.00,0.00,0.0,0.0,21.87,8.45,0.0
20240625:2110,0.00,0.00,0.0,0.0,21.63,7.98,0.0
20240625:2210,0.00,0.00,0.0,0.0,21.44,7.49,0.0
20240625:2310,0.00,0.00,0.0,0.0,21.29,6.88,0.0
20240626:0010,0.00,0.00,0.0,0.0,21.17,6.40,0.0
20240626:0110,0.00,0.00,0.0,0.0,21.10,6.06,0.0
20240626:0210,6.08,0.00,0.0,0.0,21.07,5.86,0.0
20240626:0310,92.42,0.00,0.0,0.0,21.11,6.02,0.0
20240626:0410,245.27,0.00,0.0,0.0,21.40,6.15,0.0
20240626:0510,461.97,0.00,0.0,0.0,22.12,6.73,0.0
20240626:0610,628.42,0.00,0.0,0.0,22.83,7.39,0.0
20240626:0710,770.27,0.00,0.0,0.0,23.48,7.67,0.0
20240626:0810,812.09,0.00,0.0,0.0,24.10,7.95,0.0
20240626:0910,927.87,0.00,0.0,0.0,24.63,8.36,0.0
20240626:1010,923.54,0.00,0.0,0.0,25.01,8.87,0.0
20240626:1110,887.51,0.00,0.0,0.0,25.26,9.38,0.0
20240626:1210,802.26,0.00,0.0,0.0,25.35,9.80,0.0
20240626:1310,662.82,0.00,0.0,0.0,25.29,10.10,0.0
20240626:1410,491.00,0.00,0.0,0.0,25.07,10.22,0.0
20240626:1510,303.18,0.00,0.0,0.0,24.68,10.21,0.0
20240626:1610,123.24,0.00,0.0,0.0,24.12,10.16,0.0
20240626:1710,15.01,0.00,0.0,0.0,23.39,9.98,0.0
20240626:1810,0.00,0.00,0.0,0.0,22.58,9.42,0.0
20240626:1910,0.00,0.00,0.0,0.0,21.98,8.88,0.0
20240626:2010,0.00,0.00,0.0,0.0,21.62,8.38,0.0
20240626:2110,0.00,0.00,0.0,0.0,21.41,8.00,0.0
20240626:2210,0.00,0.00,0.0,0.0,21.32,7.93,0.0
20240626:2310,0.00,0.00,0.0,0.0,21.26,7.92,0.0
20240627:0010,0.00,0.00,0.0,0.0,21.20,7.91,0.0
20240627:0110,0.00,0.00,0.0,0.0,21.15,7.80,0.0
20240627:0210,4.12,0.00,0.0,0.0,21.11,7.64,0.0
20240627:0310,96.95,0.00,0.0,0.0,21.07,7.59,0.0
20240627:0410,272.99,0.00,0.0,0.0,21.15,7.29,0.0
20240627:0510,453.33,0.00,0.0,0.0,21.70,7.73,0.0
20240627:0610,631.56,0.00,0.0,0.0,22.34,8.12,0.0
20240627:0710,783.65,0.00,0.0,0.0,22.94,7.69,0.0
20240627:0810,884.05,0.00,0.0,0.0,23.60,7.36,0.0
20240627:0910,912.47,0.00,0.0,0.0,24.16,7.35,0.0
20240627:1010,947.36,0.00,0.0,0.0,24.60,7.75,0.0
20240627:1110,896.43,0.00,0.0,0.0,24.88,8.25,0.0
20240627:1210,799.50,0.00,0.0,0.0,24.99,8.65,0.0
20240627:1310,670.29,0.00,0.0,0.0,24.96,8.97,0.0
20240627:1410,482.63,0.00,0.0,0.0,24.75,9.13,0.0
20240627:1510,298.93,0.00,0.0,0.0,24.36,9.12,0.0
20240627:1610,128.25,0.00,0.0,0.0,23.81,9.07,0.0
20240627:1710,14.26,0.00,0.0,0.0,23.10,8.84,0.0
20240627:1810,0.00,0.00,0.0,0.0,22.31,8.31,0.0
20240627:1910,0.00,0.00,0.0,0.0,21.72,7.83,0.0
20240627:2010,0.00,0.00,0.0,0.0,21.38,7.64,0.0
20240627:2110,0.00,0.00,0.0,0.0,21.16,7.43,0.0
20240627:2210,0.00,0.00,0.0,0.0,21.02,7.26,0.0
20240627:2310,0.00,0.00,0.0,0.0,20.93,7.15,0.0
20240628:0010,0.00,0.00,0.0,0.0,20.88,7.02,0.0
20240628:0110,0.00,0.00,0.0,0.0,20.88,6.89,0.0
20240628:0210,3.57,0.00,0.0,0.0,20.90,6.80,0.0
20240628:0310,75.20,0.00,0.0,0.0,20.96,6.77,0.0
20240628:0410,235.24,0.00,0.0,0.0,21.24,6.52,0.0
20240628:0510,398.62,0.00,0.0,0.0,22.04,7.23,0.0
20240628:0610,561.05,0.00,0.0,0.0,22.91,8.19,0.0
20240628:0710,699.28,0.00,0.0,0.0,23.60,8.57,0.0
20240628:0810,783.94,0.00,0.0,0.0,24.15,8.84,0.0
20240628:0910,830.82,0.00,0.0,0.0,24.55,9.22,0.0
20240628:1010,888.68,0.00,0.0,0.0,24.80,9.68,0.0
20240628:1110,828.38,0.00,0.0,0.0,24.96,10.20,0.0
20240628:1210,771.81,0.00,0.0,0.0,24.99,10.77,0.0
20240628:1310,636.92,0.00,0.0,0.0,24.90,11.37,0.0
20240628:1410,468.99,0.00,0.0,0.0,24.66,11.80,0.0
20240628:1510,280.60,0.00,0.0,0.0,24.26,11.91,0.0
20240628:1610,116.38,0.00,0.0,0.0,23.80,11.81,0.0
20240628:1710,13.35,0.00,0.0,0.0,23.29,11.30,0.0
20240628:1810,0.00,0.00,0.0,0.0,22.75,10.39,0.0
20240628:1910,0.00,0.00,0.0,0.0,22.38,9.87,0.0
20240628:2010,0.00,0.00,0.0,0.0,22.16,9.72,0.0
20240628:2110,0.00,0.00,0.0,0.0,22.07,9.90,0.0
20240628:2210,0.00,0.00,0.0,0.0,22.05,9.56,0.0
20240628:2310,0.00,0.00,0.0,0.0,22.00,9.00,0.0
20240629:0010,0.00,0.00,0.0,0.0,21.93,8.54,0.0
20240629:0110,0.00,0.00,0.0,0.0,21.86,8.19,0.0
20240629:0210,2.20,0.00,0.0,0.0,21.74,7.81,0.0
20240629:0310,89.63,0.00,0.0,0.0,21.65,7.45,0.0
20240629:0410,242.85,0.00,0.0,0.0,21.84,7.33,0.0
20240629:0510,418.18,0.00,0.0,0.0,22.54,8.54,0.0
20240629:0610,584.23,0.00,0.0,0.0,23.20,9.64,0.0
20240629:0710,732.38,0.00,0.0,0.0,23.69,10.18,0.0
20240629:0810,841.42,0.00,0.0,0.0,24.09,10.40,0.0
20240629:0910,922.23,0.00,0.0,0.0,24.43,10.46,0.0
20240629:1010,928.76,0.00,0.0,0.0,24.68,10.60,0.0
20240629:1110,882.00,0.00,0.0,0.0,24.83,10.99,0.0
20240629:1210,806.58,0.00,0.0,0.0,24.89,11.57,0.0
20240629:1310,661.69,0.00,0.0,0.0,24.86,12.13,0.0
20240629:1410,498.55,0.00,0.0,0.0,24.72,12.50,0.0
20240629:1510,318.47,0.00,0.0,0.0,24.49,12.55,0.0
20240629:1610,122.68,0.00,0.0,0.0,24.14,12.18,0.0
20240629:1710,14.88,0.00,0.0,0.0,23.67,11.30,0.0
20240629:1810,0.00,0.00,0.0,0.0,23.12,10.01,0.0
20240629:1910,0.00,0.00,0.0,0.0,22.69,9.18,0.0
20240629:2010,0.00,0.00,0.0,0.0,22.40,8.46,0.0
20240629:2110,0.00,0.00,0.0,0.0,22.18,8.04,0.0
20240629:2210,0.00,0.00,0.0,0.0,22.00,7.28,0.0
20240629:2310,0.00,0.00,0.0,0.0,21.87,6.74,0.0
20240630:0010,0.00,0.00,0.0,0.0,21.82,6.59,0.0
20240630:0110,0.00,0.00,0.0,0.0,21.81,6.60,0.0
20240630:0210,2.27,0.00,0.0,0.0,21.83,6.59,0.0
20240630:0310,77.28,0.00,0.0,0.0,21.85,6.56,0.0
20240630:0410,240.28,0.00,0.0,0.0,22.03,6.46,0.0
20240630:0510,455.60,0.00,0.0,0.0,22.78,6.67,0.0
20240630:0610,626.93,0.00,0.0,0.0,23.81,7.57,0.0
20240630:0710,762.30,0.00,0.0,0.0,24.59,7.98,0.0
20240630:0810,881.22,0.00,0.0,0.0,25.19,8.30,0.0
20240630:0910,926.36,0.00,0.0,0.0,25.68,8.64,0.0
20240630:1010,940.60,0.00,0.0,0.0,26.16,8.75,0.0
20240630:1110,897.56,0.00,0.0,0.0,26.58,8.81,0.0
20240630:1210,812.55,0.00,0.0,0.0,26.86,8.94,0.0
20240630:1310,666.41,0.00,0.0,0.0,26.99,9.01,0.0
20240630:1410,507.44,0.00,0.0,0.0,26.97,9.00,0.0
20240630:1510,313.65,0.00,0.0,0.0,26.75,8.83,0.0
20240630:1610,126.35,0.00,0.0,0.0,26.30,8.41,0.0
20240630:1710,15.01,0.00,0.0,0.0,25.48,7.65,0.0
20240630:1810,0.00,0.00,0.0,0.0,24.39,6.82,0.0
20240630:1910,0.00,0.00,0.0,0.0,23.50,6.28,0.0
20240630:2010,0.00,0.00,0.0,0.0,22.98,5.66,0.0
20240630:2110,0.00,0.00,0.0,0.0,22.64,5.08,0.0
20240630:2210,0.00,0.00,0.0,0.0,22.33,4.87,0.0
20240630:2310,0.00,0.00,0.0,0.0,22.10,5.01,0.0
20240701:0010,0.00,0.00,0.0,0.0,21.98,5.31,0.0
20240701:0110,0.00,0.00,0.0,0.0,21.89,5.58,0.0
20240701:0210,2.29,0.00,0.0,0.0,21.80,5.77,0.0
20240701:0310,92.17,0.00,0.0,0.0,21.74,5.82,0.0
20240701:0410,268.29,0.00,0.0,0.0,21.80,5.59,0.0
20240701:0510,461.44,0.00,0.0,0.0,22.35,5.50,0.0
20240701:0610,627.08,0.00,0.0,0.0,23.42,5.83,0.0
20240701:0710,776.34,0.00,0.0,0.0,24.57,6.21,0.0
20240701:0810,837.66,0.00,0.0,0.0,25.43,6.43,0.0
20240701:0910,921.41,0.00,0.0,0.0,26.05,6.68,0.0
20240701:1010,930.84,0.00,0.0,0.0,26.53,6.93,0.0
20240701:1110,899.74,0.00,0.0,0.0,26.87,7.17,0.0
20240701:1210,813.01,0.00,0.0,0.0,27.04,7.40,0.0
20240701:1310,672.26,0.00,0.0,0.0,27.04,7.58,0.0
20240701:1410,500.24,0.00,0.0,0.0,26.89,7.67,0.0
20240701:1510,306.01,0.00,0.0,0.0,26.56,7.70,0.0
20240701:1610,125.99,0.00,0.0,0.0,26.01,7.70,0.0
20240701:1710,14.62,0.00,0.0,0.0,25.13,7.49,0.0
20240701:1810,0.00,0.00,0.0,0.0,23.98,7.03,0.0
20240701:1910,0.00,0.00,0.0,0.0,23.06,6.62,0.0
20240701:2010,0.00,0.00,0.0,0.0,22.57,6.06,0.0
20240701:2110,0.00,0.00,0.0,0.0,22.37,5.66,0.0
20240701:2210,0.00,0.00,0.0,0.0,22.41,5.31,0.0
20240701:2310,0.00,0.00,0.0,0.0,22.45,4.85,0.0
20240702:0010,0.00,0.00,0.0,0.0,22.43,4.46,0.0
20240702:0110,0.00,0.00,0.0,0.0,22.37,4.12,0.0
20240702:0210,2.28,0.00,0.0,0.0,22.30,3.63,0.0
20240702:0310,84.10,0.00,0.0,0.0,22.21,2.79,0.0
20240702:0410,250.65,0.00,0.0,0.0,22.20,1.96,0.0
20240702:0510,435.86,0.00,0.0,0.0,22.88,1.85,0.0
20240702:0610,610.30,0.00,0.0,0.0,24.34,2.56,0.0
20240702:0710,763.88,0.00,0.0,0.0,26.10,3.62,0.0
20240702:0810,865.28,0.00,0.0,0.0,27.30,4.10,0.0
20240702:0910,909.91,0.00,0.0,0.0,28.09,4.12,0.0
20240702:1010,933.23,0.00,0.0,0.0,28.75,3.87,0.0
20240702:1110,888.81,0.00,0.0,0.0,29.26,3.54,0.0
20240702:1210,800.12,0.00,0.0,0.0,29.55,3.69,0.0
20240702:1310,651.76,0.00,0.0,0.0,29.60,4.16,0.0
20240702:1410,476.21,0.00,0.0,0.0,29.41,4.50,0.0
20240702:1510,291.08,0.00,0.0,0.0,28.97,4.65,0.0
20240702:1610,113.08,0.00,0.0,0.0,28.30,4.94,0.0
20240702:1710,13.03,0.00,0.0,0.0,27.26,5.22,0.0
20240702:1810,0.00,0.00,0.0,0.0,25.97,5.28,0.0
20240702:1910,0.00,0.00,0.0,0.0,24.80,5.51,0.0
20240702:2010,0.00,0.00,0.0,0.0,23.87,5.92,0.0
20240702:2110,0.00,0.00,0.0,0.0,23.20,5.55,0.0
20240702:2210,0.00,0.00,0.0,0.0,22.90,4.60,0.0
20240702:2310,0.00,0.00,0.0,0.0,22.81,4.03,0.0
20240703:0010,0.00,0.00,0.0,0.0,22.75,3.64,0.0
20240703:0110,0.00,0.00,0.0,0.0,22.73,2.89,0.0
20240703:0210,2.10,0.00,0.0,0.0,22.77,2.91,0.0
20240703:0310,55.83,0.00,0.0,0.0,22.79,3.10,0.0
20240703:0410,161.60,0.00,0.0,0.0,22.80,2.69,0.0
20240703:0510,297.86,0.00,0.0,0.0,23.38,1.98,0.0
20240703:0610,434.01,0.00,0.0,0.0,24.86,2.43,0.0
20240703:0710,548.45,0.00,0.0,0.0,26.32,3.60,0.0
20240703:0810,719.32,0.00,0.0,0.0,27.13,4.38,0.0
20240703:0910,749.04,0.00,0.0,0.0,27.60,4.67,0.0
20240703:1010,726.53,0.00,0.0,0.0,27.92,4.81,0.0
20240703:1110,737.47,0.00,0.0,0.0,28.09,5.02,0.0
20240703:1210,702.31,0.00,0.0,0.0,28.15,5.50,0.0
20240703:1310,586.31,0.00,0.0,0.0,27.95,6.48,0.0
20240703:1410,433.88,0.00,0.0,0.0,27.33,7.90,0.0
20240703:1510,255.08,0.00,0.0,0.0,26.34,8.59,0.0
20240703:1610,97.69,0.00,0.0,0.0,25.21,8.50,0.0
20240703:1710,11.87,0.00,0.0,0.0,24.11,8.33,0.0
20240703:1810,0.00,0.00,0.0,0.0,23.32,7.73,0.0
20240703:1910,0.00,0.00,0.0,0.0,22.94,7.12,0.0
20240703:2010,0.00,0.00,0.0,0.0,22.77,6.72,0.0
20240703:2110,0.00,0.00,0.0,0.0,22.66,6.33,0.0
20240703:2210,0.00,0.00,0.0,0.0,22.61,5.91,0.0
20240703:2310,0.00,0.00,0.0,0.0,22.59,5.52,0.0
20240704:0010,0.00,0.00,0.0,0.0,22.58,5.28,0.0
20240704:0110,0.00,0.00,0.0,0.0,22.59,5.12,0.0
20240704:0210,2.02,0.00,0.0,0.0,22.60,4.98,0.0
20240704:0310,61.28,0.00,0.0,0.0,22.61,4.90,0.0
20240704:0410,153.42,0.00,0.0,0.0,22.73,4.85,0.0
20240704:0510,269.26,0.00,0.0,0.0,23.12,4.67,0.0
20240704:0610,390.96,0.00,0.0,0.0,23.56,4.59,0.0
20240704:0710,488.78,0.00,0.0,0.0,23.88,4.58,0.0
20240704:0810,545.06,0.00,0.0,0.0,24.05,4.61,0.0
20240704:0910,608.89,0.00,0.0,0.0,24.16,4.99,0.0
20240704:1010,544.93,0.00,0.0,0.0,24.27,5.35,0.0
20240704:1110,405.09,0.00,0.0,0.0,24.33,5.51,0.0
20240704:1210,346.39,0.00,0.0,0.0,24.22,5.63,0.0
20240704:1310,226.21,0.00,0.0,0.0,23.93,5.71,0.0
20240704:1410,135.92,0.00,0.0,0.0,23.57,5.70,0.0
20240704:1510,123.25,0.00,0.0,0.0,23.20,5.60,0.0
20240704:1610,47.78,0.00,0.0,0.0,22.93,5.18,0.0
20240704:1710,9.48,0.00,0.0,0.0,22.78,4.42,0.0
20240704:1810,0.00,0.00,0.0,0.0,22.68,3.84,0.0
20240704:1910,0.00,0.00,0.0,0.0,22.63,3.52,0.0
20240704:2010,0.00,0.00,0.0,0.0,22.58,3.54,0.0
20240704:2110,0.00,0.00,0.0,0.0,22.53,3.68,0.0
20240704:2210,0.00,0.00,0.0,0.0,22.41,3.54,0.0
20240704:2310,0.00,0.00,0.0,0.0,22.24,3.56,0.0
20240705:0010,0.00,0.00,0.0,0.0,22.10,3.77,0.0
20240705:0110,0.00,0.00,0.0,0.0,22.01,3.93,0.0
20240705:0210,0.00,0.00,0.0,0.0,21.94,4.01,0.0
20240705:0310,58.17,0.00,0.0,0.0,21.89,3.97,0.0
20240705:0410,181.99,0.00,0.0,0.0,21.86,3.85,0.0
20240705:0510,357.95,0.00,0.0,0.0,22.10,3.64,0.0
20240705:0610,528.10,0.00,0.0,0.0,22.89,3.73,0.0
20240705:0710,657.59,0.00,0.0,0.0,23.79,4.30,0.0
20240705:0810,656.71,0.00,0.0,0.0,24.50,5.25,0.0
20240705:0910,736.57,0.00,0.0,0.0,24.88,5.74,0.0
20240705:1010,704.84,0.00,0.0,0.0,24.94,6.00,0.0
20240705:1110,651.00,0.00,0.0,0.0,24.90,6.41,0.0
20240705:1210,651.16,0.00,0.0,0.0,24.90,6.80,0.0
20240705:1310,588.35,0.00,0.0,0.0,24.86,7.17,0.0
20240705:1410,457.54,0.00,0.0,0.0,24.66,7.36,0.0
20240705:1510,285.49,0.00,0.0,0.0,24.38,7.27,0.0
20240705:1610,113.09,0.00,0.0,0.0,24.17,6.90,0.0
20240705:1710,12.50,0.00,0.0,0.0,23.88,6.25,0.0
20240705:1810,0.00,0.00,0.0,0.0,23.51,5.55,0.0
20240705:1910,0.00,0.00,0.0,0.0,23.30,4.90,0.0
20240705:2010,0.00,0.00,0.0,0.0,23.20,4.20,0.0
20240705:2110,0.00,0.00,0.0,0.0,23.13,3.67,0.0
20240705:2210,0.00,0.00,0.0,0.0,22.96,3.25,0.0
20240705:2310,0.00,0.00,0.0,0.0,22.75,2.83,0.0
20240706:0010,0.00,0.00,0.0,0.0,22.58,2.44,0.0
20240706:0110,0.00,0.00,0.0,0.0,22.42,2.17,0.0
20240706:0210,0.00,0.00,0.0,0.0,22.27,2.25,0.0
20240706:0310,78.28,0.00,0.0,0.0,22.16,2.66,0.0
20240706:0410,249.69,0.00,0.0,0.0,22.23,3.12,0.0
20240706:0510,438.45,0.00,0.0,0.0,22.82,3.64,0.0
20240706:0610,609.48,0.00,0.0,0.0,23.77,4.30,0.0
20240706:0710,737.84,0.00,0.0,0.0,24.77,5.37,0.0
20240706:0810,794.02,0.00,0.0,0.0,25.57,6.54,0.0
20240706:0910,868.63,0.00,0.0,0.0,26.11,7.63,0.0
20240706:1010,726.72,0.00,0.0,0.0,26.41,8.75,0.0
20240706:1110,765.82,0.00,0.0,0.0,26.45,9.85,0.0
20240706:1210,689.81,0.00,0.0,0.0,26.25,10.68,0.0
20240706:1310,583.38,0.00,0.0,0.0,25.94,11.17,0.0
20240706:1410,413.88,0.00,0.0,0.0,25.59,11.45,0.0
20240706:1510,269.75,0.00,0.0,0.0,25.20,11.54,0.0
20240706:1610,97.25,0.00,0.0,0.0,24.72,11.33,0.0
20240706:1710,12.19,0.00,0.0,0.0,24.16,10.70,0.0
20240706:1810,0.00,0.00,0.0,0.0,23.63,9.70,0.0
20240706:1910,0.00,0.00,0.0,0.0,23.22,8.58,0.0
20240706:2010,0.00,0.00,0.0,0.0,22.95,7.86,0.0
20240706:2110,0.00,0.00,0.0,0.0,22.79,7.56,0.0
20240706:2210,0.00,0.00,0.0,0.0,22.73,7.25,0.0
20240706:2310,0.00,0.00,0.0,0.0,22.74,7.04,0.0
20240707:0010,0.00,0.00,0.0,0.0,22.75,6.80,0.0
20240707:0110,0.00,0.00,0.0,0.0,22.76,6.67,0.0
20240707:0210,0.00,0.00,0.0,0.0,22.78,6.69,0.0
20240707:0310,67.85,0.00,0.0,0.0,22.82,6.76,0.0
20240707:0410,231.74,0.00,0.0,0.0,23.05,6.65,0.0
20240707:0510,392.16,0.00,0.0,0.0,23.83,6.74,0.0
20240707:0610,556.53,0.00,0.0,0.0,24.85,7.06,0.0
20240707:0710,684.58,0.00,0.0,0.0,25.77,6.98,0.0
20240707:0810,825.16,0.00,0.0,0.0,26.59,7.24,0.0
20240707:0910,881.42,0.00,0.0,0.0,27.21,7.89,0.0
20240707:1010,909.80,0.00,0.0,0.0,27.54,8.60,0.0
20240707:1110,858.90,0.00,0.0,0.0,27.64,9.25,0.0
20240707:1210,784.96,0.00,0.0,0.0,27.53,9.83,0.0
20240707:1310,648.43,0.00,0.0,0.0,27.23,10.28,0.0
20240707:1410,487.05,0.00,0.0,0.0,26.70,10.55,0.0
20240707:1510,303.74,0.00,0.0,0.0,26.01,10.58,0.0
20240707:1610,125.81,0.00,0.0,0.0,25.28,10.39,0.0
20240707:1710,12.76,0.00,0.0,0.0,24.51,9.72,0.0
20240707:1810,0.00,0.00,0.0,0.0,23.77,8.56,0.0
20240707:1910,0.00,0.00,0.0,0.0,23.29,7.47,0.0
20240707:2010,0.00,0.00,0.0,0.0,23.02,6.87,0.0
20240707:2110,0.00,0.00,0.0,0.0,22.86,6.62,0.0
20240707:2210,0.00,0.00,0.0,0.0,22.76,6.57,0.0
20240707:2310,0.00,0.00,0.0,0.0,22.68,6.57,0.0
20240708:0010,0.00,0.00,0.0,0.0,22.61,6.50,0.0
20240708:0110,0.00,0.00,0.0,0.0,22.54,6.37,0.0
20240708:0210,0.00,0.00,0.0,0.0,22.48,6.18,0.0
20240708:0310,67.98,0.00,0.0,0.0,22.46,5.98,0.0
20240708:0410,227.77,0.00,0.0,0.0,22.66,5.76,0.0
20240708:0510,399.03,0.00,0.0,0.0,23.40,5.95,0.0
20240708:0610,570.16,0.00,0.0,0.0,24.41,6.20,0.0
20240708:0710,717.08,0.00,0.0,0.0,25.48,6.45,0.0
20240708:0810,832.11,0.00,0.0,0.0,26.50,6.86,0.0
20240708:0910,900.78,0.00,0.0,0.0,27.29,7.49,0.0
20240708:1010,911.82,0.00,0.0,0.0,27.78,8.20,0.0
20240708:1110,874.35,0.00,0.0,0.0,28.07,8.94,0.0
20240708:1210,782.30,0.00,0.0,0.0,28.18,9.66,0.0
20240708:1310,645.42,0.00,0.0,0.0,28.15,10.19,0.0
20240708:1410,482.56,0.00,0.0,0.0,27.94,10.50,0.0
20240708:1510,275.46,0.00,0.0,0.0,27.51,10.53,0.0
20240708:1610,107.29,0.00,0.0,0.0,26.93,10.16,0.0
20240708:1710,12.76,0.00,0.0,0.0,26.11,9.34,0.0
20240708:1810,0.00,0.00,0.0,0.0,25.22,8.26,0.0
20240708:1910,0.00,0.00,0.0,0.0,24.61,7.69,0.0
20240708:2010,0.00,0.00,0.0,0.0,24.29,7.29,0.0
20240708:2110,0.00,0.00,0.0,0.0,24.10,7.00,0.0
20240708:2210,0.00,0.00,0.0,0.0,23.98,6.97,0.0
20240708:2310,0.00,0.00,0.0,0.0,23.89,6.90,0.0
20240709:0010,0.00,0.00,0.0,0.0,23.81,6.78,0.0
20240709:0110,0.00,0.00,0.0,0.0,23.74,6.64,0.0
20240709:0210,0.00,0.00,0.0,0.0,23.70,6.51,0.0
20240709:0310,71.56,0.00,0.0,0.0,23.75,6.48,0.0
20240709:0410,228.71,0.00,0.0,0.0,24.09,6.17,0.0
20240709:0510,405.73,0.00,0.0,0.0,25.11,5.79,0.0
20240709:0610,546.76,0.00,0.0,0.0,26.59,6.25,0.0
20240709:0710,703.41,0.00,0.0,0.0,27.99,6.73,0.0
20240709:0810,805.23,0.00,0.0,0.0,29.10,7.27,0.0
20240709:0910,850.74,0.00,0.0,0.0,29.90,7.97,0.0
20240709:1010,882.12,0.00,0.0,0.0,30.47,8.80,0.0
20240709:1110,848.28,0.00,0.0,0.0,30.82,9.76,0.0
20240709:1210,751.53,0.00,0.0,0.0,30.85,10.81,0.0
20240709:1310,613.93,0.00,0.0,0.0,30.48,11.63,0.0
20240709:1410,454.47,0.00,0.0,0.0,29.81,12.02,0.0
20240709:1510,272.95,0.00,0.0,0.0,28.94,11.85,0.0
20240709:1610,106.81,0.00,0.0,0.0,27.95,11.31,0.0
20240709:1710,11.04,0.00,0.0,0.0,26.85,10.35,0.0
20240709:1810,0.00,0.00,0.0,0.0,25.86,9.26,0.0
20240709:1910,0.00,0.00,0.0,0.0,25.26,8.58,0.0
20240709:2010,0.00,0.00,0.0,0.0,24.94,7.90,0.0
20240709:2110,0.00,0.00,0.0,0.0,24.71,7.37,0.0
20240709:2210,0.00,0.00,0.0,0.0,24.53,6.90,0.0
20240709:2310,0.00,0.00,0.0,0.0,24.43,6.59,0.0
20240710:0010,0.00,0.00,0.0,0.0,24.34,6.32,0.0
20240710:0110,0.00,0.00,0.0,0.0,24.29,6.09,0.0
20240710:0210,0.00,0.00,0.0,0.0,24.30,5.90,0.0
20240710:0310,64.27,0.00,0.0,0.0,24.38,5.90,0.0
20240710:0410,214.78,0.00,0.0,0.0,24.66,6.08,0.0
20240710:0510,381.89,0.00,0.0,0.0,25.15,5.78,0.0
20240710:0610,544.20,0.00,0.0,0.0,25.78,5.47,0.0
20240710:0710,695.22,0.00,0.0,0.0,26.62,5.41,0.0
20240710:0810,824.98,0.00,0.0,0.0,27.29,5.39,0.0
20240710:0910,876.84,0.00,0.0,0.0,27.60,5.68,0.0
20240710:1010,885.71,0.00,0.0,0.0,27.72,6.42,0.0
20240710:1110,823.47,0.00,0.0,0.0,27.87,7.24,0.0
20240710:1210,734.34,0.00,0.0,0.0,27.97,8.01,0.0
20240710:1310,584.35,0.00,0.0,0.0,27.88,8.64,0.0
20240710:1410,420.71,0.00,0.0,0.0,27.64,8.75,0.0
20240710:1510,252.39,0.00,0.0,0.0,27.31,8.28,0.0
20240710:1610,100.66,0.00,0.0,0.0,26.88,7.73,0.0
20240710:1710,10.75,0.00,0.0,0.0,26.25,7.33,0.0
20240710:1810,0.00,0.00,0.0,0.0,25.54,6.78,0.0
20240710:1910,0.00,0.00,0.0,0.0,25.11,6.16,0.0
20240710:2010,0.00,0.00,0.0,0.0,24.94,5.33,0.0
20240710:2110,0.00,0.00,0.0,0.0,24.84,4.92,0.0
20240710:2210,0.00,0.00,0.0,0.0,24.62,5.25,0.0
20240710:2310,0.00,0.00,0.0,0.0,24.33,5.69,0.0
20240711:0010,0.00,0.00,0.0,0.0,24.16,5.89,0.0
20240711:0110,0.00,0.00,0.0,0.0,24.13,5.93,0.0
20240711:0210,0.00,0.00,0.0,0.0,24.24,6.27,0.0
20240711:0310,44.44,0.00,0.0,0.0,24.33,6.59,0.0
20240711:0410,131.60,0.00,0.0,0.0,24.37,6.19,0.0
20240711:0510,257.87,0.00,0.0,0.0,24.62,5.88,0.0
20240711:0610,367.24,0.00,0.0,0.0,25.06,5.94,0.0
20240711:0710,427.26,0.00,0.0,0.0,25.56,5.91,0.0
20240711:0810,471.70,0.00,0.0,0.0,26.05,6.11,0.0
20240711:0910,504.40,0.00,0.0,0.0,26.50,6.37,0.0
20240711:1010,500.62,0.00,0.0,0.0,26.83,6.84,0.0
20240711:1110,496.74,0.00,0.0,0.0,26.99,7.39,0.0
20240711:1210,536.89,0.00,0.0,0.0,27.06,7.84,0.0
20240711:1310,483.77,0.00,0.0,0.0,27.02,8.04,0.0
20240711:1410,379.95,0.00,0.0,0.0,26.80,8.09,0.0
20240711:1510,224.54,0.00,0.0,0.0,26.37,8.01,0.0
20240711:1610,86.23,0.00,0.0,0.0,25.82,7.63,0.0
20240711:1710,10.40,0.00,0.0,0.0,25.27,6.99,0.0
20240711:1810,0.00,0.00,0.0,0.0,24.82,6.30,0.0
20240711:1910,0.00,0.00,0.0,0.0,24.54,5.62,0.0
20240711:2010,0.00,0.00,0.0,0.0,24.40,5.24,0.0
20240711:2110,0.00,0.00,0.0,0.0,24.29,5.11,0.0
20240711:2210,0.00,0.00,0.0,0.0,24.15,5.01,0.0
20240711:2310,0.00,0.00,0.0,0.0,24.05,4.99,0.0
20240712:0010,0.00,0.00,0.0,0.0,24.00,5.01,0.0
20240712:0110,0.00,0.00,0.0,0.0,24.02,5.09,0.0
20240712:0210,0.00,0.00,0.0,0.0,24.06,5.17,0.0
20240712:0310,60.63,0.00,0.0,0.0,24.13,5.20,0.0
20240712:0410,188.96,0.00,0.0,0.0,24.32,5.19,0.0
20240712:0510,353.01,0.00,0.0,0.0,24.80,5.47,0.0
20240712:0610,524.13,0.00,0.0,0.0,25.36,5.66,0.0
20240712:0710,634.15,0.00,0.0,0.0,26.04,5.62,0.0
20240712:0810,762.90,0.00,0.0,0.0,26.79,5.69,0.0
20240712:0910,839.27,0.00,0.0,0.0,27.56,5.99,0.0
20240712:1010,845.38,0.00,0.0,0.0,28.22,6.40,0.0
20240712:1110,820.33,0.00,0.0,0.0,28.66,6.87,0.0
20240712:1210,733.30,0.00,0.0,0.0,28.86,7.43,0.0
20240712:1310,598.04,0.00,0.0,0.0,28.85,7.97,0.0
20240712:1410,440.57,0.00,0.0,0.0,28.67,8.39,0.0
20240712:1510,265.42,0.00,0.0,0.0,28.31,8.59,0.0
20240712:1610,102.50,0.00,0.0,0.0,27.76,8.56,0.0
20240712:1710,10.24,0.00,0.0,0.0,26.92,8.07,0.0
20240712:1810,0.00,0.00,0.0,0.0,25.94,7.21,0.0
20240712:1910,0.00,0.00,0.0,0.0,25.22,6.46,0.0
20240712:2010,0.00,0.00,0.0,0.0,24.83,5.77,0.0
20240712:2110,0.00,0.00,0.0,0.0,24.62,5.11,0.0
20240712:2210,0.00,0.00,0.0,0.0,24.47,4.61,0.0
20240712:2310,0.00,0.00,0.0,0.0,24.36,4.51,0.0
20240713:0010,0.00,0.00,0.0,0.0,24.27,4.69,0.0
20240713:0110,0.00,0.00,0.0,0.0,24.18,4.92,0.0
20240713:0210,0.00,0.00,0.0,0.0,24.13,5.05,0.0
20240713:0310,61.97,0.00,0.0,0.0,24.16,5.06,0.0
20240713:0410,204.73,0.00,0.0,0.0,24.39,4.66,0.0
20240713:0510,383.34,0.00,0.0,0.0,25.10,3.99,0.0
20240713:0610,545.01,0.00,0.0,0.0,26.18,3.74,0.0
20240713:0710,697.40,0.00,0.0,0.0,27.29,3.72,0.0
20240713:0810,783.79,0.00,0.0,0.0,28.12,4.10,0.0
20240713:0910,841.01,0.00,0.0,0.0,28.70,4.88,0.0
20240713:1010,833.42,0.00,0.0,0.0,29.22,6.23,0.0
20240713:1110,816.68,0.00,0.0,0.0,29.53,7.94,0.0
20240713:1210,749.11,0.00,0.0,0.0,29.58,9.56,0.0
20240713:1310,608.83,0.00,0.0,0.0,29.47,10.76,0.0
20240713:1410,448.04,0.00,0.0,0.0,29.30,11.42,0.0
20240713:1510,276.24,0.00,0.0,0.0,28.96,11.55,0.0
20240713:1610,107.10,0.00,0.0,0.0,28.16,10.99,0.0
20240713:1710,10.52,0.00,0.0,0.0,27.02,9.85,0.0
20240713:1810,0.00,0.00,0.0,0.0,25.83,8.57,0.0
20240713:1910,0.00,0.00,0.0,0.0,24.96,7.61,0.0
20240713:2010,0.00,0.00,0.0,0.0,24.41,6.83,0.0
20240713:2110,0.00,0.00,0.0,0.0,24.12,6.47,0.0
20240713:2210,0.00,0.00,0.0,0.0,24.07,6.46,0.0
20240713:2310,0.00,0.00,0.0,0.0,24.14,6.56,0.0
20240714:0010,0.00,0.00,0.0,0.0,24.24,6.61,0.0
20240714:0110,0.00,0.00,0.0,0.0,24.34,6.58,0.0
20240714:0210,0.00,0.00,0.0,0.0,24.46,6.52,0.0
20240714:0310,64.62,0.00,0.0,0.0,24.53,6.36,0.0
20240714:0410,233.61,0.00,0.0,0.0,24.57,6.02,0.0
20240714:0510,418.31,0.00,0.0,0.0,25.11,5.87,0.0
20240714:0610,594.81,0.00,0.0,0.0,26.03,6.24,0.0
20240714:0710,719.44,0.00,0.0,0.0,26.85,6.59,0.0
20240714:0810,854.34,0.00,0.0,0.0,27.44,7.07,0.0
20240714:0910,879.46,0.00,0.0,0.0,27.83,7.67,0.0
20240714:1010,926.63,0.00,0.0,0.0,28.15,8.23,0.0
20240714:1110,875.92,0.00,0.0,0.0,28.33,8.72,0.0
20240714:1210,788.76,0.00,0.0,0.0,28.34,9.22,0.0
20240714:1310,650.85,0.00,0.0,0.0,28.21,9.61,0.0
20240714:1410,493.10,0.00,0.0,0.0,27.96,9.76,0.0
20240714:1510,302.44,0.00,0.0,0.0,27.54,9.58,0.0
20240714:1610,122.86,0.00,0.0,0.0,26.91,9.21,0.0
20240714:1710,11.30,0.00,0.0,0.0,26.07,8.67,0.0
20240714:1810,0.00,0.00,0.0,0.0,25.20,8.01,0.0
20240714:1910,0.00,0.00,0.0,0.0,24.61,7.39,0.0
20240714:2010,0.00,0.00,0.0,0.0,24.26,6.80,0.0
20240714:2110,0.00,0.00,0.0,0.0,24.10,6.53,0.0
20240714:2210,0.00,0.00,0.0,0.0,24.11,6.45,0.0
20240714:2310,0.00,0.00,0.0,0.0,24.20,6.43,0.0
20240715:0010,0.00,0.00,0.0,0.0,24.28,6.40,0.0
20240715:0110,0.00,0.00,0.0,0.0,24.35,6.29,0.0
20240715:0210,0.00,0.00,0.0,0.0,24.40,6.15,0.0
20240715:0310,63.61,0.00,0.0,0.0,24.40,6.06,0.0
20240715:0410,227.93,0.00,0.0,0.0,24.49,5.97,0.0
20240715:0510,399.66,0.00,0.0,0.0,25.17,6.03,0.0
20240715:0610,579.10,0.00,0.0,0.0,26.26,6.56,0.0
20240715:0710,729.69,0.00,0.0,0.0,27.31,6.92,0.0
20240715:0810,827.17,0.00,0.0,0.0,28.15,7.24,0.0
20240715:0910,900.93,0.00,0.0,0.0,28.75,7.61,0.0
20240715:1010,895.76,0.00,0.0,0.0,29.24,7.94,0.0
20240715:1110,862.89,0.00,0.0,0.0,29.53,8.38,0.0
20240715:1210,774.28,0.00,0.0,0.0,29.61,8.92,0.0
20240715:1310,625.48,0.00,0.0,0.0,29.51,9.40,0.0
20240715:1410,459.65,0.00,0.0,0.0,29.22,9.73,0.0
20240715:1510,279.08,0.00,0.0,0.0,28.67,9.79,0.0
20240715:1610,110.37,0.00,0.0,0.0,27.88,9.43,0.0
20240715:1710,10.20,0.00,0.0,0.0,26.89,8.56,0.0
20240715:1810,0.00,0.00,0.0,0.0,25.80,7.60,0.0
20240715:1910,0.00,0.00,0.0,0.0,25.02,6.96,0.0
20240715:2010,0.00,0.00,0.0,0.0,24.58,6.58,0.0
20240715:2110,0.00,0.00,0.0,0.0,24.35,6.43,0.0
20240715:2210,0.00,0.00,0.0,0.0,24.25,6.58,0.0
20240715:2310,0.00,0.00,0.0,0.0,24.27,6.89,0.0
20240716:0010,0.00,0.00,0.0,0.0,24.42,6.91,0.0
20240716:0110,0.00,0.00,0.0,0.0,24.74,7.05,0.0
20240716:0210,0.00,0.00,0.0,0.0,24.96,6.93,0.0
20240716:0310,51.60,0.00,0.0,0.0,25.02,6.57,0.0
20240716:0410,197.19,0.00,0.0,0.0,25.03,5.86,0.0
20240716:0510,368.52,0.00,0.0,0.0,25.37,5.26,0.0
20240716:0610,535.80,0.00,0.0,0.0,26.20,5.54,0.0
20240716:0710,661.69,0.00,0.0,0.0,27.02,5.71,0.0
20240716:0810,765.02,0.00,0.0,0.0,27.72,5.84,0.0
20240716:0910,822.20,0.00,0.0,0.0,28.26,6.17,0.0
20240716:1010,843.99,0.00,0.0,0.0,28.71,6.76,0.0
20240716:1110,813.22,0.00,0.0,0.0,29.17,7.57,0.0
20240716:1210,706.20,0.00,0.0,0.0,29.63,8.48,0.0
20240716:1310,556.73,0.00,0.0,0.0,29.95,9.36,0.0
20240716:1410,419.44,0.00,0.0,0.0,29.95,10.01,0.0
20240716:1510,251.40,0.00,0.0,0.0,29.52,10.17,0.0
20240716:1610,94.31,0.00,0.0,0.0,28.65,9.71,0.0
20240716:1710,9.30,0.00,0.0,0.0,27.50,8.58,0.0
20240716:1810,0.00,0.00,0.0,0.0,26.46,7.33,0.0
20240716:1910,0.00,0.00,0.0,0.0,25.86,6.41,0.0
20240716:2010,0.00,0.00,0.0,0.0,25.56,5.83,0.0
20240716:2110,0.00,0.00,0.0,0.0,25.36,5.56,0.0
20240716:2210,0.00,0.00,0.0,0.0,25.19,5.46,0.0
20240716:2310,0.00,0.00,0.0,0.0,25.09,5.47,0.0
20240717:0010,0.00,0.00,0.0,0.0,25.06,5.65,0.0
20240717:0110,0.00,0.00,0.0,0.0,25.05,5.85,0.0
20240717:0210,0.00,0.00,0.0,0.0,25.09,5.95,0.0
20240717:0310,50.33,0.00,0.0,0.0,25.21,5.91,0.0
20240717:0410,189.61,0.00,0.0,0.0,25.49,5.54,0.0
20240717:0510,378.25,0.00,0.0,0.0,26.36,4.91,0.0
20240717:0610,543.00,0.00,0.0,0.0,27.79,5.14,0.0
20240717:0710,683.96,0.00,0.0,0.0,28.99,5.57,0.0
20240717:0810,776.23,0.00,0.0,0.0,29.90,5.93,0.0
20240717:0910,815.84,0.00,0.0,0.0,30.67,6.32,0.0
20240717:1010,809.47,0.00,0.0,0.0,31.24,6.77,0.0
20240717:1110,793.89,0.00,0.0,0.0,31.63,7.46,0.0
20240717:1210,729.52,0.00,0.0,0.0,31.79,8.28,0.0
20240717:1310,609.94,0.00,0.0,0.0,31.77,9.05,0.0
20240717:1410,444.02,0.00,0.0,0.0,31.59,9.50,0.0
20240717:1510,271.68,0.00,0.0,0.0,31.17,9.44,0.0
20240717:1610,96.64,0.00,0.0,0.0,30.30,8.73,0.0
20240717:1710,8.94,0.00,0.0,0.0,28.93,7.54,0.0
20240717:1810,0.00,0.00,0.0,0.0,27.37,6.50,0.0
20240717:1910,0.00,0.00,0.0,0.0,26.19,5.56,0.0
20240717:2010,0.00,0.00,0.0,0.0,25.50,4.77,0.0
20240717:2110,0.00,0.00,0.0,0.0,25.17,4.56,0.0
20240717:2210,0.00,0.00,0.0,0.0,25.27,5.00,0.0
20240717:2310,0.00,0.00,0.0,0.0,25.41,5.59,0.0
20240718:0010,0.00,0.00,0.0,0.0,25.51,5.96,0.0
20240718:0110,0.00,0.00,0.0,0.0,25.62,6.11,0.0
20240718:0210,0.00,0.00,0.0,0.0,25.78,6.13,0.0
20240718:0310,55.03,0.00,0.0,0.0,25.89,6.22,0.0
20240718:0410,200.25,0.00,0.0,0.0,25.99,6.10,0.0
20240718:0510,382.38,0.00,0.0,0.0,26.58,5.66,0.0
20240718:0610,564.54,0.00,0.0,0.0,27.65,5.60,0.0
20240718:0710,714.60,0.00,0.0,0.0,28.90,5.70,0.0
20240718:0810,807.19,0.00,0.0,0.0,29.99,5.90,0.0
20240718:0910,872.10,0.00,0.0,0.0,30.83,6.43,0.0
20240718:1010,896.80,0.00,0.0,0.0,31.44,7.26,0.0
20240718:1110,850.42,0.00,0.0,0.0,31.79,8.22,0.0
20240718:1210,780.35,0.00,0.0,0.0,31.86,9.15,0.0
20240718:1310,640.91,0.00,0.0,0.0,31.69,9.82,0.0
20240718:1410,464.44,0.00,0.0,0.0,31.27,10.15,0.0
20240718:1510,281.64,0.00,0.0,0.0,30.54,10.16,0.0
20240718:1610,101.97,0.00,0.0,0.0,29.47,9.79,0.0
20240718:1710,8.94,0.00,0.0,0.0,28.13,8.98,0.0
20240718:1810,0.00,0.00,0.0,0.0,26.77,7.91,0.0
20240718:1910,0.00,0.00,0.0,0.0,25.85,7.07,0.0
20240718:2010,0.00,0.00,0.0,0.0,25.31,6.40,0.0
20240718:2110,0.00,0.00,0.0,0.0,25.00,5.89,0.0
20240718:2210,0.00,0.00,0.0,0.0,24.91,5.81,0.0
20240718:2310,0.00,0.00,0.0,0.0,24.95,5.96,0.0
20240719:0010,0.00,0.00,0.0,0.0,24.99,6.05,0.0
20240719:0110,0.00,0.00,0.0,0.0,25.05,6.25,0.0
20240719:0210,0.00,0.00,0.0,0.0,25.14,6.51,0.0
20240719:0310,55.13,0.00,0.0,0.0,25.28,6.76,0.0
20240719:0410,206.16,0.00,0.0,0.0,25.51,6.66,0.0
20240719:0510,387.63,0.00,0.0,0.0,26.19,6.58,0.0
20240719:0610,490.03,0.00,0.0,0.0,27.18,6.72,0.0
20240719:0710,616.73,0.00,0.0,0.0,28.20,6.71,0.0
20240719:0810,791.67,0.00,0.0,0.0,29.09,6.85,0.0
20240719:0910,837.89,0.00,0.0,0.0,29.72,7.41,0.0
20240719:1010,849.04,0.00,0.0,0.0,30.06,8.29,0.0
20240719:1110,810.73,0.00,0.0,0.0,30.18,9.23,0.0
20240719:1210,714.06,0.00,0.0,0.0,30.09,10.21,0.0
20240719:1310,587.04,0.00,0.0,0.0,29.82,10.90,0.0
20240719:1410,415.61,0.00,0.0,0.0,29.38,11.13,0.0
20240719:1510,256.86,0.00,0.0,0.0,28.81,10.81,0.0
20240719:1610,89.60,0.00,0.0,0.0,28.12,10.14,0.0
20240719:1710,8.11,0.00,0.0,0.0,27.28,9.24,0.0
20240719:1810,0.00,0.00,0.0,0.0,26.50,8.18,0.0
20240719:1910,0.00,0.00,0.0,0.0,26.02,7.33,0.0
20240719:2010,0.00,0.00,0.0,0.0,25.75,6.61,0.0
20240719:2110,0.00,0.00,0.0,0.0,25.54,6.11,0.0
20240719:2210,0.00,0.00,0.0,0.0,25.38,5.73,0.0
20240719:2310,0.00,0.00,0.0,0.0,25.26,5.58,0.0
20240720:0010,0.00,0.00,0.0,0.0,25.18,5.60,0.0
20240720:0110,0.00,0.00,0.0,0.0,25.12,5.68,0.0
20240720:0210,0.00,0.00,0.0,0.0,25.09,5.84,0.0
20240720:0310,39.07,0.00,0.0,0.0,25.11,6.08,0.0
20240720:0410,193.13,0.00,0.0,0.0,25.32,6.02,0.0
20240720:0510,358.27,0.00,0.0,0.0,25.99,6.12,0.0
20240720:0610,532.51,0.00,0.0,0.0,26.87,6.24,0.0
20240720:0710,667.59,0.00,0.0,0.0,27.81,6.28,0.0
20240720:0810,776.22,0.00,0.0,0.0,28.67,6.42,0.0
20240720:0910,855.37,0.00,0.0,0.0,29.32,6.72,0.0
20240720:1010,853.29,0.00,0.0,0.0,29.76,7.18,0.0
20240720:1110,825.25,0.00,0.0,0.0,30.05,7.77,0.0
20240720:1210,730.94,0.00,0.0,0.0,30.13,8.46,0.0
20240720:1310,599.51,0.00,0.0,0.0,30.00,9.10,0.0
20240720:1410,438.76,0.00,0.0,0.0,29.66,9.54,0.0
20240720:1510,263.07,0.00,0.0,0.0,29.14,9.69,0.0
20240720:1610,91.65,0.00,0.0,0.0,28.42,9.53,0.0
20240720:1710,7.70,0.00,0.0,0.0,27.47,9.10,0.0
20240720:1810,0.00,0.00,0.0,0.0,26.46,8.46,0.0
20240720:1910,0.00,0.00,0.0,0.0,25.77,7.88,0.0
20240720:2010,0.00,0.00,0.0,0.0,25.37,7.42,0.0
20240720:2110,0.00,0.00,0.0,0.0,25.11,7.06,0.0
20240720:2210,0.00,0.00,0.0,0.0,24.97,6.88,0.0
20240720:2310,0.00,0.00,0.0,0.0,24.90,6.69,0.0
20240721:0010,0.00,0.00,0.0,0.0,24.85,6.51,0.0
20240721:0110,0.00,0.00,0.0,0.0,24.81,6.36,0.0
20240721:0210,0.00,0.00,0.0,0.0,24.78,6.19,0.0
20240721:0310,48.09,0.00,0.0,0.0,24.75,6.06,0.0
20240721:0410,207.78,0.00,0.0,0.0,24.87,5.76,0.0
20240721:0510,388.33,0.00,0.0,0.0,25.65,5.90,0.0
20240721:0610,569.73,0.00,0.0,0.0,26.72,6.20,0.0
20240721:0710,719.18,0.00,0.0,0.0,27.78,6.24,0.0
20240721:0810,762.16,0.00,0.0,0.0,28.77,6.24,0.0
20240721:0910,882.40,0.00,0.0,0.0,29.60,6.28,0.0
20240721:1010,880.73,0.00,0.0,0.0,30.20,6.44,0.0
20240721:1110,844.14,0.00,0.0,0.0,30.50,6.75,0.0
20240721:1210,752.74,0.00,0.0,0.0,30.58,7.16,0.0
20240721:1310,611.91,0.00,0.0,0.0,30.44,7.56,0.0
20240721:1410,442.31,0.00,0.0,0.0,30.02,7.83,0.0
20240721:1510,264.44,0.00,0.0,0.0,29.35,7.97,0.0
20240721:1610,90.38,0.00,0.0,0.0,28.51,7.98,0.0
20240721:1710,7.66,0.00,0.0,0.0,27.50,7.81,0.0
20240721:1810,0.00,0.00,0.0,0.0,26.47,7.42,0.0
20240721:1910,0.00,0.00,0.0,0.0,25.85,6.91,0.0
20240721:2010,0.00,0.00,0.0,0.0,25.60,6.35,0.0
20240721:2110,0.00,0.00,0.0,0.0,25.50,5.91,0.0
20240721:2210,0.00,0.00,0.0,0.0,25.44,5.59,0.0
20240721:2310,0.00,0.00,0.0,0.0,25.37,5.25,0.0
20240722:0010,0.00,0.00,0.0,0.0,25.27,4.91,0.0
20240722:0110,0.00,0.00,0.0,0.0,25.17,4.62,0.0
20240722:0210,0.00,0.00,0.0,0.0,25.09,4.31,0.0
20240722:0310,49.45,0.00,0.0,0.0,24.99,3.98,0.0
20240722:0410,199.20,0.00,0.0,0.0,24.92,3.50,0.0
20240722:0510,375.22,0.00,0.0,0.0,25.55,2.99,0.0
20240722:0610,547.40,0.00,0.0,0.0,26.85,2.94,0.0
20240722:0710,666.16,0.00,0.0,0.0,28.27,2.86,0.0
20240722:0810,772.94,0.00,0.0,0.0,29.59,2.90,0.0
20240722:0910,849.67,0.00,0.0,0.0,30.49,3.00,0.0
20240722:1010,878.02,0.00,0.0,0.0,31.05,3.47,0.0
20240722:1110,836.28,0.00,0.0,0.0,31.34,4.14,0.0
20240722:1210,735.79,0.00,0.0,0.0,31.44,4.82,0.0
20240722:1310,591.99,0.00,0.0,0.0,31.42,5.42,0.0
20240722:1410,424.94,0.00,0.0,0.0,31.20,5.93,0.0
20240722:1510,248.04,0.00,0.0,0.0,30.75,6.37,0.0
20240722:1610,85.70,0.00,0.0,0.0,30.03,6.71,0.0
20240722:1710,7.19,0.00,0.0,0.0,28.97,6.85,0.0
20240722:1810,0.00,0.00,0.0,0.0,27.62,6.84,0.0
20240722:1910,0.00,0.00,0.0,0.0,26.48,6.75,0.0
20240722:2010,0.00,0.00,0.0,0.0,25.80,6.63,0.0
20240722:2110,0.00,0.00,0.0,0.0,25.50,6.56,0.0
20240722:2210,0.00,0.00,0.0,0.0,25.49,6.25,0.0
20240722:2310,0.00,0.00,0.0,0.0,25.59,5.68,0.0
20240723:0010,0.00,0.00,0.0,0.0,25.66,5.01,0.0
20240723:0110,0.00,0.00,0.0,0.0,25.71,4.44,0.0
20240723:0210,0.00,0.00,0.0,0.0,25.75,4.26,0.0
20240723:0310,44.67,0.00,0.0,0.0,25.78,4.75,0.0
20240723:0410,190.41,0.00,0.0,0.0,25.80,5.35,0.0
20240723:0510,355.34,0.00,0.0,0.0,26.21,5.61,0.0
20240723:0610,506.68,0.00,0.0,0.0,26.87,5.63,0.0
20240723:0710,663.76,0.00,0.0,0.0,27.66,5.56,0.0
20240723:0810,761.12,0.00,0.0,0.0,28.35,5.73,0.0
20240723:0910,810.13,0.00,0.0,0.0,28.73,6.21,0.0
20240723:1010,829.56,0.00,0.0,0.0,28.91,6.83,0.0
20240723:1110,720.80,0.00,0.0,0.0,28.98,7.40,0.0
20240723:1210,583.57,0.00,0.0,0.0,28.84,7.93,0.0
20240723:1310,447.68,0.00,0.0,0.0,28.50,8.41,0.0
20240723:1410,356.03,0.00,0.0,0.0,27.98,8.74,0.0
20240723:1510,220.80,0.00,0.0,0.0,27.40,8.86,0.0
20240723:1610,79.22,0.00,0.0,0.0,26.85,8.72,0.0
20240723:1710,7.07,0.00,0.0,0.0,26.29,8.25,0.0
20240723:1810,0.00,0.00,0.0,0.0,25.75,7.58,0.0
20240723:1910,0.00,0.00,0.0,0.0,25.34,6.92,0.0
20240723:2010,0.00,0.00,0.0,0.0,25.04,6.32,0.0
20240723:2110,0.00,0.00,0.0,0.0,24.81,6.01,0.0
20240723:2210,0.00,0.00,0.0,0.0,24.69,5.89,0.0
20240723:2310,0.00,0.00,0.0,0.0,24.66,5.74,0.0
20240724:0010,0.00,0.00,0.0,0.0,24.69,5.64,0.0
20240724:0110,0.00,0.00,0.0,0.0,24.75,5.66,0.0
20240724:0210,0.00,0.00,0.0,0.0,24.83,5.75,0.0
20240724:0310,45.18,0.00,0.0,0.0,24.90,5.90,0.0
20240724:0410,186.44,0.00,0.0,0.0,25.03,6.06,0.0
20240724:0510,351.21,0.00,0.0,0.0,25.46,6.44,0.0
20240724:0610,507.68,0.00,0.0,0.0,26.07,6.77,0.0
20240724:0710,646.94,0.00,0.0,0.0,26.79,7.08,0.0
20240724:0810,785.70,0.00,0.0,0.0,27.49,7.44,0.0
20240724:0910,858.46,0.00,0.0,0.0,28.04,7.86,0.0
20240724:1010,854.71,0.00,0.0,0.0,28.42,8.31,0.0
20240724:1110,824.18,0.00,0.0,0.0,28.65,8.82,0.0
20240724:1210,737.05,0.00,0.0,0.0,28.71,9.35,0.0
20240724:1310,607.04,0.00,0.0,0.0,28.65,9.73,0.0
20240724:1410,450.73,0.00,0.0,0.0,28.45,9.92,0.0
20240724:1510,270.39,0.00,0.0,0.0,28.11,9.85,0.0
20240724:1610,92.74,0.00,0.0,0.0,27.65,9.56,0.0
20240724:1710,5.79,0.00,0.0,0.0,27.01,9.05,0.0
20240724:1810,0.00,0.00,0.0,0.0,26.31,8.35,0.0
20240724:1910,0.00,0.00,0.0,0.0,25.85,7.53,0.0
20240724:2010,0.00,0.00,0.0,0.0,25.58,6.93,0.0
20240724:2110,0.00,0.00,0.0,0.0,25.39,6.43,0.0
20240724:2210,0.00,0.00,0.0,0.0,25.27,5.98,0.0
20240724:2310,0.00,0.00,0.0,0.0,25.18,5.80,0.0
20240725:0010,0.00,0.00,0.0,0.0,25.13,5.83,0.0
20240725:0110,0.00,0.00,0.0,0.0,25.08,5.89,0.0
20240725:0210,0.00,0.00,0.0,0.0,25.05,6.00,0.0
20240725:0310,43.50,0.00,0.0,0.0,25.05,6.03,0.0
20240725:0410,177.27,0.00,0.0,0.0,25.20,6.05,0.0
20240725:0510,342.44,0.00,0.0,0.0,25.81,6.55,0.0
20240725:0610,513.52,0.00,0.0,0.0,26.41,7.03,0.0
20240725:0710,651.26,0.00,0.0,0.0,26.82,7.16,0.0
20240725:0810,741.86,0.00,0.0,0.0,27.13,7.49,0.0
20240725:0910,774.58,0.00,0.0,0.0,27.33,8.01,0.0
20240725:1010,818.21,0.00,0.0,0.0,27.47,8.49,0.0
20240725:1110,724.90,0.00,0.0,0.0,27.51,8.88,0.0
20240725:1210,647.11,0.00,0.0,0.0,27.38,9.27,0.0
20240725:1310,472.69,0.00,0.0,0.0,27.05,9.66,0.0
20240725:1410,307.73,0.00,0.0,0.0,26.57,9.83,0.0
20240725:1510,170.18,0.00,0.0,0.0,26.03,9.57,0.0
20240725:1610,60.54,0.00,0.0,0.0,25.54,9.04,0.0
20240725:1710,4.79,0.00,0.0,0.0,25.12,8.43,0.0
20240725:1810,0.00,0.00,0.0,0.0,24.75,7.72,0.0
20240725:1910,0.00,0.00,0.0,0.0,24.48,7.22,0.0
20240725:2010,0.00,0.00,0.0,0.0,24.24,7.14,0.0
20240725:2110,0.00,0.00,0.0,0.0,24.04,7.14,0.0
20240725:2210,0.00,0.00,0.0,0.0,23.82,6.69,0.0
20240725:2310,0.00,0.00,0.0,0.0,23.57,6.29,0.0
20240726:0010,0.00,0.00,0.0,0.0,23.30,6.11,0.0
20240726:0110,0.00,0.00,0.0,0.0,22.98,6.03,0.0
20240726:0210,0.00,0.00,0.0,0.0,22.63,6.03,0.0
20240726:0310,35.90,0.00,0.0,0.0,22.31,6.04,0.0
20240726:0410,135.30,0.00,0.0,0.0,22.17,5.97,0.0
20240726:0510,263.14,0.00,0.0,0.0,22.32,5.81,0.0
20240726:0610,404.72,0.00,0.0,0.0,22.73,5.68,0.0
20240726:0710,532.10,0.00,0.0,0.0,23.29,5.52,0.0
20240726:0810,658.31,0.00,0.0,0.0,23.87,5.58,0.0
20240726:0910,741.06,0.00,0.0,0.0,24.42,5.93,0.0
20240726:1010,716.89,0.00,0.0,0.0,24.87,6.59,0.0
20240726:1110,649.94,0.00,0.0,0.0,25.10,7.38,0.0
20240726:1210,597.70,0.00,0.0,0.0,25.14,8.07,0.0
20240726:1310,503.87,0.00,0.0,0.0,25.04,8.51,0.0
20240726:1410,375.31,0.00,0.0,0.0,24.89,8.76,0.0
20240726:1510,220.81,0.00,0.0,0.0,24.76,8.68,0.0
20240726:1610,74.85,0.00,0.0,0.0,24.73,8.11,0.0
20240726:1710,5.27,0.00,0.0,0.0,24.75,7.05,0.0
20240726:1810,0.00,0.00,0.0,0.0,24.85,5.78,0.0
20240726:1910,0.00,0.00,0.0,0.0,25.04,4.50,0.0
20240726:2010,0.00,0.00,0.0,0.0,25.21,3.39,0.0
20240726:2110,0.00,0.00,0.0,0.0,25.28,2.72,0.0
20240726:2210,0.00,0.00,0.0,0.0,25.09,2.40,0.0
20240726:2310,0.00,0.00,0.0,0.0,24.70,2.41,0.0
20240727:0010,0.00,0.00,0.0,0.0,24.25,2.71,0.0
20240727:0110,0.00,0.00,0.0,0.0,23.76,3.20,0.0
20240727:0210,0.00,0.00,0.0,0.0,23.28,3.73,0.0
20240727:0310,33.86,0.00,0.0,0.0,22.89,4.32,0.0
20240727:0410,147.18,0.00,0.0,0.0,22.71,4.87,0.0
20240727:0510,308.27,0.00,0.0,0.0,22.83,5.14,0.0
20240727:0610,463.55,0.00,0.0,0.0,23.23,5.47,0.0
20240727:0710,631.06,0.00,0.0,0.0,23.94,5.92,0.0
20240727:0810,716.92,0.00,0.0,0.0,24.68,6.48,0.0
20240727:0910,821.29,0.00,0.0,0.0,25.28,7.06,0.0
20240727:1010,794.78,0.00,0.0,0.0,25.67,7.61,0.0
20240727:1110,787.99,0.00,0.0,0.0,25.86,8.04,0.0
20240727:1210,721.09,0.00,0.0,0.0,25.91,8.31,0.0
20240727:1310,588.51,0.00,0.0,0.0,25.86,8.27,0.0
20240727:1410,438.52,0.00,0.0,0.0,25.74,7.98,0.0
20240727:1510,252.57,0.00,0.0,0.0,25.54,7.53,0.0
20240727:1610,92.15,0.00,0.0,0.0,25.21,7.01,0.0
20240727:1710,3.42,0.00,0.0,0.0,24.74,6.39,0.0
20240727:1810,0.00,0.00,0.0,0.0,24.32,5.85,0.0
20240727:1910,0.00,0.00,0.0,0.0,24.10,5.46,0.0
20240727:2010,0.00,0.00,0.0,0.0,23.96,4.92,0.0
20240727:2110,0.00,0.00,0.0,0.0,23.88,4.54,0.0
20240727:2210,0.00,0.00,0.0,0.0,23.87,4.39,0.0
20240727:2310,0.00,0.00,0.0,0.0,23.88,4.41,0.0
20240728:0010,0.00,0.00,0.0,0.0,23.91,4.57,0.0
20240728:0110,0.00,0.00,0.0,0.0,23.94,4.82,0.0
20240728:0210,0.00,0.00,0.0,0.0,23.97,4.99,0.0
20240728:0310,36.95,0.00,0.0,0.0,24.00,5.05,0.0
20240728:0410,193.22,0.00,0.0,0.0,24.12,4.82,0.0
20240728:0510,373.29,0.00,0.0,0.0,24.65,4.67,0.0
20240728:0610,548.07,0.00,0.0,0.0,25.45,4.90,0.0
20240728:0710,701.79,0.00,0.0,0.0,26.25,5.18,0.0
20240728:0810,793.97,0.00,0.0,0.0,27.04,5.71,0.0
20240728:0910,881.49,0.00,0.0,0.0,27.74,6.40,0.0
20240728:1010,905.10,0.00,0.0,0.0,28.20,7.15,0.0
20240728:1110,865.53,0.00,0.0,0.0,28.47,7.87,0.0
20240728:1210,767.17,0.00,0.0,0.0,28.60,8.47,0.0
20240728:1310,627.72,0.00,0.0,0.0,28.60,8.90,0.0
20240728:1410,444.28,0.00,0.0,0.0,28.42,9.20,0.0
20240728:1510,274.91,0.00,0.0,0.0,28.04,9.38,0.0
20240728:1610,87.45,0.00,0.0,0.0,27.42,9.38,0.0
20240728:1710,2.11,0.00,0.0,0.0,26.50,8.98,0.0
20240728:1810,0.00,0.00,0.0,0.0,25.58,8.40,0.0
20240728:1910,0.00,0.00,0.0,0.0,25.01,7.79,0.0
20240728:2010,0.00,0.00,0.0,0.0,24.72,7.44,0.0
20240728:2110,0.00,0.00,0.0,0.0,24.56,7.18,0.0
20240728:2210,0.00,0.00,0.0,0.0,24.58,6.99,0.0
20240728:2310,0.00,0.00,0.0,0.0,24.68,6.84,0.0
20240729:0010,0.00,0.00,0.0,0.0,24.78,6.79,0.0
20240729:0110,0.00,0.00,0.0,0.0,24.86,6.82,0.0
20240729:0210,0.00,0.00,0.0,0.0,24.91,6.85,0.0
20240729:0310,48.96,0.00,0.0,0.0,24.88,6.81,0.0
20240729:0410,210.87,0.00,0.0,0.0,24.89,6.58,0.0
20240729:0510,405.43,0.00,0.0,0.0,25.50,6.35,0.0
20240729:0610,591.50,0.00,0.0,0.0,26.70,7.15,0.0
20240729:0710,718.43,0.00,0.0,0.0,27.74,7.38,0.0
20240729:0810,834.92,0.00,0.0,0.0,28.58,7.37,0.0
20240729:0910,900.55,0.00,0.0,0.0,29.19,7.49,0.0
20240729:1010,918.47,0.00,0.0,0.0,29.57,8.05,0.0
20240729:1110,876.26,0.00,0.0,0.0,29.67,8.93,0.0
20240729:1210,774.47,0.00,0.0,0.0,29.61,9.73,0.0
20240729:1310,633.75,0.00,0.0,0.0,29.43,10.17,0.0
20240729:1410,467.44,0.00,0.0,0.0,29.14,10.21,0.0
20240729:1510,270.08,0.00,0.0,0.0,28.72,9.89,0.0
20240729:1610,91.45,0.00,0.0,0.0,28.13,9.16,0.0
20240729:1710,2.04,0.00,0.0,0.0,27.28,7.99,0.0
20240729:1810,0.00,0.00,0.0,0.0,26.32,7.00,0.0
20240729:1910,0.00,0.00,0.0,0.0,25.66,6.46,0.0
20240729:2010,0.00,0.00,0.0,0.0,25.27,6.05,0.0
20240729:2110,0.00,0.00,0.0,0.0,25.03,5.74,0.0
20240729:2210,0.00,0.00,0.0,0.0,24.91,5.66,0.0
20240729:2310,0.00,0.00,0.0,0.0,24.82,5.83,0.0
20240730:0010,0.00,0.00,0.0,0.0,24.74,6.08,0.0
20240730:0110,0.00,0.00,0.0,0.0,24.65,6.26,0.0
20240730:0210,0.00,0.00,0.0,0.0,24.58,6.46,0.0
20240730:0310,38.94,0.00,0.0,0.0,24.53,6.73,0.0
20240730:0410,163.20,0.00,0.0,0.0,24.60,6.78,0.0
20240730:0510,314.33,0.00,0.0,0.0,25.13,7.03,0.0
20240730:0610,474.90,0.00,0.0,0.0,25.78,7.52,0.0
20240730:0710,575.44,0.00,0.0,0.0,26.29,7.74,0.0
20240730:0810,729.09,0.00,0.0,0.0,26.71,8.05,0.0
20240730:0910,790.49,0.00,0.0,0.0,27.03,8.60,0.0
20240730:1010,815.96,0.00,0.0,0.0,27.21,9.45,0.0
20240730:1110,785.63,0.00,0.0,0.0,27.08,10.55,0.0
20240730:1210,687.23,0.00,0.0,0.0,26.65,11.51,0.0
20240730:1310,552.93,0.00,0.0,0.0,26.19,11.82,0.0
20240730:1410,405.40,0.00,0.0,0.0,25.89,11.57,0.0
20240730:1510,240.31,0.00,0.0,0.0,25.61,11.16,0.0
20240730:1610,79.09,0.00,0.0,0.0,25.21,10.82,0.0
20240730:1710,1.95,0.00,0.0,0.0,24.68,10.32,0.0
20240730:1810,0.00,0.00,0.0,0.0,24.18,9.41,0.0
20240730:1910,0.00,0.00,0.0,0.0,23.85,8.18,0.0
20240730:2010,0.00,0.00,0.0,0.0,23.61,7.29,0.0
20240730:2110,0.00,0.00,0.0,0.0,23.45,6.61,0.0
20240730:2210,0.00,0.00,0.0,0.0,23.40,6.08,0.0
20240730:2310,0.00,0.00,0.0,0.0,23.40,5.66,0.0
20240731:0010,0.00,0.00,0.0,0.0,23.38,5.38,0.0
20240731:0110,0.00,0.00,0.0,0.0,23.34,5.34,0.0
20240731:0210,0.00,0.00,0.0,0.0,23.31,5.57,0.0
20240731:0310,0.00,0.00,0.0,0.0,23.29,5.78,0.0
20240731:0410,0.00,0.00,0.0,0.0,23.38,5.75,0.0
20240731:0510,11.13,0.00,0.0,0.0,23.94,5.76,0.0
20240731:0610,89.22,0.00,0.0,0.0,24.70,6.54,0.0
20240731:0710,198.43,0.00,0.0,0.0,25.21,7.02,0.0
20240731:0810,280.28,0.00,0.0,0.0,25.64,7.41,0.0
20240731:0910,318.01,0.00,0.0,0.0,25.98,7.86,0.0
20240731:1010,333.46,0.00,0.0,0.0,26.22,8.37,0.0
20240731:1110,279.93,0.00,0.0,0.0,26.32,8.96,0.0
20240731:1210,204.28,0.00,0.0,0.0,26.25,9.54,0.0
20240731:1310,120.06,0.00,0.0,0.0,26.05,9.96,0.0
20240731:1410,37.10,0.00,0.0,0.0,25.76,10.09,0.0
20240731:1510,0.00,0.00,0.0,0.0,25.40,9.96,0.0
20240731:1610,0.00,0.00,0.0,0.0,25.04,9.65,0.0
20240731:1710,0.00,0.00,0.0,0.0,24.64,9.24,0.0
20240731:1810,0.00,0.00,0.0,0.0,24.28,8.80,0.0
20240731:1910,0.00,0.00,0.0,0.0,24.10,8.40,0.0
20240731:2010,0.00,0.00,0.0,0.0,24.01,8.10,0.0
20240731:2110,0.00,0.00,0.0,0.0,23.89,7.90,0.0
20240731:2210,0.00,0.00,0.0,0.0,23.56,7.71,0.0
20240731:2310,0.00,0.00,0.0,0.0,23.16,7.38,0.0
20240801:0010,0.00,0.00,0.0,0.0,22.82,7.06,0.0
20240801:0110,0.00,0.00,0.0,0.0,22.54,6.84,0.0
20240801:0210,0.00,0.00,0.0,0.0,22.31,6.75,0.0
20240801:0310,0.00,0.00,0.0,0.0,22.17,6.71,0.0
20240801:0410,0.00,0.00,0.0,0.0,22.29,6.61,0.0
20240801:0510,16.00,0.00,0.0,0.0,22.90,6.97,0.0
20240801:0610,110.64,0.00,0.0,0.0,23.65,7.25,0.0
20240801:0710,219.43,0.00,0.0,0.0,24.44,7.36,0.0
20240801:0810,310.79,0.00,0.0,0.0,25.18,7.71,0.0
20240801:0910,361.54,0.00,0.0,0.0,25.71,8.19,0.0
20240801:1010,381.62,0.00,0.0,0.0,26.00,8.62,0.0
20240801:1110,325.01,0.00,0.0,0.0,26.17,8.97,0.0
20240801:1210,216.67,0.00,0.0,0.0,26.22,9.28,0.0
20240801:1310,136.65,0.00,0.0,0.0,26.10,9.48,0.0
20240801:1410,39.91,0.00,0.0,0.0,25.79,9.56,0.0
20240801:1510,0.00,0.00,0.0,0.0,25.33,9.51,0.0
20240801:1610,0.00,0.00,0.0,0.0,24.74,9.32,0.0
20240801:1710,0.00,0.00,0.0,0.0,24.08,8.94,0.0
20240801:1810,0.00,0.00,0.0,0.0,23.52,8.43,0.0
20240801:1910,0.00,0.00,0.0,0.0,23.20,7.90,0.0
20240801:2010,0.00,0.00,0.0,0.0,22.98,7.39,0.0
20240801:2110,0.00,0.00,0.0,0.0,22.82,7.01,0.0
20240801:2210,0.00,0.00,0.0,0.0,22.69,6.76,0.0
20240801:2310,0.00,0.00,0.0,0.0,22.60,6.50,0.0
20240802:0010,0.00,0.00,0.0,0.0,22.54,6.34,0.0
20240802:0110,0.00,0.00,0.0,0.0,22.53,6.24,0.0
20240802:0210,0.00,0.00,0.0,0.0,22.55,6.14,0.0
20240802:0310,0.00,0.00,0.0,0.0,22.56,6.00,0.0
20240802:0410,0.00,0.00,0.0,0.0,22.67,5.62,0.0
20240802:0510,23.64,0.00,0.0,0.0,23.25,5.24,0.0
20240802:0610,157.03,0.00,0.0,0.0,24.23,5.35,0.0
20240802:0710,298.33,0.00,0.0,0.0,25.20,5.28,0.0
20240802:0810,400.77,0.00,0.0,0.0,26.18,5.31,0.0
20240802:0910,465.75,0.00,0.0,0.0,27.07,5.48,0.0
20240802:1010,485.57,0.00,0.0,0.0,27.64,5.82,0.0
20240802:1110,438.49,0.00,0.0,0.0,27.88,6.34,0.0
20240802:1210,342.32,0.00,0.0,0.0,27.92,6.85,0.0
20240802:1310,206.90,0.00,0.0,0.0,27.76,7.23,0.0
20240802:1410,61.62,0.00,0.0,0.0,27.42,7.45,0.0
20240802:1510,0.00,0.00,0.0,0.0,26.83,7.45,0.0
20240802:1610,0.00,0.00,0.0,0.0,26.03,7.35,0.0
20240802:1710,0.00,0.00,0.0,0.0,25.01,7.18,0.0
20240802:1810,0.00,0.00,0.0,0.0,24.01,6.99,0.0
20240802:1910,0.00,0.00,0.0,0.0,23.40,6.64,0.0
20240802:2010,0.00,0.00,0.0,0.0,23.10,6.21,0.0
20240802:2110,0.00,0.00,0.0,0.0,22.95,5.84,0.0
20240802:2210,0.00,0.00,0.0,0.0,22.89,5.44,0.0
20240802:2310,0.00,0.00,0.0,0.0,22.85,5.02,0.0
20240803:0010,0.00,0.00,0.0,0.0,22.79,4.55,0.0
20240803:0110,0.00,0.00,0.0,0.0,22.74,3.98,0.0
20240803:0210,0.00,0.00,0.0,0.0,22.70,3.31,0.0
20240803:0310,0.00,0.00,0.0,0.0,22.62,2.62,0.0
20240803:0410,0.00,0.00,0.0,0.0,22.59,2.15,0.0
20240803:0510,24.70,0.00,0.0,0.0,23.00,1.98,0.0
20240803:0610,147.20,0.00,0.0,0.0,23.85,1.96,0.0
20240803:0710,276.10,0.00,0.0,0.0,24.78,1.93,0.0
20240803:0810,377.08,0.00,0.0,0.0,25.90,1.96,0.0
20240803:0910,450.58,0.00,0.0,0.0,27.17,1.99,0.0
20240803:1010,430.34,0.00,0.0,0.0,28.19,2.15,0.0
20240803:1110,340.36,0.00,0.0,0.0,28.92,2.53,0.0
20240803:1210,258.32,0.00,0.0,0.0,29.38,3.06,0.0
20240803:1310,144.67,0.00,0.0,0.0,29.63,3.58,0.0
20240803:1410,44.24,0.00,0.0,0.0,29.70,3.97,0.0
20240803:1510,0.00,0.00,0.0,0.0,29.53,4.24,0.0
20240803:1610,0.00,0.00,0.0,0.0,29.03,4.26,0.0
20240803:1710,0.00,0.00,0.0,0.0,28.11,4.32,0.0
20240803:1810,0.00,0.00,0.0,0.0,26.90,4.71,0.0
20240803:1910,0.00,0.00,0.0,0.0,25.85,4.72,0.0
20240803:2010,0.00,0.00,0.0,0.0,25.11,4.23,0.0
20240803:2110,0.00,0.00,0.0,0.0,24.64,3.38,0.0
20240803:2210,0.00,0.00,0.0,0.0,24.34,2.55,0.0
20240803:2310,0.00,0.00,0.0,0.0,24.10,2.01,0.0
20240804:0010,0.00,0.00,0.0,0.0,23.86,1.74,0.0
20240804:0110,0.00,0.00,0.0,0.0,23.62,1.65,0.0
20240804:0210,0.00,0.00,0.0,0.0,23.42,1.89,0.0
20240804:0310,0.00,0.00,0.0,0.0,23.31,2.16,0.0
20240804:0410,0.00,0.00,0.0,0.0,23.31,2.09,0.0
20240804:0510,20.47,0.00,0.0,0.0,23.78,1.58,0.0
20240804:0610,98.29,0.00,0.0,0.0,24.94,1.27,0.0
20240804:0710,155.28,0.00,0.0,0.0,26.50,1.74,0.0
20240804:0810,205.60,0.00,0.0,0.0,27.64,2.20,0.0
20240804:0910,215.81,0.00,0.0,0.0,28.30,2.67,0.0
20240804:1010,193.29,0.00,0.0,0.0,28.73,3.18,0.0
20240804:1110,173.81,0.00,0.0,0.0,28.98,3.59,0.0
20240804:1210,184.39,0.00,0.0,0.0,29.05,3.82,0.0
20240804:1310,138.66,0.00,0.0,0.0,29.04,3.89,0.0
20240804:1410,42.80,0.00,0.0,0.0,28.87,3.98,0.0
20240804:1510,0.00,0.00,0.0,0.0,28.54,4.21,0.0
20240804:1610,0.00,0.00,0.0,0.0,28.04,4.42,0.0
20240804:1710,0.00,0.00,0.0,0.0,27.33,4.53,0.0
20240804:1810,0.00,0.00,0.0,0.0,26.45,4.92,0.0
20240804:1910,0.00,0.00,0.0,0.0,25.70,5.26,0.0
20240804:2010,0.00,0.00,0.0,0.0,25.12,5.20,0.0
20240804:2110,0.00,0.00,0.0,0.0,24.68,5.04,0.0
20240804:2210,0.00,0.00,0.0,0.0,24.40,4.92,0.0
20240804:2310,0.00,0.00,0.0,0.0,24.20,4.91,0.0
20240805:0010,0.00,0.00,0.0,0.0,24.03,4.95,0.0
20240805:0110,0.00,0.00,0.0,0.0,23.88,5.07,0.0
20240805:0210,0.00,0.00,0.0,0.0,23.74,5.28,0.0
20240805:0310,0.00,0.00,0.0,0.0,23.64,5.55,0.0
20240805:0410,0.00,0.00,0.0,0.0,23.63,5.76,0.0
20240805:0510,9.31,0.00,0.0,0.0,23.87,5.84,0.0
20240805:0610,46.83,0.00,0.0,0.0,24.43,6.00,0.0
20240805:0710,82.19,0.00,0.0,0.0,25.25,6.08,0.0
20240805:0810,112.59,0.00,0.0,0.0,26.10,6.05,0.0
20240805:0910,117.69,0.00,0.0,0.0,26.76,6.12,0.0
20240805:1010,133.44,0.00,0.0,0.0,27.14,6.39,0.0
20240805:1110,110.02,0.00,0.0,0.0,27.30,6.82,0.0
20240805:1210,126.04,0.00,0.0,0.0,27.25,7.35,0.0
20240805:1310,96.15,0.00,0.0,0.0,26.93,7.88,0.0
20240805:1410,34.30,0.00,0.0,0.0,26.29,8.50,0.0
20240805:1510,0.00,0.00,0.0,0.0,25.56,9.02,0.0
20240805:1610,0.00,0.00,0.0,0.0,24.96,8.77,0.0
20240805:1710,0.00,0.00,0.0,0.0,24.44,7.99,0.0
20240805:1810,0.00,0.00,0.0,0.0,23.97,7.28,0.0
20240805:1910,0.00,0.00,0.0,0.0,23.67,6.61,0.0
20240805:2010,0.00,0.00,0.0,0.0,23.52,5.98,0.0
20240805:2110,0.00,0.00,0.0,0.0,23.45,5.45,0.0
20240805:2210,0.00,0.00,0.0,0.0,23.43,5.02,0.0
20240805:2310,0.00,0.00,0.0,0.0,23.44,4.62,0.0
20240806:0010,0.00,0.00,0.0,0.0,23.46,4.25,0.0
20240806:0110,0.00,0.00,0.0,0.0,23.46,3.93,0.0
20240806:0210,0.00,0.00,0.0,0.0,23.45,3.65,0.0
20240806:0310,0.00,0.00,0.0,0.0,23.41,3.46,0.0
20240806:0410,0.00,0.00,0.0,0.0,23.41,3.36,0.0
20240806:0510,16.00,0.00,0.0,0.0,23.70,3.16,0.0
20240806:0610,106.22,0.00,0.0,0.0,24.31,2.83,0.0
20240806:0710,200.82,0.00,0.0,0.0,25.09,2.57,0.0
20240806:0810,280.96,0.00,0.0,0.0,25.95,2.48,0.0
20240806:0910,328.81,0.00,0.0,0.0,26.75,2.57,0.0
20240806:1010,395.13,0.00,0.0,0.0,27.46,2.81,0.0
20240806:1110,388.40,0.00,0.0,0.0,28.03,3.20,0.0
20240806:1210,341.85,0.00,0.0,0.0,28.37,3.66,0.0
20240806:1310,204.41,0.00,0.0,0.0,28.54,4.05,0.0
20240806:1410,64.01,0.00,0.0,0.0,28.57,4.33,0.0
20240806:1510,0.00,0.00,0.0,0.0,28.46,4.50,0.0
20240806:1610,0.00,0.00,0.0,0.0,28.18,4.57,0.0
20240806:1710,0.00,0.00,0.0,0.0,27.64,4.62,0.0
20240806:1810,0.00,0.00,0.0,0.0,26.92,5.03,0.0
20240806:1910,0.00,0.00,0.0,0.0,26.26,5.10,0.0
20240806:2010,0.00,0.00,0.0,0.0,25.74,4.52,0.0
20240806:2110,0.00,0.00,0.0,0.0,25.37,3.69,0.0
20240806:2210,0.00,0.00,0.0,0.0,25.08,3.08,0.0
20240806:2310,0.00,0.00,0.0,0.0,24.86,2.76,0.0
20240807:0010,0.00,0.00,0.0,0.0,24.72,2.75,0.0
20240807:0110,0.00,0.00,0.0,0.0,24.64,3.16,0.0
20240807:0210,0.00,0.00,0.0,0.0,24.53,3.93,0.0
20240807:0310,0.00,0.00,0.0,0.0,24.38,4.80,0.0
20240807:0410,0.00,0.00,0.0,0.0,24.23,5.76,0.0
20240807:0510,22.67,0.00,0.0,0.0,24.25,6.57,0.0
20240807:0610,110.01,0.00,0.0,0.0,24.47,6.99,0.0
20240807:0710,205.22,0.00,0.0,0.0,24.75,7.08,0.0
20240807:0810,283.26,0.00,0.0,0.0,25.07,7.09,0.0
20240807:0910,340.14,0.00,0.0,0.0,25.31,7.15,0.0
20240807:1010,307.73,0.00,0.0,0.0,25.44,7.29,0.0
20240807:1110,234.38,0.00,0.0,0.0,25.47,7.45,0.0
20240807:1210,192.43,0.00,0.0,0.0,25.43,7.48,0.0
20240807:1310,122.42,0.00,0.0,0.0,25.36,7.43,0.0
20240807:1410,43.40,0.00,0.0,0.0,25.20,7.34,0.0
20240807:1510,0.00,0.00,0.0,0.0,24.90,7.11,0.0
20240807:1610,0.00,0.00,0.0,0.0,24.43,6.77,0.0
20240807:1710,0.00,0.00,0.0,0.0,23.83,6.35,0.0
20240807:1810,0.00,0.00,0.0,0.0,23.27,6.01,0.0
20240807:1910,0.00,0.00,0.0,0.0,22.92,5.71,0.0
20240807:2010,0.00,0.00,0.0,0.0,22.70,5.32,0.0
20240807:2110,0.00,0.00,0.0,0.0,22.57,5.05,0.0
20240807:2210,0.00,0.00,0.0,0.0,22.51,4.99,0.0
20240807:2310,0.00,0.00,0.0,0.0,22.53,5.04,0.0
20240808:0010,0.00,0.00,0.0,0.0,22.56,5.06,0.0
20240808:0110,0.00,0.00,0.0,0.0,22.59,5.03,0.0
20240808:0210,0.00,0.00,0.0,0.0,22.60,5.03,0.0
20240808:0310,0.00,0.00,0.0,0.0,22.62,5.01,0.0
20240808:0410,0.00,0.00,0.0,0.0,22.69,4.83,0.0
20240808:0510,17.41,0.00,0.0,0.0,23.06,4.69,0.0
20240808:0610,83.86,0.00,0.0,0.0,23.67,4.70,0.0
20240808:0710,156.44,0.00,0.0,0.0,24.38,4.92,0.0
20240808:0810,220.69,0.00,0.0,0.0,25.11,5.30,0.0
20240808:0910,242.28,0.00,0.0,0.0,25.72,5.78,0.0
20240808:1010,244.31,0.00,0.0,0.0,26.15,6.28,0.0
20240808:1110,207.81,0.00,0.0,0.0,26.41,6.87,0.0
20240808:1210,168.85,0.00,0.0,0.0,26.46,7.57,0.0
20240808:1310,106.06,0.00,0.0,0.0,26.31,8.18,0.0
20240808:1410,37.58,0.00,0.0,0.0,25.98,8.62,0.0
20240808:1510,0.00,0.00,0.0,0.0,25.50,8.80,0.0
20240808:1610,0.00,0.00,0.0,0.0,25.05,8.83,0.0
20240808:1710,0.00,0.00,0.0,0.0,24.63,8.69,0.0
20240808:1810,0.00,0.00,0.0,0.0,24.29,8.35,0.0
20240808:1910,0.00,0.00,0.0,0.0,24.15,7.87,0.0
20240808:2010,0.00,0.00,0.0,0.0,24.11,7.34,0.0
20240808:2110,0.00,0.00,0.0,0.0,24.09,6.92,0.0
20240808:2210,0.00,0.00,0.0,0.0,23.96,6.36,0.0
20240808:2310,0.00,0.00,0.0,0.0,23.76,5.91,0.0
20240809:0010,0.00,0.00,0.0,0.0,23.61,5.59,0.0
20240809:0110,0.00,0.00,0.0,0.0,23.51,5.36,0.0
20240809:0210,0.00,0.00,0.0,0.0,23.47,5.12,0.0
20240809:0310,0.00,0.00,0.0,0.0,23.48,4.77,0.0
20240809:0410,0.00,0.00,0.0,0.0,23.57,4.59,0.0
20240809:0510,22.32,0.00,0.0,0.0,24.09,4.70,0.0
20240809:0610,104.62,0.00,0.0,0.0,24.80,4.90,0.0
20240809:0710,197.69,0.00,0.0,0.0,25.49,5.03,0.0
20240809:0810,281.08,0.00,0.0,0.0,26.19,5.33,0.0
20240809:0910,319.97,0.00,0.0,0.0,26.79,5.77,0.0
20240809:1010,421.32,0.00,0.0,0.0,27.21,6.21,0.0
20240809:1110,403.11,0.00,0.0,0.0,27.48,6.75,0.0
20240809:1210,300.22,0.00,0.0,0.0,27.52,7.36,0.0
20240809:1310,179.02,0.00,0.0,0.0,27.36,7.96,0.0
20240809:1410,58.55,0.00,0.0,0.0,27.08,8.33,0.0
20240809:1510,0.00,0.00,0.0,0.0,26.75,8.42,0.0
20240809:1610,0.00,0.00,0.0,0.0,26.29,8.30,0.0
20240809:1710,0.00,0.00,0.0,0.0,25.69,7.94,0.0
20240809:1810,0.00,0.00,0.0,0.0,25.17,7.36,0.0
20240809:1910,0.00,0.00,0.0,0.0,24.88,6.76,0.0
20240809:2010,0.00,0.00,0.0,0.0,24.70,6.24,0.0
20240809:2110,0.00,0.00,0.0,0.0,24.55,5.87,0.0
20240809:2210,0.00,0.00,0.0,0.0,24.43,5.61,0.0
20240809:2310,0.00,0.00,0.0,0.0,24.33,5.60,0.0
20240810:0010,0.00,0.00,0.0,0.0,24.24,5.66,0.0
20240810:0110,0.00,0.00,0.0,0.0,24.17,5.67,0.0
20240810:0210,0.00,0.00,0.0,0.0,24.11,5.64,0.0
20240810:0310,0.00,0.00,0.0,0.0,24.08,5.78,0.0
20240810:0410,0.00,0.00,0.0,0.0,24.17,6.02,0.0
20240810:0510,9.49,0.00,0.0,0.0,24.69,6.19,0.0
20240810:0610,47.64,0.00,0.0,0.0,25.39,6.80,0.0
20240810:0710,85.86,0.00,0.0,0.0,26.00,7.15,0.0
20240810:0810,118.69,0.00,0.0,0.0,26.50,7.47,0.0
20240810:0910,138.90,0.00,0.0,0.0,26.88,7.68,0.0
20240810:1010,137.31,0.00,0.0,0.0,27.20,7.93,0.0
20240810:1110,193.35,0.00,0.0,0.0,27.41,8.24,0.0
20240810:1210,197.74,0.00,0.0,0.0,27.46,8.54,0.0
20240810:1310,127.60,0.00,0.0,0.0,27.41,8.77,0.0
20240810:1410,46.73,0.00,0.0,0.0,27.24,8.95,0.0
20240810:1510,0.00,0.00,0.0,0.0,26.92,9.01,0.0
20240810:1610,0.00,0.00,0.0,0.0,26.36,8.89,0.0
20240810:1710,0.00,0.00,0.0,0.0,25.64,8.43,0.0
20240810:1810,0.00,0.00,0.0,0.0,24.95,7.69,0.0
20240810:1910,0.00,0.00,0.0,0.0,24.52,7.06,0.0
20240810:2010,0.00,0.00,0.0,0.0,24.26,6.62,0.0
20240810:2110,0.00,0.00,0.0,0.0,24.08,6.26,0.0
20240810:2210,0.00,0.00,0.0,0.0,24.00,5.95,0.0
20240810:2310,0.00,0.00,0.0,0.0,23.97,5.94,0.0
20240811:0010,0.00,0.00,0.0,0.0,23.94,6.07,0.0
20240811:0110,0.00,0.00,0.0,0.0,23.90,6.24,0.0
20240811:0210,0.00,0.00,0.0,0.0,23.87,6.33,0.0
20240811:0310,0.00,0.00,0.0,0.0,23.86,6.35,0.0
20240811:0410,0.00,0.00,0.0,0.0,24.00,6.26,0.0
20240811:0510,35.75,0.00,0.0,0.0,24.69,6.23,0.0
20240811:0610,132.74,0.00,0.0,0.0,25.72,6.66,0.0
20240811:0710,218.94,0.00,0.0,0.0,26.62,6.76,0.0
20240811:0810,273.62,0.00,0.0,0.0,27.39,6.86,0.0
20240811:0910,285.76,0.00,0.0,0.0,27.97,7.06,0.0
20240811:1010,251.69,0.00,0.0,0.0,28.35,7.44,0.0
20240811:1110,164.28,0.00,0.0,0.0,28.56,8.08,0.0
20240811:1210,228.88,0.00,0.0,0.0,28.60,8.78,0.0
20240811:1310,141.89,0.00,0.0,0.0,28.44,9.33,0.0
20240811:1410,52.56,0.00,0.0,0.0,28.07,9.65,0.0
20240811:1510,0.00,0.00,0.0,0.0,27.54,9.72,0.0
20240811:1610,0.00,0.00,0.0,0.0,26.88,9.51,0.0
20240811:1710,0.00,0.00,0.0,0.0,26.13,8.87,0.0
20240811:1810,0.00,0.00,0.0,0.0,25.46,7.94,0.0
20240811:1910,0.00,0.00,0.0,0.0,25.08,7.19,0.0
20240811:2010,0.00,0.00,0.0,0.0,24.85,6.65,0.0
20240811:2110,0.00,0.00,0.0,0.0,24.69,6.21,0.0
20240811:2210,0.00,0.00,0.0,0.0,24.55,5.89,0.0
20240811:2310,0.00,0.00,0.0,0.0,24.41,5.85,0.0
20240812:0010,0.00,0.00,0.0,0.0,24.28,5.90,0.0
20240812:0110,0.00,0.00,0.0,0.0,24.15,5.99,0.0
20240812:0210,0.00,0.00,0.0,0.0,24.02,6.09,0.0
20240812:0310,0.00,0.00,0.0,0.0,23.91,6.23,0.0
20240812:0410,0.00,0.00,0.0,0.0,23.95,6.20,0.0
20240812:0510,32.87,0.00,0.0,0.0,24.51,6.50,0.0
20240812:0610,146.56,0.00,0.0,0.0,25.35,7.01,0.0
20240812:0710,264.60,0.00,0.0,0.0,26.21,7.08,0.0
20240812:0810,362.76,0.00,0.0,0.0,27.10,7.24,0.0
20240812:0910,477.20,0.00,0.0,0.0,27.86,7.64,0.0
20240812:1010,500.54,0.00,0.0,0.0,28.37,8.27,0.0
20240812:1110,464.88,0.00,0.0,0.0,28.65,8.95,0.0
20240812:1210,344.31,0.00,0.0,0.0,28.76,9.55,0.0
20240812:1310,218.06,0.00,0.0,0.0,28.71,10.02,0.0
20240812:1410,79.71,0.00,0.0,0.0,28.47,10.30,0.0
20240812:1510,0.00,0.00,0.0,0.0,28.03,10.34,0.0
20240812:1610,0.00,0.00,0.0,0.0,27.40,10.07,0.0
20240812:1710,0.00,0.00,0.0,0.0,26.58,9.48,0.0
20240812:1810,0.00,0.00,0.0,0.0,25.81,8.76,0.0
20240812:1910,0.00,0.00,0.0,0.0,25.38,8.03,0.0
20240812:2010,0.00,0.00,0.0,0.0,25.15,7.42,0.0
20240812:2110,0.00,0.00,0.0,0.0,25.01,6.90,0.0
20240812:2210,0.00,0.00,0.0,0.0,24.94,6.57,0.0
20240812:2310,0.00,0.00,0.0,0.0,24.89,6.37,0.0
20240813:0010,0.00,0.00,0.0,0.0,24.82,6.16,0.0
20240813:0110,0.00,0.00,0.0,0.0,24.74,5.99,0.0
20240813:0210,0.00,0.00,0.0,0.0,24.64,5.91,0.0
20240813:0310,0.00,0.00,0.0,0.0,24.48,5.91,0.0
20240813:0410,0.00,0.00,0.0,0.0,24.27,5.76,0.0
20240813:0510,17.85,0.00,0.0,0.0,24.71,5.30,0.0
20240813:0610,86.76,0.00,0.0,0.0,26.18,6.00,0.0
20240813:0710,163.69,0.00,0.0,0.0,27.77,6.42,0.0
20240813:0810,233.23,0.00,0.0,0.0,29.17,6.59,0.0
20240813:0910,288.32,0.00,0.0,0.0,30.15,6.67,0.0
20240813:1010,280.87,0.00,0.0,0.0,30.80,6.95,0.0
20240813:1110,162.38,0.00,0.0,0.0,31.11,7.49,0.0
20240813:1210,132.35,0.00,0.0,0.0,31.16,8.16,0.0
20240813:1310,79.78,0.00,0.0,0.0,30.99,8.73,0.0
20240813:1410,29.60,0.00,0.0,0.0,30.62,9.15,0.0
20240813:1510,0.40,0.00,0.0,0.0,30.00,9.40,0.0
20240813:1610,0.00,0.00,0.0,0.0,29.05,9.47,0.0
20240813:1710,0.00,0.00,0.0,0.0,27.71,8.98,0.0
20240813:1810,0.00,0.00,0.0,0.0,26.35,8.27,0.0
20240813:1910,0.00,0.00,0.0,0.0,25.52,7.72,0.0
20240813:2010,0.00,0.00,0.0,0.0,25.04,7.19,0.0
20240813:2110,0.00,0.00,0.0,0.0,24.74,6.94,0.0
20240813:2210,0.00,0.00,0.0,0.0,24.60,6.73,0.0
20240813:2310,0.00,0.00,0.0,0.0,24.53,6.61,0.0
20240814:0010,0.00,0.00,0.0,0.0,24.47,6.59,0.0
20240814:0110,0.00,0.00,0.0,0.0,24.43,6.64,0.0
20240814:0210,0.00,0.00,0.0,0.0,24.38,6.72,0.0
20240814:0310,0.00,0.00,0.0,0.0,24.33,6.81,0.0
20240814:0410,0.00,0.00,0.0,0.0,24.39,7.02,0.0
20240814:0510,18.71,0.00,0.0,0.0,25.08,7.19,0.0
20240814:0610,81.72,0.00,0.0,0.0,26.51,8.59,0.0
20240814:0710,145.57,0.00,0.0,0.0,27.82,9.75,0.0
20240814:0810,185.35,0.00,0.0,0.0,28.76,10.39,0.0
20240814:0910,202.85,0.00,0.0,0.0,29.31,10.79,0.0
20240814:1010,273.57,0.00,0.0,0.0,29.66,11.23,0.0
20240814:1110,278.52,0.00,0.0,0.0,29.84,11.89,0.0
20240814:1210,215.13,0.00,0.0,0.0,29.74,12.63,0.0
20240814:1310,130.99,0.00,0.0,0.0,29.37,13.29,0.0
20240814:1410,52.36,0.00,0.0,0.0,28.81,13.78,0.0
20240814:1510,0.46,0.00,0.0,0.0,28.07,14.02,0.0
20240814:1610,0.00,0.00,0.0,0.0,27.15,13.95,0.0
20240814:1710,0.00,0.00,0.0,0.0,26.22,13.37,0.0
20240814:1810,0.00,0.00,0.0,0.0,25.58,12.59,0.0
20240814:1910,0.00,0.00,0.0,0.0,25.34,12.15,0.0
20240814:2010,0.00,0.00,0.0,0.0,25.19,11.68,0.0
20240814:2110,0.00,0.00,0.0,0.0,25.05,11.25,0.0
20240814:2210,0.00,0.00,0.0,0.0,25.02,10.87,0.0
20240814:2310,0.00,0.00,0.0,0.0,25.03,10.61,0.0
20240815:0010,0.00,0.00,0.0,0.0,25.04,10.34,0.0
20240815:0110,0.00,0.00,0.0,0.0,25.02,10.23,0.0
20240815:0210,0.00,0.00,0.0,0.0,24.98,10.19,0.0
20240815:0310,0.00,0.00,0.0,0.0,24.86,10.00,0.0
20240815:0410,0.00,0.00,0.0,0.0,24.69,9.63,0.0
20240815:0510,31.63,0.00,0.0,0.0,24.94,9.50,0.0
20240815:0610,127.17,0.00,0.0,0.0,25.57,9.78,0.0
20240815:0710,224.48,0.00,0.0,0.0,26.21,9.42,0.0
20240815:0810,345.04,0.00,0.0,0.0,26.73,9.22,0.0
20240815:0910,407.39,0.00,0.0,0.0,27.09,9.28,0.0
20240815:1010,441.81,0.00,0.0,0.0,27.44,9.50,0.0
20240815:1110,384.77,0.00,0.0,0.0,27.63,9.71,0.0
20240815:1210,240.06,0.00,0.0,0.0,27.62,9.89,0.0
20240815:1310,140.19,0.00,0.0,0.0,27.46,10.03,0.0
20240815:1410,51.72,0.00,0.0,0.0,27.05,10.19,0.0
20240815:1510,1.02,0.00,0.0,0.0,26.31,10.28,0.0
20240815:1610,0.00,0.00,0.0,0.0,25.45,10.19,0.0
20240815:1710,0.00,0.00,0.0,0.0,24.65,9.82,0.0
20240815:1810,0.00,0.00,0.0,0.0,24.10,9.23,0.0
20240815:1910,0.00,0.00,0.0,0.0,23.81,8.68,0.0
20240815:2010,0.00,0.00,0.0,0.0,23.60,8.20,0.0
20240815:2110,0.00,0.00,0.0,0.0,23.42,7.81,0.0
20240815:2210,0.00,0.00,0.0,0.0,23.25,7.45,0.0
20240815:2310,0.00,0.00,0.0,0.0,23.08,7.11,0.0
20240816:0010,0.00,0.00,0.0,0.0,22.93,6.82,0.0
20240816:0110,0.00,0.00,0.0,0.0,22.80,6.57,0.0
20240816:0210,0.00,0.00,0.0,0.0,22.69,6.41,0.0
20240816:0310,0.00,0.00,0.0,0.0,22.56,6.32,0.0
20240816:0410,0.00,0.00,0.0,0.0,22.52,6.38,0.0
20240816:0510,53.45,0.00,0.0,0.0,22.98,7.11,0.0
20240816:0610,201.60,0.00,0.0,0.0,23.66,8.24,0.0
20240816:0710,349.00,0.00,0.0,0.0,24.20,8.57,0.0
20240816:0810,469.75,0.00,0.0,0.0,24.68,8.80,0.0
20240816:0910,522.06,0.00,0.0,0.0,25.09,9.13,0.0
20240816:1010,510.76,0.00,0.0,0.0,25.53,9.51,0.0
20240816:1110,439.62,0.00,0.0,0.0,25.93,9.95,0.0
20240816:1210,336.38,0.00,0.0,0.0,26.15,10.42,0.0
20240816:1310,214.44,0.00,0.0,0.0,26.22,10.79,0.0
20240816:1410,77.74,0.00,0.0,0.0,26.12,10.95,0.0
20240816:1510,1.81,0.00,0.0,0.0,25.83,10.94,0.0
20240816:1610,0.00,0.00,0.0,0.0,25.41,10.73,0.0
20240816:1710,0.00,0.00,0.0,0.0,24.92,10.33,0.0
20240816:1810,0.00,0.00,0.0,0.0,24.54,9.75,0.0
20240816:1910,0.00,0.00,0.0,0.0,24.33,9.40,0.0
20240816:2010,0.00,0.00,0.0,0.0,24.24,9.19,0.0
20240816:2110,0.00,0.00,0.0,0.0,24.20,9.06,0.0
20240816:2210,0.00,0.00,0.0,0.0,24.16,9.04,0.0
20240816:2310,0.00,0.00,0.0,0.0,24.09,8.81,0.0
20240817:0010,0.00,0.00,0.0,0.0,24.02,8.48,0.0
20240817:0110,0.00,0.00,0.0,0.0,23.93,7.98,0.0
20240817:0210,0.00,0.00,0.0,0.0,23.88,7.75,0.0
20240817:0310,0.00,0.00,0.0,0.0,23.81,7.62,0.0
20240817:0410,0.00,0.00,0.0,0.0,23.79,7.54,0.0
20240817:0510,37.82,0.00,0.0,0.0,24.18,7.41,0.0
20240817:0610,154.87,0.00,0.0,0.0,24.97,8.75,0.0
20240817:0710,261.18,0.00,0.0,0.0,25.49,9.06,0.0
20240817:0810,350.98,0.00,0.0,0.0,25.89,9.07,0.0
20240817:0910,410.52,0.00,0.0,0.0,26.19,9.24,0.0
20240817:1010,379.28,0.00,0.0,0.0,26.38,9.59,0.0
20240817:1110,273.30,0.00,0.0,0.0,26.44,10.08,0.0
20240817:1210,176.65,0.00,0.0,0.0,26.36,10.61,0.0
20240817:1310,129.98,0.00,0.0,0.0,26.11,11.02,0.0
20240817:1410,60.76,0.00,0.0,0.0,25.65,11.25,0.0
20240817:1510,2.52,0.00,0.0,0.0,25.17,11.26,0.0
20240817:1610,0.00,0.00,0.0,0.0,24.88,10.91,0.0
20240817:1710,0.00,0.00,0.0,0.0,24.70,10.34,0.0
20240817:1810,0.00,0.00,0.0,0.0,24.59,9.70,0.0
20240817:1910,0.00,0.00,0.0,0.0,24.59,9.16,0.0
20240817:2010,0.00,0.00,0.0,0.0,24.61,8.65,0.0
20240817:2110,0.00,0.00,0.0,0.0,24.56,8.16,0.0
20240817:2210,0.00,0.00,0.0,0.0,24.25,7.83,0.0
20240817:2310,0.00,0.00,0.0,0.0,23.83,7.51,0.0
20240818:0010,0.00,0.00,0.0,0.0,23.48,7.30,0.0
20240818:0110,0.00,0.00,0.0,0.0,23.20,7.23,0.0
20240818:0210,0.00,0.00,0.0,0.0,22.96,7.09,0.0
20240818:0310,0.00,0.00,0.0,0.0,22.77,6.88,0.0
20240818:0410,0.00,0.00,0.0,0.0,22.70,6.51,0.0
20240818:0510,60.81,0.00,0.0,0.0,23.12,6.41,0.0
20240818:0610,192.65,0.00,0.0,0.0,23.94,6.81,0.0
20240818:0710,315.06,0.00,0.0,0.0,24.67,6.51,0.0
20240818:0810,406.62,0.00,0.0,0.0,25.40,6.39,0.0
20240818:0910,466.83,0.00,0.0,0.0,26.01,6.49,0.0
20240818:1010,457.28,0.00,0.0,0.0,26.44,6.84,0.0
20240818:1110,251.79,0.00,0.0,0.0,26.74,7.31,0.0
20240818:1210,207.84,0.00,0.0,0.0,26.86,7.71,0.0
20240818:1310,131.81,0.00,0.0,0.0,26.78,7.99,0.0
20240818:1410,59.24,0.00,0.0,0.0,26.47,8.20,0.0
20240818:1510,2.97,0.00,0.0,0.0,25.96,8.30,0.0
20240818:1610,0.00,0.00,0.0,0.0,25.27,8.29,0.0
20240818:1710,0.00,0.00,0.0,0.0,24.46,8.10,0.0
20240818:1810,0.00,0.00,0.0,0.0,23.81,7.60,0.0
20240818:1910,0.00,0.00,0.0,0.0,23.41,6.98,0.0
20240818:2010,0.00,0.00,0.0,0.0,23.13,6.31,0.0
20240818:2110,0.00,0.00,0.0,0.0,22.92,5.63,0.0
20240818:2210,0.00,0.00,0.0,0.0,22.77,4.78,0.0
20240818:2310,0.00,0.00,0.0,0.0,22.64,3.82,0.0
20240819:0010,0.00,0.00,0.0,0.0,22.52,2.94,0.0
20240819:0110,0.00,0.00,0.0,0.0,22.42,2.17,0.0
20240819:0210,0.00,0.00,0.0,0.0,22.30,1.49,0.0
20240819:0310,0.00,0.00,0.0,0.0,22.24,0.97,0.0
20240819:0410,0.00,0.00,0.0,0.0,22.33,1.07,0.0
20240819:0510,67.17,0.00,0.0,0.0,22.85,1.46,0.0
20240819:0610,189.25,0.00,0.0,0.0,23.82,1.94,0.0
20240819:0710,290.15,0.00,0.0,0.0,24.74,2.15,0.0
20240819:0810,384.05,0.00,0.0,0.0,25.66,2.20,0.0
20240819:0910,435.46,0.00,0.0,0.0,26.50,2.27,0.0
20240819:1010,464.29,0.00,0.0,0.0,27.16,2.49,0.0
20240819:1110,414.25,0.00,0.0,0.0,27.65,2.91,0.0
20240819:1210,321.76,0.00,0.0,0.0,27.94,3.44,0.0
20240819:1310,201.87,0.00,0.0,0.0,28.00,3.91,0.0
20240819:1410,74.78,0.00,0.0,0.0,27.87,4.29,0.0
20240819:1510,3.69,0.00,0.0,0.0,27.54,4.59,0.0
20240819:1610,0.00,0.00,0.0,0.0,26.95,4.82,0.0
20240819:1710,0.00,0.00,0.0,0.0,26.08,5.03,0.0
20240819:1810,0.00,0.00,0.0,0.0,25.18,5.26,0.0
20240819:1910,0.00,0.00,0.0,0.0,24.50,4.99,0.0
20240819:2010,0.00,0.00,0.0,0.0,24.00,4.44,0.0
20240819:2110,0.00,0.00,0.0,0.0,23.65,3.79,0.0
20240819:2210,0.00,0.00,0.0,0.0,23.38,3.05,0.0
20240819:2310,0.00,0.00,0.0,0.0,23.15,2.38,0.0
20240820:0010,0.00,0.00,0.0,0.0,22.95,1.87,0.0
20240820:0110,0.00,0.00,0.0,0.0,22.76,1.60,0.0
20240820:0210,0.00,0.00,0.0,0.0,22.57,1.54,0.0
20240820:0310,0.00,0.00,0.0,0.0,22.41,1.61,0.0
20240820:0410,0.00,0.00,0.0,0.0,22.42,1.80,0.0
20240820:0510,48.41,0.00,0.0,0.0,22.89,2.00,0.0
20240820:0610,151.11,0.00,0.0,0.0,23.85,2.02,0.0
20240820:0710,251.87,0.00,0.0,0.0,25.05,1.74,0.0
20240820:0810,339.87,0.00,0.0,0.0,26.44,1.38,0.0
20240820:0910,397.05,0.00,0.0,0.0,27.83,1.51,0.0
20240820:1010,420.45,0.00,0.0,0.0,28.81,2.12,0.0
20240820:1110,347.29,0.00,0.0,0.0,29.47,2.79,0.0
20240820:1210,297.13,0.00,0.0,0.0,29.83,3.36,0.0
20240820:1310,208.07,0.00,0.0,0.0,29.93,3.96,0.0
20240820:1410,77.01,0.00,0.0,0.0,29.78,4.55,0.0
20240820:1510,4.60,0.00,0.0,0.0,29.36,5.19,0.0
20240820:1610,0.00,0.00,0.0,0.0,28.51,5.88,0.0
20240820:1710,0.00,0.00,0.0,0.0,27.22,6.52,0.0
20240820:1810,0.00,0.00,0.0,0.0,25.84,6.84,0.0
20240820:1910,0.00,0.00,0.0,0.0,24.86,6.48,0.0
20240820:2010,0.00,0.00,0.0,0.0,24.29,5.93,0.0
20240820:2110,0.00,0.00,0.0,0.0,23.99,5.41,0.0
20240820:2210,0.00,0.00,0.0,0.0,23.82,4.84,0.0
20240820:2310,0.00,0.00,0.0,0.0,23.69,4.34,0.0
20240821:0010,0.00,0.00,0.0,0.0,23.58,4.00,0.0
20240821:0110,0.00,0.00,0.0,0.0,23.47,3.98,0.0
20240821:0210,0.00,0.00,0.0,0.0,23.38,4.28,0.0
20240821:0310,0.00,0.00,0.0,0.0,23.32,4.64,0.0
20240821:0410,0.00,0.00,0.0,0.0,23.31,4.94,0.0
20240821:0510,25.84,0.00,0.0,0.0,23.56,5.02,0.0
20240821:0610,88.16,0.00,0.0,0.0,24.09,5.14,0.0
20240821:0710,171.61,0.00,0.0,0.0,24.49,5.65,0.0
20240821:0810,225.24,0.00,0.0,0.0,24.60,6.76,0.0
20240821:0910,296.08,0.00,0.0,0.0,24.54,8.10,0.0
20240821:1010,296.02,0.00,0.0,0.0,24.49,8.96,0.0
20240821:1110,269.31,0.00,0.0,0.0,24.45,9.20,0.0
20240821:1210,187.77,0.00,0.0,0.0,24.46,9.11,0.0
20240821:1310,121.29,0.00,0.0,0.0,24.68,8.88,0.0
20240821:1410,47.04,0.00,0.0,0.0,24.97,8.32,0.0
20240821:1510,2.70,0.00,0.0,0.0,25.04,7.43,0.0
20240821:1610,0.00,0.00,0.0,0.0,24.87,6.59,0.0
20240821:1710,0.00,0.00,0.0,0.0,24.59,5.77,0.0
20240821:1810,0.00,0.00,0.0,0.0,24.28,4.92,0.0
20240821:1910,0.00,0.00,0.0,0.0,24.12,4.29,0.0
20240821:2010,0.00,0.00,0.0,0.0,24.03,3.68,0.0
20240821:2110,0.00,0.00,0.0,0.0,23.94,3.32,0.0
20240821:2210,0.00,0.00,0.0,0.0,23.81,3.25,0.0
20240821:2310,0.00,0.00,0.0,0.0,23.65,3.33,0.0
20240822:0010,0.00,0.00,0.0,0.0,23.51,3.51,0.0
20240822:0110,0.00,0.00,0.0,0.0,23.39,3.61,0.0
20240822:0210,0.00,0.00,0.0,0.0,23.30,3.54,0.0
20240822:0310,0.00,0.00,0.0,0.0,23.22,3.44,0.0
20240822:0410,0.00,0.00,0.0,0.0,23.21,3.37,0.0
20240822:0510,53.34,0.00,0.0,0.0,23.61,3.17,0.0
20240822:0610,165.92,0.00,0.0,0.0,24.51,3.04,0.0
20240822:0710,278.70,0.00,0.0,0.0,25.56,3.18,0.0
20240822:0810,439.32,0.00,0.0,0.0,26.68,3.64,0.0
20240822:0910,512.41,0.00,0.0,0.0,27.64,4.30,0.0
20240822:1010,505.48,0.00,0.0,0.0,28.32,5.08,0.0
20240822:1110,437.26,0.00,0.0,0.0,28.72,5.98,0.0
20240822:1210,320.65,0.00,0.0,0.0,28.87,6.78,0.0
20240822:1310,197.48,0.00,0.0,0.0,28.76,7.38,0.0
20240822:1410,84.91,0.00,0.0,0.0,28.41,7.66,0.0
20240822:1510,4.20,0.00,0.0,0.0,27.84,7.64,0.0
20240822:1610,0.00,0.00,0.0,0.0,26.96,7.14,0.0
20240822:1710,0.00,0.00,0.0,0.0,25.87,6.35,0.0
20240822:1810,0.00,0.00,0.0,0.0,24.89,5.79,0.0
20240822:1910,0.00,0.00,0.0,0.0,24.29,5.19,0.0
20240822:2010,0.00,0.00,0.0,0.0,23.96,4.54,0.0
20240822:2110,0.00,0.00,0.0,0.0,23.76,4.01,0.0
20240822:2210,0.00,0.00,0.0,0.0,23.64,3.53,0.0
20240822:2310,0.00,0.00,0.0,0.0,23.57,3.26,0.0
20240823:0010,0.00,0.00,0.0,0.0,23.50,3.26,0.0
20240823:0110,0.00,0.00,0.0,0.0,23.45,3.53,0.0
20240823:0210,0.00,0.00,0.0,0.0,23.42,3.93,0.0
20240823:0310,0.00,0.00,0.0,0.0,23.41,4.27,0.0
20240823:0410,0.00,0.00,0.0,0.0,23.42,4.50,0.0
20240823:0510,24.91,0.00,0.0,0.0,23.75,4.51,0.0
20240823:0610,90.75,0.00,0.0,0.0,24.54,4.64,0.0
20240823:0710,153.17,0.00,0.0,0.0,25.52,4.99,0.0
20240823:0810,212.05,0.00,0.0,0.0,26.51,5.56,0.0
20240823:0910,235.76,0.00,0.0,0.0,27.35,6.33,0.0
20240823:1010,263.17,0.00,0.0,0.0,27.96,7.16,0.0
20240823:1110,233.82,0.00,0.0,0.0,28.38,8.03,0.0
20240823:1210,156.28,0.00,0.0,0.0,28.55,8.78,0.0
20240823:1310,106.94,0.00,0.0,0.0,28.47,9.25,0.0
20240823:1410,42.42,0.00,0.0,0.0,28.17,9.45,0.0
20240823:1510,4.18,0.00,0.0,0.0,27.69,9.33,0.0
20240823:1610,0.00,0.00,0.0,0.0,26.97,8.93,0.0
20240823:1710,0.00,0.00,0.0,0.0,26.14,8.21,0.0
20240823:1810,0.00,0.00,0.0,0.0,25.43,7.40,0.0
20240823:1910,0.00,0.00,0.0,0.0,25.02,6.77,0.0
20240823:2010,0.00,0.00,0.0,0.0,24.77,6.34,0.0
20240823:2110,0.00,0.00,0.0,0.0,24.57,6.04,0.0
20240823:2210,0.00,0.00,0.0,0.0,24.37,5.89,0.0
20240823:2310,0.00,0.00,0.0,0.0,24.19,5.67,0.0
20240824:0010,0.00,0.00,0.0,0.0,24.07,5.32,0.0
20240824:0110,0.00,0.00,0.0,0.0,23.98,5.00,0.0
20240824:0210,0.00,0.00,0.0,0.0,23.92,4.84,0.0
20240824:0310,0.00,0.00,0.0,0.0,23.89,5.01,0.0
20240824:0410,0.00,0.00,0.0,0.0,23.95,5.45,0.0
20240824:0510,25.62,0.00,0.0,0.0,24.36,5.74,0.0
20240824:0610,68.10,0.00,0.0,0.0,25.20,6.20,0.0
20240824:0710,122.56,0.00,0.0,0.0,26.02,6.61,0.0
20240824:0810,169.50,0.00,0.0,0.0,26.76,7.17,0.0
20240824:0910,145.09,0.00,0.0,0.0,27.27,7.78,0.0
20240824:1010,186.02,0.00,0.0,0.0,27.54,8.44,0.0
20240824:1110,256.25,0.00,0.0,0.0,27.61,9.03,0.0
20240824:1210,249.10,0.00,0.0,0.0,27.53,9.31,0.0
20240824:1310,155.70,0.00,0.0,0.0,27.32,9.34,0.0
20240824:1410,72.80,0.00,0.0,0.0,26.96,9.24,0.0
20240824:1510,4.93,0.00,0.0,0.0,26.41,8.98,0.0
20240824:1610,0.00,0.00,0.0,0.0,25.73,8.67,0.0
20240824:1710,0.00,0.00,0.0,0.0,25.01,8.31,0.0
20240824:1810,0.00,0.00,0.0,0.0,24.44,7.94,0.0
20240824:1910,0.00,0.00,0.0,0.0,24.11,7.49,0.0
20240824:2010,0.00,0.00,0.0,0.0,23.89,6.97,0.0
20240824:2110,0.00,0.00,0.0,0.0,23.71,6.51,0.0
20240824:2210,0.00,0.00,0.0,0.0,23.55,6.10,0.0
20240824:2310,0.00,0.00,0.0,0.0,23.40,5.80,0.0
20240825:0010,0.00,0.00,0.0,0.0,23.30,5.72,0.0
20240825:0110,0.00,0.00,0.0,0.0,23.25,5.85,0.0
20240825:0210,0.00,0.00,0.0,0.0,23.23,6.02,0.0
20240825:0310,0.00,0.00,0.0,0.0,23.22,6.06,0.0
20240825:0410,0.00,0.00,0.0,0.0,23.20,5.93,0.0
20240825:0510,92.08,0.00,0.0,0.0,23.52,5.80,0.0
20240825:0610,241.61,0.00,0.0,0.0,24.22,6.14,0.0
20240825:0710,382.44,0.00,0.0,0.0,24.94,6.19,0.0
20240825:0810,482.97,0.00,0.0,0.0,25.68,6.34,0.0
20240825:0910,494.83,0.00,0.0,0.0,26.32,6.60,0.0
20240825:1010,493.05,0.00,0.0,0.0,26.77,7.19,0.0
20240825:1110,480.59,0.00,0.0,0.0,27.04,7.98,0.0
20240825:1210,400.58,0.00,0.0,0.0,27.14,8.73,0.0
20240825:1310,268.59,0.00,0.0,0.0,27.07,9.34,0.0
20240825:1410,111.02,0.00,0.0,0.0,26.79,9.71,0.0
20240825:1510,7.98,0.00,0.0,0.0,26.32,9.74,0.0
20240825:1610,0.00,0.00,0.0,0.0,25.73,9.34,0.0
20240825:1710,0.00,0.00,0.0,0.0,25.15,8.56,0.0
20240825:1810,0.00,0.00,0.0,0.0,24.71,7.67,0.0
20240825:1910,0.00,0.00,0.0,0.0,24.44,7.03,0.0
20240825:2010,0.00,0.00,0.0,0.0,24.25,6.48,0.0
20240825:2110,0.00,0.00,0.0,0.0,24.10,6.18,0.0
20240825:2210,0.00,0.00,0.0,0.0,23.96,6.19,0.0
20240825:2310,0.00,0.00,0.0,0.0,23.82,6.23,0.0
20240826:0010,0.00,0.00,0.0,0.0,23.66,6.25,0.0
20240826:0110,0.00,0.00,0.0,0.0,23.51,6.29,0.0
20240826:0210,0.00,0.00,0.0,0.0,23.41,6.34,0.0
20240826:0310,0.00,0.00,0.0,0.0,23.34,6.37,0.0
20240826:0410,0.49,0.00,0.0,0.0,23.34,6.16,0.0
20240826:0510,39.60,0.00,0.0,0.0,23.71,5.77,0.0
20240826:0610,119.56,0.00,0.0,0.0,24.71,6.24,0.0
20240826:0710,183.59,0.00,0.0,0.0,25.88,6.79,0.0
20240826:0810,266.87,0.00,0.0,0.0,26.90,5.73,0.0
20240826:0910,201.95,0.00,0.0,0.0,27.66,4.96,0.0
20240826:1010,257.63,0.00,0.0,0.0,28.18,5.86,0.0
20240826:1110,348.56,0.00,0.0,0.0,28.39,6.96,0.0
20240826:1210,424.58,0.00,0.0,0.0,28.35,7.65,0.0
20240826:1310,271.80,0.00,0.0,0.0,28.12,8.07,0.0
20240826:1410,112.98,0.00,0.0,0.0,27.70,8.37,0.0
20240826:1510,7.08,0.00,0.0,0.0,27.03,8.61,0.0
20240826:1610,0.00,0.00,0.0,0.0,26.18,8.70,0.0
20240826:1710,0.00,0.00,0.0,0.0,25.32,8.53,0.0
20240826:1810,0.00,0.00,0.0,0.0,24.72,8.16,0.0
20240826:1910,0.00,0.00,0.0,0.0,24.42,7.70,0.0
20240826:2010,0.00,0.00,0.0,0.0,24.25,7.34,0.0
20240826:2110,0.00,0.00,0.0,0.0,24.18,7.06,0.0
20240826:2210,0.00,0.00,0.0,0.0,24.17,5.82,0.0
20240826:2310,0.00,0.00,0.0,0.0,24.16,4.71,0.0
20240827:0010,0.00,0.00,0.0,0.0,24.16,4.91,0.0
20240827:0110,0.00,0.00,0.0,0.0,24.21,5.29,0.0
20240827:0210,0.00,0.00,0.0,0.0,24.27,5.39,0.0
20240827:0310,0.00,0.00,0.0,0.0,24.33,5.33,0.0
20240827:0410,2.43,0.00,0.0,0.0,24.44,5.29,0.0
20240827:0510,88.32,0.00,0.0,0.0,24.71,5.30,0.0
20240827:0610,202.41,0.00,0.0,0.0,25.25,5.84,0.0
20240827:0710,307.91,0.00,0.0,0.0,25.85,6.61,0.0
20240827:0810,386.76,0.00,0.0,0.0,26.33,7.02,0.0
20240827:0910,247.52,0.00,0.0,0.0,26.78,7.15,0.0
20240827:1010,124.70,0.00,0.0,0.0,27.21,7.33,0.0
20240827:1110,148.18,0.00,0.0,0.0,27.56,7.61,0.0
20240827:1210,114.02,0.00,0.0,0.0,27.75,7.92,0.0
20240827:1310,123.36,0.00,0.0,0.0,27.78,8.18,0.0
20240827:1410,53.09,0.00,0.0,0.0,27.65,8.26,0.0
20240827:1510,5.06,0.00,0.0,0.0,27.31,8.18,0.0
20240827:1610,0.00,0.00,0.0,0.0,26.70,7.95,0.0
20240827:1710,0.00,0.00,0.0,0.0,25.94,7.51,0.0
20240827:1810,0.00,0.00,0.0,0.0,25.32,7.03,0.0
20240827:1910,0.00,0.00,0.0,0.0,24.96,6.25,0.0
20240827:2010,0.00,0.00,0.0,0.0,24.75,5.54,0.0
20240827:2110,0.00,0.00,0.0,0.0,24.60,4.83,0.0
20240827:2210,0.00,0.00,0.0,0.0,24.42,3.84,0.0
20240827:2310,0.00,0.00,0.0,0.0,24.19,2.71,0.0
20240828:0010,0.00,0.00,0.0,0.0,23.94,1.68,0.0
20240828:0110,0.00,0.00,0.0,0.0,23.69,0.87,0.0
20240828:0210,0.00,0.00,0.0,0.0,23.44,0.58,0.0
20240828:0310,0.00,0.00,0.0,0.0,23.22,1.04,0.0
20240828:0410,2.42,0.00,0.0,0.0,23.05,1.59,0.0
20240828:0510,74.88,0.00,0.0,0.0,23.20,1.97,0.0
20240828:0610,202.30,0.00,0.0,0.0,24.00,2.31,0.0
20240828:0710,312.89,0.00,0.0,0.0,24.78,2.60,0.0
20240828:0810,413.26,0.00,0.0,0.0,25.31,2.75,0.0
20240828:0910,461.56,0.00,0.0,0.0,25.68,2.99,0.0
20240828:1010,341.60,0.00,0.0,0.0,25.92,3.22,0.0
20240828:1110,233.00,0.00,0.0,0.0,26.09,3.41,0.0
20240828:1210,215.12,0.00,0.0,0.0,26.18,3.59,0.0
20240828:1310,133.98,0.00,0.0,0.0,26.13,3.88,0.0
20240828:1410,51.98,0.00,0.0,0.0,25.91,4.15,0.0
20240828:1510,5.91,0.00,0.0,0.0,25.44,4.43,0.0
20240828:1610,0.00,0.00,0.0,0.0,24.62,4.88,0.0
20240828:1710,0.00,0.00,0.0,0.0,23.58,5.15,0.0
20240828:1810,0.00,0.00,0.0,0.0,22.75,4.93,0.0
20240828:1910,0.00,0.00,0.0,0.0,22.26,4.15,0.0
20240828:2010,0.00,0.00,0.0,0.0,21.98,3.11,0.0
20240828:2110,0.00,0.00,0.0,0.0,21.84,2.06,0.0
20240828:2210,0.00,0.00,0.0,0.0,21.83,1.10,0.0
20240828:2310,0.00,0.00,0.0,0.0,21.87,0.58,0.0
20240829:0010,0.00,0.00,0.0,0.0,21.91,1.00,0.0
20240829:0110,0.00,0.00,0.0,0.0,21.93,1.70,0.0
20240829:0210,0.00,0.00,0.0,0.0,21.97,2.37,0.0
20240829:0310,0.00,0.00,0.0,0.0,22.01,2.91,0.0
20240829:0410,4.01,0.00,0.0,0.0,22.06,3.28,0.0
20240829:0510,73.22,0.00,0.0,0.0,22.34,3.48,0.0
20240829:0610,209.07,0.00,0.0,0.0,23.10,3.52,0.0
20240829:0710,339.49,0.00,0.0,0.0,24.03,3.44,0.0
20240829:0810,451.96,0.00,0.0,0.0,24.89,3.35,0.0
20240829:0910,523.81,0.00,0.0,0.0,25.62,3.30,0.0
20240829:1010,562.66,0.00,0.0,0.0,26.18,3.17,0.0
20240829:1110,495.98,0.00,0.0,0.0,26.63,2.94,0.0
20240829:1210,385.23,0.00,0.0,0.0,26.95,2.63,0.0
20240829:1310,244.09,0.00,0.0,0.0,27.13,2.28,0.0
20240829:1410,101.92,0.00,0.0,0.0,27.16,2.02,0.0
20240829:1510,8.38,0.00,0.0,0.0,26.97,2.04,0.0
20240829:1610,0.00,0.00,0.0,0.0,26.56,2.51,0.0
20240829:1710,0.00,0.00,0.0,0.0,25.83,3.32,0.0
20240829:1810,0.00,0.00,0.0,0.0,24.90,4.12,0.0
20240829:1910,0.00,0.00,0.0,0.0,24.14,4.27,0.0
20240829:2010,0.00,0.00,0.0,0.0,23.64,3.84,0.0
20240829:2110,0.00,0.00,0.0,0.0,23.32,3.29,0.0
20240829:2210,0.00,0.00,0.0,0.0,23.09,2.78,0.0
20240829:2310,0.00,0.00,0.0,0.0,22.92,2.31,0.0
20240830:0010,0.00,0.00,0.0,0.0,22.77,1.98,0.0
20240830:0110,0.00,0.00,0.0,0.0,22.63,1.78,0.0
20240830:0210,0.00,0.00,0.0,0.0,22.53,1.73,0.0
20240830:0310,0.00,0.00,0.0,0.0,22.43,1.85,0.0
20240830:0410,3.46,0.00,0.0,0.0,22.32,2.31,0.0
20240830:0510,68.65,0.00,0.0,0.0,22.36,2.87,0.0
20240830:0610,175.57,0.00,0.0,0.0,22.83,3.19,0.0
20240830:0710,268.66,0.00,0.0,0.0,23.63,3.52,0.0
20240830:0810,393.32,0.00,0.0,0.0,24.45,3.66,0.0
20240830:0910,463.04,0.00,0.0,0.0,25.09,3.64,0.0
20240830:1010,487.07,0.00,0.0,0.0,25.47,3.53,0.0
20240830:1110,405.22,0.00,0.0,0.0,25.68,3.45,0.0
20240830:1210,367.35,0.00,0.0,0.0,25.77,3.42,0.0
20240830:1310,237.79,0.00,0.0,0.0,25.71,3.63,0.0
20240830:1410,107.93,0.00,0.0,0.0,25.44,3.99,0.0
20240830:1510,11.13,0.00,0.0,0.0,25.05,4.31,0.0
20240830:1610,0.00,0.00,0.0,0.0,24.60,4.30,0.0
20240830:1710,0.00,0.00,0.0,0.0,24.06,4.11,0.0
20240830:1810,0.00,0.00,0.0,0.0,23.57,4.04,0.0
20240830:1910,0.00,0.00,0.0,0.0,23.21,3.90,0.0
20240830:2010,0.00,0.00,0.0,0.0,22.93,3.68,0.0
20240830:2110,0.00,0.00,0.0,0.0,22.73,3.38,0.0
20240830:2210,0.00,0.00,0.0,0.0,22.57,3.18,0.0
20240830:2310,0.00,0.00,0.0,0.0,22.44,3.27,0.0
20240831:0010,0.00,0.00,0.0,0.0,22.35,3.52,0.0
20240831:0110,0.00,0.00,0.0,0.0,22.28,3.70,0.0
20240831:0210,0.00,0.00,0.0,0.0,22.23,3.77,0.0
20240831:0310,0.00,0.00,0.0,0.0,22.18,3.81,0.0
20240831:0410,7.44,0.00,0.0,0.0,22.13,3.84,0.0
20240831:0510,117.34,0.00,0.0,0.0,22.19,3.69,0.0
20240831:0610,273.16,0.00,0.0,0.0,22.53,3.41,0.0
20240831:0710,408.60,0.00,0.0,0.0,23.11,3.26,0.0
20240831:0810,524.98,0.00,0.0,0.0,23.87,3.26,0.0
20240831:0910,577.94,0.00,0.0,0.0,24.59,3.37,0.0
20240831:1010,585.26,0.00,0.0,0.0,25.21,3.36,0.0
20240831:1110,542.14,0.00,0.0,0.0,25.72,3.25,0.0
20240831:1210,457.37,0.00,0.0,0.0,26.11,3.12,0.0
20240831:1310,299.64,0.00,0.0,0.0,26.33,2.94,0.0
20240831:1410,128.12,0.00,0.0,0.0,26.37,2.83,0.0
20240831:1510,10.83,0.00,0.0,0.0,26.19,2.94,0.0
20240831:1610,0.00,0.00,0.0,0.0,25.74,3.13,0.0
20240831:1710,0.00,0.00,0.0,0.0,24.99,3.69,0.0
20240831:1810,0.00,0.00,0.0,0.0,24.24,4.27,0.0
20240831:1910,0.00,0.00,0.0,0.0,23.76,4.23,0.0
20240831:2010,0.00,0.00,0.0,0.0,23.49,3.87,0.0
20240831:2110,0.00,0.00,0.0,0.0,23.35,3.49,0.0
20240831:2210,0.00,0.00,0.0,0.0,23.37,3.15,0.0
20240831:2310,0.00,0.00,0.0,0.0,23.46,2.97,0.0
20240901:0010,0.00,0.00,0.0,0.0,23.55,2.95,0.0
20240901:0110,0.00,0.00,0.0,0.0,23.62,3.01,0.0
20240901:0210,0.00,0.00,0.0,0.0,23.69,3.29,0.0
20240901:0310,0.00,0.00,0.0,0.0,23.72,3.74,0.0
20240901:0410,22.78,0.00,0.0,0.0,23.69,4.18,0.0
20240901:0510,79.10,0.00,0.0,0.0,23.69,4.43,0.0
20240901:0610,134.19,0.00,0.0,0.0,23.77,4.47,0.0
20240901:0710,179.81,0.00,0.0,0.0,23.93,4.31,0.0
20240901:0810,220.81,0.00,0.0,0.0,24.19,4.11,0.0
20240901:0910,254.35,0.00,0.0,0.0,24.50,3.88,0.0
20240901:1010,279.06,0.00,0.0,0.0,24.79,3.78,0.0
20240901:1110,292.27,0.00,0.0,0.0,25.02,3.82,0.0
20240901:1210,287.30,0.00,0.0,0.0,25.16,4.00,0.0
20240901:1310,237.94,0.00,0.0,0.0,25.18,4.30,0.0
20240901:1410,153.18,0.00,0.0,0.0,25.01,4.68,0.0
20240901:1510,69.37,0.00,0.0,0.0,24.62,5.02,0.0
20240901:1610,26.36,0.00,0.0,0.0,24.08,5.24,0.0
20240901:1710,0.00,0.00,0.0,0.0,23.47,5.36,0.0
20240901:1810,0.00,0.00,0.0,0.0,22.97,5.32,0.0
20240901:1910,0.00,0.00,0.0,0.0,22.71,5.09,0.0
20240901:2010,0.00,0.00,0.0,0.0,22.62,4.91,0.0
20240901:2110,0.00,0.00,0.0,0.0,22.64,4.75,0.0
20240901:2210,0.00,0.00,0.0,0.0,22.75,4.48,0.0
20240901:2310,0.00,0.00,0.0,0.0,22.91,4.06,0.0
20240902:0010,0.00,0.00,0.0,0.0,23.08,3.63,0.0
20240902:0110,0.00,0.00,0.0,0.0,23.20,3.33,0.0
20240902:0210,0.00,0.00,0.0,0.0,23.25,3.36,0.0
20240902:0310,0.00,0.00,0.0,0.0,23.27,3.67,0.0
20240902:0410,24.86,0.00,0.0,0.0,23.24,3.98,0.0
20240902:0510,94.41,0.00,0.0,0.0,23.22,4.08,0.0
20240902:0610,183.56,0.00,0.0,0.0,23.31,4.05,0.0
20240902:0710,290.23,0.00,0.0,0.0,23.50,3.90,0.0
20240902:0810,396.35,0.00,0.0,0.0,23.81,3.60,0.0
20240902:0910,471.16,0.00,0.0,0.0,24.21,3.15,0.0
20240902:1010,466.97,0.00,0.0,0.0,24.58,2.72,0.0
20240902:1110,411.94,0.00,0.0,0.0,24.83,2.38,0.0
20240902:1210,361.39,0.00,0.0,0.0,24.93,2.20,0.0
20240902:1310,287.91,0.00,0.0,0.0,24.93,2.11,0.0
20240902:1410,201.86,0.00,0.0,0.0,24.88,2.11,0.0
20240902:1510,107.04,0.00,0.0,0.0,24.76,2.14,0.0
20240902:1610,35.53,0.00,0.0,0.0,24.56,2.17,0.0
20240902:1710,0.00,0.00,0.0,0.0,24.29,2.27,0.0
20240902:1810,0.00,0.00,0.0,0.0,24.02,2.25,0.0
20240902:1910,0.00,0.00,0.0,0.0,23.80,2.05,0.0
20240902:2010,0.00,0.00,0.0,0.0,23.61,1.78,0.0
20240902:2110,0.00,0.00,0.0,0.0,23.45,1.51,0.0
20240902:2210,0.00,0.00,0.0,0.0,23.39,1.32,0.0
20240902:2310,0.00,0.00,0.0,0.0,23.38,1.15,0.0
20240903:0010,0.00,0.00,0.0,0.0,23.35,1.01,0.0
20240903:0110,0.00,0.00,0.0,0.0,23.34,1.00,0.0
20240903:0210,0.00,0.00,0.0,0.0,23.32,1.23,0.0
20240903:0310,0.00,0.00,0.0,0.0,23.25,1.53,0.0
20240903:0410,47.29,0.00,0.0,0.0,23.05,1.62,0.0
20240903:0510,186.48,0.00,0.0,0.0,23.05,1.62,0.0
20240903:0610,355.08,0.00,0.0,0.0,23.69,1.62,0.0
20240903:0710,503.48,0.00,0.0,0.0,24.68,1.61,0.0
20240903:0810,619.37,0.00,0.0,0.0,25.69,1.69,0.0
20240903:0910,695.82,0.00,0.0,0.0,26.58,1.88,0.0
20240903:1010,720.97,0.00,0.0,0.0,27.31,2.01,0.0
20240903:1110,690.02,0.00,0.0,0.0,27.83,2.25,0.0
20240903:1210,610.77,0.00,0.0,0.0,28.16,2.76,0.0
20240903:1310,483.02,0.00,0.0,0.0,28.28,3.42,0.0
20240903:1410,320.21,0.00,0.0,0.0,28.16,4.02,0.0
20240903:1510,144.77,0.00,0.0,0.0,27.77,4.39,0.0
20240903:1610,41.16,0.00,0.0,0.0,27.08,4.54,0.0
20240903:1710,0.00,0.00,0.0,0.0,26.11,4.67,0.0
20240903:1810,0.00,0.00,0.0,0.0,25.18,4.84,0.0
20240903:1910,0.00,0.00,0.0,0.0,24.49,4.68,0.0
20240903:2010,0.00,0.00,0.0,0.0,24.00,4.29,0.0
20240903:2110,0.00,0.00,0.0,0.0,23.69,3.87,0.0
20240903:2210,0.00,0.00,0.0,0.0,23.53,3.40,0.0
20240903:2310,0.00,0.00,0.0,0.0,23.43,2.96,0.0
20240904:0010,0.00,0.00,0.0,0.0,23.32,2.72,0.0
20240904:0110,0.00,0.00,0.0,0.0,23.24,2.79,0.0
20240904:0210,0.00,0.00,0.0,0.0,23.19,3.10,0.0
20240904:0310,0.00,0.00,0.0,0.0,23.15,3.53,0.0
20240904:0410,28.76,0.00,0.0,0.0,23.10,3.98,0.0
20240904:0510,114.29,0.00,0.0,0.0,23.17,4.33,0.0
20240904:0610,215.78,0.00,0.0,0.0,23.48,4.64,0.0
20240904:0710,327.71,0.00,0.0,0.0,23.94,4.94,0.0
20240904:0810,443.67,0.00,0.0,0.0,24.51,5.21,0.0
20240904:0910,544.73,0.00,0.0,0.0,25.08,5.51,0.0
20240904:1010,600.35,0.00,0.0,0.0,25.62,5.85,0.0
20240904:1110,584.99,0.00,0.0,0.0,26.08,6.16,0.0
20240904:1210,510.09,0.00,0.0,0.0,26.38,6.46,0.0
20240904:1310,386.73,0.00,0.0,0.0,26.46,6.75,0.0
20240904:1410,245.89,0.00,0.0,0.0,26.31,6.92,0.0
20240904:1510,109.18,0.00,0.0,0.0,25.93,6.93,0.0
20240904:1610,30.32,0.00,0.0,0.0,25.30,6.68,0.0
20240904:1710,0.00,0.00,0.0,0.0,24.61,6.36,0.0
20240904:1810,0.00,0.00,0.0,0.0,24.12,6.22,0.0
20240904:1910,0.00,0.00,0.0,0.0,23.86,5.87,0.0
20240904:2010,0.00,0.00,0.0,0.0,23.63,5.39,0.0
20240904:2110,0.00,0.00,0.0,0.0,23.46,4.86,0.0
20240904:2210,0.00,0.00,0.0,0.0,23.44,4.46,0.0
20240904:2310,0.00,0.00,0.0,0.0,23.47,4.20,0.0
20240905:0010,0.00,0.00,0.0,0.0,23.47,4.02,0.0
20240905:0110,0.00,0.00,0.0,0.0,23.45,3.96,0.0
20240905:0210,0.00,0.00,0.0,0.0,23.45,3.99,0.0
20240905:0310,0.00,0.00,0.0,0.0,23.42,4.09,0.0
20240905:0410,39.04,0.00,0.0,0.0,23.23,3.87,0.0
20240905:0510,169.56,0.00,0.0,0.0,23.24,3.14,0.0
20240905:0610,339.18,0.00,0.0,0.0,23.98,2.48,0.0
20240905:0710,493.20,0.00,0.0,0.0,24.92,2.33,0.0
20240905:0810,619.60,0.00,0.0,0.0,25.63,2.44,0.0
20240905:0910,710.35,0.00,0.0,0.0,26.22,2.91,0.0
20240905:1010,743.94,0.00,0.0,0.0,26.64,3.62,0.0
20240905:1110,711.54,0.00,0.0,0.0,26.78,4.45,0.0
20240905:1210,630.45,0.00,0.0,0.0,26.63,5.15,0.0
20240905:1310,499.52,0.00,0.0,0.0,26.31,5.57,0.0
20240905:1410,334.82,0.00,0.0,0.0,25.89,5.74,0.0
20240905:1510,155.15,0.00,0.0,0.0,25.32,5.75,0.0
20240905:1610,42.16,0.00,0.0,0.0,24.59,5.62,0.0
20240905:1710,0.00,0.00,0.0,0.0,23.75,5.59,0.0
20240905:1810,0.00,0.00,0.0,0.0,23.07,5.64,0.0
20240905:1910,0.00,0.00,0.0,0.0,22.70,5.39,0.0
20240905:2010,0.00,0.00,0.0,0.0,22.54,4.96,0.0
20240905:2110,0.00,0.00,0.0,0.0,22.46,4.36,0.0
20240905:2210,0.00,0.00,0.0,0.0,22.49,3.81,0.0
20240905:2310,0.00,0.00,0.0,0.0,22.56,3.40,0.0
20240906:0010,0.00,0.00,0.0,0.0,22.59,3.13,0.0
20240906:0110,0.00,0.00,0.0,0.0,22.62,3.06,0.0
20240906:0210,0.00,0.00,0.0,0.0,22.62,3.16,0.0
20240906:0310,0.00,0.00,0.0,0.0,22.59,3.41,0.0
20240906:0410,40.43,0.00,0.0,0.0,22.48,3.62,0.0
20240906:0510,178.59,0.00,0.0,0.0,22.53,3.68,0.0
20240906:0610,351.22,0.00,0.0,0.0,23.03,3.49,0.0
20240906:0710,504.70,0.00,0.0,0.0,23.82,3.20,0.0
20240906:0810,629.48,0.00,0.0,0.0,24.75,2.95,0.0
20240906:0910,710.56,0.00,0.0,0.0,25.72,2.95,0.0
20240906:1010,728.02,0.00,0.0,0.0,26.52,3.40,0.0
20240906:1110,681.60,0.00,0.0,0.0,27.03,4.09,0.0
20240906:1210,591.61,0.00,0.0,0.0,27.20,4.75,0.0
20240906:1310,457.06,0.00,0.0,0.0,27.11,5.27,0.0
20240906:1410,294.12,0.00,0.0,0.0,26.83,5.63,0.0
20240906:1510,130.07,0.00,0.0,0.0,26.31,5.81,0.0
20240906:1610,33.26,0.00,0.0,0.0,25.54,5.86,0.0
20240906:1710,0.00,0.00,0.0,0.0,24.60,5.84,0.0
20240906:1810,0.00,0.00,0.0,0.0,23.84,5.96,0.0
20240906:1910,0.00,0.00,0.0,0.0,23.33,5.79,0.0
20240906:2010,0.00,0.00,0.0,0.0,22.97,5.42,0.0
20240906:2110,0.00,0.00,0.0,0.0,22.73,5.00,0.0
20240906:2210,0.00,0.00,0.0,0.0,22.68,4.76,0.0
20240906:2310,0.00,0.00,0.0,0.0,22.72,4.60,0.0
20240907:0010,0.00,0.00,0.0,0.0,22.74,4.37,0.0
20240907:0110,0.00,0.00,0.0,0.0,22.73,4.15,0.0
20240907:0210,0.00,0.00,0.0,0.0,22.71,4.04,0.0
20240907:0310,0.00,0.00,0.0,0.0,22.63,4.01,0.0
20240907:0410,34.84,0.00,0.0,0.0,22.51,3.92,0.0
20240907:0510,159.32,0.00,0.0,0.0,22.50,3.80,0.0
20240907:0610,308.88,0.00,0.0,0.0,22.74,3.72,0.0
20240907:0710,428.36,0.00,0.0,0.0,23.12,3.82,0.0
20240907:0810,479.75,0.00,0.0,0.0,23.61,4.01,0.0
20240907:0910,480.44,0.00,0.0,0.0,24.03,4.23,0.0
20240907:1010,480.55,0.00,0.0,0.0,24.34,4.29,0.0
20240907:1110,461.01,0.00,0.0,0.0,24.56,4.38,0.0
20240907:1210,392.92,0.00,0.0,0.0,24.64,4.72,0.0
20240907:1310,293.87,0.00,0.0,0.0,24.55,5.45,0.0
20240907:1410,186.72,0.00,0.0,0.0,24.27,6.27,0.0
20240907:1510,73.90,0.00,0.0,0.0,23.83,6.88,0.0
20240907:1610,16.28,0.00,0.0,0.0,23.31,6.90,0.0
20240907:1710,0.00,0.00,0.0,0.0,22.93,6.66,0.0
20240907:1810,0.00,0.00,0.0,0.0,22.69,6.60,0.0
20240907:1910,0.00,0.00,0.0,0.0,22.50,6.63,0.0
20240907:2010,0.00,0.00,0.0,0.0,22.36,6.78,0.0
20240907:2110,0.00,0.00,0.0,0.0,22.27,6.98,0.0
20240907:2210,0.00,0.00,0.0,0.0,22.30,7.19,0.0
20240907:2310,0.00,0.00,0.0,0.0,22.36,7.21,0.0
20240908:0010,0.00,0.00,0.0,0.0,22.39,7.20,0.0
20240908:0110,0.00,0.00,0.0,0.0,22.42,7.13,0.0
20240908:0210,0.00,0.00,0.0,0.0,22.47,7.10,0.0
20240908:0310,0.00,0.00,0.0,0.0,22.47,7.22,0.0
20240908:0410,29.86,0.00,0.0,0.0,22.35,7.58,0.0
20240908:0510,147.87,0.00,0.0,0.0,22.28,7.92,0.0
20240908:0610,311.83,0.00,0.0,0.0,22.46,8.32,0.0
20240908:0710,463.64,0.00,0.0,0.0,22.81,8.67,0.0
20240908:0810,595.89,0.00,0.0,0.0,23.21,8.67,0.0
20240908:0910,690.17,0.00,0.0,0.0,23.55,8.69,0.0
20240908:1010,718.54,0.00,0.0,0.0,23.81,8.76,0.0
20240908:1110,689.17,0.00,0.0,0.0,23.97,8.82,0.0
20240908:1210,614.32,0.00,0.0,0.0,24.06,8.79,0.0
20240908:1310,491.28,0.00,0.0,0.0,24.07,8.65,0.0
20240908:1410,330.48,0.00,0.0,0.0,23.96,8.48,0.0
20240908:1510,152.23,0.00,0.0,0.0,23.66,8.36,0.0
20240908:1610,36.47,0.00,0.0,0.0,23.28,8.10,0.0
20240908:1710,0.00,0.00,0.0,0.0,22.90,7.65,0.0
20240908:1810,0.00,0.00,0.0,0.0,22.72,7.44,0.0
20240908:1910,0.00,0.00,0.0,0.0,22.67,7.28,0.0
20240908:2010,0.00,0.00,0.0,0.0,22.63,7.10,0.0
20240908:2110,0.00,0.00,0.0,0.0,22.60,6.97,0.0
20240908:2210,0.00,0.00,0.0,0.0,22.53,6.95,0.0
20240908:2310,0.00,0.00,0.0,0.0,22.47,6.91,0.0
20240909:0010,0.00,0.00,0.0,0.0,22.41,6.73,0.0
20240909:0110,0.00,0.00,0.0,0.0,22.39,6.50,0.0
20240909:0210,0.00,0.00,0.0,0.0,22.41,6.16,0.0
20240909:0310,0.00,0.00,0.0,0.0,22.43,5.67,0.0
20240909:0410,30.84,0.00,0.0,0.0,22.40,5.05,0.0
20240909:0510,155.32,0.00,0.0,0.0,22.48,4.47,0.0
20240909:0610,319.32,0.00,0.0,0.0,22.81,4.04,0.0
20240909:0710,485.30,0.00,0.0,0.0,23.32,3.87,0.0
20240909:0810,632.65,0.00,0.0,0.0,23.91,3.89,0.0
20240909:0910,720.96,0.00,0.0,0.0,24.46,4.01,0.0
20240909:1010,748.74,0.00,0.0,0.0,24.87,4.24,0.0
20240909:1110,717.57,0.00,0.0,0.0,25.14,4.38,0.0
20240909:1210,640.26,0.00,0.0,0.0,25.34,4.44,0.0
20240909:1310,511.56,0.00,0.0,0.0,25.42,4.51,0.0
20240909:1410,343.57,0.00,0.0,0.0,25.36,4.79,0.0
20240909:1510,159.05,0.00,0.0,0.0,25.07,5.37,0.0
20240909:1610,36.52,0.00,0.0,0.0,24.53,5.99,0.0
20240909:1710,0.00,0.00,0.0,0.0,23.70,6.55,0.0
20240909:1810,0.00,0.00,0.0,0.0,22.96,6.74,0.0
20240909:1910,0.00,0.00,0.0,0.0,22.56,6.42,0.0
20240909:2010,0.00,0.00,0.0,0.0,22.42,5.99,0.0
20240909:2110,0.00,0.00,0.0,0.0,22.36,5.28,0.0
20240909:2210,0.00,0.00,0.0,0.0,22.29,4.47,0.0
20240909:2310,0.00,0.00,0.0,0.0,22.23,4.00,0.0
20240910:0010,0.00,0.00,0.0,0.0,22.13,3.83,0.0
20240910:0110,0.00,0.00,0.0,0.0,22.01,3.89,0.0
20240910:0210,0.00,0.00,0.0,0.0,21.88,4.08,0.0
20240910:0310,0.00,0.00,0.0,0.0,21.73,4.29,0.0
20240910:0410,22.18,0.00,0.0,0.0,21.63,4.33,0.0
20240910:0510,98.10,0.00,0.0,0.0,21.80,4.07,0.0
20240910:0610,160.74,0.00,0.0,0.0,22.42,3.32,0.0
20240910:0710,212.88,0.00,0.0,0.0,23.35,2.77,0.0
20240910:0810,259.17,0.00,0.0,0.0,24.29,2.28,0.0
20240910:0910,296.76,0.00,0.0,0.0,25.07,2.09,0.0
20240910:1010,325.78,0.00,0.0,0.0,25.73,2.53,0.0
20240910:1110,343.61,0.00,0.0,0.0,26.33,3.16,0.0
20240910:1210,342.85,0.00,0.0,0.0,26.88,3.37,0.0
20240910:1310,308.74,0.00,0.0,0.0,27.41,2.82,0.0
20240910:1410,232.36,0.00,0.0,0.0,27.83,1.57,0.0
20240910:1510,112.21,0.00,0.0,0.0,27.93,0.11,0.0
20240910:1610,24.09,0.00,0.0,0.0,27.51,2.11,0.0
20240910:1710,0.00,0.00,0.0,0.0,26.61,4.34,0.0
20240910:1810,0.00,0.00,0.0,0.0,25.50,5.71,0.0
20240910:1910,0.00,0.00,0.0,0.0,24.51,5.90,0.0
20240910:2010,0.00,0.00,0.0,0.0,23.83,5.54,0.0
20240910:2110,0.00,0.00,0.0,0.0,23.48,5.09,0.0
20240910:2210,0.00,0.00,0.0,0.0,23.47,4.69,0.0
20240910:2310,0.00,0.00,0.0,0.0,23.61,4.23,0.0
20240911:0010,0.00,0.00,0.0,0.0,23.76,3.71,0.0
20240911:0110,0.00,0.00,0.0,0.0,23.92,3.44,0.0
20240911:0210,0.00,0.00,0.0,0.0,24.13,3.25,0.0
20240911:0310,0.00,0.00,0.0,0.0,24.28,3.22,0.0
20240911:0410,22.36,0.00,0.0,0.0,24.24,3.58,0.0
20240911:0510,115.19,0.00,0.0,0.0,24.14,4.11,0.0
20240911:0610,213.07,0.00,0.0,0.0,24.37,4.38,0.0
20240911:0710,280.93,0.00,0.0,0.0,25.03,4.96,0.0
20240911:0810,330.72,0.00,0.0,0.0,25.38,5.68,0.0
20240911:0910,358.96,0.00,0.0,0.0,25.60,5.98,0.0
20240911:1010,376.09,0.00,0.0,0.0,25.87,5.95,0.0
20240911:1110,418.88,0.00,0.0,0.0,26.27,5.66,0.0
20240911:1210,448.06,0.00,0.0,0.0,26.76,5.56,0.0
20240911:1310,394.20,0.00,0.0,0.0,27.17,5.73,0.0
20240911:1410,263.32,0.00,0.0,0.0,27.38,5.99,0.0
20240911:1510,119.44,0.00,0.0,0.0,27.29,6.06,0.0
20240911:1610,24.75,0.00,0.0,0.0,26.89,5.66,0.0
20240911:1710,0.00,0.00,0.0,0.0,26.18,5.25,0.0
20240911:1810,0.00,0.00,0.0,0.0,25.37,4.87,0.0
20240911:1910,0.00,0.00,0.0,0.0,24.60,4.67,0.0
20240911:2010,0.00,0.00,0.0,0.0,23.91,4.56,0.0
20240911:2110,0.00,0.00,0.0,0.0,23.35,4.63,0.0
20240911:2210,0.00,0.00,0.0,0.0,22.94,4.55,0.0
20240911:2310,0.00,0.00,0.0,0.0,22.67,4.38,0.0
20240912:0010,0.00,0.00,0.0,0.0,22.45,4.27,0.0
20240912:0110,0.00,0.00,0.0,0.0,22.27,4.24,0.0
20240912:0210,0.00,0.00,0.0,0.0,22.14,4.36,0.0
20240912:0310,0.00,0.00,0.0,0.0,22.03,4.55,0.0
20240912:0410,27.36,0.00,0.0,0.0,21.98,4.76,0.0
20240912:0510,158.64,0.00,0.0,0.0,22.16,4.80,0.0
20240912:0610,330.76,0.00,0.0,0.0,22.79,4.85,0.0
20240912:0710,486.10,0.00,0.0,0.0,23.56,5.06,0.0
20240912:0810,615.37,0.00,0.0,0.0,24.39,5.22,0.0
20240912:0910,701.26,0.00,0.0,0.0,25.19,5.43,0.0
20240912:1010,728.26,0.00,0.0,0.0,25.84,5.61,0.0
20240912:1110,695.49,0.00,0.0,0.0,26.40,5.70,0.0
20240912:1210,615.50,0.00,0.0,0.0,26.82,5.58,0.0
20240912:1310,484.24,0.00,0.0,0.0,27.12,5.22,0.0
20240912:1410,318.72,0.00,0.0,0.0,27.29,4.70,0.0
20240912:1510,142.04,0.00,0.0,0.0,27.26,4.02,0.0
20240912:1610,26.19,0.00,0.0,0.0,27.00,3.19,0.0
20240912:1710,0.00,0.00,0.0,0.0,26.55,2.15,0.0
20240912:1810,0.00,0.00,0.0,0.0,26.10,0.96,0.0
20240912:1910,0.00,0.00,0.0,0.0,25.64,0.38,0.0
20240912:2010,0.00,0.00,0.0,0.0,25.12,1.53,0.0
20240912:2110,0.00,0.00,0.0,0.0,24.62,2.41,0.0
20240912:2210,0.00,0.00,0.0,0.0,24.34,3.06,0.0
20240912:2310,0.00,0.00,0.0,0.0,24.25,3.60,0.0
20240913:0010,0.00,0.00,0.0,0.0,24.24,3.81,0.0
20240913:0110,0.00,0.00,0.0,0.0,24.28,3.73,0.0
20240913:0210,0.00,0.00,0.0,0.0,24.30,3.53,0.0
20240913:0310,0.00,0.00,0.0,0.0,24.19,3.44,0.0
20240913:0410,23.81,0.00,0.0,0.0,23.84,3.58,0.0
20240913:0510,146.04,0.00,0.0,0.0,23.61,3.94,0.0
20240913:0610,307.01,0.00,0.0,0.0,24.09,4.13,0.0
20240913:0710,461.84,0.00,0.0,0.0,24.97,4.47,0.0
20240913:0810,599.03,0.00,0.0,0.0,25.61,4.69,0.0
20240913:0910,684.76,0.00,0.0,0.0,26.17,4.84,0.0
20240913:1010,675.84,0.00,0.0,0.0,26.70,4.90,0.0
20240913:1110,552.48,0.00,0.0,0.0,27.11,4.69,0.0
20240913:1210,470.13,0.00,0.0,0.0,27.35,4.32,0.0
20240913:1310,416.15,0.00,0.0,0.0,27.61,3.73,0.0
20240913:1410,285.15,0.00,0.0,0.0,27.87,2.84,0.0
20240913:1510,125.26,0.00,0.0,0.0,27.96,1.53,0.0
20240913:1610,21.08,0.00,0.0,0.0,27.86,0.09,0.0
20240913:1710,0.00,0.00,0.0,0.0,27.56,1.55,0.0
20240913:1810,0.00,0.00,0.0,0.0,27.14,2.91,0.0
20240913:1910,0.00,0.00,0.0,0.0,26.66,3.48,0.0
20240913:2010,0.00,0.00,0.0,0.0,26.24,3.53,0.0
20240913:2110,0.00,0.00,0.0,0.0,25.91,3.89,0.0
20240913:2210,0.00,0.00,0.0,0.0,25.54,4.63,0.0
20240913:2310,0.00,0.00,0.0,0.0,25.09,4.84,0.0
20240914:0010,0.00,0.00,0.0,0.0,24.63,4.78,0.0
20240914:0110,0.00,0.00,0.0,0.0,24.14,5.01,0.0
20240914:0210,0.00,0.00,0.0,0.0,23.70,5.46,0.0
20240914:0310,0.00,0.00,0.0,0.0,23.41,5.81,0.0
20240914:0410,19.45,0.00,0.0,0.0,23.35,6.09,0.0
20240914:0510,118.17,0.00,0.0,0.0,23.53,6.43,0.0
20240914:0610,234.40,0.00,0.0,0.0,24.15,6.28,0.0
20240914:0710,344.75,0.00,0.0,0.0,25.10,6.38,0.0
20240914:0810,478.82,0.00,0.0,0.0,25.98,6.39,0.0
20240914:0910,582.97,0.00,0.0,0.0,26.76,6.51,0.0
20240914:1010,616.48,0.00,0.0,0.0,27.44,6.74,0.0
20240914:1110,645.68,0.00,0.0,0.0,28.12,6.85,0.0
20240914:1210,609.94,0.00,0.0,0.0,28.80,6.87,0.0
20240914:1310,454.26,0.00,0.0,0.0,29.31,6.67,0.0
20240914:1410,271.11,0.00,0.0,0.0,29.52,6.25,0.0
20240914:1510,105.01,0.00,0.0,0.0,29.35,5.70,0.0
20240914:1610,14.21,0.00,0.0,0.0,28.80,5.10,0.0
20240914:1710,0.00,0.00,0.0,0.0,28.00,4.75,0.0
20240914:1810,0.00,0.00,0.0,0.0,27.10,4.40,0.0
20240914:1910,0.00,0.00,0.0,0.0,26.20,3.69,0.0
20240914:2010,0.00,0.00,0.0,0.0,25.35,3.17,0.0
20240914:2110,0.00,0.00,0.0,0.0,24.53,3.10,0.0
20240914:2210,0.00,0.00,0.0,0.0,23.81,3.37,0.0
20240914:2310,0.00,0.00,0.0,0.0,23.15,4.08,0.0
20240915:0010,0.00,0.00,0.0,0.0,22.45,4.58,0.0
20240915:0110,0.00,0.00,0.0,0.0,21.80,4.50,0.0
20240915:0210,0.00,0.00,0.0,0.0,21.32,4.30,0.0
20240915:0310,0.00,0.00,0.0,0.0,20.99,4.15,0.0
20240915:0410,5.44,0.00,0.0,0.0,20.80,4.18,0.0
20240915:0510,43.26,0.00,0.0,0.0,20.72,4.31,0.0
20240915:0610,113.69,0.00,0.0,0.0,20.72,4.37,0.0
20240915:0710,194.05,0.00,0.0,0.0,20.82,4.35,0.0
20240915:0810,246.40,0.00,0.0,0.0,20.99,4.11,0.0
20240915:0910,259.62,0.00,0.0,0.0,21.15,3.76,0.0
20240915:1010,273.94,0.00,0.0,0.0,21.11,3.59,0.0
20240915:1110,297.88,0.00,0.0,0.0,21.06,4.27,0.0
20240915:1210,290.53,0.00,0.0,0.0,21.10,4.89,0.0
20240915:1310,281.59,0.00,0.0,0.0,21.23,5.04,0.0
20240915:1410,225.94,0.00,0.0,0.0,21.37,5.08,0.0
20240915:1510,103.60,0.00,0.0,0.0,21.41,4.97,0.0
20240915:1610,14.20,0.00,0.0,0.0,21.10,4.73,0.0
20240915:1710,0.00,0.00,0.0,0.0,20.48,4.56,0.0
20240915:1810,0.00,0.00,0.0,0.0,19.88,4.34,0.0
20240915:1910,0.00,0.00,0.0,0.0,19.48,3.77,0.0
20240915:2010,0.00,0.00,0.0,0.0,19.31,2.81,0.0
20240915:2110,0.00,0.00,0.0,0.0,19.27,1.57,0.0
20240915:2210,0.00,0.00,0.0,0.0,19.35,0.54,0.0
20240915:2310,0.00,0.00,0.0,0.0,19.48,0.25,0.0
20240916:0010,0.00,0.00,0.0,0.0,19.61,0.34,0.0
20240916:0110,0.00,0.00,0.0,0.0,19.73,0.30,0.0
20240916:0210,0.00,0.00,0.0,0.0,19.84,0.12,0.0
20240916:0310,0.00,0.00,0.0,0.0,19.92,0.15,0.0
20240916:0410,16.76,0.00,0.0,0.0,19.96,0.09,0.0
20240916:0510,133.15,0.00,0.0,0.0,20.06,0.20,0.0
20240916:0610,308.65,0.00,0.0,0.0,20.28,0.77,0.0
20240916:0710,471.26,0.00,0.0,0.0,20.80,1.21,0.0
20240916:0810,599.82,0.00,0.0,0.0,21.42,1.16,0.0
20240916:0910,684.07,0.00,0.0,0.0,22.03,0.83,0.0
20240916:1010,714.91,0.00,0.0,0.0,22.59,0.34,0.0
20240916:1110,686.52,0.00,0.0,0.0,23.09,0.49,0.0
20240916:1210,606.62,0.00,0.0,0.0,23.50,1.29,0.0
20240916:1310,477.40,0.00,0.0,0.0,23.82,2.00,0.0
20240916:1410,313.13,0.00,0.0,0.0,23.99,2.65,0.0
20240916:1510,135.00,0.00,0.0,0.0,23.82,3.63,0.0
20240916:1610,15.78,0.00,0.0,0.0,23.18,5.18,0.0
20240916:1710,0.00,0.00,0.0,0.0,22.25,6.67,0.0
20240916:1810,0.00,0.00,0.0,0.0,21.49,7.34,0.0
20240916:1910,0.00,0.00,0.0,0.0,21.06,7.30,0.0
20240916:2010,0.00,0.00,0.0,0.0,20.84,6.96,0.0
20240916:2110,0.00,0.00,0.0,0.0,20.75,6.53,0.0
20240916:2210,0.00,0.00,0.0,0.0,20.79,6.16,0.0
20240916:2310,0.00,0.00,0.0,0.0,20.89,5.83,0.0
20240917:0010,0.00,0.00,0.0,0.0,20.97,5.49,0.0
20240917:0110,0.00,0.00,0.0,0.0,21.02,5.26,0.0
20240917:0210,0.00,0.00,0.0,0.0,21.03,5.19,0.0
20240917:0310,0.00,0.00,0.0,0.0,21.00,5.30,0.0
20240917:0410,16.02,0.00,0.0,0.0,20.88,5.58,0.0
20240917:0510,128.04,0.00,0.0,0.0,20.76,5.93,0.0
20240917:0610,278.49,0.00,0.0,0.0,20.84,6.04,0.0
20240917:0710,418.53,0.00,0.0,0.0,21.12,6.07,0.0
20240917:0810,530.88,0.00,0.0,0.0,21.45,5.94,0.0
20240917:0910,605.31,0.00,0.0,0.0,21.79,5.87,0.0
20240917:1010,649.81,0.00,0.0,0.0,22.18,5.73,0.0
20240917:1110,629.56,0.00,0.0,0.0,22.56,5.58,0.0
20240917:1210,471.17,0.00,0.0,0.0,22.77,5.66,0.0
20240917:1310,268.04,0.00,0.0,0.0,22.71,6.02,0.0
20240917:1410,152.77,0.00,0.0,0.0,22.46,6.48,0.0
20240917:1510,72.85,0.00,0.0,0.0,22.16,6.80,0.0
20240917:1610,7.78,0.00,0.0,0.0,21.94,6.73,0.0
20240917:1710,0.00,0.00,0.0,0.0,21.78,6.68,0.0
20240917:1810,0.00,0.00,0.0,0.0,21.76,6.39,0.0
20240917:1910,0.00,0.00,0.0,0.0,21.80,5.87,0.0
20240917:2010,0.00,0.00,0.0,0.0,21.83,5.30,0.0
20240917:2110,0.00,0.00,0.0,0.0,21.83,4.75,0.0
20240917:2210,0.00,0.00,0.0,0.0,21.78,4.51,0.0
20240917:2310,0.00,0.00,0.0,0.0,21.70,4.44,0.0
20240918:0010,0.00,0.00,0.0,0.0,21.62,4.48,0.0
20240918:0110,0.00,0.00,0.0,0.0,21.54,4.55,0.0
20240918:0210,0.00,0.00,0.0,0.0,21.47,4.65,0.0
20240918:0310,0.00,0.00,0.0,0.0,21.42,4.82,0.0
20240918:0410,9.60,0.00,0.0,0.0,21.38,4.89,0.0
20240918:0510,69.77,0.00,0.0,0.0,21.42,4.89,0.0
20240918:0610,117.69,0.00,0.0,0.0,21.60,4.82,0.0
20240918:0710,166.87,0.00,0.0,0.0,21.84,4.73,0.0
20240918:0810,266.25,0.00,0.0,0.0,22.12,4.79,0.0
20240918:0910,402.48,0.00,0.0,0.0,22.41,4.79,0.0
20240918:1010,497.41,0.00,0.0,0.0,22.82,4.84,0.0
20240918:1110,484.29,0.00,0.0,0.0,23.23,4.97,0.0
20240918:1210,362.50,0.00,0.0,0.0,23.34,5.40,0.0
20240918:1310,205.12,0.00,0.0,0.0,23.03,6.43,0.0
20240918:1410,93.06,0.00,0.0,0.0,22.32,7.63,0.0
20240918:1510,30.36,0.00,0.0,0.0,21.49,8.36,0.0
20240918:1610,2.09,0.00,0.0,0.0,20.81,8.71,0.0
20240918:1710,0.00,0.00,0.0,0.0,20.39,8.83,0.0
20240918:1810,0.00,0.00,0.0,0.0,20.14,8.65,0.0
20240918:1910,0.00,0.00,0.0,0.0,20.00,8.10,0.0
20240918:2010,0.00,0.00,0.0,0.0,20.01,7.41,0.0
20240918:2110,0.00,0.00,0.0,0.0,20.13,6.88,0.0
20240918:2210,0.00,0.00,0.0,0.0,20.26,6.65,0.0
20240918:2310,0.00,0.00,0.0,0.0,20.35,6.73,0.0
20240919:0010,0.00,0.00,0.0,0.0,20.37,6.92,0.0
20240919:0110,0.00,0.00,0.0,0.0,20.35,7.04,0.0
20240919:0210,0.00,0.00,0.0,0.0,20.34,7.21,0.0
20240919:0310,0.00,0.00,0.0,0.0,20.33,7.41,0.0
20240919:0410,13.02,0.00,0.0,0.0,20.28,7.35,0.0
20240919:0510,130.65,0.00,0.0,0.0,20.34,7.13,0.0
20240919:0610,299.63,0.00,0.0,0.0,20.69,6.85,0.0
20240919:0710,452.34,0.00,0.0,0.0,21.14,6.60,0.0
20240919:0810,578.70,0.00,0.0,0.0,21.61,6.20,0.0
20240919:0910,666.52,0.00,0.0,0.0,22.04,6.03,0.0
20240919:1010,698.00,0.00,0.0,0.0,22.26,6.33,0.0
20240919:1110,668.76,0.00,0.0,0.0,22.22,6.90,0.0
20240919:1210,591.66,0.00,0.0,0.0,21.95,7.49,0.0
20240919:1310,463.34,0.00,0.0,0.0,21.48,7.85,0.0
20240919:1410,298.62,0.00,0.0,0.0,20.83,7.95,0.0
20240919:1510,122.85,0.00,0.0,0.0,20.12,7.71,0.0
20240919:1610,6.74,0.00,0.0,0.0,19.58,7.21,0.0
20240919:1710,0.00,0.00,0.0,0.0,19.26,6.70,0.0
20240919:1810,0.00,0.00,0.0,0.0,19.20,6.38,0.0
20240919:1910,0.00,0.00,0.0,0.0,19.33,6.03,0.0
20240919:2010,0.00,0.00,0.0,0.0,19.52,5.36,0.0
20240919:2110,0.00,0.00,0.0,0.0,19.71,4.62,0.0
20240919:2210,0.00,0.00,0.0,0.0,19.83,4.13,0.0
20240919:2310,0.00,0.00,0.0,0.0,19.89,4.11,0.0
20240920:0010,0.00,0.00,0.0,0.0,19.94,4.28,0.0
20240920:0110,0.00,0.00,0.0,0.0,19.98,4.44,0.0
20240920:0210,0.00,0.00,0.0,0.0,19.99,4.56,0.0
20240920:0310,0.00,0.00,0.0,0.0,20.04,4.58,0.0
20240920:0410,6.27,0.00,0.0,0.0,20.29,4.47,0.0
20240920:0510,78.49,0.00,0.0,0.0,20.70,4.38,0.0
20240920:0610,206.71,0.00,0.0,0.0,21.23,4.12,0.0
20240920:0710,340.68,0.00,0.0,0.0,21.81,3.91,0.0
20240920:0810,457.27,0.00,0.0,0.0,22.43,3.90,0.0
20240920:0910,546.36,0.00,0.0,0.0,23.04,4.25,0.0
20240920:1010,589.77,0.00,0.0,0.0,23.40,4.96,0.0
20240920:1110,567.85,0.00,0.0,0.0,23.53,5.82,0.0
20240920:1210,497.48,0.00,0.0,0.0,23.48,6.69,0.0
20240920:1310,386.76,0.00,0.0,0.0,23.26,7.52,0.0
20240920:1410,246.89,0.00,0.0,0.0,22.99,8.14,0.0
20240920:1510,95.58,0.00,0.0,0.0,22.71,8.49,0.0
20240920:1610,0.00,0.00,0.0,0.0,22.38,8.61,0.0
20240920:1710,0.00,0.00,0.0,0.0,22.08,8.56,0.0
20240920:1810,0.00,0.00,0.0,0.0,21.87,8.65,0.0
20240920:1910,0.00,0.00,0.0,0.0,21.66,8.92,0.0
20240920:2010,0.00,0.00,0.0,0.0,21.43,9.05,0.0
20240920:2110,0.00,0.00,0.0,0.0,21.22,8.98,0.0
20240920:2210,0.00,0.00,0.0,0.0,21.06,8.68,0.0
20240920:2310,0.00,0.00,0.0,0.0,20.93,8.18,0.0
20240921:0010,0.00,0.00,0.0,0.0,20.80,7.85,0.0
20240921:0110,0.00,0.00,0.0,0.0,20.70,7.72,0.0
20240921:0210,0.00,0.00,0.0,0.0,20.66,7.68,0.0
20240921:0310,0.00,0.00,0.0,0.0,20.68,7.58,0.0
20240921:0410,4.64,0.00,0.0,0.0,20.76,7.44,0.0
20240921:0510,56.90,0.00,0.0,0.0,20.90,7.40,0.0
20240921:0610,132.02,0.00,0.0,0.0,21.16,7.17,0.0
20240921:0710,208.39,0.00,0.0,0.0,21.53,7.46,0.0
20240921:0810,286.49,0.00,0.0,0.0,21.70,7.81,0.0
20240921:0910,353.63,0.00,0.0,0.0,21.76,7.88,0.0
20240921:1010,383.42,0.00,0.0,0.0,21.86,8.06,0.0
20240921:1110,368.31,0.00,0.0,0.0,22.00,8.38,0.0
20240921:1210,316.12,0.00,0.0,0.0,22.11,8.64,0.0
20240921:1310,234.06,0.00,0.0,0.0,22.17,8.85,0.0
20240921:1410,141.07,0.00,0.0,0.0,22.16,9.07,0.0
20240921:1510,57.13,0.00,0.0,0.0,22.01,9.24,0.0
20240921:1610,0.00,0.00,0.0,0.0,21.69,9.28,0.0
20240921:1710,0.00,0.00,0.0,0.0,21.27,9.14,0.0
20240921:1810,0.00,0.00,0.0,0.0,20.95,8.96,0.0
20240921:1910,0.00,0.00,0.0,0.0,20.69,8.65,0.0
20240921:2010,0.00,0.00,0.0,0.0,20.51,8.30,0.0
20240921:2110,0.00,0.00,0.0,0.0,20.45,7.94,0.0
20240921:2210,0.00,0.00,0.0,0.0,20.54,7.50,0.0
20240921:2310,0.00,0.00,0.0,0.0,20.69,7.10,0.0
20240922:0010,0.00,0.00,0.0,0.0,20.79,6.89,0.0
20240922:0110,0.00,0.00,0.0,0.0,20.86,6.83,0.0
20240922:0210,0.00,0.00,0.0,0.0,20.94,6.85,0.0
20240922:0310,0.00,0.00,0.0,0.0,20.97,6.85,0.0
20240922:0410,7.58,0.00,0.0,0.0,20.90,6.92,0.0
20240922:0510,117.40,0.00,0.0,0.0,20.97,7.09,0.0
20240922:0610,282.93,0.00,0.0,0.0,21.36,7.17,0.0
20240922:0710,421.74,0.00,0.0,0.0,21.83,8.22,0.0
20240922:0810,517.26,0.00,0.0,0.0,22.05,8.52,0.0
20240922:0910,553.92,0.00,0.0,0.0,22.25,8.32,0.0
20240922:1010,530.16,0.00,0.0,0.0,22.39,8.16,0.0
20240922:1110,458.69,0.00,0.0,0.0,22.41,8.18,0.0
20240922:1210,351.27,0.00,0.0,0.0,22.25,8.29,0.0
20240922:1310,230.05,0.00,0.0,0.0,21.86,8.43,0.0
20240922:1410,128.35,0.00,0.0,0.0,21.29,8.42,0.0
20240922:1510,49.65,0.00,0.0,0.0,20.65,8.17,0.0
20240922:1610,0.00,0.00,0.0,0.0,20.08,7.57,0.0
20240922:1710,0.00,0.00,0.0,0.0,19.64,6.70,0.0
20240922:1810,0.00,0.00,0.0,0.0,19.48,5.76,0.0
20240922:1910,0.00,0.00,0.0,0.0,19.58,4.83,0.0
20240922:2010,0.00,0.00,0.0,0.0,19.83,4.09,0.0
20240922:2110,0.00,0.00,0.0,0.0,20.16,3.76,0.0
20240922:2210,0.00,0.00,0.0,0.0,20.40,3.54,0.0
20240922:2310,0.00,0.00,0.0,0.0,20.56,3.35,0.0
20240923:0010,0.00,0.00,0.0,0.0,20.64,3.58,0.0
20240923:0110,0.00,0.00,0.0,0.0,20.60,4.46,0.0
20240923:0210,0.00,0.00,0.0,0.0,20.41,5.52,0.0
20240923:0310,0.00,0.00,0.0,0.0,20.02,6.33,0.0
20240923:0410,5.66,0.00,0.0,0.0,19.55,6.54,0.0
20240923:0510,107.88,0.00,0.0,0.0,19.27,6.32,0.0
20240923:0610,273.65,0.00,0.0,0.0,19.57,5.52,0.0
20240923:0710,427.91,0.00,0.0,0.0,20.53,5.18,0.0
20240923:0810,555.25,0.00,0.0,0.0,21.31,4.72,0.0
20240923:0910,638.69,0.00,0.0,0.0,21.88,4.22,0.0
20240923:1010,665.27,0.00,0.0,0.0,22.27,3.81,0.0
20240923:1110,636.12,0.00,0.0,0.0,22.55,3.54,0.0
20240923:1210,559.44,0.00,0.0,0.0,22.72,3.39,0.0
20240923:1310,435.00,0.00,0.0,0.0,22.78,3.19,0.0
20240923:1410,277.88,0.00,0.0,0.0,22.70,2.96,0.0
20240923:1510,112.14,0.00,0.0,0.0,22.44,2.64,0.0
20240923:1610,0.00,0.00,0.0,0.0,22.04,2.43,0.0
20240923:1710,0.00,0.00,0.0,0.0,21.58,2.32,0.0
20240923:1810,0.00,0.00,0.0,0.0,21.17,2.06,0.0
20240923:1910,0.00,0.00,0.0,0.0,20.80,1.70,0.0
20240923:2010,0.00,0.00,0.0,0.0,20.46,1.51,0.0
20240923:2110,0.00,0.00,0.0,0.0,20.14,1.55,0.0
20240923:2210,0.00,0.00,0.0,0.0,19.96,1.55,0.0
20240923:2310,0.00,0.00,0.0,0.0,19.88,1.31,0.0
20240924:0010,0.00,0.00,0.0,0.0,19.81,0.98,0.0
20240924:0110,0.00,0.00,0.0,0.0,19.75,0.59,0.0
20240924:0210,0.00,0.00,0.0,0.0,19.69,0.28,0.0
20240924:0310,0.00,0.00,0.0,0.0,19.60,0.18,0.0
20240924:0410,4.99,0.00,0.0,0.0,19.45,0.24,0.0
20240924:0510,115.50,0.00,0.0,0.0,19.42,0.22,0.0
20240924:0610,286.95,0.00,0.0,0.0,19.96,0.18,0.0
20240924:0710,443.66,0.00,0.0,0.0,21.14,0.34,0.0
20240924:0810,570.93,0.00,0.0,0.0,22.36,0.48,0.0
20240924:0910,653.66,0.00,0.0,0.0,23.26,0.37,0.0
20240924:1010,674.89,0.00,0.0,0.0,23.80,0.30,0.0
20240924:1110,632.71,0.00,0.0,0.0,24.11,0.95,0.0
20240924:1210,547.02,0.00,0.0,0.0,24.26,1.71,0.0
20240924:1310,409.22,0.00,0.0,0.0,24.25,2.36,0.0
20240924:1410,252.70,0.00,0.0,0.0,24.04,2.96,0.0
20240924:1510,104.03,0.00,0.0,0.0,23.54,3.69,0.0
20240924:1610,0.00,0.00,0.0,0.0,22.71,4.44,0.0
20240924:1710,0.00,0.00,0.0,0.0,21.78,5.08,0.0
20240924:1810,0.00,0.00,0.0,0.0,21.09,5.29,0.0
20240924:1910,0.00,0.00,0.0,0.0,20.62,5.03,0.0
20240924:2010,0.00,0.00,0.0,0.0,20.28,4.50,0.0
20240924:2110,0.00,0.00,0.0,0.0,20.07,3.78,0.0
20240924:2210,0.00,0.00,0.0,0.0,20.11,3.03,0.0
20240924:2310,0.00,0.00,0.0,0.0,20.26,2.37,0.0
20240925:0010,0.00,0.00,0.0,0.0,20.38,1.84,0.0
20240925:0110,0.00,0.00,0.0,0.0,20.45,1.54,0.0
20240925:0210,0.00,0.00,0.0,0.0,20.48,1.56,0.0
20240925:0310,0.00,0.00,0.0,0.0,20.45,1.75,0.0
20240925:0410,0.00,0.00,0.0,0.0,20.26,1.81,0.0
20240925:0510,113.85,0.00,0.0,0.0,20.14,1.70,0.0
20240925:0610,287.25,0.00,0.0,0.0,20.53,1.52,0.0
20240925:0710,445.67,0.00,0.0,0.0,21.51,1.29,0.0
20240925:0810,574.33,0.00,0.0,0.0,22.58,0.78,0.0
20240925:0910,659.29,0.00,0.0,0.0,23.36,0.60,0.0
20240925:1010,686.88,0.00,0.0,0.0,23.95,0.98,0.0
20240925:1110,656.07,0.00,0.0,0.0,24.42,1.43,0.0
20240925:1210,578.29,0.00,0.0,0.0,24.71,1.93,0.0
20240925:1310,449.88,0.00,0.0,0.0,24.82,2.51,0.0
20240925:1410,285.54,0.00,0.0,0.0,24.73,3.20,0.0
20240925:1510,114.72,0.00,0.0,0.0,24.30,4.03,0.0
20240925:1610,0.00,0.00,0.0,0.0,23.47,4.92,0.0
20240925:1710,0.00,0.00,0.0,0.0,22.39,5.80,0.0
20240925:1810,0.00,0.00,0.0,0.0,21.48,6.05,0.0
20240925:1910,0.00,0.00,0.0,0.0,20.86,5.88,0.0
20240925:2010,0.00,0.00,0.0,0.0,20.46,5.69,0.0
20240925:2110,0.00,0.00,0.0,0.0,20.20,5.45,0.0
20240925:2210,0.00,0.00,0.0,0.0,20.08,4.94,0.0
20240925:2310,0.00,0.00,0.0,0.0,20.04,4.11,0.0
20240926:0010,0.00,0.00,0.0,0.0,20.01,3.18,0.0
20240926:0110,0.00,0.00,0.0,0.0,19.97,2.57,0.0
20240926:0210,0.00,0.00,0.0,0.0,19.95,2.42,0.0
20240926:0310,0.00,0.00,0.0,0.0,19.92,2.56,0.0
20240926:0410,0.00,0.00,0.0,0.0,19.84,2.81,0.0
20240926:0510,74.38,0.00,0.0,0.0,19.84,3.14,0.0
20240926:0610,243.15,0.00,0.0,0.0,20.29,3.29,0.0
20240926:0710,431.50,0.00,0.0,0.0,21.25,3.34,0.0
20240926:0810,518.13,0.00,0.0,0.0,22.38,3.09,0.0
20240926:0910,538.03,0.00,0.0,0.0,23.29,2.69,0.0
20240926:1010,560.74,0.00,0.0,0.0,23.88,2.60,0.0
20240926:1110,572.83,0.00,0.0,0.0,24.29,2.71,0.0
20240926:1210,537.97,0.00,0.0,0.0,24.59,3.06,0.0
20240926:1310,434.91,0.00,0.0,0.0,24.69,3.37,0.0
20240926:1410,280.03,0.00,0.0,0.0,24.53,3.68,0.0
20240926:1510,111.99,0.00,0.0,0.0,24.08,4.00,0.0
20240926:1610,0.00,0.00,0.0,0.0,23.25,4.52,0.0
20240926:1710,0.00,0.00,0.0,0.0,22.20,5.30,0.0
20240926:1810,0.00,0.00,0.0,0.0,21.35,5.53,0.0
20240926:1910,0.00,0.00,0.0,0.0,20.76,5.40,0.0
20240926:2010,0.00,0.00,0.0,0.0,20.40,5.15,0.0
20240926:2110,0.00,0.00,0.0,0.0,20.26,4.67,0.0
20240926:2210,0.00,0.00,0.0,0.0,20.33,4.07,0.0
20240926:2310,0.00,0.00,0.0,0.0,20.38,3.46,0.0
20240927:0010,0.00,0.00,0.0,0.0,20.39,3.08,0.0
20240927:0110,0.00,0.00,0.0,0.0,20.37,3.00,0.0
20240927:0210,0.00,0.00,0.0,0.0,20.35,3.02,0.0
20240927:0310,0.00,0.00,0.0,0.0,20.31,3.08,0.0
20240927:0410,0.00,0.00,0.0,0.0,20.21,3.14,0.0
20240927:0510,108.77,0.00,0.0,0.0,20.21,3.24,0.0
20240927:0610,280.62,0.00,0.0,0.0,20.63,3.36,0.0
20240927:0710,440.61,0.00,0.0,0.0,21.44,3.41,0.0
20240927:0810,571.18,0.00,0.0,0.0,22.37,3.34,0.0
20240927:0910,655.72,0.00,0.0,0.0,23.39,3.21,0.0
20240927:1010,682.52,0.00,0.0,0.0,24.26,3.14,0.0
20240927:1110,651.69,0.00,0.0,0.0,24.96,3.31,0.0
20240927:1210,572.19,0.00,0.0,0.0,25.41,3.78,0.0
20240927:1310,442.44,0.00,0.0,0.0,25.59,4.50,0.0
20240927:1410,278.39,0.00,0.0,0.0,25.35,5.34,0.0
20240927:1510,110.35,0.00,0.0,0.0,24.58,6.28,0.0
20240927:1610,0.00,0.00,0.0,0.0,23.32,7.10,0.0
20240927:1710,0.00,0.00,0.0,0.0,21.97,7.55,0.0
20240927:1810,0.00,0.00,0.0,0.0,21.15,7.36,0.0
20240927:1910,0.00,0.00,0.0,0.0,20.82,6.74,0.0
20240927:2010,0.00,0.00,0.0,0.0,20.71,6.09,0.0
20240927:2110,0.00,0.00,0.0,0.0,20.70,5.61,0.0
20240927:2210,0.00,0.00,0.0,0.0,20.75,5.32,0.0
20240927:2310,0.00,0.00,0.0,0.0,20.80,5.23,0.0
20240928:0010,0.00,0.00,0.0,0.0,20.83,5.27,0.0
20240928:0110,0.00,0.00,0.0,0.0,20.87,5.32,0.0
20240928:0210,0.00,0.00,0.0,0.0,20.92,5.34,0.0
20240928:0310,0.00,0.00,0.0,0.0,20.95,5.30,0.0
20240928:0410,0.00,0.00,0.0,0.0,20.88,5.16,0.0
20240928:0510,102.32,0.00,0.0,0.0,20.87,4.92,0.0
20240928:0610,271.71,0.00,0.0,0.0,21.25,4.43,0.0
20240928:0710,428.62,0.00,0.0,0.0,22.10,3.93,0.0
20240928:0810,556.33,0.00,0.0,0.0,23.07,3.25,0.0
20240928:0910,640.92,0.00,0.0,0.0,24.09,2.57,0.0
20240928:1010,668.26,0.00,0.0,0.0,25.05,2.17,0.0
20240928:1110,632.53,0.00,0.0,0.0,25.91,2.25,0.0
20240928:1210,541.05,0.00,0.0,0.0,26.41,2.91,0.0
20240928:1310,403.87,0.00,0.0,0.0,26.40,3.91,0.0
20240928:1410,243.31,0.00,0.0,0.0,25.85,4.95,0.0
20240928:1510,91.34,0.00,0.0,0.0,24.78,5.85,0.0
20240928:1610,0.00,0.00,0.0,0.0,23.44,6.28,0.0
20240928:1710,0.00,0.00,0.0,0.0,22.16,6.22,0.0
20240928:1810,0.00,0.00,0.0,0.0,21.37,5.59,0.0
20240928:1910,0.00,0.00,0.0,0.0,20.98,4.68,0.0
20240928:2010,0.00,0.00,0.0,0.0,20.77,3.65,0.0
20240928:2110,0.00,0.00,0.0,0.0,20.68,2.69,0.0
20240928:2210,0.00,0.00,0.0,0.0,20.65,1.97,0.0
20240928:2310,0.00,0.00,0.0,0.0,20.65,1.52,0.0
20240929:0010,0.00,0.00,0.0,0.0,20.63,1.16,0.0
20240929:0110,0.00,0.00,0.0,0.0,20.60,0.72,0.0
20240929:0210,0.00,0.00,0.0,0.0,20.57,0.18,0.0
20240929:0310,0.00,0.00,0.0,0.0,20.52,0.47,0.0
20240929:0410,0.00,0.00,0.0,0.0,20.38,0.96,0.0
20240929:0510,96.07,0.00,0.0,0.0,20.31,1.30,0.0
20240929:0610,261.66,0.00,0.0,0.0,20.65,1.55,0.0
20240929:0710,415.91,0.00,0.0,0.0,21.50,1.93,0.0
20240929:0810,541.44,0.00,0.0,0.0,22.57,2.56,0.0
20240929:0910,624.45,0.00,0.0,0.0,23.53,3.27,0.0
20240929:1010,650.64,0.00,0.0,0.0,24.22,3.47,0.0
20240929:1110,619.24,0.00,0.0,0.0,24.78,3.05,0.0
20240929:1210,539.32,0.00,0.0,0.0,25.17,2.37,0.0
20240929:1310,407.83,0.00,0.0,0.0,25.40,1.64,0.0
20240929:1410,243.73,0.00,0.0,0.0,25.39,0.94,0.0
20240929:1510,93.80,0.00,0.0,0.0,25.05,1.20,0.0
20240929:1610,0.00,0.00,0.0,0.0,24.21,2.81,0.0
20240929:1710,0.00,0.00,0.0,0.0,23.01,4.15,0.0
20240929:1810,0.00,0.00,0.0,0.0,21.90,4.29,0.0
20240929:1910,0.00,0.00,0.0,0.0,21.15,3.58,0.0
20240929:2010,0.00,0.00,0.0,0.0,20.69,2.44,0.0
20240929:2110,0.00,0.00,0.0,0.0,20.35,2.02,0.0
20240929:2210,0.00,0.00,0.0,0.0,20.00,3.84,0.0
20240929:2310,0.00,0.00,0.0,0.0,19.08,7.07,0.0
20240930:0010,0.00,0.00,0.0,0.0,17.62,9.80,0.0
20240930:0110,0.00,0.00,0.0,0.0,16.48,10.40,0.0
20240930:0210,0.00,0.00,0.0,0.0,16.12,9.50,0.0
20240930:0310,0.00,0.00,0.0,0.0,16.21,8.45,0.0
20240930:0410,0.00,0.00,0.0,0.0,16.26,7.07,0.0
20240930:0510,62.50,0.00,0.0,0.0,16.22,6.45,0.0
20240930:0610,199.81,0.00,0.0,0.0,16.27,6.73,0.0
20240930:0710,351.53,0.00,0.0,0.0,16.37,7.40,0.0
20240930:0810,418.33,0.00,0.0,0.0,16.77,7.22,0.0
20240930:0910,447.12,0.00,0.0,0.0,17.11,7.32,0.0
20240930:1010,463.40,0.00,0.0,0.0,17.22,7.08,0.0
20240930:1110,470.03,0.00,0.0,0.0,17.27,7.08,0.0
20240930:1210,439.26,0.00,0.0,0.0,17.40,6.71,0.0
20240930:1310,330.75,0.00,0.0,0.0,17.50,6.18,0.0
20240930:1410,180.84,0.00,0.0,0.0,17.51,5.74,0.0
20240930:1510,61.54,0.00,0.0,0.0,17.40,5.22,0.0
20240930:1610,0.00,0.00,0.0,0.0,17.09,4.91,0.0
20240930:1710,0.00,0.00,0.0,0.0,16.59,4.96,0.0
20240930:1810,0.00,0.00,0.0,0.0,16.14,5.00,0.0
20240930:1910,0.00,0.00,0.0,0.0,15.78,4.99,0.0
20240930:2010,0.00,0.00,0.0,0.0,15.44,5.23,0.0
20240930:2110,0.00,0.00,0.0,0.0,15.19,5.60,0.0
20240930:2210,0.00,0.00,0.0,0.0,15.11,5.86,0.0
20240930:2310,0.00,0.00,0.0,0.0,15.12,5.96,0.0
20241001:0010,0.00,0.00,0.0,0.0,15.08,6.05,0.0
20241001:0110,0.00,0.00,0.0,0.0,14.94,6.24,0.0
20241001:0210,0.00,0.00,0.0,0.0,14.72,6.52,0.0
20241001:0310,0.00,0.00,0.0,0.0,14.43,6.76,0.0
20241001:0410,0.00,0.00,0.0,0.0,14.10,6.86,0.0
20241001:0510,77.79,0.00,0.0,0.0,13.89,6.91,0.0
20241001:0610,203.75,0.00,0.0,0.0,14.17,6.82,0.0
20241001:0710,336.71,0.00,0.0,0.0,14.94,7.11,0.0
20241001:0810,438.10,0.00,0.0,0.0,15.58,7.39,0.0
20241001:0910,491.02,0.00,0.0,0.0,16.22,7.68,0.0
20241001:1010,534.42,0.00,0.0,0.0,16.75,7.88,0.0
20241001:1110,530.09,0.00,0.0,0.0,17.26,7.88,0.0
20241001:1210,418.64,0.00,0.0,0.0,17.77,7.68,0.0
20241001:1310,255.29,0.00,0.0,0.0,18.12,7.21,0.0
20241001:1410,111.86,0.00,0.0,0.0,18.32,6.48,0.0
20241001:1510,26.80,0.00,0.0,0.0,18.28,5.77,0.0
20241001:1610,0.00,0.00,0.0,0.0,18.03,5.59,0.0
20241001:1710,0.00,0.00,0.0,0.0,17.62,5.92,0.0
20241001:1810,0.00,0.00,0.0,0.0,17.26,6.43,0.0
20241001:1910,0.00,0.00,0.0,0.0,17.07,6.60,0.0
20241001:2010,0.00,0.00,0.0,0.0,16.96,6.48,0.0
20241001:2110,0.00,0.00,0.0,0.0,16.98,6.25,0.0
20241001:2210,0.00,0.00,0.0,0.0,17.08,6.05,0.0
20241001:2310,0.00,0.00,0.0,0.0,17.13,5.92,0.0
20241002:0010,0.00,0.00,0.0,0.0,17.08,5.90,0.0
20241002:0110,0.00,0.00,0.0,0.0,16.93,6.00,0.0
20241002:0210,0.00,0.00,0.0,0.0,16.75,6.09,0.0
20241002:0310,0.00,0.00,0.0,0.0,16.57,6.04,0.0
20241002:0410,0.00,0.00,0.0,0.0,16.48,5.80,0.0
20241002:0510,78.75,0.00,0.0,0.0,16.48,5.44,0.0
20241002:0610,216.82,0.00,0.0,0.0,16.72,4.92,0.0
20241002:0710,354.84,0.00,0.0,0.0,17.24,4.32,0.0
20241002:0810,465.35,0.00,0.0,0.0,17.86,3.70,0.0
20241002:0910,540.45,0.00,0.0,0.0,18.49,3.19,0.0
20241002:1010,574.03,0.00,0.0,0.0,19.01,2.82,0.0
20241002:1110,547.75,0.00,0.0,0.0,19.47,2.52,0.0
20241002:1210,456.70,0.00,0.0,0.0,19.81,2.37,0.0
20241002:1310,314.03,0.00,0.0,0.0,19.93,2.43,0.0
20241002:1410,156.74,0.00,0.0,0.0,19.82,2.71,0.0
20241002:1510,43.45,0.00,0.0,0.0,19.52,3.19,0.0
20241002:1610,0.00,0.00,0.0,0.0,19.05,3.88,0.0
20241002:1710,0.00,0.00,0.0,0.0,18.54,4.68,0.0
20241002:1810,0.00,0.00,0.0,0.0,18.09,5.16,0.0
20241002:1910,0.00,0.00,0.0,0.0,17.73,5.32,0.0
20241002:2010,0.00,0.00,0.0,0.0,17.50,5.28,0.0
20241002:2110,0.00,0.00,0.0,0.0,17.37,5.05,0.0
20241002:2210,0.00,0.00,0.0,0.0,17.45,4.53,0.0
20241002:2310,0.00,0.00,0.0,0.0,17.61,3.84,0.0
20241003:0010,0.00,0.00,0.0,0.0,17.75,3.24,0.0
20241003:0110,0.00,0.00,0.0,0.0,17.89,2.76,0.0
20241003:0210,0.00,0.00,0.0,0.0,18.00,2.38,0.0
20241003:0310,0.00,0.00,0.0,0.0,18.06,2.02,0.0
20241003:0410,0.00,0.00,0.0,0.0,17.95,1.80,0.0
20241003:0510,97.13,0.00,0.0,0.0,17.82,1.71,0.0
20241003:0610,262.15,0.00,0.0,0.0,18.03,1.52,0.0
20241003:0710,413.96,0.00,0.0,0.0,18.84,1.50,0.0
20241003:0810,533.76,0.00,0.0,0.0,19.89,2.16,0.0
20241003:0910,614.35,0.00,0.0,0.0,20.72,3.11,0.0
20241003:1010,636.37,0.00,0.0,0.0,21.26,3.78,0.0
20241003:1110,589.17,0.00,0.0,0.0,21.69,3.96,0.0
20241003:1210,494.66,0.00,0.0,0.0,22.10,3.84,0.0
20241003:1310,360.49,0.00,0.0,0.0,22.42,3.52,0.0
20241003:1410,188.33,0.00,0.0,0.0,22.54,3.08,0.0
20241003:1510,54.15,0.00,0.0,0.0,22.38,2.44,0.0
20241003:1610,0.00,0.00,0.0,0.0,21.96,1.80,0.0
20241003:1710,0.00,0.00,0.0,0.0,21.47,1.59,0.0
20241003:1810,0.00,0.00,0.0,0.0,21.03,1.95,0.0
20241003:1910,0.00,0.00,0.0,0.0,20.62,2.59,0.0
20241003:2010,0.00,0.00,0.0,0.0,20.29,3.09,0.0
20241003:2110,0.00,0.00,0.0,0.0,20.09,3.25,0.0
20241003:2210,0.00,0.00,0.0,0.0,20.06,3.46,0.0
20241003:2310,0.00,0.00,0.0,0.0,20.15,3.78,0.0
20241004:0010,0.00,0.00,0.0,0.0,20.24,4.29,0.0
20241004:0110,0.00,0.00,0.0,0.0,20.30,4.98,0.0
20241004:0210,0.00,0.00,0.0,0.0,20.29,5.66,0.0
20241004:0310,0.00,0.00,0.0,0.0,20.18,6.22,0.0
20241004:0410,0.00,0.00,0.0,0.0,19.93,6.35,0.0
20241004:0510,103.26,0.00,0.0,0.0,19.72,6.26,0.0
20241004:0610,272.77,0.00,0.0,0.0,19.85,5.96,0.0
20241004:0710,423.59,0.00,0.0,0.0,20.55,5.70,0.0
20241004:0810,541.50,0.00,0.0,0.0,21.66,5.91,0.0
20241004:0910,617.34,0.00,0.0,0.0,22.67,5.92,0.0
20241004:1010,634.45,0.00,0.0,0.0,23.62,5.84,0.0
20241004:1110,584.39,0.00,0.0,0.0,24.53,5.75,0.0
20241004:1210,487.61,0.00,0.0,0.0,25.30,5.64,0.0
20241004:1310,352.50,0.00,0.0,0.0,25.87,5.45,0.0
20241004:1410,181.75,0.00,0.0,0.0,26.14,5.09,0.0
20241004:1510,53.74,0.00,0.0,0.0,26.03,4.50,0.0
20241004:1610,0.00,0.00,0.0,0.0,25.59,3.97,0.0
20241004:1710,0.00,0.00,0.0,0.0,25.12,3.75,0.0
20241004:1810,0.00,0.00,0.0,0.0,24.71,3.57,0.0
20241004:1910,0.00,0.00,0.0,0.0,24.32,3.46,0.0
20241004:2010,0.00,0.00,0.0,0.0,23.99,3.42,0.0
20241004:2110,0.00,0.00,0.0,0.0,23.69,3.45,0.0
20241004:2210,0.00,0.00,0.0,0.0,23.48,3.65,0.0
20241004:2310,0.00,0.00,0.0,0.0,23.32,3.92,0.0
20241005:0010,0.00,0.00,0.0,0.0,23.11,4.23,0.0
20241005:0110,0.00,0.00,0.0,0.0,22.85,4.55,0.0
20241005:0210,0.00,0.00,0.0,0.0,22.55,4.80,0.0
20241005:0310,0.00,0.00,0.0,0.0,22.25,4.96,0.0
20241005:0410,0.00,0.00,0.0,0.0,21.98,5.04,0.0
20241005:0510,95.69,0.00,0.0,0.0,21.84,5.13,0.0
20241005:0610,261.16,0.00,0.0,0.0,22.06,5.06,0.0
20241005:0710,408.32,0.00,0.0,0.0,22.91,4.55,0.0
20241005:0810,521.43,0.00,0.0,0.0,24.32,4.17,0.0
20241005:0910,594.49,0.00,0.0,0.0,25.77,4.07,0.0
20241005:1010,611.91,0.00,0.0,0.0,26.98,3.79,0.0
20241005:1110,567.02,0.00,0.0,0.0,27.92,3.30,0.0
20241005:1210,476.59,0.00,0.0,0.0,28.58,2.66,0.0
20241005:1310,345.64,0.00,0.0,0.0,28.98,1.85,0.0
20241005:1410,177.53,0.00,0.0,0.0,29.14,0.81,0.0
20241005:1510,55.89,0.00,0.0,0.0,29.02,0.41,0.0
20241005:1610,0.00,0.00,0.0,0.0,28.41,1.56,0.0
20241005:1710,0.00,0.00,0.0,0.0,27.37,2.19,0.0
20241005:1810,0.00,0.00,0.0,0.0,26.19,1.95,0.0
20241005:1910,0.00,0.00,0.0,0.0,25.11,1.04,0.0
20241005:2010,0.00,0.00,0.0,0.0,24.24,2.02,0.0
20241005:2110,0.00,0.00,0.0,0.0,23.55,3.77,0.0
20241005:2210,0.00,0.00,0.0,0.0,23.08,4.71,0.0
20241005:2310,0.00,0.00,0.0,0.0,22.75,4.50,0.0
20241006:0010,0.00,0.00,0.0,0.0,22.49,3.66,0.0
20241006:0110,0.00,0.00,0.0,0.0,22.30,2.84,0.0
20241006:0210,0.00,0.00,0.0,0.0,22.22,2.54,0.0
20241006:0310,0.00,0.00,0.0,0.0,22.19,2.68,0.0
20241006:0410,0.00,0.00,0.0,0.0,22.05,2.82,0.0
20241006:0510,41.99,0.00,0.0,0.0,21.87,3.03,0.0
20241006:0610,119.03,0.00,0.0,0.0,21.82,3.29,0.0
20241006:0710,212.50,0.00,0.0,0.0,22.08,3.46,0.0
20241006:0810,303.77,0.00,0.0,0.0,22.77,3.94,0.0
20241006:0910,355.87,0.00,0.0,0.0,23.53,4.56,0.0
20241006:1010,353.88,0.00,0.0,0.0,24.18,4.87,0.0
20241006:1110,324.63,0.00,0.0,0.0,24.70,4.99,0.0
20241006:1210,313.20,0.00,0.0,0.0,25.14,4.96,0.0
20241006:1310,271.59,0.00,0.0,0.0,25.60,4.77,0.0
20241006:1410,134.23,0.00,0.0,0.0,25.93,4.31,0.0
20241006:1510,39.07,0.00,0.0,0.0,25.94,3.34,0.0
20241006:1610,0.00,0.00,0.0,0.0,25.64,2.52,0.0
20241006:1710,0.00,0.00,0.0,0.0,25.19,2.32,0.0
20241006:1810,0.00,0.00,0.0,0.0,24.57,2.68,0.0
20241006:1910,0.00,0.00,0.0,0.0,23.67,3.67,0.0
20241006:2010,0.00,0.00,0.0,0.0,22.49,4.67,0.0
20241006:2110,0.00,0.00,0.0,0.0,21.21,5.20,0.0
20241006:2210,0.00,0.00,0.0,0.0,20.32,4.58,0.0
20241006:2310,0.00,0.00,0.0,0.0,20.02,3.66,0.0
20241007:0010,0.00,0.00,0.0,0.0,20.01,3.56,0.0
20241007:0110,0.00,0.00,0.0,0.0,19.97,3.01,0.0
20241007:0210,0.00,0.00,0.0,0.0,19.72,2.52,0.0
20241007:0310,0.00,0.00,0.0,0.0,19.33,3.45,0.0
20241007:0410,0.00,0.00,0.0,0.0,18.86,4.60,0.0
20241007:0510,67.51,0.00,0.0,0.0,18.48,5.18,0.0
20241007:0610,196.69,0.00,0.0,0.0,18.38,5.29,0.0
20241007:0710,325.19,0.00,0.0,0.0,18.62,4.76,0.0
20241007:0810,457.81,0.00,0.0,0.0,19.19,4.09,0.0
20241007:0910,572.53,0.00,0.0,0.0,19.91,3.61,0.0
20241007:1010,605.56,0.00,0.0,0.0,20.55,3.30,0.0
20241007:1110,558.77,0.00,0.0,0.0,20.96,3.16,0.0
20241007:1210,465.55,0.00,0.0,0.0,21.19,2.96,0.0
20241007:1310,334.27,0.00,0.0,0.0,21.27,2.77,0.0
20241007:1410,169.84,0.00,0.0,0.0,21.16,2.71,0.0
20241007:1510,74.27,0.00,0.0,0.0,20.80,2.87,0.0
20241007:1610,0.00,0.00,0.0,0.0,20.13,3.65,0.0
20241007:1710,0.00,0.00,0.0,0.0,19.28,4.87,0.0
20241007:1810,0.00,0.00,0.0,0.0,18.57,5.51,0.0
20241007:1910,0.00,0.00,0.0,0.0,18.08,5.70,0.0
20241007:2010,0.00,0.00,0.0,0.0,17.82,5.76,0.0
20241007:2110,0.00,0.00,0.0,0.0,17.70,5.79,0.0
20241007:2210,0.00,0.00,0.0,0.0,17.74,5.77,0.0
20241007:2310,0.00,0.00,0.0,0.0,17.82,5.77,0.0
20241008:0010,0.00,0.00,0.0,0.0,17.89,5.78,0.0
20241008:0110,0.00,0.00,0.0,0.0,17.93,5.74,0.0
20241008:0210,0.00,0.00,0.0,0.0,17.94,5.77,0.0
20241008:0310,0.00,0.00,0.0,0.0,17.90,5.89,0.0
20241008:0410,0.00,0.00,0.0,0.0,17.77,5.96,0.0
20241008:0510,93.43,0.00,0.0,0.0,17.65,5.95,0.0
20241008:0610,266.65,0.00,0.0,0.0,17.92,5.65,0.0
20241008:0710,423.17,0.00,0.0,0.0,18.84,5.38,0.0
20241008:0810,545.15,0.00,0.0,0.0,19.91,5.27,0.0
20241008:0910,623.00,0.00,0.0,0.0,20.87,5.07,0.0
20241008:1010,640.58,0.00,0.0,0.0,21.65,4.83,0.0
20241008:1110,591.15,0.00,0.0,0.0,22.20,4.78,0.0
20241008:1210,493.91,0.00,0.0,0.0,22.53,4.99,0.0
20241008:1310,356.64,0.00,0.0,0.0,22.63,5.28,0.0
20241008:1410,182.47,0.00,0.0,0.0,22.42,5.58,0.0
20241008:1510,39.00,0.00,0.0,0.0,21.82,5.91,0.0
20241008:1610,0.00,0.00,0.0,0.0,20.75,6.33,0.0
20241008:1710,0.00,0.00,0.0,0.0,19.64,6.71,0.0
20241008:1810,0.00,0.00,0.0,0.0,18.98,6.33,0.0
20241008:1910,0.00,0.00,0.0,0.0,18.68,5.83,0.0
20241008:2010,0.00,0.00,0.0,0.0,18.56,5.36,0.0
20241008:2110,0.00,0.00,0.0,0.0,18.53,4.78,0.0
20241008:2210,0.00,0.00,0.0,0.0,18.58,4.24,0.0
20241008:2310,0.00,0.00,0.0,0.0,18.68,3.71,0.0
20241009:0010,0.00,0.00,0.0,0.0,18.75,3.02,0.0
20241009:0110,0.00,0.00,0.0,0.0,18.77,2.24,0.0
20241009:0210,0.00,0.00,0.0,0.0,18.74,1.71,0.0
20241009:0310,0.00,0.00,0.0,0.0,18.64,1.55,0.0
20241009:0410,0.00,0.00,0.0,0.0,18.43,1.50,0.0
20241009:0510,84.67,0.00,0.0,0.0,18.25,1.50,0.0
20241009:0610,249.83,0.00,0.0,0.0,18.58,1.64,0.0
20241009:0710,401.64,0.00,0.0,0.0,19.78,2.18,0.0
20241009:0810,520.28,0.00,0.0,0.0,21.01,3.01,0.0
20241009:0910,588.23,0.00,0.0,0.0,22.00,3.90,0.0
20241009:1010,588.03,0.00,0.0,0.0,22.72,4.99,0.0
20241009:1110,520.06,0.00,0.0,0.0,23.21,6.06,0.0
20241009:1210,388.71,0.00,0.0,0.0,23.59,6.79,0.0
20241009:1310,220.77,0.00,0.0,0.0,23.81,7.15,0.0
20241009:1410,91.05,0.00,0.0,0.0,23.68,6.79,0.0
20241009:1510,18.12,0.00,0.0,0.0,23.22,6.06,0.0
20241009:1610,0.00,0.00,0.0,0.0,22.73,5.67,0.0
20241009:1710,0.00,0.00,0.0,0.0,22.29,5.53,0.0
20241009:1810,0.00,0.00,0.0,0.0,21.89,5.48,0.0
20241009:1910,0.00,0.00,0.0,0.0,21.57,5.54,0.0
20241009:2010,0.00,0.00,0.0,0.0,21.26,5.56,0.0
20241009:2110,0.00,0.00,0.0,0.0,20.94,5.64,0.0
20241009:2210,0.00,0.00,0.0,0.0,20.67,5.59,0.0
20241009:2310,0.00,0.00,0.0,0.0,20.50,5.69,0.0
20241010:0010,0.00,0.00,0.0,0.0,20.37,6.00,0.0
20241010:0110,0.00,0.00,0.0,0.0,20.23,6.32,0.0
20241010:0210,0.00,0.00,0.0,0.0,20.09,6.54,0.0
20241010:0310,0.00,0.00,0.0,0.0,19.93,6.70,0.0
20241010:0410,0.00,0.00,0.0,0.0,19.73,6.75,0.0
20241010:0510,78.37,0.00,0.0,0.0,19.62,6.82,0.0
20241010:0610,239.55,0.00,0.0,0.0,19.87,6.68,0.0
20241010:0710,390.18,0.00,0.0,0.0,20.51,6.74,0.0
20241010:0810,504.02,0.00,0.0,0.0,21.29,6.70,0.0
20241010:0910,571.34,0.00,0.0,0.0,22.04,6.63,0.0
20241010:1010,574.42,0.00,0.0,0.0,22.75,6.51,0.0
20241010:1110,505.59,0.00,0.0,0.0,23.40,6.33,0.0
20241010:1210,375.88,0.00,0.0,0.0,23.92,6.13,0.0
20241010:1310,220.34,0.00,0.0,0.0,24.24,5.81,0.0
20241010:1410,90.44,0.00,0.0,0.0,24.31,5.28,0.0
20241010:1510,16.42,0.00,0.0,0.0,24.08,4.35,0.0
20241010:1610,0.00,0.00,0.0,0.0,23.69,3.76,0.0
20241010:1710,0.00,0.00,0.0,0.0,23.29,3.66,0.0
20241010:1810,0.00,0.00,0.0,0.0,22.93,3.61,0.0
20241010:1910,0.00,0.00,0.0,0.0,22.56,3.59,0.0
20241010:2010,0.00,0.00,0.0,0.0,22.20,3.69,0.0
20241010:2110,0.00,0.00,0.0,0.0,21.87,4.02,0.0
20241010:2210,0.00,0.00,0.0,0.0,21.63,4.56,0.0
20241010:2310,0.00,0.00,0.0,0.0,21.44,5.25,0.0
20241011:0010,0.00,0.00,0.0,0.0,21.22,5.80,0.0
20241011:0110,0.00,0.00,0.0,0.0,20.96,6.16,0.0
20241011:0210,0.00,0.00,0.0,0.0,20.69,6.32,0.0
20241011:0310,0.00,0.00,0.0,0.0,20.43,6.35,0.0
20241011:0410,0.00,0.00,0.0,0.0,20.19,6.40,0.0
20241011:0510,73.49,0.00,0.0,0.0,20.05,6.44,0.0
20241011:0610,231.41,0.00,0.0,0.0,20.32,6.26,0.0
20241011:0710,373.29,0.00,0.0,0.0,21.19,6.61,0.0
20241011:0810,464.63,0.00,0.0,0.0,22.23,6.68,0.0
20241011:0910,506.93,0.00,0.0,0.0,23.21,6.49,0.0
20241011:1010,538.64,0.00,0.0,0.0,24.09,6.27,0.0
20241011:1110,516.15,0.00,0.0,0.0,24.90,5.96,0.0
20241011:1210,395.57,0.00,0.0,0.0,25.57,5.53,0.0
20241011:1310,244.08,0.00,0.0,0.0,26.00,4.99,0.0
20241011:1410,111.46,0.00,0.0,0.0,26.09,4.32,0.0
20241011:1510,20.95,0.00,0.0,0.0,25.79,3.41,0.0
20241011:1610,0.00,0.00,0.0,0.0,25.28,3.02,0.0
20241011:1710,0.00,0.00,0.0,0.0,24.77,3.11,0.0
20241011:1810,0.00,0.00,0.0,0.0,24.31,3.29,0.0
20241011:1910,0.00,0.00,0.0,0.0,23.94,3.38,0.0
20241011:2010,0.00,0.00,0.0,0.0,23.69,3.38,0.0
20241011:2110,0.00,0.00,0.0,0.0,23.52,3.53,0.0
20241011:2210,0.00,0.00,0.0,0.0,23.40,3.71,0.0
20241011:2310,0.00,0.00,0.0,0.0,23.26,3.88,0.0
20241012:0010,0.00,0.00,0.0,0.0,23.02,4.09,0.0
20241012:0110,0.00,0.00,0.0,0.0,22.70,4.28,0.0
20241012:0210,0.00,0.00,0.0,0.0,22.37,4.42,0.0
20241012:0310,0.00,0.00,0.0,0.0,22.01,4.74,0.0
20241012:0410,0.00,0.00,0.0,0.0,21.51,4.65,0.0
20241012:0510,45.82,0.00,0.0,0.0,20.98,4.22,0.0
20241012:0610,113.12,0.00,0.0,0.0,20.61,3.58,0.0
20241012:0710,173.14,0.00,0.0,0.0,20.48,3.11,0.0
20241012:0810,297.40,0.00,0.0,0.0,20.64,3.40,0.0
20241012:0910,401.99,0.00,0.0,0.0,21.13,3.67,0.0
20241012:1010,341.82,0.00,0.0,0.0,21.50,3.91,0.0
20241012:1110,216.27,0.00,0.0,0.0,21.28,4.65,0.0
20241012:1210,152.06,0.00,0.0,0.0,20.60,5.82,0.0
20241012:1310,117.45,0.00,0.0,0.0,19.76,7.03,0.0
20241012:1410,63.20,0.00,0.0,0.0,18.96,7.80,0.0
20241012:1510,11.67,0.00,0.0,0.0,18.29,8.14,0.0
20241012:1610,0.00,0.00,0.0,0.0,17.84,8.05,0.0
20241012:1710,0.00,0.00,0.0,0.0,17.58,7.91,0.0
20241012:1810,0.00,0.00,0.0,0.0,17.36,8.11,0.0
20241012:1910,0.00,0.00,0.0,0.0,17.08,8.95,0.0
20241012:2010,0.00,0.00,0.0,0.0,16.75,9.84,0.0
20241012:2110,0.00,0.00,0.0,0.0,16.48,9.78,0.0
20241012:2210,0.00,0.00,0.0,0.0,16.36,8.72,0.0
20241012:2310,0.00,0.00,0.0,0.0,16.32,7.46,0.0
20241013:0010,0.00,0.00,0.0,0.0,16.25,6.51,0.0
20241013:0110,0.00,0.00,0.0,0.0,16.15,5.82,0.0
20241013:0210,0.00,0.00,0.0,0.0,16.13,5.48,0.0
20241013:0310,0.00,0.00,0.0,0.0,16.15,5.48,0.0
20241013:0410,0.00,0.00,0.0,0.0,16.16,5.79,0.0
20241013:0510,61.58,0.00,0.0,0.0,16.14,6.06,0.0
20241013:0610,208.25,0.00,0.0,0.0,16.25,5.98,0.0
20241013:0710,359.70,0.00,0.0,0.0,16.62,5.83,0.0
20241013:0810,477.36,0.00,0.0,0.0,17.17,5.53,0.0
20241013:0910,542.65,0.00,0.0,0.0,17.65,5.28,0.0
20241013:1010,561.60,0.00,0.0,0.0,17.95,5.02,0.0
20241013:1110,495.93,0.00,0.0,0.0,18.12,4.79,0.0
20241013:1210,347.60,0.00,0.0,0.0,18.13,4.80,0.0
20241013:1310,173.53,0.00,0.0,0.0,17.91,4.83,0.0
20241013:1410,54.83,0.00,0.0,0.0,17.48,4.78,0.0
20241013:1510,8.06,0.00,0.0,0.0,16.95,4.84,0.0
20241013:1610,0.00,0.00,0.0,0.0,16.51,4.99,0.0
20241013:1710,0.00,0.00,0.0,0.0,16.26,5.06,0.0
20241013:1810,0.00,0.00,0.0,0.0,16.14,4.73,0.0
20241013:1910,0.00,0.00,0.0,0.0,16.12,4.32,0.0
20241013:2010,0.00,0.00,0.0,0.0,16.14,3.97,0.0
20241013:2110,0.00,0.00,0.0,0.0,16.20,3.68,0.0
20241013:2210,0.00,0.00,0.0,0.0,16.25,3.33,0.0
20241013:2310,0.00,0.00,0.0,0.0,16.29,3.16,0.0
20241014:0010,0.00,0.00,0.0,0.0,16.30,2.78,0.0
20241014:0110,0.00,0.00,0.0,0.0,16.28,2.34,0.0
20241014:0210,0.00,0.00,0.0,0.0,16.24,2.03,0.0
20241014:0310,0.00,0.00,0.0,0.0,16.19,1.73,0.0
20241014:0410,0.00,0.00,0.0,0.0,16.12,1.69,0.0
20241014:0510,64.77,0.00,0.0,0.0,16.09,1.56,0.0
20241014:0610,204.60,0.00,0.0,0.0,16.26,1.30,0.0
20241014:0710,322.07,0.00,0.0,0.0,16.81,1.18,0.0
20241014:0810,433.03,0.00,0.0,0.0,17.63,1.41,0.0
20241014:0910,521.51,0.00,0.0,0.0,18.41,1.55,0.0
20241014:1010,565.13,0.00,0.0,0.0,19.04,1.61,0.0
20241014:1110,540.88,0.00,0.0,0.0,19.57,1.96,0.0
20241014:1210,449.08,0.00,0.0,0.0,19.97,2.42,0.0
20241014:1310,317.27,0.00,0.0,0.0,20.14,2.78,0.0
20241014:1410,155.76,0.00,0.0,0.0,20.01,3.09,0.0
20241014:1510,26.05,0.00,0.0,0.0,19.58,3.57,0.0
20241014:1610,0.00,0.00,0.0,0.0,18.93,4.42,0.0
20241014:1710,0.00,0.00,0.0,0.0,18.26,5.22,0.0
20241014:1810,0.00,0.00,0.0,0.0,17.74,5.50,0.0
20241014:1910,0.00,0.00,0.0,0.0,17.41,5.51,0.0
20241014:2010,0.00,0.00,0.0,0.0,17.22,5.35,0.0
20241014:2110,0.00,0.00,0.0,0.0,17.09,5.11,0.0
20241014:2210,0.00,0.00,0.0,0.0,16.95,4.79,0.0
20241014:2310,0.00,0.00,0.0,0.0,16.81,4.57,0.0
20241015:0010,0.00,0.00,0.0,0.0,16.67,4.44,0.0
20241015:0110,0.00,0.00,0.0,0.0,16.52,4.28,0.0
20241015:0210,0.00,0.00,0.0,0.0,16.40,4.08,0.0
20241015:0310,0.00,0.00,0.0,0.0,16.30,3.93,0.0
20241015:0410,0.00,0.00,0.0,0.0,16.23,3.96,0.0
20241015:0510,66.14,0.00,0.0,0.0,16.22,4.14,0.0
20241015:0610,223.38,0.00,0.0,0.0,16.47,4.32,0.0
20241015:0710,376.47,0.00,0.0,0.0,17.24,4.28,0.0
20241015:0810,496.79,0.00,0.0,0.0,18.27,4.60,0.0
20241015:0910,574.14,0.00,0.0,0.0,19.19,4.80,0.0
20241015:1010,593.01,0.00,0.0,0.0,19.84,5.05,0.0
20241015:1110,546.31,0.00,0.0,0.0,20.20,5.35,0.0
20241015:1210,452.26,0.00,0.0,0.0,20.28,5.73,0.0
20241015:1310,320.14,0.00,0.0,0.0,20.07,6.18,0.0
20241015:1410,156.80,0.00,0.0,0.0,19.58,6.60,0.0
20241015:1510,24.94,0.00,0.0,0.0,18.76,6.93,0.0
20241015:1610,0.00,0.00,0.0,0.0,17.79,7.07,0.0
20241015:1710,0.00,0.00,0.0,0.0,17.13,7.00,0.0
20241015:1810,0.00,0.00,0.0,0.0,16.85,6.56,0.0
20241015:1910,0.00,0.00,0.0,0.0,16.74,6.07,0.0
20241015:2010,0.00,0.00,0.0,0.0,16.71,5.60,0.0
20241015:2110,0.00,0.00,0.0,0.0,16.71,4.98,0.0
20241015:2210,0.00,0.00,0.0,0.0,16.76,4.34,0.0
20241015:2310,0.00,0.00,0.0,0.0,16.81,3.82,0.0
20241016:0010,0.00,0.00,0.0,0.0,16.85,3.47,0.0
20241016:0110,0.00,0.00,0.0,0.0,16.87,3.31,0.0
20241016:0210,0.00,0.00,0.0,0.0,16.89,3.25,0.0
20241016:0310,0.00,0.00,0.0,0.0,16.86,3.16,0.0
20241016:0410,0.00,0.00,0.0,0.0,16.79,3.03,0.0
20241016:0510,58.48,0.00,0.0,0.0,16.76,3.03,0.0
20241016:0610,199.87,0.00,0.0,0.0,16.93,3.22,0.0
20241016:0710,327.36,0.00,0.0,0.0,17.38,3.55,0.0
20241016:0810,433.63,0.00,0.0,0.0,17.84,4.18,0.0
20241016:0910,531.27,0.00,0.0,0.0,18.32,5.09,0.0
20241016:1010,557.90,0.00,0.0,0.0,18.55,6.13,0.0
20241016:1110,506.88,0.00,0.0,0.0,18.46,7.28,0.0
20241016:1210,405.92,0.00,0.0,0.0,18.03,8.50,0.0
20241016:1310,267.81,0.00,0.0,0.0,17.34,9.65,0.0
20241016:1410,121.03,0.00,0.0,0.0,16.56,10.43,0.0
20241016:1510,17.66,0.00,0.0,0.0,15.90,10.71,0.0
20241016:1610,0.00,0.00,0.0,0.0,15.58,10.45,0.0
20241016:1710,0.00,0.00,0.0,0.0,15.51,10.20,0.0
20241016:1810,0.00,0.00,0.0,0.0,15.52,10.15,0.0
20241016:1910,0.00,0.00,0.0,0.0,15.47,10.17,0.0
20241016:2010,0.00,0.00,0.0,0.0,15.32,10.10,0.0
20241016:2110,0.00,0.00,0.0,0.0,15.11,9.84,0.0
20241016:2210,0.00,0.00,0.0,0.0,14.85,9.56,0.0
20241016:2310,0.00,0.00,0.0,0.0,14.59,9.12,0.0
20241017:0010,0.00,0.00,0.0,0.0,14.38,8.78,0.0
20241017:0110,0.00,0.00,0.0,0.0,14.21,8.48,0.0
20241017:0210,0.00,0.00,0.0,0.0,14.17,8.12,0.0
20241017:0310,0.00,0.00,0.0,0.0,14.23,7.90,0.0
20241017:0410,0.00,0.00,0.0,0.0,14.19,8.05,0.0
20241017:0510,52.08,0.00,0.0,0.0,14.06,8.49,0.0
20241017:0610,194.88,0.00,0.0,0.0,14.04,8.86,0.0
20241017:0710,343.06,0.00,0.0,0.0,14.16,9.43,0.0
20241017:0810,454.50,0.00,0.0,0.0,14.22,9.64,0.0
20241017:0910,523.52,0.00,0.0,0.0,14.27,9.69,0.0
20241017:1010,531.19,0.00,0.0,0.0,14.22,9.84,0.0
20241017:1110,469.60,0.00,0.0,0.0,14.01,10.09,0.0
20241017:1210,359.28,0.00,0.0,0.0,13.73,10.32,0.0
20241017:1310,240.26,0.00,0.0,0.0,13.45,10.37,0.0
20241017:1410,109.69,0.00,0.0,0.0,13.24,10.19,0.0
20241017:1510,14.56,0.00,0.0,0.0,13.06,9.90,0.0
20241017:1610,0.00,0.00,0.0,0.0,12.95,9.42,0.0
20241017:1710,0.00,0.00,0.0,0.0,12.96,8.80,0.0
20241017:1810,0.00,0.00,0.0,0.0,13.22,8.34,0.0
20241017:1910,0.00,0.00,0.0,0.0,13.52,8.05,0.0
20241017:2010,0.00,0.00,0.0,0.0,13.64,8.02,0.0
20241017:2110,0.00,0.00,0.0,0.0,13.64,7.96,0.0
20241017:2210,0.00,0.00,0.0,0.0,13.66,7.81,0.0
20241017:2310,0.00,0.00,0.0,0.0,13.69,7.73,0.0
20241018:0010,0.00,0.00,0.0,0.0,13.67,7.85,0.0
20241018:0110,0.00,0.00,0.0,0.0,13.55,7.93,0.0
20241018:0210,0.00,0.00,0.0,0.0,13.42,7.94,0.0
20241018:0310,0.00,0.00,0.0,0.0,13.35,8.02,0.0
20241018:0410,0.00,0.00,0.0,0.0,13.25,8.19,0.0
20241018:0510,54.09,0.00,0.0,0.0,13.16,8.31,0.0
20241018:0610,195.93,0.00,0.0,0.0,13.17,8.25,0.0
20241018:0710,324.29,0.00,0.0,0.0,13.29,8.30,0.0
20241018:0810,425.69,0.00,0.0,0.0,13.60,7.99,0.0
20241018:0910,501.66,0.00,0.0,0.0,13.92,7.72,0.0
20241018:1010,507.53,0.00,0.0,0.0,14.10,7.61,0.0
20241018:1110,465.38,0.00,0.0,0.0,14.17,7.64,0.0
20241018:1210,391.09,0.00,0.0,0.0,14.17,7.52,0.0
20241018:1310,285.02,0.00,0.0,0.0,14.11,7.37,0.0
20241018:1410,139.09,0.00,0.0,0.0,13.95,7.30,0.0
20241018:1510,18.24,0.00,0.0,0.0,13.69,7.06,0.0
20241018:1610,0.00,0.00,0.0,0.0,13.43,7.02,0.0
20241018:1710,0.00,0.00,0.0,0.0,13.26,7.16,0.0
20241018:1810,0.00,0.00,0.0,0.0,13.14,7.22,0.0
20241018:1910,0.00,0.00,0.0,0.0,13.01,7.04,0.0
20241018:2010,0.00,0.00,0.0,0.0,12.87,6.90,0.0
20241018:2110,0.00,0.00,0.0,0.0,12.73,6.66,0.0
20241018:2210,0.00,0.00,0.0,0.0,12.75,6.47,0.0
20241018:2310,0.00,0.00,0.0,0.0,12.79,6.39,0.0
20241019:0010,0.00,0.00,0.0,0.0,12.78,6.45,0.0
20241019:0110,0.00,0.00,0.0,0.0,12.72,6.55,0.0
20241019:0210,0.00,0.00,0.0,0.0,12.65,6.66,0.0
20241019:0310,0.00,0.00,0.0,0.0,12.59,6.71,0.0
20241019:0410,0.00,0.00,0.0,0.0,12.61,6.53,0.0
20241019:0510,48.20,0.00,0.0,0.0,12.70,6.20,0.0
20241019:0610,180.72,0.00,0.0,0.0,12.86,5.85,0.0
20241019:0710,300.71,0.00,0.0,0.0,13.07,5.54,0.0
20241019:0810,417.15,0.00,0.0,0.0,13.41,5.31,0.0
20241019:0910,529.10,0.00,0.0,0.0,13.80,5.32,0.0
20241019:1010,554.80,0.00,0.0,0.0,14.09,5.46,0.0
20241019:1110,513.19,0.00,0.0,0.0,14.27,5.55,0.0
20241019:1210,425.20,0.00,0.0,0.0,14.41,5.72,0.0
20241019:1310,298.97,0.00,0.0,0.0,14.42,5.96,0.0
20241019:1410,143.00,0.00,0.0,0.0,14.28,6.30,0.0
20241019:1510,17.42,0.00,0.0,0.0,13.98,6.62,0.0
20241019:1610,0.00,0.00,0.0,0.0,13.68,6.99,0.0
20241019:1710,0.00,0.00,0.0,0.0,13.48,7.29,0.0
20241019:1810,0.00,0.00,0.0,0.0,13.36,7.14,0.0
20241019:1910,0.00,0.00,0.0,0.0,13.31,6.93,0.0
20241019:2010,0.00,0.00,0.0,0.0,13.26,6.76,0.0
20241019:2110,0.00,0.00,0.0,0.0,13.20,6.63,0.0
20241019:2210,0.00,0.00,0.0,0.0,13.17,6.61,0.0
20241019:2310,0.00,0.00,0.0,0.0,13.15,6.57,0.0
20241020:0010,0.00,0.00,0.0,0.0,13.13,6.40,0.0
20241020:0110,0.00,0.00,0.0,0.0,13.13,6.23,0.0
20241020:0210,0.00,0.00,0.0,0.0,13.16,6.10,0.0
20241020:0310,0.00,0.00,0.0,0.0,13.19,5.96,0.0
20241020:0410,0.00,0.00,0.0,0.0,13.18,5.85,0.0
20241020:0510,37.16,0.00,0.0,0.0,13.19,5.99,0.0
20241020:0610,141.97,0.00,0.0,0.0,13.29,6.35,0.0
20241020:0710,279.64,0.00,0.0,0.0,13.56,6.54,0.0
20241020:0810,399.44,0.00,0.0,0.0,14.01,6.67,0.0
20241020:0910,494.57,0.00,0.0,0.0,14.48,6.69,0.0
20241020:1010,549.02,0.00,0.0,0.0,14.91,6.75,0.0
20241020:1110,506.98,0.00,0.0,0.0,15.19,6.94,0.0
20241020:1210,412.83,0.00,0.0,0.0,15.28,7.35,0.0
20241020:1310,289.65,0.00,0.0,0.0,15.18,7.80,0.0
20241020:1410,139.40,0.00,0.0,0.0,14.91,8.10,0.0
20241020:1510,15.74,0.00,0.0,0.0,14.45,8.11,0.0
20241020:1610,0.00,0.00,0.0,0.0,13.97,7.85,0.0
20241020:1710,0.00,0.00,0.0,0.0,13.68,7.76,0.0
20241020:1810,0.00,0.00,0.0,0.0,13.60,7.65,0.0
20241020:1910,0.00,0.00,0.0,0.0,13.61,7.50,0.0
20241020:2010,0.00,0.00,0.0,0.0,13.64,7.40,0.0
20241020:2110,0.00,0.00,0.0,0.0,13.70,7.37,0.0
20241020:2210,0.00,0.00,0.0,0.0,13.77,7.40,0.0
20241020:2310,0.00,0.00,0.0,0.0,13.80,7.32,0.0
20241021:0010,0.00,0.00,0.0,0.0,13.68,7.13,0.0
20241021:0110,0.00,0.00,0.0,0.0,13.48,7.29,0.0
20241021:0210,0.00,0.00,0.0,0.0,13.24,7.53,0.0
20241021:0310,0.00,0.00,0.0,0.0,13.05,7.62,0.0
20241021:0410,0.00,0.00,0.0,0.0,12.86,7.39,0.0
20241021:0510,52.49,0.00,0.0,0.0,12.73,7.07,0.0
20241021:0610,195.38,0.00,0.0,0.0,12.76,6.80,0.0
20241021:0710,350.88,0.00,0.0,0.0,12.97,6.51,0.0
20241021:0810,473.81,0.00,0.0,0.0,13.32,6.24,0.0
20241021:0910,548.06,0.00,0.0,0.0,13.70,6.09,0.0
20241021:1010,563.60,0.00,0.0,0.0,14.09,5.87,0.0
20241021:1110,516.64,0.00,0.0,0.0,14.42,5.74,0.0
20241021:1210,425.02,0.00,0.0,0.0,14.63,5.89,0.0
20241021:1310,297.05,0.00,0.0,0.0,14.67,6.24,0.0
20241021:1410,140.87,0.00,0.0,0.0,14.50,6.60,0.0
20241021:1510,14.37,0.00,0.0,0.0,14.09,6.74,0.0
20241021:1610,0.00,0.00,0.0,0.0,13.66,6.86,0.0
20241021:1710,0.00,0.00,0.0,0.0,13.46,7.03,0.0
20241021:1810,0.00,0.00,0.0,0.0,13.42,6.76,0.0
20241021:1910,0.00,0.00,0.0,0.0,13.45,6.43,0.0
20241021:2010,0.00,0.00,0.0,0.0,13.51,6.29,0.0
20241021:2110,0.00,0.00,0.0,0.0,13.55,6.13,0.0
20241021:2210,0.00,0.00,0.0,0.0,13.55,5.93,0.0
20241021:2310,0.00,0.00,0.0,0.0,13.50,6.01,0.0
20241022:0010,0.00,0.00,0.0,0.0,13.43,5.94,0.0
20241022:0110,0.00,0.00,0.0,0.0,13.37,5.60,0.0
20241022:0210,0.00,0.00,0.0,0.0,13.34,5.28,0.0
20241022:0310,0.00,0.00,0.0,0.0,13.33,5.05,0.0
20241022:0410,0.00,0.00,0.0,0.0,13.32,4.84,0.0
20241022:0510,52.20,0.00,0.0,0.0,13.36,4.69,0.0
20241022:0610,191.01,0.00,0.0,0.0,13.56,4.63,0.0
20241022:0710,340.54,0.00,0.0,0.0,14.03,4.60,0.0
20241022:0810,453.37,0.00,0.0,0.0,14.62,4.69,0.0
20241022:0910,522.50,0.00,0.0,0.0,15.19,4.84,0.0
20241022:1010,538.77,0.00,0.0,0.0,15.63,5.12,0.0
20241022:1110,495.17,0.00,0.0,0.0,15.95,5.47,0.0
20241022:1210,406.25,0.00,0.0,0.0,16.13,5.81,0.0
20241022:1310,282.53,0.00,0.0,0.0,16.11,6.10,0.0
20241022:1410,132.01,0.00,0.0,0.0,15.87,6.47,0.0
20241022:1510,11.95,0.00,0.0,0.0,15.39,6.72,0.0
20241022:1610,0.00,0.00,0.0,0.0,14.87,6.93,0.0
20241022:1710,0.00,0.00,0.0,0.0,14.61,6.99,0.0
20241022:1810,0.00,0.00,0.0,0.0,14.53,6.57,0.0
20241022:1910,0.00,0.00,0.0,0.0,14.51,6.24,0.0
20241022:2010,0.00,0.00,0.0,0.0,14.48,6.07,0.0
20241022:2110,0.00,0.00,0.0,0.0,14.42,5.84,0.0
20241022:2210,0.00,0.00,0.0,0.0,14.35,5.50,0.0
20241022:2310,0.00,0.00,0.0,0.0,14.26,5.25,0.0
20241023:0010,0.00,0.00,0.0,0.0,14.14,5.20,0.0
20241023:0110,0.00,0.00,0.0,0.0,13.99,5.16,0.0
20241023:0210,0.00,0.00,0.0,0.0,13.83,5.14,0.0
20241023:0310,0.00,0.00,0.0,0.0,13.64,5.23,0.0
20241023:0410,0.00,0.00,0.0,0.0,13.34,5.24,0.0
20241023:0510,66.14,0.00,0.0,0.0,13.02,5.17,0.0
20241023:0610,192.09,0.00,0.0,0.0,13.01,5.08,0.0
20241023:0710,348.87,0.00,0.0,0.0,13.68,4.84,0.0
20241023:0810,470.07,0.00,0.0,0.0,14.77,5.03,0.0
20241023:0910,546.63,0.00,0.0,0.0,15.60,5.26,0.0
20241023:1010,565.18,0.00,0.0,0.0,16.28,5.52,0.0
20241023:1110,519.87,0.00,0.0,0.0,16.79,5.85,0.0
20241023:1210,427.86,0.00,0.0,0.0,17.07,6.14,0.0
20241023:1310,298.07,0.00,0.0,0.0,17.08,6.39,0.0
20241023:1410,140.54,0.00,0.0,0.0,16.81,6.61,0.0
20241023:1510,11.31,0.00,0.0,0.0,16.18,6.80,0.0
20241023:1610,0.00,0.00,0.0,0.0,15.34,7.17,0.0
20241023:1710,0.00,0.00,0.0,0.0,14.74,7.51,0.0
20241023:1810,0.00,0.00,0.0,0.0,14.44,7.39,0.0
20241023:1910,0.00,0.00,0.0,0.0,14.27,7.22,0.0
20241023:2010,0.00,0.00,0.0,0.0,14.15,7.07,0.0
20241023:2110,0.00,0.00,0.0,0.0,14.07,6.97,0.0
20241023:2210,0.00,0.00,0.0,0.0,14.08,6.81,0.0
20241023:2310,0.00,0.00,0.0,0.0,14.16,6.75,0.0
20241024:0010,0.00,0.00,0.0,0.0,14.23,6.74,0.0
20241024:0110,0.00,0.00,0.0,0.0,14.29,6.75,0.0
20241024:0210,0.00,0.00,0.0,0.0,14.34,6.84,0.0
20241024:0310,0.00,0.00,0.0,0.0,14.35,6.84,0.0
20241024:0410,0.00,0.00,0.0,0.0,14.28,6.83,0.0
20241024:0510,53.02,0.00,0.0,0.0,14.25,6.83,0.0
20241024:0610,170.95,0.00,0.0,0.0,14.37,6.70,0.0
20241024:0710,336.00,0.00,0.0,0.0,14.75,6.47,0.0
20241024:0810,462.16,0.00,0.0,0.0,15.25,6.34,0.0
20241024:0910,537.32,0.00,0.0,0.0,15.78,6.38,0.0
20241024:1010,557.06,0.00,0.0,0.0,16.24,6.57,0.0
20241024:1110,514.11,0.00,0.0,0.0,16.56,6.91,0.0
20241024:1210,421.73,0.00,0.0,0.0,16.68,7.38,0.0
20241024:1310,290.85,0.00,0.0,0.0,16.59,7.83,0.0
20241024:1410,134.39,0.00,0.0,0.0,16.26,8.06,0.0
20241024:1510,9.17,0.00,0.0,0.0,15.73,7.99,0.0
20241024:1610,0.00,0.00,0.0,0.0,15.19,7.62,0.0
20241024:1710,0.00,0.00,0.0,0.0,14.91,7.42,0.0
20241024:1810,0.00,0.00,0.0,0.0,14.83,7.13,0.0
20241024:1910,0.00,0.00,0.0,0.0,14.79,6.80,0.0
20241024:2010,0.00,0.00,0.0,0.0,14.77,6.55,0.0
20241024:2110,0.00,0.00,0.0,0.0,14.80,6.42,0.0
20241024:2210,0.00,0.00,0.0,0.0,14.88,6.39,0.0
20241024:2310,0.00,0.00,0.0,0.0,14.95,6.59,0.0
20241025:0010,0.00,0.00,0.0,0.0,14.95,6.81,0.0
20241025:0110,0.00,0.00,0.0,0.0,14.88,6.93,0.0
20241025:0210,0.00,0.00,0.0,0.0,14.77,7.06,0.0
20241025:0310,0.00,0.00,0.0,0.0,14.61,7.29,0.0
20241025:0410,0.00,0.00,0.0,0.0,14.38,7.53,0.0
20241025:0510,38.59,0.00,0.0,0.0,14.16,7.72,0.0
20241025:0610,131.40,0.00,0.0,0.0,14.09,7.69,0.0
20241025:0710,280.61,0.00,0.0,0.0,14.33,7.84,0.0
20241025:0810,406.79,0.00,0.0,0.0,14.78,7.87,0.0
20241025:0910,481.69,0.00,0.0,0.0,15.16,7.92,0.0
20241025:1010,514.43,0.00,0.0,0.0,15.51,8.08,0.0
20241025:1110,485.77,0.00,0.0,0.0,15.77,8.21,0.0
20241025:1210,406.48,0.00,0.0,0.0,15.90,8.23,0.0
20241025:1310,284.41,0.00,0.0,0.0,15.86,8.11,0.0
20241025:1410,132.69,0.00,0.0,0.0,15.58,7.98,0.0
20241025:1510,7.56,0.00,0.0,0.0,15.03,8.01,0.0
20241025:1610,0.00,0.00,0.0,0.0,14.38,8.17,0.0
20241025:1710,0.00,0.00,0.0,0.0,13.97,8.21,0.0
20241025:1810,0.00,0.00,0.0,0.0,13.80,7.95,0.0
20241025:1910,0.00,0.00,0.0,0.0,13.75,7.76,0.0
20241025:2010,0.00,0.00,0.0,0.0,13.71,7.51,0.0
20241025:2110,0.00,0.00,0.0,0.0,13.68,7.07,0.0
20241025:2210,0.00,0.00,0.0,0.0,13.68,6.71,0.0
20241025:2310,0.00,0.00,0.0,0.0,13.67,6.53,0.0
20241026:0010,0.00,0.00,0.0,0.0,13.67,6.32,0.0
20241026:0110,0.00,0.00,0.0,0.0,13.69,6.21,0.0
20241026:0210,0.00,0.00,0.0,0.0,13.72,6.30,0.0
20241026:0310,0.00,0.00,0.0,0.0,13.74,6.55,0.0
20241026:0410,0.00,0.00,0.0,0.0,13.71,6.75,0.0
20241026:0510,54.40,0.00,0.0,0.0,13.65,6.75,0.0
20241026:0610,172.98,0.00,0.0,0.0,13.77,6.51,0.0
20241026:0710,327.49,0.00,0.0,0.0,14.23,6.23,0.0
20241026:0810,453.26,0.00,0.0,0.0,14.76,6.07,0.0
20241026:0910,531.60,0.00,0.0,0.0,15.28,6.01,0.0
20241026:1010,550.09,0.00,0.0,0.0,15.77,6.31,0.0
20241026:1110,505.32,0.00,0.0,0.0,16.17,6.83,0.0
20241026:1210,413.87,0.00,0.0,0.0,16.37,7.45,0.0
20241026:1310,285.29,0.00,0.0,0.0,16.34,8.00,0.0
20241026:1410,131.79,0.00,0.0,0.0,15.97,8.35,0.0
20241026:1510,5.86,0.00,0.0,0.0,15.24,8.43,0.0
20241026:1610,0.00,0.00,0.0,0.0,14.40,8.31,0.0
20241026:1710,0.00,0.00,0.0,0.0,13.86,8.10,0.0
20241026:1810,0.00,0.00,0.0,0.0,13.57,7.75,0.0
20241026:1910,0.00,0.00,0.0,0.0,13.39,7.51,0.0
20241026:2010,0.00,0.00,0.0,0.0,13.24,7.28,0.0
20241026:2110,0.00,0.00,0.0,0.0,13.14,7.04,0.0
20241026:2210,0.00,0.00,0.0,0.0,13.17,6.96,0.0
20241026:2310,0.00,0.00,0.0,0.0,13.27,6.99,0.0
20241027:0010,0.00,0.00,0.0,0.0,13.37,7.03,0.0
20241027:0110,0.00,0.00,0.0,0.0,13.45,7.02,0.0
20241027:0210,0.00,0.00,0.0,0.0,13.50,6.97,0.0
20241027:0310,0.00,0.00,0.0,0.0,13.50,6.94,0.0
20241027:0410,0.00,0.00,0.0,0.0,13.41,6.72,0.0
20241027:0510,53.10,0.00,0.0,0.0,13.35,6.46,0.0
20241027:0610,174.64,0.00,0.0,0.0,13.56,6.19,0.0
20241027:0710,330.18,0.00,0.0,0.0,14.41,5.93,0.0
20241027:0810,452.10,0.00,0.0,0.0,15.65,6.32,0.0
20241027:0910,528.76,0.00,0.0,0.0,16.66,6.27,0.0
20241027:1010,547.25,0.00,0.0,0.0,17.47,6.20,0.0
20241027:1110,502.26,0.00,0.0,0.0,18.01,6.21,0.0
20241027:1210,410.91,0.00,0.0,0.0,18.24,6.31,0.0
20241027:1310,282.35,0.00,0.0,0.0,18.17,6.51,0.0
20241027:1410,129.37,0.00,0.0,0.0,17.75,6.74,0.0
20241027:1510,0.00,0.00,0.0,0.0,16.87,6.94,0.0
20241027:1610,0.00,0.00,0.0,0.0,15.70,7.15,0.0
20241027:1710,0.00,0.00,0.0,0.0,14.86,7.05,0.0
20241027:1810,0.00,0.00,0.0,0.0,14.44,6.57,0.0
20241027:1910,0.00,0.00,0.0,0.0,14.26,6.16,0.0
20241027:2010,0.00,0.00,0.0,0.0,14.12,5.64,0.0
20241027:2110,0.00,0.00,0.0,0.0,13.95,5.00,0.0
20241027:2210,0.00,0.00,0.0,0.0,13.83,4.29,0.0
20241027:2310,0.00,0.00,0.0,0.0,13.74,3.63,0.0
20241028:0010,0.00,0.00,0.0,0.0,13.65,3.14,0.0
20241028:0110,0.00,0.00,0.0,0.0,13.60,2.95,0.0
20241028:0210,0.00,0.00,0.0,0.0,13.54,3.00,0.0
20241028:0310,0.00,0.00,0.0,0.0,13.46,3.18,0.0
20241028:0410,0.00,0.00,0.0,0.0,13.27,3.38,0.0
20241028:0510,47.98,0.00,0.0,0.0,13.07,3.44,0.0
20241028:0610,164.25,0.00,0.0,0.0,13.07,3.32,0.0
20241028:0710,315.43,0.00,0.0,0.0,13.53,3.03,0.0
20241028:0810,440.33,0.00,0.0,0.0,14.33,2.68,0.0
20241028:0910,523.52,0.00,0.0,0.0,15.09,2.23,0.0
20241028:1010,543.87,0.00,0.0,0.0,15.88,1.92,0.0
20241028:1110,499.38,0.00,0.0,0.0,16.58,1.94,0.0
20241028:1210,408.05,0.00,0.0,0.0,17.17,2.34,0.0
20241028:1310,279.51,0.00,0.0,0.0,17.57,2.88,0.0
20241028:1410,127.15,0.00,0.0,0.0,17.52,3.33,0.0
20241028:1510,0.00,0.00,0.0,0.0,16.98,3.66,0.0
20241028:1610,0.00,0.00,0.0,0.0,16.20,4.03,0.0
20241028:1710,0.00,0.00,0.0,0.0,15.56,4.12,0.0
20241028:1810,0.00,0.00,0.0,0.0,15.13,3.89,0.0
20241028:1910,0.00,0.00,0.0,0.0,14.91,3.49,0.0
20241028:2010,0.00,0.00,0.0,0.0,14.80,3.04,0.0
20241028:2110,0.00,0.00,0.0,0.0,14.73,2.67,0.0
20241028:2210,0.00,0.00,0.0,0.0,14.69,2.59,0.0
20241028:2310,0.00,0.00,0.0,0.0,14.66,2.86,0.0
20241029:0010,0.00,0.00,0.0,0.0,14.62,3.21,0.0
20241029:0110,0.00,0.00,0.0,0.0,14.58,3.47,0.0
20241029:0210,0.00,0.00,0.0,0.0,14.53,3.63,0.0
20241029:0310,0.00,0.00,0.0,0.0,14.46,3.73,0.0
20241029:0410,0.00,0.00,0.0,0.0,14.36,3.78,0.0
20241029:0510,43.61,0.00,0.0,0.0,14.27,3.89,0.0
20241029:0610,156.85,0.00,0.0,0.0,14.39,4.14,0.0
20241029:0710,306.28,0.00,0.0,0.0,14.97,4.38,0.0
20241029:0810,423.42,0.00,0.0,0.0,15.85,4.78,0.0
20241029:0910,496.84,0.00,0.0,0.0,16.72,5.26,0.0
20241029:1010,513.19,0.00,0.0,0.0,17.53,5.85,0.0
20241029:1110,467.74,0.00,0.0,0.0,18.04,6.46,0.0
20241029:1210,377.03,0.00,0.0,0.0,18.18,6.98,0.0
20241029:1310,251.92,0.00,0.0,0.0,18.04,7.43,0.0
20241029:1410,109.24,0.00,0.0,0.0,17.59,7.70,0.0
20241029:1510,0.00,0.00,0.0,0.0,16.81,7.68,0.0
20241029:1610,0.00,0.00,0.0,0.0,15.94,7.45,0.0
20241029:1710,0.00,0.00,0.0,0.0,15.40,7.30,0.0
20241029:1810,0.00,0.00,0.0,0.0,15.16,7.10,0.0
20241029:1910,0.00,0.00,0.0,0.0,15.00,6.95,0.0
20241029:2010,0.00,0.00,0.0,0.0,14.79,6.84,0.0
20241029:2110,0.00,0.00,0.0,0.0,14.60,6.86,0.0
20241029:2210,0.00,0.00,0.0,0.0,14.50,6.90,0.0
20241029:2310,0.00,0.00,0.0,0.0,14.48,6.91,0.0
20241030:0010,0.00,0.00,0.0,0.0,14.54,6.93,0.0
20241030:0110,0.00,0.00,0.0,0.0,14.64,6.96,0.0
20241030:0210,0.00,0.00,0.0,0.0,14.72,6.98,0.0
20241030:0310,0.00,0.00,0.0,0.0,14.76,6.99,0.0
20241030:0410,0.00,0.00,0.0,0.0,14.72,6.98,0.0
20241030:0510,37.73,0.00,0.0,0.0,14.63,6.97,0.0
20241030:0610,145.62,0.00,0.0,0.0,14.62,6.88,0.0
20241030:0710,296.83,0.00,0.0,0.0,14.79,6.70,0.0
20241030:0810,420.88,0.00,0.0,0.0,15.11,6.69,0.0
20241030:0910,500.93,0.00,0.0,0.0,15.41,6.60,0.0
20241030:1010,520.30,0.00,0.0,0.0,15.59,6.62,0.0
20241030:1110,476.90,0.00,0.0,0.0,15.64,6.71,0.0
20241030:1210,385.88,0.00,0.0,0.0,15.55,6.89,0.0
20241030:1310,259.98,0.00,0.0,0.0,15.33,7.03,0.0
20241030:1410,115.03,0.00,0.0,0.0,14.96,7.07,0.0
20241030:1510,0.00,0.00,0.0,0.0,14.46,6.99,0.0
20241030:1610,0.00,0.00,0.0,0.0,14.05,6.90,0.0
20241030:1710,0.00,0.00,0.0,0.0,13.92,6.79,0.0
20241030:1810,0.00,0.00,0.0,0.0,14.02,6.73,0.0
20241030:1910,0.00,0.00,0.0,0.0,14.19,6.81,0.0
20241030:2010,0.00,0.00,0.0,0.0,14.36,6.95,0.0
20241030:2110,0.00,0.00,0.0,0.0,14.47,7.14,0.0
20241030:2210,0.00,0.00,0.0,0.0,14.45,7.21,0.0
20241030:2310,0.00,0.00,0.0,0.0,14.38,7.13,0.0
20241031:0010,0.00,0.00,0.0,0.0,14.33,6.95,0.0
20241031:0110,0.00,0.00,0.0,0.0,14.28,6.80,0.0
20241031:0210,0.00,0.00,0.0,0.0,14.24,6.79,0.0
20241031:0310,0.00,0.00,0.0,0.0,14.20,6.93,0.0
20241031:0410,0.00,0.00,0.0,0.0,14.16,6.96,0.0
20241031:0510,39.27,0.00,0.0,0.0,14.14,6.78,0.0
20241031:0610,153.50,0.00,0.0,0.0,14.22,6.50,0.0
20241031:0710,305.26,0.00,0.0,0.0,14.55,6.07,0.0
20241031:0810,423.44,0.00,0.0,0.0,15.04,5.93,0.0
20241031:0910,497.90,0.00,0.0,0.0,15.53,5.83,0.0
20241031:1010,515.81,0.00,0.0,0.0,15.97,5.89,0.0
20241031:1110,472.17,0.00,0.0,0.0,16.27,6.14,0.0
20241031:1210,384.49,0.00,0.0,0.0,16.35,6.64,0.0
20241031:1310,260.74,0.00,0.0,0.0,16.20,7.19,0.0
20241031:1410,116.31,0.00,0.0,0.0,15.79,7.46,0.0
20241031:1510,0.00,0.00,0.0,0.0,15.17,7.43,0.0
20241031:1610,0.00,0.00,0.0,0.0,14.66,7.24,0.0
20241031:1710,0.00,0.00,0.0,0.0,14.48,6.93,0.0
20241031:1810,0.00,0.00,0.0,0.0,14.49,6.47,0.0
20241031:1910,0.00,0.00,0.0,0.0,14.53,6.28,0.0
20241031:2010,0.00,0.00,0.0,0.0,14.55,6.14,0.0
20241031:2110,0.00,0.00,0.0,0.0,14.55,6.02,0.0
20241031:2210,0.00,0.00,0.0,0.0,14.50,5.93,0.0
20241031:2310,0.00,0.00,0.0,0.0,14.40,5.82,0.0
20241101:0010,0.00,0.00,0.0,0.0,14.29,5.75,0.0
20241101:0110,0.00,0.00,0.0,0.0,14.17,5.63,0.0
20241101:0210,0.00,0.00,0.0,0.0,14.09,5.61,0.0
20241101:0310,0.00,0.00,0.0,0.0,14.02,5.76,0.0
20241101:0410,0.00,0.00,0.0,0.0,13.87,5.68,0.0
20241101:0510,36.04,0.00,0.0,0.0,13.70,5.47,0.0
20241101:0610,134.60,0.00,0.0,0.0,13.68,5.29,0.0
20241101:0710,290.00,0.00,0.0,0.0,14.13,5.14,0.0
20241101:0810,413.13,0.00,0.0,0.0,14.91,5.53,0.0
20241101:0910,485.39,0.00,0.0,0.0,15.63,5.62,0.0
20241101:1010,490.96,0.00,0.0,0.0,16.43,5.58,0.0
20241101:1110,426.35,0.00,0.0,0.0,17.14,5.36,0.0
20241101:1210,303.71,0.00,0.0,0.0,17.63,5.24,0.0
20241101:1310,151.83,0.00,0.0,0.0,17.79,5.48,0.0
20241101:1410,48.68,0.00,0.0,0.0,17.57,5.85,0.0
20241101:1510,0.00,0.00,0.0,0.0,16.94,6.21,0.0
20241101:1610,0.00,0.00,0.0,0.0,15.94,6.56,0.0
20241101:1710,0.00,0.00,0.0,0.0,15.09,6.47,0.0
20241101:1810,0.00,0.00,0.0,0.0,14.56,6.13,0.0
20241101:1910,0.00,0.00,0.0,0.0,14.18,5.87,0.0
20241101:2010,0.00,0.00,0.0,0.0,13.85,5.61,0.0
20241101:2110,0.00,0.00,0.0,0.0,13.57,5.16,0.0
20241101:2210,0.00,0.00,0.0,0.0,13.44,4.71,0.0
20241101:2310,0.00,0.00,0.0,0.0,13.45,4.32,0.0
20241102:0010,0.00,0.00,0.0,0.0,13.51,4.02,0.0
20241102:0110,0.00,0.00,0.0,0.0,13.56,3.87,0.0
20241102:0210,0.00,0.00,0.0,0.0,13.58,3.84,0.0
20241102:0310,0.00,0.00,0.0,0.0,13.54,3.78,0.0
20241102:0410,0.00,0.00,0.0,0.0,13.33,3.48,0.0
20241102:0510,42.80,0.00,0.0,0.0,13.05,2.92,0.0
20241102:0610,151.55,0.00,0.0,0.0,12.91,2.23,0.0
20241102:0710,298.32,0.00,0.0,0.0,13.24,1.37,0.0
20241102:0810,411.38,0.00,0.0,0.0,14.02,0.36,0.0
20241102:0910,484.21,0.00,0.0,0.0,14.78,0.65,0.0
20241102:1010,496.14,0.00,0.0,0.0,15.73,1.22,0.0
20241102:1110,450.25,0.00,0.0,0.0,16.74,1.57,0.0
20241102:1210,360.10,0.00,0.0,0.0,17.41,1.91,0.0
20241102:1310,223.09,0.00,0.0,0.0,17.70,2.14,0.0
20241102:1410,82.07,0.00,0.0,0.0,17.69,2.19,0.0
20241102:1510,0.00,0.00,0.0,0.0,17.33,2.02,0.0
20241102:1610,0.00,0.00,0.0,0.0,16.74,1.77,0.0
20241102:1710,0.00,0.00,0.0,0.0,16.24,1.57,0.0
20241102:1810,0.00,0.00,0.0,0.0,15.83,1.53,0.0
20241102:1910,0.00,0.00,0.0,0.0,15.46,1.61,0.0
20241102:2010,0.00,0.00,0.0,0.0,15.09,1.80,0.0
20241102:2110,0.00,0.00,0.0,0.0,14.74,1.69,0.0
20241102:2210,0.00,0.00,0.0,0.0,14.47,1.61,0.0
20241102:2310,0.00,0.00,0.0,0.0,14.36,2.96,0.0
20241103:0010,0.00,0.00,0.0,0.0,14.41,5.12,0.0
20241103:0110,0.00,0.00,0.0,0.0,14.48,7.28,0.0
20241103:0210,0.00,0.00,0.0,0.0,14.45,9.27,0.0
20241103:0310,0.00,0.00,0.0,0.0,14.33,10.67,0.0
20241103:0410,0.00,0.00,0.0,0.0,14.12,11.68,0.0
20241103:0510,22.86,0.00,0.0,0.0,13.93,12.26,0.0
20241103:0610,106.14,0.00,0.0,0.0,13.86,12.47,0.0
20241103:0710,257.21,0.00,0.0,0.0,13.87,12.49,0.0
20241103:0810,360.26,0.00,0.0,0.0,13.85,12.30,0.0
20241103:0910,382.33,0.00,0.0,0.0,13.76,11.63,0.0
20241103:1010,398.21,0.00,0.0,0.0,13.60,10.99,0.0
20241103:1110,411.41,0.00,0.0,0.0,13.47,10.54,0.0
20241103:1210,347.11,0.00,0.0,0.0,13.30,10.30,0.0
20241103:1310,218.23,0.00,0.0,0.0,12.96,10.17,0.0
20241103:1410,82.83,0.00,0.0,0.0,12.50,10.03,0.0
20241103:1510,0.00,0.00,0.0,0.0,12.00,9.90,0.0
20241103:1610,0.00,0.00,0.0,0.0,11.64,9.51,0.0
20241103:1710,0.00,0.00,0.0,0.0,11.50,8.92,0.0
20241103:1810,0.00,0.00,0.0,0.0,11.42,8.49,0.0
20241103:1910,0.00,0.00,0.0,0.0,11.38,8.22,0.0
20241103:2010,0.00,0.00,0.0,0.0,11.35,7.90,0.0
20241103:2110,0.00,0.00,0.0,0.0,11.32,7.50,0.0
20241103:2210,0.00,0.00,0.0,0.0,11.33,7.29,0.0
20241103:2310,0.00,0.00,0.0,0.0,11.33,7.08,0.0
20241104:0010,0.00,0.00,0.0,0.0,11.30,6.59,0.0
20241104:0110,0.00,0.00,0.0,0.0,11.22,6.14,0.0
20241104:0210,0.00,0.00,0.0,0.0,11.13,5.92,0.0
20241104:0310,0.00,0.00,0.0,0.0,11.06,5.51,0.0
20241104:0410,0.00,0.00,0.0,0.0,11.01,4.87,0.0
20241104:0510,25.28,0.00,0.0,0.0,11.01,4.26,0.0
20241104:0610,102.32,0.00,0.0,0.0,11.09,3.74,0.0
20241104:0710,219.17,0.00,0.0,0.0,11.34,3.31,0.0
20241104:0810,334.98,0.00,0.0,0.0,11.62,2.97,0.0
20241104:0910,441.70,0.00,0.0,0.0,11.97,2.91,0.0
20241104:1010,490.79,0.00,0.0,0.0,12.31,2.79,0.0
20241104:1110,455.60,0.00,0.0,0.0,12.65,2.81,0.0
20241104:1210,354.67,0.00,0.0,0.0,12.94,2.91,0.0
20241104:1310,211.66,0.00,0.0,0.0,13.11,2.77,0.0
20241104:1410,64.62,0.00,0.0,0.0,13.11,2.65,0.0
20241104:1510,0.00,0.00,0.0,0.0,12.96,2.53,0.0
20241104:1610,0.00,0.00,0.0,0.0,12.82,2.64,0.0
20241104:1710,0.00,0.00,0.0,0.0,12.70,3.09,0.0
20241104:1810,0.00,0.00,0.0,0.0,12.57,3.67,0.0
20241104:1910,0.00,0.00,0.0,0.0,12.51,4.22,0.0
20241104:2010,0.00,0.00,0.0,0.0,12.58,4.72,0.0
20241104:2110,0.00,0.00,0.0,0.0,12.75,5.15,0.0
20241104:2210,0.00,0.00,0.0,0.0,12.90,5.67,0.0
20241104:2310,0.00,0.00,0.0,0.0,12.95,6.35,0.0
20241105:0010,0.00,0.00,0.0,0.0,12.83,7.27,0.0
20241105:0110,0.00,0.00,0.0,0.0,12.52,8.17,0.0
20241105:0210,0.00,0.00,0.0,0.0,12.16,8.34,0.0
20241105:0310,0.00,0.00,0.0,0.0,11.95,8.48,0.0
20241105:0410,0.00,0.00,0.0,0.0,11.85,8.55,0.0
20241105:0510,33.58,0.00,0.0,0.0,11.79,8.34,0.0
20241105:0610,142.18,0.00,0.0,0.0,11.82,8.04,0.0
20241105:0710,289.75,0.00,0.0,0.0,12.09,8.11,0.0
20241105:0810,401.34,0.00,0.0,0.0,12.40,8.29,0.0
20241105:0910,474.20,0.00,0.0,0.0,12.68,8.24,0.0
20241105:1010,488.90,0.00,0.0,0.0,12.84,8.41,0.0
20241105:1110,446.22,0.00,0.0,0.0,12.82,8.72,0.0
20241105:1210,358.73,0.00,0.0,0.0,12.66,9.13,0.0
20241105:1310,221.86,0.00,0.0,0.0,12.33,9.57,0.0
20241105:1410,81.66,0.00,0.0,0.0,11.88,9.81,0.0
20241105:1510,0.00,0.00,0.0,0.0,11.42,9.72,0.0
20241105:1610,0.00,0.00,0.0,0.0,11.11,9.26,0.0
20241105:1710,0.00,0.00,0.0,0.0,10.98,8.70,0.0
20241105:1810,0.00,0.00,0.0,0.0,10.92,8.40,0.0
20241105:1910,0.00,0.00,0.0,0.0,10.91,8.35,0.0
20241105:2010,0.00,0.00,0.0,0.0,10.91,8.45,0.0
20241105:2110,0.00,0.00,0.0,0.0,10.88,8.51,0.0
20241105:2210,0.00,0.00,0.0,0.0,10.87,8.58,0.0
20241105:2310,0.00,0.00,0.0,0.0,10.87,8.59,0.0
20241106:0010,0.00,0.00,0.0,0.0,10.86,8.46,0.0
20241106:0110,0.00,0.00,0.0,0.0,10.83,8.20,0.0
20241106:0210,0.00,0.00,0.0,0.0,10.80,7.89,0.0
20241106:0310,0.00,0.00,0.0,0.0,10.79,7.76,0.0
20241106:0410,0.00,0.00,0.0,0.0,10.77,7.68,0.0
20241106:0510,27.41,0.00,0.0,0.0,10.73,7.54,0.0
20241106:0610,121.50,0.00,0.0,0.0,10.78,7.42,0.0
20241106:0710,252.06,0.00,0.0,0.0,11.01,7.41,0.0
20241106:0810,363.06,0.00,0.0,0.0,11.37,7.39,0.0
20241106:0910,448.02,0.00,0.0,0.0,11.76,7.40,0.0
20241106:1010,476.62,0.00,0.0,0.0,12.09,7.70,0.0
20241106:1110,440.01,0.00,0.0,0.0,12.28,8.18,0.0
20241106:1210,353.80,0.00,0.0,0.0,12.33,8.69,0.0
20241106:1310,217.50,0.00,0.0,0.0,12.21,9.09,0.0
20241106:1410,79.32,0.00,0.0,0.0,11.88,9.31,0.0
20241106:1510,0.00,0.00,0.0,0.0,11.48,9.28,0.0
20241106:1610,0.00,0.00,0.0,0.0,11.26,9.11,0.0
20241106:1710,0.00,0.00,0.0,0.0,11.27,8.90,0.0
20241106:1810,0.00,0.00,0.0,0.0,11.37,8.80,0.0
20241106:1910,0.00,0.00,0.0,0.0,11.50,8.83,0.0
20241106:2010,0.00,0.00,0.0,0.0,11.63,8.83,0.0
20241106:2110,0.00,0.00,0.0,0.0,11.75,8.79,0.0
20241106:2210,0.00,0.00,0.0,0.0,11.81,8.81,0.0
20241106:2310,0.00,0.00,0.0,0.0,11.86,8.86,0.0
20241107:0010,0.00,0.00,0.0,0.0,11.91,8.90,0.0
20241107:0110,0.00,0.00,0.0,0.0,11.95,8.92,0.0
20241107:0210,0.00,0.00,0.0,0.0,11.97,8.91,0.0
20241107:0310,0.00,0.00,0.0,0.0,11.99,8.79,0.0
20241107:0410,0.00,0.00,0.0,0.0,12.01,8.62,0.0
20241107:0510,28.41,0.00,0.0,0.0,12.03,8.43,0.0
20241107:0610,137.87,0.00,0.0,0.0,12.18,8.22,0.0
20241107:0710,286.94,0.00,0.0,0.0,12.74,8.30,0.0
20241107:0810,401.32,0.00,0.0,0.0,13.55,9.06,0.0
20241107:0910,473.88,0.00,0.0,0.0,14.21,9.19,0.0
20241107:1010,485.34,0.00,0.0,0.0,14.58,9.20,0.0
20241107:1110,440.03,0.00,0.0,0.0,14.72,9.31,0.0
20241107:1210,350.94,0.00,0.0,0.0,14.72,9.55,0.0
20241107:1310,215.71,0.00,0.0,0.0,14.54,9.83,0.0
20241107:1410,79.23,0.00,0.0,0.0,14.08,10.05,0.0
20241107:1510,0.00,0.00,0.0,0.0,13.44,10.00,0.0
20241107:1610,0.00,0.00,0.0,0.0,12.94,9.73,0.0
20241107:1710,0.00,0.00,0.0,0.0,12.71,9.31,0.0
20241107:1810,0.00,0.00,0.0,0.0,12.63,9.12,0.0
20241107:1910,0.00,0.00,0.0,0.0,12.61,8.92,0.0
20241107:2010,0.00,0.00,0.0,0.0,12.59,8.64,0.0
20241107:2110,0.00,0.00,0.0,0.0,12.55,8.21,0.0
20241107:2210,0.00,0.00,0.0,0.0,12.52,7.97,0.0
20241107:2310,0.00,0.00,0.0,0.0,12.51,7.86,0.0
20241108:0010,0.00,0.00,0.0,0.0,12.49,7.78,0.0
20241108:0110,0.00,0.00,0.0,0.0,12.49,7.63,0.0
20241108:0210,0.00,0.00,0.0,0.0,12.50,7.48,0.0
20241108:0310,0.00,0.00,0.0,0.0,12.51,7.35,0.0
20241108:0410,0.00,0.00,0.0,0.0,12.49,7.21,0.0
20241108:0510,25.39,0.00,0.0,0.0,12.49,7.11,0.0
20241108:0610,133.65,0.00,0.0,0.0,12.60,7.01,0.0
20241108:0710,282.01,0.00,0.0,0.0,13.09,6.91,0.0
20241108:0810,396.66,0.00,0.0,0.0,13.86,7.72,0.0
20241108:0910,470.26,0.00,0.0,0.0,14.46,7.74,0.0
20241108:1010,482.76,0.00,0.0,0.0,14.99,7.87,0.0
20241108:1110,437.60,0.00,0.0,0.0,15.36,8.31,0.0
20241108:1210,348.28,0.00,0.0,0.0,15.50,8.88,0.0
20241108:1310,213.17,0.00,0.0,0.0,15.41,9.36,0.0
20241108:1410,78.10,0.00,0.0,0.0,15.00,9.57,0.0
20241108:1510,0.00,0.00,0.0,0.0,14.32,9.37,0.0
20241108:1610,0.00,0.00,0.0,0.0,13.67,8.98,0.0
20241108:1710,0.00,0.00,0.0,0.0,13.27,8.58,0.0
20241108:1810,0.00,0.00,0.0,0.0,13.06,8.19,0.0
20241108:1910,0.00,0.00,0.0,0.0,12.90,7.71,0.0
20241108:2010,0.00,0.00,0.0,0.0,12.76,7.28,0.0
20241108:2110,0.00,0.00,0.0,0.0,12.65,7.04,0.0
20241108:2210,0.00,0.00,0.0,0.0,12.60,7.04,0.0
20241108:2310,0.00,0.00,0.0,0.0,12.59,7.07,0.0
20241109:0010,0.00,0.00,0.0,0.0,12.61,7.17,0.0
20241109:0110,0.00,0.00,0.0,0.0,12.63,7.33,0.0
20241109:0210,0.00,0.00,0.0,0.0,12.62,7.51,0.0
20241109:0310,0.00,0.00,0.0,0.0,12.58,7.64,0.0
20241109:0410,0.00,0.00,0.0,0.0,12.53,7.53,0.0
20241109:0510,21.74,0.00,0.0,0.0,12.51,7.27,0.0
20241109:0610,126.33,0.00,0.0,0.0,12.61,6.97,0.0
20241109:0710,273.66,0.00,0.0,0.0,13.01,6.78,0.0
20241109:0810,389.21,0.00,0.0,0.0,13.53,7.00,0.0
20241109:0910,461.67,0.00,0.0,0.0,13.94,7.26,0.0
20241109:1010,473.23,0.00,0.0,0.0,14.20,7.65,0.0
20241109:1110,424.65,0.00,0.0,0.0,14.23,8.07,0.0
20241109:1210,326.74,0.00,0.0,0.0,13.99,8.64,0.0
20241109:1310,183.82,0.00,0.0,0.0,13.49,9.25,0.0
20241109:1410,49.99,0.00,0.0,0.0,12.81,9.63,0.0
20241109:1510,0.00,0.00,0.0,0.0,12.16,9.68,0.0
20241109:1610,0.00,0.00,0.0,0.0,11.79,9.61,0.0
20241109:1710,0.00,0.00,0.0,0.0,11.62,9.52,0.0
20241109:1810,0.00,0.00,0.0,0.0,11.42,9.24,0.0
20241109:1910,0.00,0.00,0.0,0.0,11.17,8.85,0.0
20241109:2010,0.00,0.00,0.0,0.0,10.95,8.37,0.0
20241109:2110,0.00,0.00,0.0,0.0,10.85,7.93,0.0
20241109:2210,0.00,0.00,0.0,0.0,10.81,7.57,0.0
20241109:2310,0.00,0.00,0.0,0.0,10.77,7.30,0.0
20241110:0010,0.00,0.00,0.0,0.0,10.74,7.16,0.0
20241110:0110,0.00,0.00,0.0,0.0,10.68,7.00,0.0
20241110:0210,0.00,0.00,0.0,0.0,10.56,6.91,0.0
20241110:0310,0.00,0.00,0.0,0.0,10.42,6.92,0.0
20241110:0410,0.00,0.00,0.0,0.0,10.27,6.99,0.0
20241110:0510,9.12,0.00,0.0,0.0,10.16,7.05,0.0
20241110:0610,65.16,0.00,0.0,0.0,10.13,6.84,0.0
20241110:0710,155.05,0.00,0.0,0.0,10.27,6.53,0.0
20241110:0810,247.92,0.00,0.0,0.0,10.62,6.30,0.0
20241110:0910,310.43,0.00,0.0,0.0,11.06,6.06,0.0
20241110:1010,325.99,0.00,0.0,0.0,11.48,6.10,0.0
20241110:1110,302.76,0.00,0.0,0.0,11.80,6.30,0.0
20241110:1210,215.40,0.00,0.0,0.0,11.93,6.65,0.0
20241110:1310,112.30,0.00,0.0,0.0,11.80,7.26,0.0
20241110:1410,37.01,0.00,0.0,0.0,11.49,7.98,0.0
20241110:1510,0.00,0.00,0.0,0.0,11.11,8.48,0.0
20241110:1610,0.00,0.00,0.0,0.0,10.87,8.40,0.0
20241110:1710,0.00,0.00,0.0,0.0,10.87,7.98,0.0
20241110:1810,0.00,0.00,0.0,0.0,11.06,7.41,0.0
20241110:1910,0.00,0.00,0.0,0.0,11.31,6.80,0.0
20241110:2010,0.00,0.00,0.0,0.0,11.58,6.19,0.0
20241110:2110,0.00,0.00,0.0,0.0,11.78,5.68,0.0
20241110:2210,0.00,0.00,0.0,0.0,11.89,5.33,0.0
20241110:2310,0.00,0.00,0.0,0.0,11.98,5.20,0.0
20241111:0010,0.00,0.00,0.0,0.0,12.06,5.23,0.0
20241111:0110,0.00,0.00,0.0,0.0,12.16,5.29,0.0
20241111:0210,0.00,0.00,0.0,0.0,12.27,5.32,0.0
20241111:0310,0.00,0.00,0.0,0.0,12.41,5.25,0.0
20241111:0410,0.00,0.00,0.0,0.0,12.56,5.09,0.0
20241111:0510,6.45,0.00,0.0,0.0,12.69,5.11,0.0
20241111:0610,54.49,0.00,0.0,0.0,12.79,5.21,0.0
20241111:0710,144.04,0.00,0.0,0.0,12.89,5.10,0.0
20241111:0810,206.20,0.00,0.0,0.0,13.12,5.28,0.0
20241111:0910,214.39,0.00,0.0,0.0,13.42,5.31,0.0
20241111:1010,202.08,0.00,0.0,0.0,13.63,5.15,0.0
20241111:1110,169.75,0.00,0.0,0.0,13.84,5.06,0.0
20241111:1210,129.09,0.00,0.0,0.0,14.00,5.14,0.0
20241111:1310,83.16,0.00,0.0,0.0,14.12,5.43,0.0
20241111:1410,34.84,0.00,0.0,0.0,14.17,5.77,0.0
20241111:1510,0.00,0.00,0.0,0.0,14.06,6.11,0.0
20241111:1610,0.00,0.00,0.0,0.0,13.84,6.91,0.0
20241111:1710,0.00,0.00,0.0,0.0,13.66,7.40,0.0
20241111:1810,0.00,0.00,0.0,0.0,13.54,7.41,0.0
20241111:1910,0.00,0.00,0.0,0.0,13.44,7.18,0.0
20241111:2010,0.00,0.00,0.0,0.0,13.33,7.13,0.0
20241111:2110,0.00,0.00,0.0,0.0,13.21,7.09,0.0
20241111:2210,0.00,0.00,0.0,0.0,13.13,7.07,0.0
20241111:2310,0.00,0.00,0.0,0.0,13.09,7.12,0.0
20241112:0010,0.00,0.00,0.0,0.0,13.05,7.08,0.0
20241112:0110,0.00,0.00,0.0,0.0,13.00,6.88,0.0
20241112:0210,0.00,0.00,0.0,0.0,12.95,6.79,0.0
20241112:0310,0.00,0.00,0.0,0.0,12.94,6.87,0.0
20241112:0410,0.00,0.00,0.0,0.0,12.93,6.90,0.0
20241112:0510,6.22,0.00,0.0,0.0,12.93,6.92,0.0
20241112:0610,58.25,0.00,0.0,0.0,12.99,7.09,0.0
20241112:0710,153.16,0.00,0.0,0.0,13.23,7.16,0.0
20241112:0810,243.39,0.00,0.0,0.0,13.74,7.47,0.0
20241112:0910,309.55,0.00,0.0,0.0,14.30,7.39,0.0
20241112:1010,310.21,0.00,0.0,0.0,14.72,7.15,0.0
20241112:1110,237.85,0.00,0.0,0.0,14.96,6.89,0.0
20241112:1210,150.99,0.00,0.0,0.0,14.96,6.84,0.0
20241112:1310,74.82,0.00,0.0,0.0,14.63,7.22,0.0
20241112:1410,24.79,0.00,0.0,0.0,14.01,7.78,0.0
20241112:1510,0.00,0.00,0.0,0.0,13.35,8.11,0.0
20241112:1610,0.00,0.00,0.0,0.0,13.04,8.27,0.0
20241112:1710,0.00,0.00,0.0,0.0,13.05,8.39,0.0
20241112:1810,0.00,0.00,0.0,0.0,13.10,8.44,0.0
20241112:1910,0.00,0.00,0.0,0.0,13.10,8.24,0.0
20241112:2010,0.00,0.00,0.0,0.0,13.07,8.26,0.0
20241112:2110,0.00,0.00,0.0,0.0,13.02,8.33,0.0
20241112:2210,0.00,0.00,0.0,0.0,12.89,7.89,0.0
20241112:2310,0.00,0.00,0.0,0.0,12.78,7.49,0.0
20241113:0010,0.00,0.00,0.0,0.0,12.72,7.12,0.0
20241113:0110,0.00,0.00,0.0,0.0,12.67,6.80,0.0
20241113:0210,0.00,0.00,0.0,0.0,12.61,6.63,0.0
20241113:0310,0.00,0.00,0.0,0.0,12.54,6.52,0.0
20241113:0410,0.00,0.00,0.0,0.0,12.50,6.42,0.0
20241113:0510,3.60,0.00,0.0,0.0,12.48,6.21,0.0
20241113:0610,36.80,0.00,0.0,0.0,12.46,5.93,0.0
20241113:0710,92.90,0.00,0.0,0.0,12.56,5.74,0.0
20241113:0810,149.37,0.00,0.0,0.0,12.82,5.75,0.0
20241113:0910,198.54,0.00,0.0,0.0,13.05,5.24,0.0
20241113:1010,217.81,0.00,0.0,0.0,13.19,4.72,0.0
20241113:1110,191.83,0.00,0.0,0.0,13.33,4.42,0.0
20241113:1210,140.23,0.00,0.0,0.0,13.44,4.38,0.0
20241113:1310,80.08,0.00,0.0,0.0,13.46,4.60,0.0
20241113:1410,27.89,0.00,0.0,0.0,13.36,5.00,0.0
20241113:1510,0.00,0.00,0.0,0.0,13.10,5.45,0.0
20241113:1610,0.00,0.00,0.0,0.0,12.77,5.94,0.0
20241113:1710,0.00,0.00,0.0,0.0,12.49,6.17,0.0
20241113:1810,0.00,0.00,0.0,0.0,12.31,6.16,0.0
20241113:1910,0.00,0.00,0.0,0.0,12.16,6.08,0.0
20241113:2010,0.00,0.00,0.0,0.0,12.04,5.84,0.0
20241113:2110,0.00,0.00,0.0,0.0,11.96,5.73,0.0
20241113:2210,0.00,0.00,0.0,0.0,11.89,5.50,0.0
20241113:2310,0.00,0.00,0.0,0.0,11.81,5.33,0.0
20241114:0010,0.00,0.00,0.0,0.0,11.71,5.25,0.0
20241114:0110,0.00,0.00,0.0,0.0,11.59,5.16,0.0
20241114:0210,0.00,0.00,0.0,0.0,11.49,5.06,0.0
20241114:0310,0.00,0.00,0.0,0.0,11.43,5.00,0.0
20241114:0410,0.00,0.00,0.0,0.0,11.43,5.02,0.0
20241114:0510,5.05,0.00,0.0,0.0,11.46,5.07,0.0
20241114:0610,63.54,0.00,0.0,0.0,11.56,5.06,0.0
20241114:0710,160.00,0.00,0.0,0.0,11.76,4.90,0.0
20241114:0810,265.52,0.00,0.0,0.0,12.10,4.53,0.0
20241114:0910,353.45,0.00,0.0,0.0,12.62,4.10,0.0
20241114:1010,380.18,0.00,0.0,0.0,13.30,3.77,0.0
20241114:1110,348.10,0.00,0.0,0.0,13.97,3.64,0.0
20241114:1210,255.89,0.00,0.0,0.0,14.42,3.73,0.0
20241114:1310,133.39,0.00,0.0,0.0,14.56,4.14,0.0
20241114:1410,43.40,0.00,0.0,0.0,14.41,4.81,0.0
20241114:1510,0.00,0.00,0.0,0.0,13.93,5.66,0.0
20241114:1610,0.00,0.00,0.0,0.0,13.31,6.40,0.0
20241114:1710,0.00,0.00,0.0,0.0,12.85,6.49,0.0
20241114:1810,0.00,0.00,0.0,0.0,12.59,6.19,0.0
20241114:1910,0.00,0.00,0.0,0.0,12.45,5.70,0.0
20241114:2010,0.00,0.00,0.0,0.0,12.41,5.32,0.0
20241114:2110,0.00,0.00,0.0,0.0,12.44,5.25,0.0
20241114:2210,0.00,0.00,0.0,0.0,12.51,5.13,0.0
20241114:2310,0.00,0.00,0.0,0.0,12.59,4.97,0.0
20241115:0010,0.00,0.00,0.0,0.0,12.60,4.65,0.0
20241115:0110,0.00,0.00,0.0,0.0,12.54,4.45,0.0
20241115:0210,0.00,0.00,0.0,0.0,12.41,4.90,0.0
20241115:0310,0.00,0.00,0.0,0.0,12.24,5.89,0.0
20241115:0410,0.00,0.00,0.0,0.0,12.05,6.63,0.0
20241115:0510,2.39,0.00,0.0,0.0,11.89,6.99,0.0
20241115:0610,49.66,0.00,0.0,0.0,11.81,6.97,0.0
20241115:0710,151.71,0.00,0.0,0.0,12.01,6.71,0.0
20241115:0810,265.03,0.00,0.0,0.0,12.41,6.53,0.0
20241115:0910,343.47,0.00,0.0,0.0,12.80,6.15,0.0
20241115:1010,336.61,0.00,0.0,0.0,13.07,5.83,0.0
20241115:1110,291.09,0.00,0.0,0.0,13.13,5.63,0.0
20241115:1210,215.29,0.00,0.0,0.0,13.04,5.72,0.0
20241115:1310,103.89,0.00,0.0,0.0,12.72,6.10,0.0
20241115:1410,28.90,0.00,0.0,0.0,12.19,6.63,0.0
20241115:1510,0.00,0.00,0.0,0.0,11.56,7.11,0.0
20241115:1610,0.00,0.00,0.0,0.0,10.92,7.80,0.0
20241115:1710,0.00,0.00,0.0,0.0,10.45,8.51,0.0
20241115:1810,0.00,0.00,0.0,0.0,10.13,8.96,0.0
20241115:1910,0.00,0.00,0.0,0.0,9.92,9.32,0.0
20241115:2010,0.00,0.00,0.0,0.0,9.74,9.83,0.0
20241115:2110,0.00,0.00,0.0,0.0,9.50,10.29,0.0
20241115:2210,0.00,0.00,0.0,0.0,9.40,10.32,0.0
20241115:2310,0.00,0.00,0.0,0.0,9.39,10.20,0.0
20241116:0010,0.00,0.00,0.0,0.0,9.40,9.80,0.0
20241116:0110,0.00,0.00,0.0,0.0,9.49,9.23,0.0
20241116:0210,0.00,0.00,0.0,0.0,9.68,8.82,0.0
20241116:0310,0.00,0.00,0.0,0.0,9.93,8.58,0.0
20241116:0410,0.00,0.00,0.0,0.0,10.11,8.68,0.0
20241116:0510,0.00,0.00,0.0,0.0,10.16,9.40,0.0
20241116:0610,52.47,0.00,0.0,0.0,10.07,9.86,0.0
20241116:0710,127.02,0.00,0.0,0.0,10.08,10.34,0.0
20241116:0810,188.71,0.00,0.0,0.0,10.21,10.60,0.0
20241116:0910,236.29,0.00,0.0,0.0,10.35,10.65,0.0
20241116:1010,272.67,0.00,0.0,0.0,10.42,10.54,0.0
20241116:1110,272.39,0.00,0.0,0.0,10.48,10.30,0.0
20241116:1210,224.34,0.00,0.0,0.0,10.52,10.16,0.0
20241116:1310,132.45,0.00,0.0,0.0,10.43,10.17,0.0
20241116:1410,46.56,0.00,0.0,0.0,10.20,10.20,0.0
20241116:1510,0.00,0.00,0.0,0.0,9.92,10.19,0.0
20241116:1610,0.00,0.00,0.0,0.0,9.79,9.98,0.0
20241116:1710,0.00,0.00,0.0,0.0,9.81,9.77,0.0
20241116:1810,0.00,0.00,0.0,0.0,9.89,9.96,0.0
20241116:1910,0.00,0.00,0.0,0.0,9.98,10.22,0.0
20241116:2010,0.00,0.00,0.0,0.0,10.09,10.20,0.0
20241116:2110,0.00,0.00,0.0,0.0,10.21,9.62,0.0
20241116:2210,0.00,0.00,0.0,0.0,10.25,9.25,0.0
20241116:2310,0.00,0.00,0.0,0.0,10.19,9.11,0.0
20241117:0010,0.00,0.00,0.0,0.0,10.13,8.98,0.0
20241117:0110,0.00,0.00,0.0,0.0,10.10,8.97,0.0
20241117:0210,0.00,0.00,0.0,0.0,10.06,9.14,0.0
20241117:0310,0.00,0.00,0.0,0.0,10.03,9.43,0.0
20241117:0410,0.00,0.00,0.0,0.0,10.09,9.40,0.0
20241117:0510,0.00,0.00,0.0,0.0,10.23,9.28,0.0
20241117:0610,56.66,0.00,0.0,0.0,10.43,9.19,0.0
20241117:0710,129.48,0.00,0.0,0.0,10.79,9.12,0.0
20241117:0810,181.96,0.00,0.0,0.0,11.22,9.22,0.0
20241117:0910,218.64,0.00,0.0,0.0,11.58,8.64,0.0
20241117:1010,240.34,0.00,0.0,0.0,11.80,8.22,0.0
20241117:1110,213.26,0.00,0.0,0.0,11.92,8.02,0.0
20241117:1210,132.66,0.00,0.0,0.0,11.95,7.38,0.0
20241117:1310,64.75,0.00,0.0,0.0,11.81,6.80,0.0
20241117:1410,30.90,0.00,0.0,0.0,11.52,6.84,0.0
20241117:1510,0.00,0.00,0.0,0.0,11.18,6.87,0.0
20241117:1610,0.00,0.00,0.0,0.0,10.97,6.80,0.0
20241117:1710,0.00,0.00,0.0,0.0,10.93,6.51,0.0
20241117:1810,0.00,0.00,0.0,0.0,10.97,5.99,0.0
20241117:1910,0.00,0.00,0.0,0.0,11.08,5.43,0.0
20241117:2010,0.00,0.00,0.0,0.0,11.21,4.83,0.0
20241117:2110,0.00,0.00,0.0,0.0,11.33,4.28,0.0
20241117:2210,0.00,0.00,0.0,0.0,11.39,3.72,0.0
20241117:2310,0.00,0.00,0.0,0.0,11.40,3.09,0.0
20241118:0010,0.00,0.00,0.0,0.0,11.39,2.54,0.0
20241118:0110,0.00,0.00,0.0,0.0,11.36,2.07,0.0
20241118:0210,0.00,0.00,0.0,0.0,11.31,1.74,0.0
20241118:0310,0.00,0.00,0.0,0.0,11.22,1.68,0.0
20241118:0410,0.00,0.00,0.0,0.0,11.02,1.96,0.0
20241118:0510,0.00,0.00,0.0,0.0,10.75,2.35,0.0
20241118:0610,35.04,0.00,0.0,0.0,10.49,2.65,0.0
20241118:0710,82.67,0.00,0.0,0.0,10.39,2.81,0.0
20241118:0810,115.27,0.00,0.0,0.0,10.52,2.87,0.0
20241118:0910,155.96,0.00,0.0,0.0,10.70,3.01,0.0
20241118:1010,200.14,0.00,0.0,0.0,11.07,3.29,0.0
20241118:1110,218.35,0.00,0.0,0.0,11.56,3.64,0.0
20241118:1210,195.70,0.00,0.0,0.0,12.02,3.79,0.0
20241118:1310,127.42,0.00,0.0,0.0,12.41,3.74,0.0
20241118:1410,53.18,0.00,0.0,0.0,12.63,3.68,0.0
20241118:1510,0.00,0.00,0.0,0.0,12.60,3.79,0.0
20241118:1610,0.00,0.00,0.0,0.0,12.36,4.03,0.0
20241118:1710,0.00,0.00,0.0,0.0,12.08,4.11,0.0
20241118:1810,0.00,0.00,0.0,0.0,11.82,4.12,0.0
20241118:1910,0.00,0.00,0.0,0.0,11.55,4.08,0.0
20241118:2010,0.00,0.00,0.0,0.0,11.27,4.00,0.0
20241118:2110,0.00,0.00,0.0,0.0,10.99,3.87,0.0
20241118:2210,0.00,0.00,0.0,0.0,10.74,3.75,0.0
20241118:2310,0.00,0.00,0.0,0.0,10.50,3.69,0.0
20241119:0010,0.00,0.00,0.0,0.0,10.22,3.70,0.0
20241119:0110,0.00,0.00,0.0,0.0,9.91,3.74,0.0
20241119:0210,0.00,0.00,0.0,0.0,9.62,3.76,0.0
20241119:0310,0.00,0.00,0.0,0.0,9.38,3.63,0.0
20241119:0410,0.00,0.00,0.0,0.0,9.25,3.30,0.0
20241119:0510,0.00,0.00,0.0,0.0,9.21,2.81,0.0
20241119:0610,96.69,0.00,0.0,0.0,9.27,2.31,0.0
20241119:0710,239.27,0.00,0.0,0.0,9.63,1.88,0.0
20241119:0810,352.13,0.00,0.0,0.0,10.57,1.52,0.0
20241119:0910,421.75,0.00,0.0,0.0,12.00,1.40,0.0
20241119:1010,430.76,0.00,0.0,0.0,12.97,1.43,0.0
20241119:1110,386.40,0.00,0.0,0.0,13.42,1.34,0.0
20241119:1210,302.13,0.00,0.0,0.0,13.69,1.19,0.0
20241119:1310,177.04,0.00,0.0,0.0,13.82,1.08,0.0
20241119:1410,67.98,0.00,0.0,0.0,13.77,1.24,0.0
20241119:1510,0.00,0.00,0.0,0.0,13.53,1.84,0.0
20241119:1610,0.00,0.00,0.0,0.0,13.18,2.43,0.0
20241119:1710,0.00,0.00,0.0,0.0,12.83,2.86,0.0
20241119:1810,0.00,0.00,0.0,0.0,12.52,3.17,0.0
20241119:1910,0.00,0.00,0.0,0.0,12.24,3.29,0.0
20241119:2010,0.00,0.00,0.0,0.0,11.97,3.20,0.0
20241119:2110,0.00,0.00,0.0,0.0,11.76,3.05,0.0
20241119:2210,0.00,0.00,0.0,0.0,11.64,3.22,0.0
20241119:2310,0.00,0.00,0.0,0.0,11.58,3.88,0.0
20241120:0010,0.00,0.00,0.0,0.0,11.54,4.73,0.0
20241120:0110,0.00,0.00,0.0,0.0,11.49,5.60,0.0
20241120:0210,0.00,0.00,0.0,0.0,11.42,6.66,0.0
20241120:0310,0.00,0.00,0.0,0.0,11.29,7.77,0.0
20241120:0410,0.00,0.00,0.0,0.0,11.10,8.25,0.0
20241120:0510,0.00,0.00,0.0,0.0,10.91,8.61,0.0
20241120:0610,87.61,0.00,0.0,0.0,10.87,9.06,0.0
20241120:0710,211.11,0.00,0.0,0.0,11.23,9.12,0.0
20241120:0810,290.30,0.00,0.0,0.0,12.13,9.62,0.0
20241120:0910,339.25,0.00,0.0,0.0,13.20,10.59,0.0
20241120:1010,367.08,0.00,0.0,0.0,14.20,10.82,0.0
20241120:1110,356.87,0.00,0.0,0.0,15.24,10.81,0.0
20241120:1210,288.62,0.00,0.0,0.0,16.19,10.85,0.0
20241120:1310,169.52,0.00,0.0,0.0,16.92,10.84,0.0
20241120:1410,66.41,0.00,0.0,0.0,17.23,10.28,0.0
20241120:1510,0.00,0.00,0.0,0.0,17.04,10.03,0.0
20241120:1610,0.00,0.00,0.0,0.0,16.68,10.79,0.0
20241120:1710,0.00,0.00,0.0,0.0,16.22,11.31,0.0
20241120:1810,0.00,0.00,0.0,0.0,15.79,11.51,0.0
20241120:1910,0.00,0.00,0.0,0.0,15.52,11.72,0.0
20241120:2010,0.00,0.00,0.0,0.0,15.31,12.10,0.0
20241120:2110,0.00,0.00,0.0,0.0,15.17,12.41,0.0
20241120:2210,0.00,0.00,0.0,0.0,15.23,12.84,0.0
20241120:2310,0.00,0.00,0.0,0.0,15.38,13.29,0.0
20241121:0010,0.00,0.00,0.0,0.0,15.53,13.67,0.0
20241121:0110,0.00,0.00,0.0,0.0,15.67,14.02,0.0
20241121:0210,0.00,0.00,0.0,0.0,15.80,14.20,0.0
20241121:0310,0.00,0.00,0.0,0.0,16.00,14.40,0.0
20241121:0410,0.00,0.00,0.0,0.0,16.23,14.75,0.0
20241121:0510,0.00,0.00,0.0,0.0,16.46,15.00,0.0
20241121:0610,65.64,0.00,0.0,0.0,16.74,15.28,0.0
20241121:0710,133.06,0.00,0.0,0.0,17.23,15.26,0.0
20241121:0810,142.18,0.00,0.0,0.0,17.87,15.03,0.0
20241121:0910,112.50,0.00,0.0,0.0,18.39,14.83,0.0
20241121:1010,75.40,0.00,0.0,0.0,18.37,16.80,0.0
20241121:1110,52.97,0.00,0.0,0.0,17.14,14.05,0.0
20241121:1210,35.33,0.00,0.0,0.0,14.61,10.02,0.0
20241121:1310,18.72,0.00,0.0,0.0,11.41,10.45,0.0
20241121:1410,7.04,0.00,0.0,0.0,9.21,10.43,0.0
20241121:1510,0.00,0.00,0.0,0.0,8.81,8.49,0.0
20241121:1610,0.00,0.00,0.0,0.0,9.30,5.81,0.0
20241121:1710,0.00,0.00,0.0,0.0,9.73,4.43,0.0
20241121:1810,0.00,0.00,0.0,0.0,9.87,4.00,0.0
20241121:1910,0.00,0.00,0.0,0.0,9.76,3.65,0.0
20241121:2010,0.00,0.00,0.0,0.0,9.57,3.59,0.0
20241121:2110,0.00,0.00,0.0,0.0,9.39,3.56,0.0
20241121:2210,0.00,0.00,0.0,0.0,9.34,3.80,0.0
20241121:2310,0.00,0.00,0.0,0.0,9.41,4.27,0.0
20241122:0010,0.00,0.00,0.0,0.0,9.47,5.00,0.0
20241122:0110,0.00,0.00,0.0,0.0,9.45,6.03,0.0
20241122:0210,0.00,0.00,0.0,0.0,9.28,6.80,0.0
20241122:0310,0.00,0.00,0.0,0.0,9.08,6.98,0.0
20241122:0410,0.00,0.00,0.0,0.0,8.93,6.51,0.0
20241122:0510,0.00,0.00,0.0,0.0,8.86,6.02,0.0
20241122:0610,86.77,0.00,0.0,0.0,9.01,5.98,0.0
20241122:0710,224.05,0.00,0.0,0.0,9.72,5.26,0.0
20241122:0810,335.02,0.00,0.0,0.0,11.00,4.75,0.0
20241122:0910,407.11,0.00,0.0,0.0,12.33,5.85,0.0
20241122:1010,421.58,0.00,0.0,0.0,13.47,7.29,0.0
20241122:1110,380.24,0.00,0.0,0.0,14.75,8.52,0.0
20241122:1210,296.54,0.00,0.0,0.0,16.30,9.57,0.0
20241122:1310,172.52,0.00,0.0,0.0,17.61,10.32,0.0
20241122:1410,71.67,0.00,0.0,0.0,18.14,10.55,0.0
20241122:1510,0.00,0.00,0.0,0.0,18.10,11.00,0.0
20241122:1610,0.00,0.00,0.0,0.0,17.94,11.36,0.0
20241122:1710,0.00,0.00,0.0,0.0,17.80,12.12,0.0
20241122:1810,0.00,0.00,0.0,0.0,17.48,12.92,0.0
20241122:1910,0.00,0.00,0.0,0.0,17.29,13.75,0.0
20241122:2010,0.00,0.00,0.0,0.0,17.25,14.60,0.0
20241122:2110,0.00,0.00,0.0,0.0,17.34,15.27,0.0
20241122:2210,0.00,0.00,0.0,0.0,17.56,16.28,0.0
20241122:2310,0.00,0.00,0.0,0.0,17.79,17.20,0.0
20241123:0010,0.00,0.00,0.0,0.0,17.99,17.56,0.0
20241123:0110,0.00,0.00,0.0,0.0,18.18,17.49,0.0
20241123:0210,0.00,0.00,0.0,0.0,18.26,17.24,0.0
20241123:0310,0.00,0.00,0.0,0.0,18.26,16.79,0.0
20241123:0410,0.00,0.00,0.0,0.0,18.04,15.55,0.0
20241123:0510,0.00,0.00,0.0,0.0,16.62,12.39,0.0
20241123:0610,36.84,0.00,0.0,0.0,12.55,10.28,0.0
20241123:0710,87.97,0.00,0.0,0.0,7.07,14.36,0.0
20241123:0810,150.55,0.00,0.0,0.0,4.55,14.05,0.0
20241123:0910,219.17,0.00,0.0,0.0,4.70,11.07,0.0
20241123:1010,236.89,0.00,0.0,0.0,5.20,7.80,0.0
20241123:1110,216.63,0.00,0.0,0.0,5.59,6.76,0.0
20241123:1210,175.62,0.00,0.0,0.0,5.91,5.53,0.0
20241123:1310,107.43,0.00,0.0,0.0,5.99,5.06,0.0
20241123:1410,46.92,0.00,0.0,0.0,5.98,4.58,0.0
20241123:1510,0.00,0.00,0.0,0.0,6.00,4.40,0.0
20241123:1610,0.00,0.00,0.0,0.0,6.18,5.51,0.0
20241123:1710,0.00,0.00,0.0,0.0,6.26,6.77,0.0
20241123:1810,0.00,0.00,0.0,0.0,6.03,7.91,0.0
20241123:1910,0.00,0.00,0.0,0.0,5.70,8.77,0.0
20241123:2010,0.00,0.00,0.0,0.0,5.40,9.23,0.0
20241123:2110,0.00,0.00,0.0,0.0,5.20,9.68,0.0
20241123:2210,0.00,0.00,0.0,0.0,5.03,10.11,0.0
20241123:2310,0.00,0.00,0.0,0.0,5.07,10.58,0.0
20241124:0010,0.00,0.00,0.0,0.0,5.23,10.96,0.0
20241124:0110,0.00,0.00,0.0,0.0,5.08,10.77,0.0
20241124:0210,0.00,0.00,0.0,0.0,4.72,10.58,0.0
20241124:0310,0.00,0.00,0.0,0.0,4.58,10.46,0.0
20241124:0410,0.00,0.00,0.0,0.0,4.74,10.47,0.0
20241124:0510,0.00,0.00,0.0,0.0,5.01,10.48,0.0
20241124:0610,62.00,0.00,0.0,0.0,5.32,10.51,0.0
20241124:0710,178.01,0.00,0.0,0.0,5.72,10.67,0.0
20241124:0810,300.65,0.00,0.0,0.0,6.28,11.18,0.0
20241124:0910,393.59,0.00,0.0,0.0,6.71,11.21,0.0
20241124:1010,422.70,0.00,0.0,0.0,6.85,10.70,0.0
20241124:1110,388.73,0.00,0.0,0.0,6.90,10.07,0.0
20241124:1210,303.17,0.00,0.0,0.0,6.90,9.54,0.0
20241124:1310,173.81,0.00,0.0,0.0,6.78,9.03,0.0
20241124:1410,76.29,0.00,0.0,0.0,6.55,8.58,0.0
20241124:1510,0.00,0.00,0.0,0.0,6.26,8.09,0.0
20241124:1610,0.00,0.00,0.0,0.0,6.04,7.55,0.0
20241124:1710,0.00,0.00,0.0,0.0,5.95,6.83,0.0
20241124:1810,0.00,0.00,0.0,0.0,6.01,6.17,0.0
20241124:1910,0.00,0.00,0.0,0.0,6.21,5.77,0.0
20241124:2010,0.00,0.00,0.0,0.0,6.41,5.62,0.0
20241124:2110,0.00,0.00,0.0,0.0,6.48,5.43,0.0
20241124:2210,0.00,0.00,0.0,0.0,6.38,5.26,0.0
20241124:2310,0.00,0.00,0.0,0.0,6.17,5.00,0.0
20241125:0010,0.00,0.00,0.0,0.0,5.93,4.77,0.0
20241125:0110,0.00,0.00,0.0,0.0,5.71,4.85,0.0
20241125:0210,0.00,0.00,0.0,0.0,5.54,5.28,0.0
20241125:0310,0.00,0.00,0.0,0.0,5.42,5.61,0.0
20241125:0410,0.00,0.00,0.0,0.0,5.40,5.78,0.0
20241125:0510,0.00,0.00,0.0,0.0,5.43,5.90,0.0
20241125:0610,64.59,0.00,0.0,0.0,5.50,5.95,0.0
20241125:0710,171.93,0.00,0.0,0.0,5.76,5.92,0.0
20241125:0810,262.63,0.00,0.0,0.0,6.31,5.99,0.0
20241125:0910,326.79,0.00,0.0,0.0,6.77,6.33,0.0
20241125:1010,344.46,0.00,0.0,0.0,7.26,6.80,0.0
20241125:1110,321.67,0.00,0.0,0.0,7.73,7.44,0.0
20241125:1210,263.69,0.00,0.0,0.0,7.93,8.13,0.0
20241125:1310,157.14,0.00,0.0,0.0,7.85,8.67,0.0
20241125:1410,73.00,0.00,0.0,0.0,7.63,8.51,0.0
20241125:1510,0.00,0.00,0.0,0.0,7.52,7.73,0.0
20241125:1610,0.00,0.00,0.0,0.0,7.61,7.33,0.0
20241125:1710,0.00,0.00,0.0,0.0,7.78,7.28,0.0
20241125:1810,0.00,0.00,0.0,0.0,7.95,6.97,0.0
20241125:1910,0.00,0.00,0.0,0.0,8.11,6.84,0.0
20241125:2010,0.00,0.00,0.0,0.0,8.25,7.14,0.0
20241125:2110,0.00,0.00,0.0,0.0,8.32,7.38,0.0
20241125:2210,0.00,0.00,0.0,0.0,8.30,7.30,0.0
20241125:2310,0.00,0.00,0.0,0.0,8.23,7.18,0.0
20241126:0010,0.00,0.00,0.0,0.0,8.17,6.91,0.0
20241126:0110,0.00,0.00,0.0,0.0,8.09,6.33,0.0
20241126:0210,0.00,0.00,0.0,0.0,7.99,5.90,0.0
20241126:0310,0.00,0.00,0.0,0.0,7.87,5.36,0.0
20241126:0410,0.00,0.00,0.0,0.0,7.69,4.81,0.0
20241126:0510,0.00,0.00,0.0,0.0,7.49,4.39,0.0
20241126:0610,50.46,0.00,0.0,0.0,7.31,4.12,0.0
20241126:0710,152.91,0.00,0.0,0.0,7.27,3.99,0.0
20241126:0810,266.79,0.00,0.0,0.0,7.59,3.76,0.0
20241126:0910,358.66,0.00,0.0,0.0,7.99,3.53,0.0
20241126:1010,396.13,0.00,0.0,0.0,8.33,3.40,0.0
20241126:1110,359.32,0.00,0.0,0.0,8.66,3.31,0.0
20241126:1210,274.61,0.00,0.0,0.0,8.91,3.22,0.0
20241126:1310,155.30,0.00,0.0,0.0,9.05,3.05,0.0
20241126:1410,73.66,0.00,0.0,0.0,9.07,2.72,0.0
20241126:1510,0.00,0.00,0.0,0.0,9.04,2.45,0.0
20241126:1610,0.00,0.00,0.0,0.0,9.05,2.00,0.0
20241126:1710,0.00,0.00,0.0,0.0,9.10,1.60,0.0
20241126:1810,0.00,0.00,0.0,0.0,9.14,1.68,0.0
20241126:1910,0.00,0.00,0.0,0.0,9.18,2.11,0.0
20241126:2010,0.00,0.00,0.0,0.0,9.21,2.56,0.0
20241126:2110,0.00,0.00,0.0,0.0,9.22,2.92,0.0
20241126:2210,0.00,0.00,0.0,0.0,9.15,3.30,0.0
20241126:2310,0.00,0.00,0.0,0.0,9.05,3.62,0.0
20241127:0010,0.00,0.00,0.0,0.0,8.96,3.83,0.0
20241127:0110,0.00,0.00,0.0,0.0,8.90,4.22,0.0
20241127:0210,0.00,0.00,0.0,0.0,8.84,4.76,0.0
20241127:0310,0.00,0.00,0.0,0.0,8.79,5.26,0.0
20241127:0410,0.00,0.00,0.0,0.0,8.85,5.50,0.0
20241127:0510,0.00,0.00,0.0,0.0,8.98,5.68,0.0
20241127:0610,46.36,0.00,0.0,0.0,9.07,6.00,0.0
20241127:0710,119.01,0.00,0.0,0.0,9.19,6.05,0.0
20241127:0810,181.20,0.00,0.0,0.0,9.50,5.66,0.0
20241127:0910,220.95,0.00,0.0,0.0,9.92,5.38,0.0
20241127:1010,232.84,0.00,0.0,0.0,10.28,4.83,0.0
20241127:1110,227.64,0.00,0.0,0.0,10.62,4.27,0.0
20241127:1210,193.57,0.00,0.0,0.0,10.92,3.82,0.0
20241127:1310,117.62,0.00,0.0,0.0,11.12,3.45,0.0
20241127:1410,63.59,0.00,0.0,0.0,11.17,3.16,0.0
20241127:1510,0.00,0.00,0.0,0.0,11.09,3.19,0.0
20241127:1610,0.00,0.00,0.0,0.0,10.94,3.34,0.0
20241127:1710,0.00,0.00,0.0,0.0,10.78,3.64,0.0
20241127:1810,0.00,0.00,0.0,0.0,10.60,4.02,0.0
20241127:1910,0.00,0.00,0.0,0.0,10.43,4.15,0.0
20241127:2010,0.00,0.00,0.0,0.0,10.30,4.03,0.0
20241127:2110,0.00,0.00,0.0,0.0,10.18,3.89,0.0
20241127:2210,0.00,0.00,0.0,0.0,10.08,3.59,0.0
20241127:2310,0.00,0.00,0.0,0.0,9.99,3.24,0.0
20241128:0010,0.00,0.00,0.0,0.0,9.92,2.87,0.0
20241128:0110,0.00,0.00,0.0,0.0,9.86,2.46,0.0
20241128:0210,0.00,0.00,0.0,0.0,9.80,2.04,0.0
20241128:0310,0.00,0.00,0.0,0.0,9.72,1.59,0.0
20241128:0410,0.00,0.00,0.0,0.0,9.60,1.34,0.0
20241128:0510,0.00,0.00,0.0,0.0,9.47,1.12,0.0
20241128:0610,66.24,0.00,0.0,0.0,9.36,0.83,0.0
20241128:0710,181.57,0.00,0.0,0.0,9.40,0.53,0.0
20241128:0810,289.74,0.00,0.0,0.0,9.67,0.19,0.0
20241128:0910,362.25,0.00,0.0,0.0,10.07,0.21,0.0
20241128:1010,372.68,0.00,0.0,0.0,10.44,0.56,0.0
20241128:1110,336.63,0.00,0.0,0.0,10.79,0.66,0.0
20241128:1210,256.11,0.00,0.0,0.0,11.08,0.52,0.0
20241128:1310,138.04,0.00,0.0,0.0,11.20,0.21,0.0
20241128:1410,34.25,0.00,0.0,0.0,11.15,0.28,0.0
20241128:1510,0.00,0.00,0.0,0.0,11.01,0.87,0.0
20241128:1610,0.00,0.00,0.0,0.0,10.91,1.45,0.0
20241128:1710,0.00,0.00,0.0,0.0,10.86,1.93,0.0
20241128:1810,0.00,0.00,0.0,0.0,10.82,2.29,0.0
20241128:1910,0.00,0.00,0.0,0.0,10.79,2.51,0.0
20241128:2010,0.00,0.00,0.0,0.0,10.75,2.65,0.0
20241128:2110,0.00,0.00,0.0,0.0,10.67,2.72,0.0
20241128:2210,0.00,0.00,0.0,0.0,10.51,2.61,0.0
20241128:2310,0.00,0.00,0.0,0.0,10.32,2.50,0.0
20241129:0010,0.00,0.00,0.0,0.0,10.14,2.58,0.0
20241129:0110,0.00,0.00,0.0,0.0,9.95,2.82,0.0
20241129:0210,0.00,0.00,0.0,0.0,9.75,3.02,0.0
20241129:0310,0.00,0.00,0.0,0.0,9.57,3.24,0.0
20241129:0410,0.00,0.00,0.0,0.0,9.48,3.58,0.0
20241129:0510,0.00,0.00,0.0,0.0,9.42,4.02,0.0
20241129:0610,67.70,0.00,0.0,0.0,9.39,4.49,0.0
20241129:0710,193.84,0.00,0.0,0.0,9.58,4.67,0.0
20241129:0810,303.34,0.00,0.0,0.0,10.19,4.53,0.0
20241129:0910,376.56,0.00,0.0,0.0,11.05,4.61,0.0
20241129:1010,392.70,0.00,0.0,0.0,11.81,4.73,0.0
20241129:1110,352.74,0.00,0.0,0.0,12.41,4.72,0.0
20241129:1210,270.73,0.00,0.0,0.0,12.81,4.37,0.0
20241129:1310,151.14,0.00,0.0,0.0,12.98,3.66,0.0
20241129:1410,38.45,0.00,0.0,0.0,12.90,2.63,0.0
20241129:1510,0.00,0.00,0.0,0.0,12.64,1.46,0.0
20241129:1610,0.00,0.00,0.0,0.0,12.35,1.27,0.0
20241129:1710,0.00,0.00,0.0,0.0,12.11,2.26,0.0
20241129:1810,0.00,0.00,0.0,0.0,11.93,3.21,0.0
20241129:1910,0.00,0.00,0.0,0.0,11.84,3.78,0.0
20241129:2010,0.00,0.00,0.0,0.0,11.82,3.97,0.0
20241129:2110,0.00,0.00,0.0,0.0,11.81,3.92,0.0
20241129:2210,0.00,0.00,0.0,0.0,11.75,3.88,0.0
20241129:2310,0.00,0.00,0.0,0.0,11.57,3.90,0.0
20241130:0010,0.00,0.00,0.0,0.0,11.29,3.98,0.0
20241130:0110,0.00,0.00,0.0,0.0,10.93,4.07,0.0
20241130:0210,0.00,0.00,0.0,0.0,10.53,4.13,0.0
20241130:0310,0.00,0.00,0.0,0.0,10.11,4.25,0.0
20241130:0410,0.00,0.00,0.0,0.0,9.58,4.25,0.0
20241130:0510,0.00,0.00,0.0,0.0,8.99,4.03,0.0
20241130:0610,65.05,0.00,0.0,0.0,8.51,3.86,0.0
20241130:0710,188.36,0.00,0.0,0.0,8.32,3.76,0.0
20241130:0810,294.71,0.00,0.0,0.0,8.77,3.37,0.0
20241130:0910,363.01,0.00,0.0,0.0,10.02,3.24,0.0
20241130:1010,372.80,0.00,0.0,0.0,11.64,3.54,0.0
20241130:1110,321.31,0.00,0.0,0.0,12.87,4.31,0.0
20241130:1210,232.51,0.00,0.0,0.0,13.48,5.38,0.0
20241130:1310,124.62,0.00,0.0,0.0,13.44,6.65,0.0
20241130:1410,31.08,0.00,0.0,0.0,12.80,7.82,0.0
20241130:1510,0.00,0.00,0.0,0.0,11.72,8.68,0.0
20241130:1610,0.00,0.00,0.0,0.0,10.77,9.09,0.0
20241130:1710,0.00,0.00,0.0,0.0,10.27,8.80,0.0
20241130:1810,0.00,0.00,0.0,0.0,10.04,8.45,0.0
20241130:1910,0.00,0.00,0.0,0.0,9.89,8.56,0.0
20241130:2010,0.00,0.00,0.0,0.0,9.79,8.97,0.0
20241130:2110,0.00,0.00,0.0,0.0,9.71,9.43,0.0
20241130:2210,0.00,0.00,0.0,0.0,9.69,9.70,0.0
20241130:2310,0.00,0.00,0.0,0.0,9.68,9.72,0.0
20241201:0010,0.00,0.00,0.0,0.0,9.64,9.74,0.0
20241201:0110,0.00,0.00,0.0,0.0,9.57,9.84,0.0
20241201:0210,0.00,0.00,0.0,0.0,9.47,9.88,0.0
20241201:0310,0.00,0.00,0.0,0.0,9.34,9.95,0.0
20241201:0410,0.00,0.00,0.0,0.0,9.15,10.27,0.0
20241201:0510,0.00,0.00,0.0,0.0,8.95,10.55,0.0
20241201:0610,52.24,0.00,0.0,0.0,8.84,10.68,0.0
20241201:0710,153.98,0.00,0.0,0.0,9.11,10.67,0.0
20241201:0810,215.18,0.00,0.0,0.0,9.82,11.08,0.0
20241201:0910,212.45,0.00,0.0,0.0,10.48,11.26,0.0
20241201:1010,176.47,0.00,0.0,0.0,10.91,11.13,0.0
20241201:1110,143.29,0.00,0.0,0.0,11.16,11.05,0.0
20241201:1210,126.00,0.00,0.0,0.0,11.25,11.13,0.0
20241201:1310,95.89,0.00,0.0,0.0,11.24,11.25,0.0
20241201:1410,43.72,0.00,0.0,0.0,11.07,11.39,0.0
20241201:1510,0.00,0.00,0.0,0.0,10.75,11.37,0.0
20241201:1610,0.00,0.00,0.0,0.0,10.51,11.39,0.0
20241201:1710,0.00,0.00,0.0,0.0,10.45,11.49,0.0
20241201:1810,0.00,0.00,0.0,0.0,10.46,11.47,0.0
20241201:1910,0.00,0.00,0.0,0.0,10.44,11.43,0.0
20241201:2010,0.00,0.00,0.0,0.0,10.40,11.12,0.0
20241201:2110,0.00,0.00,0.0,0.0,10.36,10.69,0.0
20241201:2210,0.00,0.00,0.0,0.0,10.33,10.30,0.0
20241201:2310,0.00,0.00,0.0,0.0,10.25,9.95,0.0
20241202:0010,0.00,0.00,0.0,0.0,10.15,9.72,0.0
20241202:0110,0.00,0.00,0.0,0.0,10.05,9.59,0.0
20241202:0210,0.00,0.00,0.0,0.0,9.90,9.21,0.0
20241202:0310,0.00,0.00,0.0,0.0,9.72,8.78,0.0
20241202:0410,0.00,0.00,0.0,0.0,9.55,8.19,0.0
20241202:0510,0.00,0.00,0.0,0.0,9.43,7.76,0.0
20241202:0610,22.56,0.00,0.0,0.0,9.34,7.35,0.0
20241202:0710,80.37,0.00,0.0,0.0,9.40,6.98,0.0
20241202:0810,147.03,0.00,0.0,0.0,9.72,7.00,0.0
20241202:0910,194.85,0.00,0.0,0.0,10.16,7.41,0.0
20241202:1010,204.73,0.00,0.0,0.0,10.49,7.63,0.0
20241202:1110,182.34,0.00,0.0,0.0,10.68,7.76,0.0
20241202:1210,141.37,0.00,0.0,0.0,10.75,7.90,0.0
20241202:1310,80.79,0.00,0.0,0.0,10.68,8.16,0.0
20241202:1410,31.16,0.00,0.0,0.0,10.45,8.48,0.0
20241202:1510,0.00,0.00,0.0,0.0,10.12,8.92,0.0
20241202:1610,0.00,0.00,0.0,0.0,9.96,9.42,0.0
20241202:1710,0.00,0.00,0.0,0.0,9.98,9.84,0.0
20241202:1810,0.00,0.00,0.0,0.0,10.01,9.35,0.0
20241202:1910,0.00,0.00,0.0,0.0,9.99,9.06,0.0
20241202:2010,0.00,0.00,0.0,0.0,9.95,9.26,0.0
20241202:2110,0.00,0.00,0.0,0.0,9.91,9.14,0.0
20241202:2210,0.00,0.00,0.0,0.0,9.89,8.89,0.0
20241202:2310,0.00,0.00,0.0,0.0,9.88,8.77,0.0
20241203:0010,0.00,0.00,0.0,0.0,9.85,8.60,0.0
20241203:0110,0.00,0.00,0.0,0.0,9.84,8.50,0.0
20241203:0210,0.00,0.00,0.0,0.0,9.83,8.43,0.0
20241203:0310,0.00,0.00,0.0,0.0,9.82,8.36,0.0
20241203:0410,0.00,0.00,0.0,0.0,9.78,8.35,0.0
20241203:0510,0.00,0.00,0.0,0.0,9.72,8.34,0.0
20241203:0610,8.85,0.00,0.0,0.0,9.65,8.08,0.0
20241203:0710,31.71,0.00,0.0,0.0,9.60,7.88,0.0
20241203:0810,64.14,0.00,0.0,0.0,9.64,7.92,0.0
20241203:0910,97.96,0.00,0.0,0.0,9.80,8.21,0.0
20241203:1010,112.39,0.00,0.0,0.0,10.03,8.41,0.0
20241203:1110,110.90,0.00,0.0,0.0,10.23,8.32,0.0
20241203:1210,94.85,0.00,0.0,0.0,10.36,8.38,0.0
20241203:1310,55.36,0.00,0.0,0.0,10.40,8.57,0.0
20241203:1410,21.27,0.00,0.0,0.0,10.33,8.51,0.0
20241203:1510,0.00,0.00,0.0,0.0,10.19,8.37,0.0
20241203:1610,0.00,0.00,0.0,0.0,10.04,8.35,0.0
20241203:1710,0.00,0.00,0.0,0.0,9.92,8.05,0.0
20241203:1810,0.00,0.00,0.0,0.0,9.83,7.57,0.0
20241203:1910,0.00,0.00,0.0,0.0,9.76,6.94,0.0
20241203:2010,0.00,0.00,0.0,0.0,9.70,6.25,0.0
20241203:2110,0.00,0.00,0.0,0.0,9.67,5.64,0.0
20241203:2210,0.00,0.00,0.0,0.0,9.72,5.19,0.0
20241203:2310,0.00,0.00,0.0,0.0,9.82,4.86,0.0
20241204:0010,0.00,0.00,0.0,0.0,9.89,4.53,0.0
20241204:0110,0.00,0.00,0.0,0.0,9.91,4.27,0.0
20241204:0210,0.00,0.00,0.0,0.0,9.89,4.02,0.0
20241204:0310,0.00,0.00,0.0,0.0,9.84,3.73,0.0
20241204:0410,0.00,0.00,0.0,0.0,9.70,3.59,0.0
20241204:0510,0.00,0.00,0.0,0.0,9.56,3.62,0.0
20241204:0610,22.31,0.00,0.0,0.0,9.45,3.54,0.0
20241204:0710,80.67,0.00,0.0,0.0,9.39,3.44,0.0
20241204:0810,146.33,0.00,0.0,0.0,9.39,3.39,0.0
20241204:0910,201.22,0.00,0.0,0.0,9.38,3.41,0.0
20241204:1010,209.29,0.00,0.0,0.0,9.45,3.63,0.0
20241204:1110,195.30,0.00,0.0,0.0,9.57,3.96,0.0
20241204:1210,147.79,0.00,0.0,0.0,9.70,4.35,0.0
20241204:1310,70.31,0.00,0.0,0.0,9.75,4.64,0.0
20241204:1410,25.68,0.00,0.0,0.0,9.63,4.80,0.0
20241204:1510,0.00,0.00,0.0,0.0,9.51,4.88,0.0
20241204:1610,0.00,0.00,0.0,0.0,9.49,4.85,0.0
20241204:1710,0.00,0.00,0.0,0.0,9.53,4.77,0.0
20241204:1810,0.00,0.00,0.0,0.0,9.56,4.74,0.0
20241204:1910,0.00,0.00,0.0,0.0,9.60,4.69,0.0
20241204:2010,0.00,0.00,0.0,0.0,9.64,4.64,0.0
20241204:2110,0.00,0.00,0.0,0.0,9.66,4.51,0.0
20241204:2210,0.00,0.00,0.0,0.0,9.64,4.43,0.0
20241204:2310,0.00,0.00,0.0,0.0,9.58,4.39,0.0
20241205:0010,0.00,0.00,0.0,0.0,9.55,4.38,0.0
20241205:0110,0.00,0.00,0.0,0.0,9.52,4.44,0.0
20241205:0210,0.00,0.00,0.0,0.0,9.49,4.60,0.0
20241205:0310,0.00,0.00,0.0,0.0,9.45,4.87,0.0
20241205:0410,0.00,0.00,0.0,0.0,9.39,5.08,0.0
20241205:0510,0.00,0.00,0.0,0.0,9.33,5.12,0.0
20241205:0610,33.35,0.00,0.0,0.0,9.29,5.02,0.0
20241205:0710,113.10,0.00,0.0,0.0,9.35,4.88,0.0
20241205:0810,207.46,0.00,0.0,0.0,9.56,4.71,0.0
20241205:0910,279.62,0.00,0.0,0.0,9.85,4.36,0.0
20241205:1010,329.18,0.00,0.0,0.0,10.11,4.20,0.0
20241205:1110,325.77,0.00,0.0,0.0,10.40,4.41,0.0
20241205:1210,233.06,0.00,0.0,0.0,10.57,4.84,0.0
20241205:1310,109.96,0.00,0.0,0.0,10.54,5.59,0.0
20241205:1410,37.00,0.00,0.0,0.0,10.26,6.40,0.0
20241205:1510,0.00,0.00,0.0,0.0,9.81,7.01,0.0
20241205:1610,0.00,0.00,0.0,0.0,9.48,7.37,0.0
20241205:1710,0.00,0.00,0.0,0.0,9.36,7.48,0.0
20241205:1810,0.00,0.00,0.0,0.0,9.35,7.39,0.0
20241205:1910,0.00,0.00,0.0,0.0,9.37,7.23,0.0
20241205:2010,0.00,0.00,0.0,0.0,9.41,6.98,0.0
20241205:2110,0.00,0.00,0.0,0.0,9.41,6.56,0.0
20241205:2210,0.00,0.00,0.0,0.0,9.32,6.26,0.0
20241205:2310,0.00,0.00,0.0,0.0,9.17,6.12,0.0
20241206:0010,0.00,0.00,0.0,0.0,9.00,6.09,0.0
20241206:0110,0.00,0.00,0.0,0.0,8.79,6.17,0.0
20241206:0210,0.00,0.00,0.0,0.0,8.50,6.03,0.0
20241206:0310,0.00,0.00,0.0,0.0,8.14,5.92,0.0
20241206:0410,0.00,0.00,0.0,0.0,7.70,5.84,0.0
20241206:0510,0.00,0.00,0.0,0.0,7.31,5.81,0.0
20241206:0610,45.23,0.00,0.0,0.0,7.02,5.61,0.0
20241206:0710,155.89,0.00,0.0,0.0,7.09,5.20,0.0
20241206:0810,283.27,0.00,0.0,0.0,7.88,4.57,0.0
20241206:0910,366.53,0.00,0.0,0.0,9.18,3.71,0.0
20241206:1010,388.17,0.00,0.0,0.0,10.51,3.01,0.0
20241206:1110,351.94,0.00,0.0,0.0,11.63,2.51,0.0
20241206:1210,274.24,0.00,0.0,0.0,12.45,2.19,0.0
20241206:1310,159.79,0.00,0.0,0.0,13.01,1.80,0.0
20241206:1410,61.84,0.00,0.0,0.0,13.16,1.00,0.0
20241206:1510,0.00,0.00,0.0,0.0,13.14,1.07,0.0
20241206:1610,0.00,0.00,0.0,0.0,12.98,2.16,0.0
20241206:1710,0.00,0.00,0.0,0.0,12.73,3.21,0.0
20241206:1810,0.00,0.00,0.0,0.0,12.44,4.17,0.0
20241206:1910,0.00,0.00,0.0,0.0,12.27,5.03,0.0
20241206:2010,0.00,0.00,0.0,0.0,12.26,5.52,0.0
20241206:2110,0.00,0.00,0.0,0.0,12.27,5.62,0.0
20241206:2210,0.00,0.00,0.0,0.0,12.27,5.61,0.0
20241206:2310,0.00,0.00,0.0,0.0,12.21,5.68,0.0
20241207:0010,0.00,0.00,0.0,0.0,12.20,6.06,0.0
20241207:0110,0.00,0.00,0.0,0.0,12.23,6.12,0.0
20241207:0210,0.00,0.00,0.0,0.0,12.10,5.73,0.0
20241207:0310,0.00,0.00,0.0,0.0,11.80,5.83,0.0
20241207:0410,0.00,0.00,0.0,0.0,11.40,6.05,0.0
20241207:0510,0.00,0.00,0.0,0.0,11.11,6.26,0.0
20241207:0610,21.61,0.00,0.0,0.0,11.06,6.67,0.0
20241207:0710,61.67,0.00,0.0,0.0,11.11,6.49,0.0
20241207:0810,118.66,0.00,0.0,0.0,11.31,6.08,0.0
20241207:0910,200.88,0.00,0.0,0.0,11.84,5.81,0.0
20241207:1010,267.04,0.00,0.0,0.0,12.87,5.95,0.0
20241207:1110,272.21,0.00,0.0,0.0,14.18,6.07,0.0
20241207:1210,235.44,0.00,0.0,0.0,15.19,5.39,0.0
20241207:1310,146.87,0.00,0.0,0.0,15.70,4.53,0.0
20241207:1410,57.19,0.00,0.0,0.0,15.64,3.85,0.0
20241207:1510,0.00,0.00,0.0,0.0,15.24,4.40,0.0
20241207:1610,0.00,0.00,0.0,0.0,14.85,5.43,0.0
20241207:1710,0.00,0.00,0.0,0.0,14.52,6.14,0.0
20241207:1810,0.00,0.00,0.0,0.0,14.02,6.76,0.0
20241207:1910,0.00,0.00,0.0,0.0,13.23,7.43,0.0
20241207:2010,0.00,0.00,0.0,0.0,12.36,7.63,0.0
20241207:2110,0.00,0.00,0.0,0.0,11.70,7.59,0.0
20241207:2210,0.00,0.00,0.0,0.0,11.39,7.52,0.0
20241207:2310,0.00,0.00,0.0,0.0,11.21,7.69,0.0
20241208:0010,0.00,0.00,0.0,0.0,11.03,7.81,0.0
20241208:0110,0.00,0.00,0.0,0.0,10.89,7.76,0.0
20241208:0210,0.00,0.00,0.0,0.0,10.90,7.99,0.0
20241208:0310,0.00,0.00,0.0,0.0,11.14,8.34,0.0
20241208:0410,0.00,0.00,0.0,0.0,11.41,8.71,0.0
20241208:0510,0.00,0.00,0.0,0.0,11.49,9.05,0.0
20241208:0610,13.92,0.00,0.0,0.0,11.57,9.35,0.0
20241208:0710,47.70,0.00,0.0,0.0,11.89,9.36,0.0
20241208:0810,121.52,0.00,0.0,0.0,12.41,8.71,0.0
20241208:0910,172.13,0.00,0.0,0.0,13.03,8.02,0.0
20241208:1010,158.66,0.00,0.0,0.0,13.24,7.87,0.0
20241208:1110,196.26,0.00,0.0,0.0,13.14,7.78,0.0
20241208:1210,226.31,0.00,0.0,0.0,13.42,7.03,0.0
20241208:1310,140.90,0.00,0.0,0.0,13.91,6.16,0.0
20241208:1410,50.95,0.00,0.0,0.0,13.96,5.14,0.0
20241208:1510,0.00,0.00,0.0,0.0,13.69,3.82,0.0
20241208:1610,0.00,0.00,0.0,0.0,13.50,2.64,0.0
20241208:1710,0.00,0.00,0.0,0.0,13.47,2.06,0.0
20241208:1810,0.00,0.00,0.0,0.0,13.58,2.57,0.0
20241208:1910,0.00,0.00,0.0,0.0,13.78,3.75,0.0
20241208:2010,0.00,0.00,0.0,0.0,13.92,5.11,0.0
20241208:2110,0.00,0.00,0.0,0.0,13.87,6.22,0.0
20241208:2210,0.00,0.00,0.0,0.0,13.72,6.76,0.0
20241208:2310,0.00,0.00,0.0,0.0,13.76,7.45,0.0
20241209:0010,0.00,0.00,0.0,0.0,14.01,8.28,0.0
20241209:0110,0.00,0.00,0.0,0.0,14.07,8.21,0.0
20241209:0210,0.00,0.00,0.0,0.0,14.00,8.13,0.0
20241209:0310,0.00,0.00,0.0,0.0,13.95,8.41,0.0
20241209:0410,0.00,0.00,0.0,0.0,14.04,8.44,0.0
20241209:0510,0.00,0.00,0.0,0.0,14.29,8.76,0.0
20241209:0610,39.48,0.00,0.0,0.0,14.63,9.58,0.0
20241209:0710,112.90,0.00,0.0,0.0,15.05,10.03,0.0
20241209:0810,185.86,0.00,0.0,0.0,15.68,9.79,0.0
20241209:0910,256.16,0.00,0.0,0.0,16.63,10.06,0.0
20241209:1010,291.29,0.00,0.0,0.0,17.54,10.52,0.0
20241209:1110,258.60,0.00,0.0,0.0,18.00,10.53,0.0
20241209:1210,185.91,0.00,0.0,0.0,18.06,9.91,0.0
20241209:1310,100.21,0.00,0.0,0.0,17.79,9.00,0.0
20241209:1410,37.60,0.00,0.0,0.0,17.35,8.23,0.0
20241209:1510,0.00,0.00,0.0,0.0,16.84,7.83,0.0
20241209:1610,0.00,0.00,0.0,0.0,16.32,7.80,0.0
20241209:1710,0.00,0.00,0.0,0.0,15.78,7.76,0.0
20241209:1810,0.00,0.00,0.0,0.0,15.26,7.40,0.0
20241209:1910,0.00,0.00,0.0,0.0,14.87,7.03,0.0
20241209:2010,0.00,0.00,0.0,0.0,14.63,7.04,0.0
20241209:2110,0.00,0.00,0.0,0.0,14.45,7.49,0.0
20241209:2210,0.00,0.00,0.0,0.0,14.54,8.64,0.0
20241209:2310,0.00,0.00,0.0,0.0,14.85,9.65,0.0
20241210:0010,0.00,0.00,0.0,0.0,14.96,9.22,0.0
20241210:0110,0.00,0.00,0.0,0.0,15.05,8.54,0.0
20241210:0210,0.00,0.00,0.0,0.0,15.19,8.42,0.0
20241210:0310,0.00,0.00,0.0,0.0,15.17,8.08,0.0
20241210:0410,0.00,0.00,0.0,0.0,14.97,8.00,0.0
20241210:0510,0.00,0.00,0.0,0.0,14.78,8.91,0.0
20241210:0610,45.43,0.00,0.0,0.0,14.82,10.15,0.0
20241210:0710,143.47,0.00,0.0,0.0,15.17,10.98,0.0
20241210:0810,251.99,0.00,0.0,0.0,15.87,11.40,0.0
20241210:0910,339.13,0.00,0.0,0.0,16.74,11.78,0.0
20241210:1010,359.05,0.00,0.0,0.0,17.46,12.48,0.0
20241210:1110,303.61,0.00,0.0,0.0,17.81,12.47,0.0
20241210:1210,209.12,0.00,0.0,0.0,17.78,11.81,0.0
20241210:1310,99.49,0.00,0.0,0.0,17.44,10.87,0.0
20241210:1410,33.09,0.00,0.0,0.0,16.90,9.54,0.0
20241210:1510,0.00,0.00,0.0,0.0,16.22,8.40,0.0
20241210:1610,0.00,0.00,0.0,0.0,15.49,7.35,0.0
20241210:1710,0.00,0.00,0.0,0.0,14.73,5.88,0.0
20241210:1810,0.00,0.00,0.0,0.0,13.90,4.51,0.0
20241210:1910,0.00,0.00,0.0,0.0,12.96,3.90,0.0
20241210:2010,0.00,0.00,0.0,0.0,11.95,4.38,0.0
20241210:2110,0.00,0.00,0.0,0.0,10.89,5.42,0.0
20241210:2210,0.00,0.00,0.0,0.0,9.93,6.18,0.0
20241210:2310,0.00,0.00,0.0,0.0,9.30,6.74,0.0
20241211:0010,0.00,0.00,0.0,0.0,9.04,6.96,0.0
20241211:0110,0.00,0.00,0.0,0.0,9.06,6.81,0.0
20241211:0210,0.00,0.00,0.0,0.0,9.06,6.27,0.0
20241211:0310,0.00,0.00,0.0,0.0,8.92,5.48,0.0
20241211:0410,0.00,0.00,0.0,0.0,8.68,5.10,0.0
20241211:0510,0.00,0.00,0.0,0.0,8.39,5.63,0.0
20241211:0610,11.92,0.00,0.0,0.0,8.20,6.12,0.0
20241211:0710,60.32,0.00,0.0,0.0,8.31,5.83,0.0
20241211:0810,132.62,0.00,0.0,0.0,8.64,4.97,0.0
20241211:0910,178.29,0.00,0.0,0.0,9.04,4.00,0.0
20241211:1010,185.63,0.00,0.0,0.0,9.22,3.33,0.0
20241211:1110,179.14,0.00,0.0,0.0,9.29,3.09,0.0
20241211:1210,163.51,0.00,0.0,0.0,9.38,2.99,0.0
20241211:1310,107.87,0.00,0.0,0.0,9.41,2.89,0.0
20241211:1410,43.13,0.00,0.0,0.0,9.31,2.78,0.0
20241211:1510,0.00,0.00,0.0,0.0,9.15,2.71,0.0
20241211:1610,0.00,0.00,0.0,0.0,9.11,2.50,0.0
20241211:1710,0.00,0.00,0.0,0.0,9.17,1.99,0.0
20241211:1810,0.00,0.00,0.0,0.0,9.25,1.47,0.0
20241211:1910,0.00,0.00,0.0,0.0,9.33,0.87,0.0
20241211:2010,0.00,0.00,0.0,0.0,9.43,0.40,0.0
20241211:2110,0.00,0.00,0.0,0.0,9.50,0.99,0.0
20241211:2210,0.00,0.00,0.0,0.0,9.46,1.86,0.0
20241211:2310,0.00,0.00,0.0,0.0,9.33,2.76,0.0
20241212:0010,0.00,0.00,0.0,0.0,9.18,3.55,0.0
20241212:0110,0.00,0.00,0.0,0.0,8.97,4.10,0.0
20241212:0210,0.00,0.00,0.0,0.0,8.72,4.47,0.0
20241212:0310,0.00,0.00,0.0,0.0,8.44,4.69,0.0
20241212:0410,0.00,0.00,0.0,0.0,8.18,4.93,0.0
20241212:0510,0.00,0.00,0.0,0.0,8.02,5.30,0.0
20241212:0610,18.18,0.00,0.0,0.0,7.90,5.72,0.0
20241212:0710,43.09,0.00,0.0,0.0,7.77,6.01,0.0
20241212:0810,96.93,0.00,0.0,0.0,7.78,5.84,0.0
20241212:0910,194.19,0.00,0.0,0.0,8.15,5.72,0.0
20241212:1010,277.64,0.00,0.0,0.0,8.59,5.56,0.0
20241212:1110,290.48,0.00,0.0,0.0,8.85,5.38,0.0
20241212:1210,244.75,0.00,0.0,0.0,8.85,5.20,0.0
20241212:1310,146.18,0.00,0.0,0.0,8.56,5.07,0.0
20241212:1410,56.15,0.00,0.0,0.0,8.05,4.99,0.0
20241212:1510,0.00,0.00,0.0,0.0,7.45,5.17,0.0
20241212:1610,0.00,0.00,0.0,0.0,7.12,5.38,0.0
20241212:1710,0.00,0.00,0.0,0.0,7.03,5.30,0.0
20241212:1810,0.00,0.00,0.0,0.0,7.00,5.16,0.0
20241212:1910,0.00,0.00,0.0,0.0,6.99,5.05,0.0
20241212:2010,0.00,0.00,0.0,0.0,6.99,4.87,0.0
20241212:2110,0.00,0.00,0.0,0.0,7.02,4.60,0.0
20241212:2210,0.00,0.00,0.0,0.0,7.05,4.31,0.0
20241212:2310,0.00,0.00,0.0,0.0,7.09,4.10,0.0
20241213:0010,0.00,0.00,0.0,0.0,7.13,4.04,0.0
20241213:0110,0.00,0.00,0.0,0.0,7.17,4.05,0.0
20241213:0210,0.00,0.00,0.0,0.0,7.20,3.89,0.0
20241213:0310,0.00,0.00,0.0,0.0,7.23,3.49,0.0
20241213:0410,0.00,0.00,0.0,0.0,7.23,2.99,0.0
20241213:0510,0.00,0.00,0.0,0.0,7.17,2.72,0.0
20241213:0610,50.40,0.00,0.0,0.0,7.11,2.77,0.0
20241213:0710,137.65,0.00,0.0,0.0,7.08,2.96,0.0
20241213:0810,230.08,0.00,0.0,0.0,7.12,3.04,0.0
20241213:0910,286.28,0.00,0.0,0.0,7.12,3.28,0.0
20241213:1010,286.84,0.00,0.0,0.0,7.16,3.86,0.0
20241213:1110,264.31,0.00,0.0,0.0,7.23,4.49,0.0
20241213:1210,206.49,0.00,0.0,0.0,7.26,5.28,0.0
20241213:1310,99.24,0.00,0.0,0.0,7.19,6.50,0.0
20241213:1410,32.48,0.00,0.0,0.0,6.90,7.60,0.0
20241213:1510,0.00,0.00,0.0,0.0,6.60,8.21,0.0
20241213:1610,0.00,0.00,0.0,0.0,6.37,8.43,0.0
20241213:1710,0.00,0.00,0.0,0.0,6.22,8.53,0.0
20241213:1810,0.00,0.00,0.0,0.0,6.12,8.65,0.0
20241213:1910,0.00,0.00,0.0,0.0,5.95,8.56,0.0
20241213:2010,0.00,0.00,0.0,0.0,5.78,8.25,0.0
20241213:2110,0.00,0.00,0.0,0.0,5.63,7.89,0.0
20241213:2210,0.00,0.00,0.0,0.0,5.50,7.57,0.0
20241213:2310,0.00,0.00,0.0,0.0,5.37,7.22,0.0
20241214:0010,0.00,0.00,0.0,0.0,5.25,6.83,0.0
20241214:0110,0.00,0.00,0.0,0.0,5.11,6.23,0.0
20241214:0210,0.00,0.00,0.0,0.0,4.95,5.61,0.0
20241214:0310,0.00,0.00,0.0,0.0,4.83,5.14,0.0
20241214:0410,0.00,0.00,0.0,0.0,4.76,4.60,0.0
20241214:0510,0.00,0.00,0.0,0.0,4.75,4.12,0.0
20241214:0610,75.66,0.00,0.0,0.0,4.79,3.95,0.0
20241214:0710,184.69,0.00,0.0,0.0,4.96,4.02,0.0
20241214:0810,304.39,0.00,0.0,0.0,5.27,3.89,0.0
20241214:0910,382.68,0.00,0.0,0.0,5.68,3.70,0.0
20241214:1010,402.84,0.00,0.0,0.0,6.11,3.33,0.0
20241214:1110,365.38,0.00,0.0,0.0,6.53,2.72,0.0
20241214:1210,283.44,0.00,0.0,0.0,6.92,2.18,0.0
20241214:1310,159.89,0.00,0.0,0.0,7.22,1.87,0.0
20241214:1410,60.20,0.00,0.0,0.0,7.38,1.67,0.0
20241214:1510,0.00,0.00,0.0,0.0,7.45,1.55,0.0
20241214:1610,0.00,0.00,0.0,0.0,7.51,1.76,0.0
20241214:1710,0.00,0.00,0.0,0.0,7.57,2.42,0.0
20241214:1810,0.00,0.00,0.0,0.0,7.60,3.47,0.0
20241214:1910,0.00,0.00,0.0,0.0,7.59,4.75,0.0
20241214:2010,0.00,0.00,0.0,0.0,7.55,6.14,0.0
20241214:2110,0.00,0.00,0.0,0.0,7.53,7.42,0.0
20241214:2210,0.00,0.00,0.0,0.0,7.59,8.10,0.0
20241214:2310,0.00,0.00,0.0,0.0,7.67,8.43,0.0
20241215:0010,0.00,0.00,0.0,0.0,7.67,8.81,0.0
20241215:0110,0.00,0.00,0.0,0.0,7.65,9.20,0.0
20241215:0210,0.00,0.00,0.0,0.0,7.67,9.42,0.0
20241215:0310,0.00,0.00,0.0,0.0,7.71,9.47,0.0
20241215:0410,0.00,0.00,0.0,0.0,7.65,9.63,0.0
20241215:0510,0.00,0.00,0.0,0.0,7.41,9.17,0.0
20241215:0610,7.79,0.00,0.0,0.0,7.27,8.23,0.0
20241215:0710,21.88,0.00,0.0,0.0,7.34,7.46,0.0
20241215:0810,37.52,0.00,0.0,0.0,7.54,6.90,0.0
20241215:0910,53.27,0.00,0.0,0.0,7.86,6.41,0.0
20241215:1010,68.22,0.00,0.0,0.0,8.33,6.05,0.0
20241215:1110,64.60,0.00,0.0,0.0,8.82,6.04,0.0
20241215:1210,45.47,0.00,0.0,0.0,9.18,5.70,0.0
20241215:1310,23.10,0.00,0.0,0.0,9.45,5.63,0.0
20241215:1410,7.99,0.00,0.0,0.0,9.65,6.13,0.0
20241215:1510,0.00,0.00,0.0,0.0,9.85,5.36,0.0
20241215:1610,0.00,0.00,0.0,0.0,10.06,3.86,0.0
20241215:1710,0.00,0.00,0.0,0.0,10.16,2.87,0.0
20241215:1810,0.00,0.00,0.0,0.0,10.12,4.08,0.0
20241215:1910,0.00,0.00,0.0,0.0,9.91,6.66,0.0
20241215:2010,0.00,0.00,0.0,0.0,9.50,8.59,0.0
20241215:2110,0.00,0.00,0.0,0.0,8.98,8.74,0.0
20241215:2210,0.00,0.00,0.0,0.0,8.54,7.97,0.0
20241215:2310,0.00,0.00,0.0,0.0,8.20,7.22,0.0
20241216:0010,0.00,0.00,0.0,0.0,7.88,6.85,0.0
20241216:0110,0.00,0.00,0.0,0.0,7.58,6.53,0.0
20241216:0210,0.00,0.00,0.0,0.0,7.34,5.95,0.0
20241216:0310,0.00,0.00,0.0,0.0,7.17,5.53,0.0
20241216:0410,0.00,0.00,0.0,0.0,7.08,5.59,0.0
20241216:0510,0.00,0.00,0.0,0.0,7.02,5.85,0.0
20241216:0610,39.13,0.00,0.0,0.0,6.95,6.09,0.0
20241216:0710,115.56,0.00,0.0,0.0,6.95,6.22,0.0
20241216:0810,208.15,0.00,0.0,0.0,7.07,6.09,0.0
20241216:0910,290.48,0.00,0.0,0.0,7.17,5.69,0.0
20241216:1010,319.80,0.00,0.0,0.0,7.28,4.98,0.0
20241216:1110,293.57,0.00,0.0,0.0,7.45,4.33,0.0
20241216:1210,236.70,0.00,0.0,0.0,7.61,3.66,0.0
20241216:1310,142.19,0.00,0.0,0.0,7.77,2.90,0.0
20241216:1410,56.46,0.00,0.0,0.0,7.91,2.41,0.0
20241216:1510,0.00,0.00,0.0,0.0,8.01,2.48,0.0
20241216:1610,0.00,0.00,0.0,0.0,8.07,3.04,0.0
20241216:1710,0.00,0.00,0.0,0.0,8.11,3.83,0.0
20241216:1810,0.00,0.00,0.0,0.0,8.07,4.74,0.0
20241216:1910,0.00,0.00,0.0,0.0,7.97,5.60,0.0
20241216:2010,0.00,0.00,0.0,0.0,7.88,6.22,0.0
20241216:2110,0.00,0.00,0.0,0.0,7.79,6.57,0.0
20241216:2210,0.00,0.00,0.0,0.0,7.70,6.60,0.0
20241216:2310,0.00,0.00,0.0,0.0,7.60,6.57,0.0
20241217:0010,0.00,0.00,0.0,0.0,7.51,6.53,0.0
20241217:0110,0.00,0.00,0.0,0.0,7.43,6.54,0.0
20241217:0210,0.00,0.00,0.0,0.0,7.36,6.69,0.0
20241217:0310,0.00,0.00,0.0,0.0,7.33,6.75,0.0
20241217:0410,0.00,0.00,0.0,0.0,7.30,6.86,0.0
20241217:0510,0.00,0.00,0.0,0.0,7.26,7.02,0.0
20241217:0610,59.30,0.00,0.0,0.0,7.23,7.27,0.0
20241217:0710,171.49,0.00,0.0,0.0,7.40,7.46,0.0
20241217:0810,286.06,0.00,0.0,0.0,7.93,7.69,0.0
20241217:0910,361.78,0.00,0.0,0.0,8.57,8.15,0.0
20241217:1010,382.11,0.00,0.0,0.0,9.13,8.31,0.0
20241217:1110,347.68,0.00,0.0,0.0,9.63,8.57,0.0
20241217:1210,272.58,0.00,0.0,0.0,10.08,8.79,0.0
20241217:1310,159.12,0.00,0.0,0.0,10.40,8.84,0.0
20241217:1410,62.36,0.00,0.0,0.0,10.49,8.49,0.0
20241217:1510,0.00,0.00,0.0,0.0,10.41,8.22,0.0
20241217:1610,0.00,0.00,0.0,0.0,10.51,8.37,0.0
20241217:1710,0.00,0.00,0.0,0.0,10.66,8.59,0.0
20241217:1810,0.00,0.00,0.0,0.0,10.60,9.04,0.0
20241217:1910,0.00,0.00,0.0,0.0,10.39,9.33,0.0
20241217:2010,0.00,0.00,0.0,0.0,10.14,9.43,0.0
20241217:2110,0.00,0.00,0.0,0.0,9.91,9.45,0.0
20241217:2210,0.00,0.00,0.0,0.0,9.75,9.28,0.0
20241217:2310,0.00,0.00,0.0,0.0,9.65,8.99,0.0
20241218:0010,0.00,0.00,0.0,0.0,9.55,8.58,0.0
20241218:0110,0.00,0.00,0.0,0.0,9.46,8.02,0.0
20241218:0210,0.00,0.00,0.0,0.0,9.36,7.44,0.0
20241218:0310,0.00,0.00,0.0,0.0,9.23,6.81,0.0
20241218:0410,0.00,0.00,0.0,0.0,8.97,6.26,0.0
20241218:0510,0.00,0.00,0.0,0.0,8.59,5.63,0.0
20241218:0610,51.10,0.00,0.0,0.0,8.24,4.96,0.0
20241218:0710,156.69,0.00,0.0,0.0,8.18,4.04,0.0
20241218:0810,278.81,0.00,0.0,0.0,8.81,2.87,0.0
20241218:0910,361.77,0.00,0.0,0.0,9.96,1.86,0.0
20241218:1010,382.66,0.00,0.0,0.0,10.89,1.48,0.0
20241218:1110,347.79,0.00,0.0,0.0,11.50,1.42,0.0
20241218:1210,270.77,0.00,0.0,0.0,11.98,1.35,0.0
20241218:1310,156.11,0.00,0.0,0.0,12.20,1.21,0.0
20241218:1410,61.07,0.00,0.0,0.0,12.11,1.03,0.0
20241218:1510,0.00,0.00,0.0,0.0,11.79,0.91,0.0
20241218:1610,0.00,0.00,0.0,0.0,11.48,0.91,0.0
20241218:1710,0.00,0.00,0.0,0.0,11.25,1.13,0.0
20241218:1810,0.00,0.00,0.0,0.0,11.02,1.47,0.0
20241218:1910,0.00,0.00,0.0,0.0,10.79,1.75,0.0
20241218:2010,0.00,0.00,0.0,0.0,10.56,1.97,0.0
20241218:2110,0.00,0.00,0.0,0.0,10.33,2.12,0.0
20241218:2210,0.00,0.00,0.0,0.0,10.05,2.16,0.0
20241218:2310,0.00,0.00,0.0,0.0,9.76,2.17,0.0
20241219:0010,0.00,0.00,0.0,0.0,9.50,2.21,0.0
20241219:0110,0.00,0.00,0.0,0.0,9.25,2.27,0.0
20241219:0210,0.00,0.00,0.0,0.0,9.00,2.39,0.0
20241219:0310,0.00,0.00,0.0,0.0,8.77,2.49,0.0
20241219:0410,0.00,0.00,0.0,0.0,8.61,2.66,0.0
20241219:0510,0.00,0.00,0.0,0.0,8.52,2.87,0.0
20241219:0610,35.72,0.00,0.0,0.0,8.49,3.01,0.0
20241219:0710,105.67,0.00,0.0,0.0,8.62,3.01,0.0
20241219:0810,181.41,0.00,0.0,0.0,9.06,2.77,0.0
20241219:0910,244.58,0.00,0.0,0.0,9.92,2.59,0.0
20241219:1010,270.55,0.00,0.0,0.0,10.92,2.61,0.0
20241219:1110,249.07,0.00,0.0,0.0,11.79,2.64,0.0
20241219:1210,191.66,0.00,0.0,0.0,12.31,2.57,0.0
20241219:1310,106.34,0.00,0.0,0.0,12.55,2.43,0.0
20241219:1410,40.77,0.00,0.0,0.0,12.54,2.34,0.0
20241219:1510,0.00,0.00,0.0,0.0,12.30,2.39,0.0
20241219:1610,0.00,0.00,0.0,0.0,11.82,2.68,0.0
20241219:1710,0.00,0.00,0.0,0.0,11.27,3.34,0.0
20241219:1810,0.00,0.00,0.0,0.0,10.82,4.12,0.0
20241219:1910,0.00,0.00,0.0,0.0,10.59,4.67,0.0
20241219:2010,0.00,0.00,0.0,0.0,10.62,4.99,0.0
20241219:2110,0.00,0.00,0.0,0.0,10.84,5.23,0.0
20241219:2210,0.00,0.00,0.0,0.0,11.04,5.45,0.0
20241219:2310,0.00,0.00,0.0,0.0,11.07,5.78,0.0
20241220:0010,0.00,0.00,0.0,0.0,10.96,6.27,0.0
20241220:0110,0.00,0.00,0.0,0.0,10.71,6.61,0.0
20241220:0210,0.00,0.00,0.0,0.0,10.35,6.82,0.0
20241220:0310,0.00,0.00,0.0,0.0,10.03,6.93,0.0
20241220:0410,0.00,0.00,0.0,0.0,9.81,7.05,0.0
20241220:0510,0.00,0.00,0.0,0.0,9.63,7.18,0.0
20241220:0610,52.19,0.00,0.0,0.0,9.49,7.33,0.0
20241220:0710,162.21,0.00,0.0,0.0,9.56,7.26,0.0
20241220:0810,277.93,0.00,0.0,0.0,10.16,6.99,0.0
20241220:0910,348.80,0.00,0.0,0.0,11.25,7.50,0.0
20241220:1010,371.34,0.00,0.0,0.0,12.28,8.70,0.0
20241220:1110,340.52,0.00,0.0,0.0,12.99,8.90,0.0
20241220:1210,261.45,0.00,0.0,0.0,13.62,8.79,0.0
20241220:1310,141.96,0.00,0.0,0.0,14.09,8.44,0.0
20241220:1410,53.21,0.00,0.0,0.0,14.17,7.60,0.0
20241220:1510,0.00,0.00,0.0,0.0,14.02,7.73,0.0
20241220:1610,0.00,0.00,0.0,0.0,13.79,8.13,0.0
20241220:1710,0.00,0.00,0.0,0.0,13.51,8.69,0.0
20241220:1810,0.00,0.00,0.0,0.0,13.26,9.22,0.0
20241220:1910,0.00,0.00,0.0,0.0,13.06,9.32,0.0
20241220:2010,0.00,0.00,0.0,0.0,12.72,9.20,0.0
20241220:2110,0.00,0.00,0.0,0.0,12.36,8.65,0.0
20241220:2210,0.00,0.00,0.0,0.0,12.30,8.39,0.0
20241220:2310,0.00,0.00,0.0,0.0,12.29,7.87,0.0
20241221:0010,0.00,0.00,0.0,0.0,12.34,7.32,0.0
20241221:0110,0.00,0.00,0.0,0.0,12.46,7.31,0.0
20241221:0210,0.00,0.00,0.0,0.0,12.52,7.44,0.0
20241221:0310,0.00,0.00,0.0,0.0,12.37,7.22,0.0
20241221:0410,0.00,0.00,0.0,0.0,12.11,6.35,0.0
20241221:0510,0.00,0.00,0.0,0.0,12.03,5.74,0.0
20241221:0610,16.26,0.00,0.0,0.0,11.97,5.90,0.0
20241221:0710,46.08,0.00,0.0,0.0,11.83,6.71,0.0
20241221:0810,71.57,0.00,0.0,0.0,11.90,7.04,0.0
20241221:0910,150.05,0.00,0.0,0.0,12.72,7.12,0.0
20241221:1010,274.74,0.00,0.0,0.0,14.11,6.77,0.0
20241221:1110,303.17,0.00,0.0,0.0,15.18,6.79,0.0
20241221:1210,216.97,0.00,0.0,0.0,15.41,7.57,0.0
20241221:1310,110.46,0.00,0.0,0.0,15.15,7.15,0.0
20241221:1410,43.72,0.00,0.0,0.0,14.59,6.79,0.0
20241221:1510,0.00,0.00,0.0,0.0,13.84,7.21,0.0
20241221:1610,0.00,0.00,0.0,0.0,13.12,7.36,0.0
20241221:1710,0.00,0.00,0.0,0.0,12.42,7.32,0.0
20241221:1810,0.00,0.00,0.0,0.0,11.59,6.85,0.0
20241221:1910,0.00,0.00,0.0,0.0,10.73,6.15,0.0
20241221:2010,0.00,0.00,0.0,0.0,9.94,5.33,0.0
20241221:2110,0.00,0.00,0.0,0.0,9.22,4.73,0.0
20241221:2210,0.00,0.00,0.0,0.0,8.50,5.08,0.0
20241221:2310,0.00,0.00,0.0,0.0,7.84,6.00,0.0
20241222:0010,0.00,0.00,0.0,0.0,7.25,6.65,0.0
20241222:0110,0.00,0.00,0.0,0.0,6.65,7.09,0.0
20241222:0210,0.00,0.00,0.0,0.0,6.12,7.62,0.0
20241222:0310,0.00,0.00,0.0,0.0,5.83,7.89,0.0
20241222:0410,0.00,0.00,0.0,0.0,5.58,7.52,0.0
20241222:0510,0.00,0.00,0.0,0.0,5.29,6.90,0.0
20241222:0610,13.05,0.00,0.0,0.0,4.99,6.21,0.0
20241222:0710,47.77,0.00,0.0,0.0,4.80,5.56,0.0
20241222:0810,99.24,0.00,0.0,0.0,4.79,4.86,0.0
20241222:0910,144.51,0.00,0.0,0.0,4.89,4.10,0.0
20241222:1010,174.03,0.00,0.0,0.0,5.07,3.32,0.0
20241222:1110,192.01,0.00,0.0,0.0,5.37,2.97,0.0
20241222:1210,190.31,0.00,0.0,0.0,5.73,3.03,0.0
20241222:1310,130.49,0.00,0.0,0.0,6.13,3.26,0.0
20241222:1410,55.57,0.00,0.0,0.0,6.46,3.50,0.0
20241222:1510,0.00,0.00,0.0,0.0,6.72,3.70,0.0
20241222:1610,0.00,0.00,0.0,0.0,6.95,3.67,0.0
20241222:1710,0.00,0.00,0.0,0.0,7.12,3.47,0.0
20241222:1810,0.00,0.00,0.0,0.0,7.28,3.43,0.0
20241222:1910,0.00,0.00,0.0,0.0,7.45,3.63,0.0
20241222:2010,0.00,0.00,0.0,0.0,7.63,4.06,0.0
20241222:2110,0.00,0.00,0.0,0.0,7.80,4.62,0.0
20241222:2210,0.00,0.00,0.0,0.0,7.94,5.33,0.0
20241222:2310,0.00,0.00,0.0,0.0,8.08,6.02,0.0
20241223:0010,0.00,0.00,0.0,0.0,8.21,6.51,0.0
20241223:0110,0.00,0.00,0.0,0.0,8.28,6.80,0.0
20241223:0210,0.00,0.00,0.0,0.0,8.26,6.81,0.0
20241223:0310,0.00,0.00,0.0,0.0,8.17,6.61,0.0
20241223:0410,0.00,0.00,0.0,0.0,8.03,6.30,0.0
20241223:0510,0.00,0.00,0.0,0.0,7.85,5.97,0.0
20241223:0610,51.84,0.00,0.0,0.0,7.72,5.99,0.0
20241223:0710,159.53,0.00,0.0,0.0,7.78,6.01,0.0
20241223:0810,267.79,0.00,0.0,0.0,8.26,5.67,0.0
20241223:0910,343.10,0.00,0.0,0.0,9.17,5.79,0.0
20241223:1010,365.56,0.00,0.0,0.0,10.16,5.92,0.0
20241223:1110,331.73,0.00,0.0,0.0,11.07,6.05,0.0
20241223:1210,257.70,0.00,0.0,0.0,11.70,6.01,0.0
20241223:1310,147.42,0.00,0.0,0.0,12.13,5.64,0.0
20241223:1410,81.86,0.00,0.0,0.0,12.29,4.64,0.0
20241223:1510,0.00,0.00,0.0,0.0,12.29,4.34,0.0
20241223:1610,0.00,0.00,0.0,0.0,12.23,4.86,0.0
20241223:1710,0.00,0.00,0.0,0.0,12.01,5.50,0.0
20241223:1810,0.00,0.00,0.0,0.0,11.72,6.07,0.0
20241223:1910,0.00,0.00,0.0,0.0,11.50,6.60,0.0
20241223:2010,0.00,0.00,0.0,0.0,11.33,7.06,0.0
20241223:2110,0.00,0.00,0.0,0.0,11.09,7.51,0.0
20241223:2210,0.00,0.00,0.0,0.0,10.90,7.79,0.0
20241223:2310,0.00,0.00,0.0,0.0,10.76,8.02,0.0
20241224:0010,0.00,0.00,0.0,0.0,10.48,8.04,0.0
20241224:0110,0.00,0.00,0.0,0.0,10.18,7.74,0.0
20241224:0210,0.00,0.00,0.0,0.0,9.93,7.53,0.0
20241224:0310,0.00,0.00,0.0,0.0,9.83,8.00,0.0
20241224:0410,0.00,0.00,0.0,0.0,9.97,8.66,0.0
20241224:0510,0.00,0.00,0.0,0.0,10.13,8.79,0.0
20241224:0610,7.45,0.00,0.0,0.0,10.28,9.34,0.0
20241224:0710,26.72,0.00,0.0,0.0,10.52,10.07,0.0
20241224:0810,58.45,0.00,0.0,0.0,10.93,9.91,0.0
20241224:0910,93.02,0.00,0.0,0.0,11.43,8.98,0.0
20241224:1010,107.12,0.00,0.0,0.0,11.70,7.58,0.0
20241224:1110,95.16,0.00,0.0,0.0,11.86,6.04,0.0
20241224:1210,70.52,0.00,0.0,0.0,12.02,4.26,0.0
20241224:1310,37.28,0.00,0.0,0.0,12.15,2.74,0.0
20241224:1410,15.84,0.00,0.0,0.0,12.17,2.76,0.0
20241224:1510,0.00,0.00,0.0,0.0,12.03,3.91,0.0
20241224:1610,0.00,0.00,0.0,0.0,11.72,4.98,0.0
20241224:1710,0.00,0.00,0.0,0.0,11.33,5.50,0.0
20241224:1810,0.00,0.00,0.0,0.0,11.02,5.25,0.0
20241224:1910,0.00,0.00,0.0,0.0,10.93,4.38,0.0
20241224:2010,0.00,0.00,0.0,0.0,11.16,3.72,0.0
20241224:2110,0.00,0.00,0.0,0.0,11.55,3.86,0.0
20241224:2210,0.00,0.00,0.0,0.0,11.85,4.25,0.0
20241224:2310,0.00,0.00,0.0,0.0,11.96,4.49,0.0
20241225:0010,0.00,0.00,0.0,0.0,11.91,4.78,0.0
20241225:0110,0.00,0.00,0.0,0.0,11.76,5.12,0.0
20241225:0210,0.00,0.00,0.0,0.0,11.60,5.32,0.0
20241225:0310,0.00,0.00,0.0,0.0,11.48,5.43,0.0
20241225:0410,0.00,0.00,0.0,0.0,11.33,5.38,0.0
20241225:0510,0.00,0.00,0.0,0.0,11.13,4.90,0.0
20241225:0610,37.48,0.00,0.0,0.0,11.00,4.14,0.0
20241225:0710,114.74,0.00,0.0,0.0,11.07,3.04,0.0
20241225:0810,176.14,0.00,0.0,0.0,11.46,2.58,0.0
20241225:0910,223.06,0.00,0.0,0.0,12.14,3.21,0.0
20241225:1010,248.34,0.00,0.0,0.0,12.77,4.02,0.0
20241225:1110,200.73,0.00,0.0,0.0,13.37,5.23,0.0
20241225:1210,128.44,0.00,0.0,0.0,13.80,6.19,0.0
20241225:1310,68.15,0.00,0.0,0.0,13.97,7.01,0.0
20241225:1410,34.23,0.00,0.0,0.0,13.90,7.68,0.0
20241225:1510,0.00,0.00,0.0,0.0,13.66,8.21,0.0
20241225:1610,0.00,0.00,0.0,0.0,13.33,8.47,0.0
20241225:1710,0.00,0.00,0.0,0.0,13.06,8.55,0.0
20241225:1810,0.00,0.00,0.0,0.0,12.74,8.75,0.0
20241225:1910,0.00,0.00,0.0,0.0,12.08,9.08,0.0
20241225:2010,0.00,0.00,0.0,0.0,11.29,9.20,0.0
20241225:2110,0.00,0.00,0.0,0.0,10.93,8.98,0.0
20241225:2210,0.00,0.00,0.0,0.0,11.07,8.64,0.0
20241225:2310,0.00,0.00,0.0,0.0,11.33,8.57,0.0
20241226:0010,0.00,0.00,0.0,0.0,11.64,8.39,0.0
20241226:0110,0.00,0.00,0.0,0.0,11.90,7.76,0.0
20241226:0210,0.00,0.00,0.0,0.0,12.03,7.38,0.0
20241226:0310,0.00,0.00,0.0,0.0,11.95,7.32,0.0
20241226:0410,0.00,0.00,0.0,0.0,11.58,7.32,0.0
20241226:0510,0.00,0.00,0.0,0.0,11.10,7.45,0.0
20241226:0610,26.51,0.00,0.0,0.0,10.66,8.01,0.0
20241226:0710,89.97,0.00,0.0,0.0,10.46,8.46,0.0
20241226:0810,163.20,0.00,0.0,0.0,10.75,8.97,0.0
20241226:0910,200.36,0.00,0.0,0.0,11.22,10.32,0.0
20241226:1010,188.82,0.00,0.0,0.0,11.36,11.53,0.0
20241226:1110,161.99,0.00,0.0,0.0,11.12,12.62,0.0
20241226:1210,118.02,0.00,0.0,0.0,10.68,13.32,0.0
20241226:1310,52.40,0.00,0.0,0.0,10.16,13.73,0.0
20241226:1410,15.86,0.00,0.0,0.0,9.61,13.67,0.0
20241226:1510,0.00,0.00,0.0,0.0,9.20,13.26,0.0
20241226:1610,0.00,0.00,0.0,0.0,9.12,13.07,0.0
20241226:1710,0.00,0.00,0.0,0.0,9.19,12.97,0.0
20241226:1810,0.00,0.00,0.0,0.0,9.20,12.98,0.0
20241226:1910,0.00,0.00,0.0,0.0,9.10,13.11,0.0
20241226:2010,0.00,0.00,0.0,0.0,8.90,13.24,0.0
20241226:2110,0.00,0.00,0.0,0.0,8.66,13.30,0.0
20241226:2210,0.00,0.00,0.0,0.0,8.34,13.38,0.0
20241226:2310,0.00,0.00,0.0,0.0,7.96,13.52,0.0
20241227:0010,0.00,0.00,0.0,0.0,7.59,13.73,0.0
20241227:0110,0.00,0.00,0.0,0.0,7.32,14.01,0.0
20241227:0210,0.00,0.00,0.0,0.0,7.04,14.31,0.0
20241227:0310,0.00,0.00,0.0,0.0,6.74,14.48,0.0
20241227:0410,0.00,0.00,0.0,0.0,6.51,14.50,0.0
20241227:0510,0.00,0.00,0.0,0.0,6.33,14.02,0.0
20241227:0610,28.39,0.00,0.0,0.0,6.21,13.20,0.0
20241227:0710,86.92,0.00,0.0,0.0,6.22,12.57,0.0
20241227:0810,131.46,0.00,0.0,0.0,6.23,12.44,0.0
20241227:0910,144.76,0.00,0.0,0.0,6.02,12.06,0.0
20241227:1010,145.00,0.00,0.0,0.0,5.66,11.59,0.0
20241227:1110,137.47,0.00,0.0,0.0,5.43,11.06,0.0
20241227:1210,120.09,0.00,0.0,0.0,5.40,10.61,0.0
20241227:1310,80.48,0.00,0.0,0.0,5.40,10.47,0.0
20241227:1410,38.56,0.00,0.0,0.0,5.20,10.43,0.0
20241227:1510,0.00,0.00,0.0,0.0,4.84,10.02,0.0
20241227:1610,0.00,0.00,0.0,0.0,4.58,9.62,0.0
20241227:1710,0.00,0.00,0.0,0.0,4.61,9.37,0.0
20241227:1810,0.00,0.00,0.0,0.0,4.80,8.77,0.0
20241227:1910,0.00,0.00,0.0,0.0,5.07,8.20,0.0
20241227:2010,0.00,0.00,0.0,0.0,5.42,8.03,0.0
20241227:2110,0.00,0.00,0.0,0.0,5.77,8.10,0.0
20241227:2210,0.00,0.00,0.0,0.0,6.03,8.48,0.0
20241227:2310,0.00,0.00,0.0,0.0,6.21,8.93,0.0
20241228:0010,0.00,0.00,0.0,0.0,6.35,9.28,0.0
20241228:0110,0.00,0.00,0.0,0.0,6.47,9.48,0.0
20241228:0210,0.00,0.00,0.0,0.0,6.57,9.70,0.0
20241228:0310,0.00,0.00,0.0,0.0,6.66,10.04,0.0
20241228:0410,0.00,0.00,0.0,0.0,6.71,10.44,0.0
20241228:0510,0.00,0.00,0.0,0.0,6.72,10.70,0.0
20241228:0610,35.44,0.00,0.0,0.0,6.72,10.61,0.0
20241228:0710,118.78,0.00,0.0,0.0,6.82,10.49,0.0
20241228:0810,208.39,0.00,0.0,0.0,7.11,10.77,0.0
20241228:0910,268.74,0.00,0.0,0.0,7.41,10.98,0.0
20241228:1010,278.41,0.00,0.0,0.0,7.53,11.25,0.0
20241228:1110,221.73,0.00,0.0,0.0,7.51,11.60,0.0
20241228:1210,134.57,0.00,0.0,0.0,7.42,11.89,0.0
20241228:1310,59.84,0.00,0.0,0.0,7.25,12.06,0.0
20241228:1410,21.67,0.00,0.0,0.0,7.00,12.03,0.0
20241228:1510,0.00,0.00,0.0,0.0,6.75,12.07,0.0
20241228:1610,0.00,0.00,0.0,0.0,6.65,12.08,0.0
20241228:1710,0.00,0.00,0.0,0.0,6.63,12.03,0.0
20241228:1810,0.00,0.00,0.0,0.0,6.56,11.78,0.0
20241228:1910,0.00,0.00,0.0,0.0,6.51,11.33,0.0
20241228:2010,0.00,0.00,0.0,0.0,6.52,10.89,0.0
20241228:2110,0.00,0.00,0.0,0.0,6.57,10.50,0.0
20241228:2210,0.00,0.00,0.0,0.0,6.62,10.25,0.0
20241228:2310,0.00,0.00,0.0,0.0,6.68,10.18,0.0
20241229:0010,0.00,0.00,0.0,0.0,6.74,10.23,0.0
20241229:0110,0.00,0.00,0.0,0.0,6.78,10.37,0.0
20241229:0210,0.00,0.00,0.0,0.0,6.79,10.58,0.0
20241229:0310,0.00,0.00,0.0,0.0,6.79,10.92,0.0
20241229:0410,0.00,0.00,0.0,0.0,6.82,11.21,0.0
20241229:0510,0.00,0.00,0.0,0.0,6.88,11.46,0.0
20241229:0610,16.20,0.00,0.0,0.0,6.93,11.61,0.0
20241229:0710,55.85,0.00,0.0,0.0,7.02,11.59,0.0
20241229:0810,102.41,0.00,0.0,0.0,7.22,11.86,0.0
20241229:0910,125.62,0.00,0.0,0.0,7.43,11.95,0.0
20241229:1010,114.26,0.00,0.0,0.0,7.45,11.69,0.0
20241229:1110,87.68,0.00,0.0,0.0,7.32,11.54,0.0
20241229:1210,60.64,0.00,0.0,0.0,7.13,11.56,0.0
20241229:1310,31.77,0.00,0.0,0.0,6.95,11.59,0.0
20241229:1410,12.60,0.00,0.0,0.0,6.78,11.49,0.0
20241229:1510,0.00,0.00,0.0,0.0,6.65,11.24,0.0
20241229:1610,0.00,0.00,0.0,0.0,6.62,10.94,0.0
20241229:1710,0.00,0.00,0.0,0.0,6.61,10.52,0.0
20241229:1810,0.00,0.00,0.0,0.0,6.57,9.93,0.0
20241229:1910,0.00,0.00,0.0,0.0,6.51,9.45,0.0
20241229:2010,0.00,0.00,0.0,0.0,6.45,9.13,0.0
20241229:2110,0.00,0.00,0.0,0.0,6.35,8.90,0.0
20241229:2210,0.00,0.00,0.0,0.0,6.26,8.57,0.0
20241229:2310,0.00,0.00,0.0,0.0,6.16,8.26,0.0
20241230:0010,0.00,0.00,0.0,0.0,6.08,8.07,0.0
20241230:0110,0.00,0.00,0.0,0.0,6.02,7.97,0.0
20241230:0210,0.00,0.00,0.0,0.0,6.00,7.85,0.0
20241230:0310,0.00,0.00,0.0,0.0,5.96,7.68,0.0
20241230:0410,0.00,0.00,0.0,0.0,5.86,7.59,0.0
20241230:0510,0.00,0.00,0.0,0.0,5.78,7.44,0.0
20241230:0610,28.25,0.00,0.0,0.0,5.74,7.22,0.0
20241230:0710,105.28,0.00,0.0,0.0,5.77,6.97,0.0
20241230:0810,184.19,0.00,0.0,0.0,5.92,6.87,0.0
20241230:0910,216.73,0.00,0.0,0.0,6.09,6.46,0.0
20241230:1010,224.98,0.00,0.0,0.0,6.25,6.18,0.0
20241230:1110,219.74,0.00,0.0,0.0,6.50,6.15,0.0
20241230:1210,183.21,0.00,0.0,0.0,6.68,6.26,0.0
20241230:1310,106.83,0.00,0.0,0.0,6.69,6.30,0.0
20241230:1410,46.67,0.00,0.0,0.0,6.51,6.23,0.0
20241230:1510,0.00,0.00,0.0,0.0,6.28,6.05,0.0
20241230:1610,0.00,0.00,0.0,0.0,6.27,5.86,0.0
20241230:1710,0.00,0.00,0.0,0.0,6.42,5.49,0.0
20241230:1810,0.00,0.00,0.0,0.0,6.59,5.05,0.0
20241230:1910,0.00,0.00,0.0,0.0,6.76,4.68,0.0
20241230:2010,0.00,0.00,0.0,0.0,6.92,4.42,0.0
20241230:2110,0.00,0.00,0.0,0.0,7.06,4.28,0.0
20241230:2210,0.00,0.00,0.0,0.0,7.20,3.87,0.0
20241230:2310,0.00,0.00,0.0,0.0,7.35,3.30,0.0
20241231:0010,0.00,0.00,0.0,0.0,7.50,2.82,0.0
20241231:0110,0.00,0.00,0.0,0.0,7.61,2.44,0.0
20241231:0210,0.00,0.00,0.0,0.0,7.69,2.13,0.0
20241231:0310,0.00,0.00,0.0,0.0,7.71,1.90,0.0
20241231:0410,0.00,0.00,0.0,0.0,7.58,1.87,0.0
20241231:0510,0.00,0.00,0.0,0.0,7.39,1.86,0.0
20241231:0610,49.86,0.00,0.0,0.0,7.23,1.70,0.0
20241231:0710,161.73,0.00,0.0,0.0,7.23,1.53,0.0
20241231:0810,274.31,0.00,0.0,0.0,7.63,1.47,0.0
20241231:0910,352.39,0.00,0.0,0.0,8.26,1.62,0.0
20241231:1010,379.47,0.00,0.0,0.0,8.66,1.47,0.0
20241231:1110,351.74,0.00,0.0,0.0,8.94,1.50,0.0
20241231:1210,275.94,0.00,0.0,0.0,9.12,1.80,0.0
20241231:1310,160.82,0.00,0.0,0.0,9.17,2.14,0.0
20241231:1410,67.52,0.00,0.0,0.0,9.07,2.41,0.0
20241231:1510,0.00,0.00,0.0,0.0,8.84,2.75,0.0
20241231:1610,0.00,0.00,0.0,0.0,8.55,2.93,0.0
20241231:1710,0.00,0.00,0.0,0.0,8.27,2.90,0.0
20241231:1810,0.00,0.00,0.0,0.0,8.00,2.75,0.0
20241231:1910,0.00,0.00,0.0,0.0,7.74,2.56,0.0
20241231:2010,0.00,0.00,0.0,0.0,7.47,2.41,0.0
20241231:2110,0.00,0.00,0.0,0.0,7.20,2.34,0.0
20241231:2210,0.00,0.00,0.0,0.0,7.01,2.43,0.0
20241231:2310,0.00,0.00,0.0,0.0,6.90,2.44,0.0
