Latitude (decimal degrees):	41.050
Longitude (decimal degrees):	29.010
Elevation (m):	79
Radiation database:	PVGIS-SARAH3


Slope: 0 deg. 
Azimuth: 0 deg. 
time,Gb(i),Gd(i),Gr(i),H_sun,T2m,WS10m,Int
20230101:0010,0.0,0.0,0.0,0.0,7.45,0.41,0.0
20230101:0110,0.0,0.0,0.0,0.0,6.92,0.55,0.0
20230101:0210,0.0,0.0,0.0,0.0,6.54,0.69,0.0
20230101:0310,0.0,0.0,0.0,0.0,6.01,0.9,0.0
20230101:0410,0.0,0.0,0.0,0.0,4.81,1.24,0.0
20230101:0510,0.0,0.0,0.0,0.0,4.86,1.79,0.0
20230101:0610,0.0,33.0,0.0,5.61,5.45,1.93,0.0
20230101:0710,135.01,72.0,0.0,13.9,6.11,1.86,0.0
20230101:0810,240.01,90.0,0.0,20.41,7.35,1.52,0.0
20230101:0910,308.01,100.0,0.0,24.58,9.23,1.31,0.0
20230101:1010,338.01,100.0,0.0,25.94,10.95,1.24,0.0
20230101:1110,306.01,98.0,0.0,24.3,12.06,1.03,0.0
20230101:1210,243.01,82.0,0.0,19.88,12.68,1.17,0.0
20230101:1310,121.01,70.0,0.0,13.18,12.81,1.66,0.0
20230101:1410,27.0,19.24,0.0,4.76,12.15,2.14,0.0
20230101:1510,0.0,0.0,0.0,0.0,10.77,2.48,0.0
20230101:1610,0.0,0.0,0.0,0.0,9.5,2.55,0.0
20230101:1710,0.0,0.0,0.0,0.0,8.52,2.55,0.0
20230101:1810,0.0,0.0,0.0,0.0,7.79,2.55,0.0
20230101:1910,0.0,0.0,0.0,0.0,7.31,2.62,0.0
20230101:2010,0.0,0.0,0.0,0.0,6.92,2.62,0.0
20230101:2110,0.0,0.0,0.0,0.0,6.54,2.55,0.0
20230101:2210,0.0,0.0,0.0,0.0,6.1,2.34,0.0
20230101:2310,0.0,0.0,0.0,0.0,5.84,2.07,0.0
20230102:0010,0.0,0.0,0.0,0.0,5.94,1.79,0.0
20230102:0110,0.0,0.0,0.0,0.0,5.98,1.72,0.0
20230102:0210,0.0,0.0,0.0,0.0,6.47,1.52,0.0
20230102:0310,0.0,0.0,0.0,0.0,7.08,1.31,0.0
20230102:0410,0.0,0.0,0.0,0.0,6.81,1.38,0.0
20230102:0510,0.0,0.0,0.0,0.0,4.92,1.79,0.0
20230102:0610,0.0,37.0,0.0,5.61,3.66,1.93,0.0
20230102:0710,93.0,94.0,0.0,13.91,5.26,1.59,0.0
20230102:0810,240.01,92.0,0.0,20.45,7.32,1.31,0.0
20230102:0910,317.01,98.0,0.0,24.64,8.66,1.17,0.0
20230102:1010,344.01,99.0,0.0,26.02,9.82,1.1,0.0
20230102:1110,308.01,99.0,0.0,24.41,10.51,1.24,0.0
20230102:1210,236.01,88.0,0.0,20.0,10.8,1.45,0.0
20230102:1310,116.01,74.0,0.0,13.31,10.69,1.45,0.0
20230102:1410,24.0,21.62,0.0,4.89,10.14,1.17,0.0
20230102:1510,0.0,0.0,0.0,0.0,9.05,0.69,0.0
20230102:1610,0.0,0.0,0.0,0.0,8.95,0.28,0.0
20230102:1710,0.0,0.0,0.0,0.0,8.66,0.62,0.0
20230102:1810,0.0,0.0,0.0,0.0,8.47,0.76,0.0
20230102:1910,0.0,0.0,0.0,0.0,8.42,0.28,0.0
20230102:2010,0.0,0.0,0.0,0.0,8.25,0.28,0.0
20230102:2110,0.0,0.0,0.0,0.0,8.07,0.76,0.0
20230102:2210,0.0,0.0,0.0,0.0,7.18,1.24,0.0
20230102:2310,0.0,0.0,0.0,0.0,4.58,1.66,0.0
20230103:0010,0.0,0.0,0.0,0.0,3.47,1.93,0.0
20230103:0110,0.0,0.0,0.0,0.0,3.57,2.28,0.0
20230103:0210,0.0,0.0,0.0,0.0,3.73,2.55,0.0
20230103:0310,0.0,0.0,0.0,0.0,4.56,2.55,0.0
20230103:0410,0.0,0.0,0.0,0.0,4.88,2.55,0.0
20230103:0510,0.0,0.0,0.0,0.0,5.15,2.62,0.0
20230103:0610,0.0,33.0,0.0,5.61,5.6,2.69,0.0
20230103:0710,142.01,69.0,0.0,13.94,6.42,3.31,0.0
20230103:0810,250.01,87.0,0.0,20.49,7.7,3.66,0.0
20230103:0910,316.01,99.0,0.0,24.71,8.88,4.0,0.0
20230103:1010,353.01,95.0,0.0,26.12,9.49,4.14,0.0
20230103:1110,312.01,98.0,0.0,24.52,9.91,4.28,0.0
20230103:1210,236.01,89.0,0.0,20.13,10.06,4.21,0.0
20230103:1310,116.01,76.0,0.0,13.44,9.89,4.07,0.0
20230103:1410,25.0,22.34,0.0,5.03,9.39,3.72,0.0
20230103:1510,0.0,0.0,0.0,0.0,8.62,3.72,0.0
20230103:1610,0.0,0.0,0.0,0.0,8.17,3.59,0.0
20230103:1710,0.0,0.0,0.0,0.0,7.91,3.52,0.0
20230103:1810,0.0,0.0,0.0,0.0,7.78,3.52,0.0
20230103:1910,0.0,0.0,0.0,0.0,7.89,3.66,0.0
20230103:2010,0.0,0.0,0.0,0.0,7.98,3.66,0.0
20230103:2110,0.0,0.0,0.0,0.0,8.1,3.72,0.0
20230103:2210,0.0,0.0,0.0,0.0,8.27,3.93,0.0
20230103:2310,0.0,0.0,0.0,0.0,8.43,4.07,0.0
20230104:0010,0.0,0.0,0.0,0.0,8.41,4.07,0.0
20230104:0110,0.0,0.0,0.0,0.0,8.41,4.14,0.0
20230104:0210,0.0,0.0,0.0,0.0,8.35,3.93,0.0
20230104:0310,0.0,0.0,0.0,0.0,8.19,3.86,0.0
20230104:0410,0.0,0.0,0.0,0.0,8.06,3.52,0.0
20230104:0510,0.0,0.0,0.0,0.0,7.9,3.1,0.0
20230104:0610,0.0,36.0,0.0,5.63,7.83,2.55,0.0
20230104:0710,35.0,107.0,0.0,13.97,8.19,2.34,0.0
20230104:0810,7.0,137.0,0.0,20.54,9.18,2.28,0.0
20230104:0910,1.0,131.0,0.0,24.79,9.87,1.93,0.0
20230104:1010,0.0,85.0,0.0,26.22,10.23,1.59,0.0
20230104:1110,0.0,74.0,0.0,24.64,10.61,1.66,0.0
20230104:1210,0.0,61.0,0.0,20.26,10.82,2.14,0.0
20230104:1310,0.0,36.0,0.0,13.58,10.98,2.9,0.0
20230104:1410,0.0,13.0,0.0,5.17,10.71,3.1,0.0
20230104:1510,0.0,0.0,0.0,0.0,10.31,3.86,0.0
20230104:1610,0.0,0.0,0.0,0.0,10.08,4.07,0.0
20230104:1710,0.0,0.0,0.0,0.0,9.94,3.93,0.0
20230104:1810,0.0,0.0,0.0,0.0,9.76,3.79,0.0
20230104:1910,0.0,0.0,0.0,0.0,9.63,3.79,0.0
20230104:2010,0.0,0.0,0.0,0.0,9.54,3.66,0.0
20230104:2110,0.0,0.0,0.0,0.0,9.52,3.45,0.0
20230104:2210,0.0,0.0,0.0,0.0,9.37,3.24,0.0
20230104:2310,0.0,0.0,0.0,0.0,8.97,3.24,0.0
20230105:0010,0.0,0.0,0.0,0.0,8.94,3.31,0.0
20230105:0110,0.0,0.0,0.0,0.0,8.72,3.1,0.0
20230105:0210,0.0,0.0,0.0,0.0,8.66,2.83,0.0
20230105:0310,0.0,0.0,0.0,0.0,8.42,2.41,0.0
20230105:0410,0.0,0.0,0.0,0.0,8.36,2.07,0.0
20230105:0510,0.0,0.0,0.0,0.0,8.36,1.93,0.0
20230105:0610,0.0,33.0,0.0,5.64,8.29,1.86,0.0
20230105:0710,10.0,99.0,0.0,14.0,9.38,1.31,0.0
20230105:0810,17.0,154.0,0.0,20.6,10.19,1.38,0.0
20230105:0910,54.0,203.0,0.0,24.88,10.79,1.03,0.0
20230105:1010,135.0,202.0,0.0,26.33,11.28,1.24,0.0
20230105:1110,261.01,125.0,0.0,24.77,11.66,1.93,0.0
20230105:1210,232.01,90.0,0.0,20.4,11.75,2.9,0.0
20230105:1310,109.01,79.0,0.0,13.73,11.59,3.66,0.0
20230105:1410,26.0,24.04,0.0,5.31,11.01,3.72,0.0
20230105:1510,0.0,0.0,0.0,0.0,10.05,3.79,0.0
20230105:1610,0.0,0.0,0.0,0.0,9.4,4.0,0.0
20230105:1710,0.0,0.0,0.0,0.0,9.14,4.28,0.0
20230105:1810,0.0,0.0,0.0,0.0,9.03,4.48,0.0
20230105:1910,0.0,0.0,0.0,0.0,9.27,4.55,0.0
20230105:2010,0.0,0.0,0.0,0.0,9.35,4.69,0.0
20230105:2110,0.0,0.0,0.0,0.0,9.5,5.03,0.0
20230105:2210,0.0,0.0,0.0,0.0,9.57,5.31,0.0
20230105:2310,0.0,0.0,0.0,0.0,9.65,5.59,0.0
20230106:0010,0.0,0.0,0.0,0.0,9.82,5.86,0.0
20230106:0110,0.0,0.0,0.0,0.0,9.89,6.07,0.0
20230106:0210,0.0,0.0,0.0,0.0,10.04,6.55,0.0
20230106:0310,0.0,0.0,0.0,0.0,10.19,6.21,0.0
20230106:0410,0.0,0.0,0.0,0.0,10.23,5.86,0.0
20230106:0510,0.0,0.0,0.0,0.0,10.29,5.66,0.0
20230106:0610,0.0,23.0,0.0,5.67,10.35,5.38,0.0
20230106:0710,4.0,90.0,0.0,14.05,10.42,5.38,0.0
20230106:0810,15.0,151.0,0.0,20.67,10.82,5.66,0.0
20230106:0910,16.0,184.0,0.0,24.97,11.26,5.72,0.0
20230106:1010,65.0,216.0,0.0,26.45,11.59,5.72,0.0
20230106:1110,29.0,195.0,0.0,24.9,11.51,5.03,0.0
20230106:1210,230.01,92.0,0.0,20.55,11.76,4.07,0.0
20230106:1310,51.0,103.0,0.0,13.88,11.82,3.31,0.0
20230106:1410,29.0,23.54,0.0,5.47,11.28,2.41,0.0
20230106:1510,0.0,0.0,0.0,0.0,10.67,1.45,0.0
20230106:1610,0.0,0.0,0.0,0.0,10.2,0.69,0.0
20230106:1710,0.0,0.0,0.0,0.0,10.5,0.34,0.0
20230106:1810,0.0,0.0,0.0,0.0,10.36,0.28,0.0
20230106:1910,0.0,0.0,0.0,0.0,9.02,1.1,0.0
20230106:2010,0.0,0.0,0.0,0.0,8.47,1.24,0.0
20230106:2110,0.0,0.0,0.0,0.0,8.99,0.97,0.0
20230106:2210,0.0,0.0,0.0,0.0,9.05,0.9,0.0
20230106:2310,0.0,0.0,0.0,0.0,8.22,1.1,0.0
20230107:0010,0.0,0.0,0.0,0.0,6.97,1.52,0.0
20230107:0110,0.0,0.0,0.0,0.0,6.31,1.86,0.0
20230107:0210,0.0,0.0,0.0,0.0,6.24,1.79,0.0
20230107:0310,0.0,0.0,0.0,0.0,6.32,1.72,0.0
20230107:0410,0.0,0.0,0.0,0.0,6.36,1.79,0.0
20230107:0510,0.0,0.0,0.0,0.0,6.74,2.0,0.0
20230107:0610,0.0,32.0,0.0,5.7,7.15,2.14,0.0
20230107:0710,127.01,77.0,0.0,14.1,8.07,1.93,0.0
20230107:0810,247.01,89.0,0.0,20.75,9.19,2.34,0.0
20230107:0910,318.01,99.0,0.0,25.07,10.01,2.14,0.0
20230107:1010,348.01,98.0,0.0,26.57,10.56,1.59,0.0
20230107:1110,298.01,108.0,0.0,25.05,10.97,1.24,0.0
20230107:1210,127.01,148.0,0.0,20.7,11.16,1.24,0.0
20230107:1310,2.0,83.0,0.0,14.04,11.0,1.1,0.0
20230107:1410,0.0,25.0,0.0,5.62,10.68,0.9,0.0
20230107:1510,0.0,0.0,0.0,0.0,10.04,1.24,0.0
20230107:1610,0.0,0.0,0.0,0.0,9.27,1.93,0.0
20230107:1710,0.0,0.0,0.0,0.0,8.85,2.48,0.0
20230107:1810,0.0,0.0,0.0,0.0,8.36,2.83,0.0
20230107:1910,0.0,0.0,0.0,0.0,8.24,1.93,0.0
20230107:2010,0.0,0.0,0.0,0.0,7.64,1.93,0.0
20230107:2110,0.0,0.0,0.0,0.0,7.0,1.86,0.0
20230107:2210,0.0,0.0,0.0,0.0,6.78,1.79,0.0
20230107:2310,0.0,0.0,0.0,0.0,6.38,1.66,0.0
20230108:0010,0.0,0.0,0.0,0.0,5.87,1.79,0.0
20230108:0110,0.0,0.0,0.0,0.0,5.53,1.93,0.0
20230108:0210,0.0,0.0,0.0,0.0,5.29,2.07,0.0
20230108:0310,0.0,0.0,0.0,0.0,5.31,2.34,0.0
20230108:0410,0.0,0.0,0.0,0.0,5.79,2.62,0.0
20230108:0510,0.0,0.0,0.0,0.0,6.17,2.97,0.0
20230108:0610,0.0,31.0,0.0,5.73,6.58,3.17,0.0
20230108:0710,141.01,71.0,0.0,14.15,6.71,2.62,0.0
20230108:0810,253.01,87.0,0.0,20.83,8.03,2.97,0.0
20230108:0910,322.01,98.0,0.0,25.18,9.15,3.03,0.0
20230108:1010,342.01,104.0,0.0,26.7,10.03,2.76,0.0
20230108:1110,317.01,100.0,0.0,25.19,10.65,2.55,0.0
20230108:1210,238.01,94.0,0.0,20.86,11.0,2.55,0.0
20230108:1310,107.01,87.0,0.0,14.2,11.0,2.83,0.0
20230108:1410,28.0,33.0,0.0,5.78,10.54,3.1,0.0
20230108:1510,0.0,0.0,0.0,0.0,9.41,3.66,0.0
20230108:1610,0.0,0.0,0.0,0.0,8.42,4.28,0.0
20230108:1710,0.0,0.0,0.0,0.0,7.75,4.48,0.0
20230108:1810,0.0,0.0,0.0,0.0,7.32,4.41,0.0
20230108:1910,0.0,0.0,0.0,0.0,7.37,3.72,0.0
20230108:2010,0.0,0.0,0.0,0.0,7.07,3.45,0.0
20230108:2110,0.0,0.0,0.0,0.0,6.77,3.31,0.0
20230108:2210,0.0,0.0,0.0,0.0,6.5,3.38,0.0
20230108:2310,0.0,0.0,0.0,0.0,6.31,3.38,0.0
20230109:0010,0.0,0.0,0.0,0.0,6.17,3.45,0.0
20230109:0110,0.0,0.0,0.0,0.0,6.09,3.52,0.0
20230109:0210,0.0,0.0,0.0,0.0,5.96,3.52,0.0
20230109:0310,0.0,0.0,0.0,0.0,5.83,3.52,0.0
20230109:0410,0.0,0.0,0.0,0.0,5.68,3.38,0.0
20230109:0510,0.0,0.0,0.0,0.0,5.5,3.45,0.0
20230109:0610,0.0,32.0,0.0,5.77,5.4,3.38,0.0
20230109:0710,152.01,68.0,0.0,14.22,5.79,3.38,0.0
20230109:0810,264.01,84.0,0.0,20.91,7.28,3.52,0.0
20230109:0910,330.01,97.0,0.0,25.29,8.49,3.52,0.0
20230109:1010,346.01,105.0,0.0,26.84,9.42,3.31,0.0
20230109:1110,304.01,112.0,0.0,25.35,10.13,3.17,0.0
20230109:1210,241.01,96.0,0.0,21.02,10.58,3.1,0.0
20230109:1310,124.01,82.0,0.0,14.36,10.75,2.97,0.0
20230109:1410,20.0,37.0,0.0,5.95,10.46,2.41,0.0
20230109:1510,0.0,0.0,0.0,0.0,9.58,2.0,0.0
20230109:1610,0.0,0.0,0.0,0.0,8.0,2.0,0.0
20230109:1710,0.0,0.0,0.0,0.0,6.67,2.48,0.0
20230109:1810,0.0,0.0,0.0,0.0,6.15,2.76,0.0
20230109:1910,0.0,0.0,0.0,0.0,6.31,3.66,0.0
20230109:2010,0.0,0.0,0.0,0.0,6.48,3.93,0.0
20230109:2110,0.0,0.0,0.0,0.0,6.52,4.07,0.0
20230109:2210,0.0,0.0,0.0,0.0,6.49,4.34,0.0
20230109:2310,0.0,0.0,0.0,0.0,6.43,4.55,0.0
20230110:0010,0.0,0.0,0.0,0.0,6.44,4.55,0.0
20230110:0110,0.0,0.0,0.0,0.0,6.33,4.34,0.0
20230110:0210,0.0,0.0,0.0,0.0,6.2,4.21,0.0
20230110:0310,0.0,0.0,0.0,0.0,6.11,4.28,0.0
20230110:0410,0.0,0.0,0.0,0.0,6.12,4.48,0.0
20230110:0510,0.0,0.0,0.0,0.0,6.16,4.83,0.0
20230110:0610,0.0,30.0,0.0,5.82,6.38,5.31,0.0
20230110:0710,74.0,103.0,0.0,14.29,7.21,5.59,0.0
20230110:0810,74.0,168.0,0.0,21.01,8.38,5.72,0.0
20230110:0910,160.01,185.0,0.0,25.41,9.72,5.86,0.0
20230110:1010,262.01,152.0,0.0,26.98,10.93,5.72,0.0
20230110:1110,312.01,106.0,0.0,25.51,11.54,5.72,0.0
20230110:1210,16.0,158.0,0.0,21.19,11.52,5.24,0.0
20230110:1310,0.0,44.0,0.0,14.54,11.58,4.76,0.0
20230110:1410,31.0,35.0,0.0,6.12,11.45,4.41,0.0
20230110:1510,0.0,0.0,0.0,0.0,11.01,4.83,0.0
20230110:1610,0.0,0.0,0.0,0.0,10.67,5.38,0.0
20230110:1710,0.0,0.0,0.0,0.0,10.5,5.86,0.0
20230110:1810,0.0,0.0,0.0,0.0,10.61,5.86,0.0
20230110:1910,0.0,0.0,0.0,0.0,10.71,5.59,0.0
20230110:2010,0.0,0.0,0.0,0.0,10.63,4.62,0.0
20230110:2110,0.0,0.0,0.0,0.0,10.27,3.52,0.0
20230110:2210,0.0,0.0,0.0,0.0,9.77,3.17,0.0
20230110:2310,0.0,0.0,0.0,0.0,9.48,3.93,0.0
20230111:0010,0.0,0.0,0.0,0.0,9.43,5.03,0.0
20230111:0110,0.0,0.0,0.0,0.0,9.52,5.03,0.0
20230111:0210,0.0,0.0,0.0,0.0,9.71,4.76,0.0
20230111:0310,0.0,0.0,0.0,0.0,9.87,4.9,0.0
20230111:0410,0.0,0.0,0.0,0.0,9.94,5.03,0.0
20230111:0510,0.0,0.0,0.0,0.0,10.02,5.17,0.0
20230111:0610,0.0,24.0,0.0,5.88,10.15,5.24,0.0
20230111:0710,8.0,98.0,0.0,14.36,10.49,4.41,0.0
20230111:0810,8.0,145.0,0.0,21.11,10.79,4.14,0.0
20230111:0910,0.0,117.0,0.0,25.54,11.4,3.52,0.0
20230111:1010,0.0,133.0,0.0,27.14,11.67,2.97,0.0
20230111:1110,1.0,135.0,0.0,25.68,11.72,2.69,0.0
20230111:1210,0.0,106.0,0.0,21.37,11.98,2.83,0.0
20230111:1310,1.0,73.0,0.0,14.71,11.68,2.83,0.0
20230111:1410,1.0,32.0,0.0,6.3,11.39,3.03,0.0
20230111:1510,0.0,0.0,0.0,0.0,10.78,2.97,0.0
20230111:1610,0.0,0.0,0.0,0.0,10.32,2.69,0.0
20230111:1710,0.0,0.0,0.0,0.0,9.92,2.34,0.0
20230111:1810,0.0,0.0,0.0,0.0,9.65,2.28,0.0
20230111:1910,0.0,0.0,0.0,0.0,9.72,2.83,0.0
20230111:2010,0.0,0.0,0.0,0.0,9.6,2.9,0.0
20230111:2110,0.0,0.0,0.0,0.0,9.3,2.55,0.0
20230111:2210,0.0,0.0,0.0,0.0,9.25,2.0,0.0
20230111:2310,0.0,0.0,0.0,0.0,9.01,1.38,0.0
20230112:0010,0.0,0.0,0.0,0.0,8.69,0.76,0.0
20230112:0110,0.0,0.0,0.0,0.0,8.75,0.76,0.0
20230112:0210,0.0,0.0,0.0,0.0,8.59,0.76,0.0
20230112:0310,0.0,0.0,0.0,0.0,9.03,0.48,0.0
20230112:0410,0.0,0.0,0.0,0.0,8.87,0.55,0.0
20230112:0510,0.0,0.0,0.0,0.0,8.32,0.83,0.0
20230112:0610,0.0,25.0,0.0,5.94,7.51,1.17,0.0
20230112:0710,120.01,82.0,0.0,14.45,8.29,0.9,0.0
20230112:0810,124.0,153.0,0.0,21.22,9.91,1.03,0.0
20230112:0910,19.0,192.0,0.0,25.68,10.68,1.52,0.0
20230112:1010,242.01,161.0,0.0,27.29,11.14,2.21,0.0
20230112:1110,15.0,189.0,0.0,25.85,11.34,2.62,0.0
20230112:1210,12.0,153.0,0.0,21.55,11.28,2.76,0.0
20230112:1310,19.0,110.0,0.0,14.9,10.88,2.9,0.0
20230112:1410,0.0,6.0,0.0,6.47,10.33,2.83,0.0
20230112:1510,0.0,0.0,0.0,0.0,9.8,2.97,0.0
20230112:1610,0.0,0.0,0.0,0.0,9.26,3.1,0.0
20230112:1710,0.0,0.0,0.0,0.0,8.91,3.03,0.0
20230112:1810,0.0,0.0,0.0,0.0,8.63,2.9,0.0
20230112:1910,0.0,0.0,0.0,0.0,8.46,3.52,0.0
20230112:2010,0.0,0.0,0.0,0.0,8.35,3.59,0.0
20230112:2110,0.0,0.0,0.0,0.0,8.21,3.45,0.0
20230112:2210,0.0,0.0,0.0,0.0,8.16,3.66,0.0
20230112:2310,0.0,0.0,0.0,0.0,8.08,3.59,0.0
20230113:0010,0.0,0.0,0.0,0.0,8.06,3.72,0.0
20230113:0110,0.0,0.0,0.0,0.0,8.07,3.86,0.0
20230113:0210,0.0,0.0,0.0,0.0,8.14,3.45,0.0
20230113:0310,0.0,0.0,0.0,0.0,8.27,3.52,0.0
20230113:0410,0.0,0.0,0.0,0.0,8.41,3.38,0.0
20230113:0510,0.0,0.0,0.0,0.0,8.51,2.76,0.0
20230113:0610,0.0,31.0,0.0,6.01,8.64,2.28,0.0
20230113:0710,2.0,85.0,0.0,14.54,8.74,2.41,0.0
20230113:0810,3.0,131.0,0.0,21.34,9.02,2.28,0.0
20230113:0910,0.0,133.0,0.0,25.82,9.42,2.55,0.0
20230113:1010,0.0,140.0,0.0,27.46,9.83,3.52,0.0
20230113:1110,9.0,179.0,0.0,26.03,10.17,4.0,0.0
20230113:1210,0.0,81.0,0.0,21.74,10.11,4.28,0.0
20230113:1310,4.0,94.0,0.0,15.08,9.9,4.48,0.0
20230113:1410,0.0,12.0,0.0,6.66,9.54,4.62,0.0
20230113:1510,0.0,0.0,0.0,0.0,9.09,4.76,0.0
20230113:1610,0.0,0.0,0.0,0.0,8.76,4.83,0.0
20230113:1710,0.0,0.0,0.0,0.0,8.64,4.76,0.0
20230113:1810,0.0,0.0,0.0,0.0,8.62,4.69,0.0
20230113:1910,0.0,0.0,0.0,0.0,8.52,4.76,0.0
20230113:2010,0.0,0.0,0.0,0.0,8.2,4.34,0.0
20230113:2110,0.0,0.0,0.0,0.0,7.94,4.34,0.0
20230113:2210,0.0,0.0,0.0,0.0,7.97,4.41,0.0
20230113:2310,0.0,0.0,0.0,0.0,7.88,4.34,0.0
20230114:0010,0.0,0.0,0.0,0.0,7.91,4.28,0.0
20230114:0110,0.0,0.0,0.0,0.0,7.89,4.14,0.0
20230114:0210,0.0,0.0,0.0,0.0,7.87,4.07,0.0
20230114:0310,0.0,0.0,0.0,0.0,7.82,3.79,0.0
20230114:0410,0.0,0.0,0.0,0.0,7.81,3.59,0.0
20230114:0510,0.0,0.0,0.0,0.0,7.82,3.66,0.0
20230114:0610,0.0,14.0,0.0,6.08,7.87,3.59,0.0
20230114:0710,25.0,112.0,0.0,14.63,8.66,4.62,0.0
20230114:0810,130.0,154.0,0.0,21.46,9.11,4.97,0.0
20230114:0910,42.0,208.0,0.0,25.97,9.62,4.83,0.0
20230114:1010,64.0,225.0,0.0,27.63,9.85,4.83,0.0
20230114:1110,22.0,199.0,0.0,26.22,9.93,4.83,0.0
20230114:1210,19.0,165.0,0.0,21.93,9.67,4.97,0.0
20230114:1310,61.0,113.0,0.0,15.27,9.32,5.17,0.0
20230114:1410,1.0,35.0,0.0,6.84,8.82,5.38,0.0
20230114:1510,0.0,0.0,0.0,0.0,8.19,5.24,0.0
20230114:1610,0.0,0.0,0.0,0.0,7.78,4.97,0.0
20230114:1710,0.0,0.0,0.0,0.0,7.64,4.9,0.0
20230114:1810,0.0,0.0,0.0,0.0,7.6,4.83,0.0
20230114:1910,0.0,0.0,0.0,0.0,7.86,5.24,0.0
20230114:2010,0.0,0.0,0.0,0.0,7.73,4.83,0.0
20230114:2110,0.0,0.0,0.0,0.0,7.65,4.55,0.0
20230114:2210,0.0,0.0,0.0,0.0,7.56,4.21,0.0
20230114:2310,0.0,0.0,0.0,0.0,7.57,4.0,0.0
20230115:0010,0.0,0.0,0.0,0.0,7.3,3.79,0.0
20230115:0110,0.0,0.0,0.0,0.0,7.26,3.52,0.0
20230115:0210,0.0,0.0,0.0,0.0,7.09,3.38,0.0
20230115:0310,0.0,0.0,0.0,0.0,7.0,3.45,0.0
20230115:0410,0.0,0.0,0.0,0.0,6.98,3.66,0.0
20230115:0510,0.0,0.0,0.0,0.0,7.04,3.79,0.0
20230115:0610,0.0,31.0,0.0,6.16,7.05,3.86,0.0
20230115:0710,43.0,114.0,0.0,14.74,7.99,5.17,0.0
20230115:0810,104.0,165.0,0.0,21.59,8.51,5.93,0.0
20230115:0910,292.01,123.0,0.0,26.13,9.03,5.93,0.0
20230115:1010,217.01,181.0,0.0,27.81,9.55,5.52,0.0
20230115:1110,157.01,194.0,0.0,26.42,9.74,5.17,0.0
20230115:1210,143.01,154.0,0.0,22.13,9.65,5.1,0.0
20230115:1310,172.01,68.0,0.0,15.47,9.52,5.31,0.0
20230115:1410,50.0,37.0,0.0,7.03,9.05,5.45,0.0
20230115:1510,0.0,0.0,0.0,0.0,8.28,5.31,0.0
20230115:1610,0.0,0.0,0.0,0.0,7.81,5.31,0.0
20230115:1710,0.0,0.0,0.0,0.0,7.43,5.31,0.0
20230115:1810,0.0,0.0,0.0,0.0,7.13,5.1,0.0
20230115:1910,0.0,0.0,0.0,0.0,7.12,5.03,0.0
20230115:2010,0.0,0.0,0.0,0.0,6.91,4.69,0.0
20230115:2110,0.0,0.0,0.0,0.0,6.83,4.34,0.0
20230115:2210,0.0,0.0,0.0,0.0,6.75,4.21,0.0
20230115:2310,0.0,0.0,0.0,0.0,6.73,3.72,0.0
20230116:0010,0.0,0.0,0.0,0.0,6.78,3.52,0.0
20230116:0110,0.0,0.0,0.0,0.0,6.91,3.38,0.0
20230116:0210,0.0,0.0,0.0,0.0,6.76,3.17,0.0
20230116:0310,0.0,0.0,0.0,0.0,6.75,2.48,0.0
20230116:0410,0.0,0.0,0.0,0.0,6.37,1.59,0.0
20230116:0510,0.0,0.0,0.0,0.0,5.66,1.45,0.0
20230116:0610,0.0,39.0,0.0,6.25,5.48,1.45,0.0
20230116:0710,131.01,83.0,0.0,14.85,6.83,1.52,0.0
20230116:0810,185.01,133.0,0.0,21.73,8.42,1.93,0.0
20230116:0910,219.01,166.0,0.0,26.29,9.33,2.48,0.0
20230116:1010,263.01,162.0,0.0,28.0,9.9,3.1,0.0
20230116:1110,338.01,103.0,0.0,26.62,10.29,3.52,0.0
20230116:1210,290.01,83.0,0.0,22.33,10.27,3.66,0.0
20230116:1310,174.01,69.0,0.0,15.67,10.06,3.45,0.0
20230116:1410,52.0,38.0,0.0,7.23,9.51,2.83,0.0
20230116:1510,0.0,0.0,0.0,0.0,8.75,2.34,0.0
20230116:1610,0.0,0.0,0.0,0.0,8.02,2.14,0.0
20230116:1710,0.0,0.0,0.0,0.0,7.05,1.86,0.0
20230116:1810,0.0,0.0,0.0,0.0,6.07,1.79,0.0
20230116:1910,0.0,0.0,0.0,0.0,5.88,2.55,0.0
20230116:2010,0.0,0.0,0.0,0.0,6.59,3.24,0.0
20230116:2110,0.0,0.0,0.0,0.0,7.78,3.93,0.0
20230116:2210,0.0,0.0,0.0,0.0,8.7,4.28,0.0
20230116:2310,0.0,0.0,0.0,0.0,9.25,4.83,0.0
20230117:0010,0.0,0.0,0.0,0.0,9.69,5.59,0.0
20230117:0110,0.0,0.0,0.0,0.0,9.9,5.93,0.0
20230117:0210,0.0,0.0,0.0,0.0,9.93,5.86,0.0
20230117:0310,0.0,0.0,0.0,0.0,9.67,5.66,0.0
20230117:0410,0.0,0.0,0.0,0.0,9.45,5.66,0.0
20230117:0510,0.0,0.0,0.0,0.0,9.35,5.79,0.0
20230117:0610,0.0,40.0,0.0,6.34,9.48,6.07,0.0
20230117:0710,10.0,103.0,0.0,14.96,10.22,6.41,0.0
20230117:0810,94.0,169.0,0.0,21.87,11.4,6.14,0.0
20230117:0910,8.0,179.0,0.0,26.46,12.67,6.83,0.0
20230117:1010,0.0,139.0,0.0,28.19,13.72,7.38,0.0
20230117:1110,0.0,136.0,0.0,26.82,14.73,8.0,0.0
20230117:1210,0.0,35.0,0.0,22.54,15.15,7.72,0.0
20230117:1310,0.0,21.0,0.0,15.88,15.35,8.28,0.0
20230117:1410,15.0,49.0,0.0,7.43,14.93,8.69,0.0
20230117:1510,0.0,0.0,0.0,0.0,14.35,8.76,0.0
20230117:1610,0.0,0.0,0.0,0.0,14.03,8.9,0.0
20230117:1710,0.0,0.0,0.0,0.0,13.79,8.76,0.0
20230117:1810,0.0,0.0,0.0,0.0,13.64,8.69,0.0
20230117:1910,0.0,0.0,0.0,0.0,14.18,8.0,0.0
20230117:2010,0.0,0.0,0.0,0.0,14.12,8.21,0.0
20230117:2110,0.0,0.0,0.0,0.0,13.83,8.0,0.0
20230117:2210,0.0,0.0,0.0,0.0,13.59,7.66,0.0
20230117:2310,0.0,0.0,0.0,0.0,13.23,7.31,0.0
20230118:0010,0.0,0.0,0.0,0.0,12.79,6.9,0.0
20230118:0110,0.0,0.0,0.0,0.0,12.38,6.83,0.0
20230118:0210,0.0,0.0,0.0,0.0,12.21,6.9,0.0
20230118:0310,0.0,0.0,0.0,0.0,12.07,7.1,0.0
20230118:0410,0.0,0.0,0.0,0.0,11.91,7.17,0.0
20230118:0510,0.0,0.0,0.0,0.0,11.76,7.1,0.0
20230118:0610,0.0,34.0,0.0,6.44,11.7,6.97,0.0
20230118:0710,39.0,116.0,0.0,15.09,12.82,7.17,0.0
20230118:0810,285.01,81.0,0.0,22.02,13.56,7.31,0.0
20230118:0910,251.01,150.0,0.0,26.64,14.49,7.45,0.0
20230118:1010,342.01,118.0,0.0,28.39,15.35,8.14,0.0
20230118:1110,315.01,117.0,0.0,27.03,16.08,8.28,0.0
20230118:1210,296.01,82.0,0.0,22.76,16.46,8.07,0.0
20230118:1310,0.0,56.0,0.0,16.09,16.5,8.62,0.0
20230118:1410,0.0,9.0,0.0,7.63,16.11,8.62,0.0
20230118:1510,0.0,0.0,0.0,0.0,15.71,8.28,0.0
20230118:1610,0.0,0.0,0.0,0.0,15.36,7.93,0.0
20230118:1710,0.0,0.0,0.0,0.0,15.07,7.79,0.0
20230118:1810,0.0,0.0,0.0,0.0,14.67,7.59,0.0
20230118:1910,0.0,0.0,0.0,0.0,14.59,7.45,0.0
20230118:2010,0.0,0.0,0.0,0.0,14.15,7.1,0.0
20230118:2110,0.0,0.0,0.0,0.0,13.77,6.76,0.0
20230118:2210,0.0,0.0,0.0,0.0,13.32,6.28,0.0
20230118:2310,0.0,0.0,0.0,0.0,12.74,5.86,0.0
20230119:0010,0.0,0.0,0.0,0.0,12.21,5.59,0.0
20230119:0110,0.0,0.0,0.0,0.0,11.85,5.52,0.0
20230119:0210,0.0,0.0,0.0,0.0,11.57,5.52,0.0
20230119:0310,0.0,0.0,0.0,0.0,11.37,5.45,0.0
20230119:0410,0.0,0.0,0.0,0.0,11.17,5.31,0.0
20230119:0510,0.0,0.0,0.0,0.0,10.91,5.03,0.0
20230119:0610,0.0,35.0,0.0,6.55,10.76,4.83,0.0
20230119:0710,95.0,104.0,0.0,15.22,11.98,4.9,0.0
20230119:0810,254.01,100.0,0.0,22.18,13.07,4.41,0.0
20230119:0910,308.01,124.0,0.0,26.82,14.02,4.34,0.0
20230119:1010,387.01,99.0,0.0,28.6,14.81,4.34,0.0
20230119:1110,215.01,178.0,0.0,27.25,15.38,4.21,0.0
20230119:1210,309.01,80.0,0.0,22.98,15.8,4.0,0.0
20230119:1310,191.01,68.0,0.0,16.3,15.94,3.72,0.0
20230119:1410,47.0,46.0,0.0,7.83,15.56,3.52,0.0
20230119:1510,0.0,0.0,0.0,0.0,14.57,3.03,0.0
20230119:1610,0.0,0.0,0.0,0.0,13.49,2.62,0.0
20230119:1710,0.0,0.0,0.0,0.0,12.27,2.34,0.0
20230119:1810,0.0,0.0,0.0,0.0,10.89,2.28,0.0
20230119:1910,0.0,0.0,0.0,0.0,10.22,2.55,0.0
20230119:2010,0.0,0.0,0.0,0.0,9.55,2.21,0.0
20230119:2110,0.0,0.0,0.0,0.0,8.9,2.14,0.0
20230119:2210,0.0,0.0,0.0,0.0,8.02,2.28,0.0
20230119:2310,0.0,0.0,0.0,0.0,7.49,2.21,0.0
20230120:0010,0.0,0.0,0.0,0.0,7.24,2.21,0.0
20230120:0110,0.0,0.0,0.0,0.0,6.78,2.28,0.0
20230120:0210,0.0,0.0,0.0,0.0,6.33,2.34,0.0
20230120:0310,0.0,0.0,0.0,0.0,5.99,2.41,0.0
20230120:0410,0.0,0.0,0.0,0.0,5.98,2.14,0.0
20230120:0510,0.0,0.0,0.0,0.0,6.28,1.86,0.0
20230120:0610,0.0,40.0,0.0,6.66,5.96,2.0,0.0
20230120:0710,3.0,92.0,0.0,15.35,8.23,2.28,0.0
20230120:0810,272.01,93.0,0.0,22.34,11.15,2.28,0.0
20230120:0910,228.01,171.0,0.0,27.01,12.85,2.48,0.0
20230120:1010,258.01,175.0,0.0,28.81,14.1,2.48,0.0
20230120:1110,264.01,156.0,0.0,27.47,14.92,2.28,0.0
20230120:1210,260.01,109.0,0.0,23.2,15.44,2.21,0.0
20230120:1310,151.01,91.0,0.0,16.52,15.62,1.93,0.0
20230120:1410,2.0,43.0,0.0,8.04,15.15,2.14,0.0
20230120:1510,0.0,0.0,0.0,0.0,14.0,2.34,0.0
20230120:1610,0.0,0.0,0.0,0.0,12.32,4.28,0.0
20230120:1710,0.0,0.0,0.0,0.0,11.58,5.66,0.0
20230120:1810,0.0,0.0,0.0,0.0,11.56,6.21,0.0
20230120:1910,0.0,0.0,0.0,0.0,11.97,6.0,0.0
20230120:2010,0.0,0.0,0.0,0.0,11.69,5.66,0.0
20230120:2110,0.0,0.0,0.0,0.0,11.47,5.79,0.0
20230120:2210,0.0,0.0,0.0,0.0,11.31,5.72,0.0
20230120:2310,0.0,0.0,0.0,0.0,11.22,5.52,0.0
20230121:0010,0.0,0.0,0.0,0.0,11.02,5.17,0.0
20230121:0110,0.0,0.0,0.0,0.0,10.74,4.69,0.0
20230121:0210,0.0,0.0,0.0,0.0,10.46,4.28,0.0
20230121:0310,0.0,0.0,0.0,0.0,10.14,3.86,0.0
20230121:0410,0.0,0.0,0.0,0.0,9.88,3.59,0.0
20230121:0510,0.0,0.0,0.0,0.0,9.54,3.31,0.0
20230121:0610,0.0,37.0,0.0,6.78,9.31,3.1,0.0
20230121:0710,174.01,68.0,0.0,15.49,10.19,3.38,0.0
20230121:0810,282.01,89.0,0.0,22.51,12.1,3.59,0.0
20230121:0910,22.0,209.0,0.0,27.21,13.62,3.45,0.0
20230121:1010,159.0,221.0,0.0,29.03,14.59,3.38,0.0
20230121:1110,325.01,122.0,0.0,27.7,15.13,3.17,0.0
20230121:1210,315.01,81.0,0.0,23.43,15.39,2.83,0.0
20230121:1310,85.0,122.0,0.0,16.74,15.63,2.34,0.0
20230121:1410,59.0,45.0,0.0,8.25,15.36,1.38,0.0
20230121:1510,0.0,0.0,0.0,0.0,14.2,1.45,0.0
20230121:1610,0.0,0.0,0.0,0.0,12.37,2.28,0.0
20230121:1710,0.0,0.0,0.0,0.0,11.42,2.76,0.0
20230121:1810,0.0,0.0,0.0,0.0,11.19,2.97,0.0
20230121:1910,0.0,0.0,0.0,0.0,10.11,2.48,0.0
20230121:2010,0.0,0.0,0.0,0.0,9.28,2.41,0.0
20230121:2110,0.0,0.0,0.0,0.0,8.44,2.14,0.0
20230121:2210,0.0,0.0,0.0,0.0,7.69,2.07,0.0
20230121:2310,0.0,0.0,0.0,0.0,7.28,1.93,0.0
20230122:0010,0.0,0.0,0.0,0.0,7.03,1.93,0.0
20230122:0110,0.0,0.0,0.0,0.0,6.98,1.93,0.0
20230122:0210,0.0,0.0,0.0,0.0,7.06,1.86,0.0
20230122:0310,0.0,0.0,0.0,0.0,6.95,1.86,0.0
20230122:0410,0.0,0.0,0.0,0.0,7.16,1.72,0.0
20230122:0510,0.0,0.0,0.0,0.0,7.31,1.72,0.0
20230122:0610,0.0,43.0,0.0,6.9,7.55,1.59,0.0
20230122:0710,5.0,100.0,0.0,15.64,8.98,2.41,0.0
20230122:0810,51.0,182.0,0.0,22.69,11.52,2.14,0.0
20230122:0910,236.01,167.0,0.0,27.41,13.24,1.93,0.0
20230122:1010,49.0,236.0,0.0,29.25,14.46,1.52,0.0
20230122:1110,176.01,201.0,0.0,27.94,14.98,0.9,0.0
20230122:1210,54.0,190.0,0.0,23.66,15.18,0.48,0.0
20230122:1310,0.0,71.0,0.0,16.97,15.19,0.83,0.0
20230122:1410,1.0,42.0,0.0,8.47,14.61,1.38,0.0
20230122:1510,0.0,0.0,0.0,0.0,13.43,2.14,0.0
20230122:1610,0.0,0.0,0.0,0.0,11.91,2.55,0.0
20230122:1710,0.0,0.0,0.0,0.0,10.81,2.48,0.0
20230122:1810,0.0,0.0,0.0,0.0,9.7,2.34,0.0
20230122:1910,0.0,0.0,0.0,0.0,8.63,1.72,0.0
20230122:2010,0.0,0.0,0.0,0.0,7.64,1.86,0.0
20230122:2110,0.0,0.0,0.0,0.0,6.94,1.93,0.0
20230122:2210,0.0,0.0,0.0,0.0,6.49,2.14,0.0
20230122:2310,0.0,0.0,0.0,0.0,6.61,2.41,0.0
20230123:0010,0.0,0.0,0.0,0.0,7.26,2.9,0.0
20230123:0110,0.0,0.0,0.0,0.0,7.92,3.31,0.0
20230123:0210,0.0,0.0,0.0,0.0,8.15,3.79,0.0
20230123:0310,0.0,0.0,0.0,0.0,8.13,3.93,0.0
20230123:0410,0.0,0.0,0.0,0.0,8.2,4.07,0.0
20230123:0510,0.0,0.0,0.0,0.0,8.18,4.55,0.0
20230123:0610,0.0,36.0,0.0,7.03,8.33,4.83,0.0
20230123:0710,3.0,96.0,0.0,15.8,8.4,5.59,0.0
20230123:0810,0.0,121.0,0.0,22.87,8.96,5.86,0.0
20230123:0910,2.0,160.0,0.0,27.62,9.47,5.93,0.0
20230123:1010,9.0,201.0,0.0,29.48,10.02,5.93,0.0
20230123:1110,0.0,147.0,0.0,28.18,10.38,5.93,0.0
20230123:1210,0.0,106.0,0.0,23.9,10.37,6.07,0.0
20230123:1310,6.0,114.0,0.0,17.2,10.01,6.41,0.0
20230123:1410,0.0,35.0,0.0,8.69,9.25,6.76,0.0
20230123:1510,0.0,0.0,0.0,0.0,8.52,6.83,0.0
20230123:1610,0.0,0.0,0.0,0.0,8.01,6.83,0.0
20230123:1710,0.0,0.0,0.0,0.0,7.63,6.62,0.0
20230123:1810,0.0,0.0,0.0,0.0,7.45,6.41,0.0
20230123:1910,0.0,0.0,0.0,0.0,7.6,5.79,0.0
20230123:2010,0.0,0.0,0.0,0.0,7.4,5.79,0.0
20230123:2110,0.0,0.0,0.0,0.0,7.24,5.86,0.0
20230123:2210,0.0,0.0,0.0,0.0,7.11,5.86,0.0
20230123:2310,0.0,0.0,0.0,0.0,6.99,5.72,0.0
20230124:0010,0.0,0.0,0.0,0.0,6.93,5.66,0.0
20230124:0110,0.0,0.0,0.0,0.0,6.74,5.66,0.0
20230124:0210,0.0,0.0,0.0,0.0,6.69,5.59,0.0
20230124:0310,0.0,0.0,0.0,0.0,6.6,5.45,0.0
20230124:0410,0.0,0.0,0.0,0.0,6.56,5.31,0.0
20230124:0510,0.0,0.0,0.0,0.0,6.45,5.1,0.0
20230124:0610,0.0,46.0,0.0,7.17,6.38,5.03,0.0
20230124:0710,13.0,115.0,0.0,15.96,7.24,5.24,0.0
20230124:0810,39.0,186.0,0.0,23.06,7.4,5.24,0.0
20230124:0910,119.0,222.0,0.0,27.84,7.55,5.31,0.0
20230124:1010,15.0,216.0,0.0,29.72,7.99,5.38,0.0
20230124:1110,19.0,213.0,0.0,28.42,8.08,5.17,0.0
20230124:1210,27.0,188.0,0.0,24.15,7.98,4.97,0.0
20230124:1310,8.0,119.0,0.0,17.43,7.93,4.97,0.0
20230124:1410,4.0,52.0,0.0,8.91,7.74,4.97,0.0
20230124:1510,0.0,0.0,0.0,0.0,7.31,4.9,0.0
20230124:1610,0.0,0.0,0.0,0.0,7.02,4.83,0.0
20230124:1710,0.0,0.0,0.0,0.0,6.77,4.41,0.0
20230124:1810,0.0,0.0,0.0,0.0,6.61,4.21,0.0
20230124:1910,0.0,0.0,0.0,0.0,6.36,4.34,0.0
20230124:2010,0.0,0.0,0.0,0.0,6.25,4.34,0.0
20230124:2110,0.0,0.0,0.0,0.0,6.18,4.41,0.0
20230124:2210,0.0,0.0,0.0,0.0,6.09,4.62,0.0
20230124:2310,0.0,0.0,0.0,0.0,6.0,4.69,0.0
20230125:0010,0.0,0.0,0.0,0.0,5.97,4.9,0.0
20230125:0110,0.0,0.0,0.0,0.0,5.94,4.9,0.0
20230125:0210,0.0,0.0,0.0,0.0,5.82,4.97,0.0
20230125:0310,0.0,0.0,0.0,0.0,5.64,5.24,0.0
20230125:0410,0.0,0.0,0.0,0.0,5.81,5.24,0.0
20230125:0510,0.0,0.0,0.0,0.0,5.78,5.17,0.0
20230125:0610,0.0,47.0,0.0,7.31,5.85,5.17,0.0
20230125:0710,44.0,126.0,0.0,16.12,5.9,6.21,0.0
20230125:0810,71.0,189.0,0.0,23.25,6.11,6.21,0.0
20230125:0910,26.0,218.0,0.0,28.06,6.26,6.34,0.0
20230125:1010,70.0,248.0,0.0,29.96,6.29,6.21,0.0
20230125:1110,73.0,237.0,0.0,28.67,6.51,5.86,0.0
20230125:1210,19.0,183.0,0.0,24.39,6.65,5.72,0.0
20230125:1310,8.0,122.0,0.0,17.67,6.69,5.52,0.0
20230125:1410,13.0,63.0,0.0,9.13,6.69,5.1,0.0
20230125:1510,0.0,0.0,0.0,0.0,6.37,4.83,0.0
20230125:1610,0.0,0.0,0.0,0.0,6.05,4.41,0.0
20230125:1710,0.0,0.0,0.0,0.0,5.78,4.28,0.0
20230125:1810,0.0,0.0,0.0,0.0,5.64,4.14,0.0
20230125:1910,0.0,0.0,0.0,0.0,5.92,4.0,0.0
20230125:2010,0.0,0.0,0.0,0.0,5.9,3.31,0.0
20230125:2110,0.0,0.0,0.0,0.0,5.9,3.38,0.0
20230125:2210,0.0,0.0,0.0,0.0,5.79,3.79,0.0
20230125:2310,0.0,0.0,0.0,0.0,5.63,3.93,0.0
20230126:0010,0.0,0.0,0.0,0.0,5.41,3.93,0.0
20230126:0110,0.0,0.0,0.0,0.0,5.34,3.93,0.0
20230126:0210,0.0,0.0,0.0,0.0,5.18,4.07,0.0
20230126:0310,0.0,0.0,0.0,0.0,5.08,4.14,0.0
20230126:0410,0.0,0.0,0.0,0.0,5.03,4.14,0.0
20230126:0510,0.0,0.0,0.0,0.0,5.02,4.21,0.0
20230126:0610,0.0,41.0,0.0,7.46,5.22,4.48,0.0
20230126:0710,20.0,123.0,0.0,16.3,6.14,4.76,0.0
20230126:0810,91.0,186.0,0.0,23.45,7.15,5.52,0.0
20230126:0910,199.01,195.0,0.0,28.29,8.5,5.72,0.0
20230126:1010,274.01,178.0,0.0,30.21,9.68,5.59,0.0
20230126:1110,316.01,140.0,0.0,28.93,10.53,5.59,0.0
20230126:1210,48.0,198.0,0.0,24.65,11.15,5.59,0.0
20230126:1310,27.0,138.0,0.0,17.91,11.4,5.38,0.0
20230126:1410,2.0,50.0,0.0,9.36,11.14,5.24,0.0
20230126:1510,0.0,0.0,0.0,0.0,10.37,5.86,0.0
20230126:1610,0.0,0.0,0.0,0.0,9.75,6.41,0.0
20230126:1710,0.0,0.0,0.0,0.0,9.6,6.41,0.0
20230126:1810,0.0,0.0,0.0,0.0,9.77,6.07,0.0
20230126:1910,0.0,0.0,0.0,0.0,9.31,6.55,0.0
20230126:2010,0.0,0.0,0.0,0.0,9.53,6.48,0.0
20230126:2110,0.0,0.0,0.0,0.0,9.62,6.0,0.0
20230126:2210,0.0,0.0,0.0,0.0,9.67,5.79,0.0
20230126:2310,0.0,0.0,0.0,0.0,9.66,5.86,0.0
20230127:0010,0.0,0.0,0.0,0.0,9.98,6.0,0.0
20230127:0110,0.0,0.0,0.0,0.0,10.42,6.07,0.0
20230127:0210,0.0,0.0,0.0,0.0,10.66,5.66,0.0
20230127:0310,0.0,0.0,0.0,0.0,10.5,3.86,0.0
20230127:0410,0.0,0.0,0.0,0.0,9.73,2.07,0.0
20230127:0510,0.0,0.0,0.0,0.0,8.83,2.0,0.0
20230127:0610,0.0,45.0,0.0,7.61,8.25,1.86,0.0
20230127:0710,0.0,45.0,0.0,16.48,9.18,0.62,0.0
20230127:0810,11.0,168.0,0.0,23.66,10.27,1.24,0.0
20230127:0910,10.0,196.0,0.0,28.52,10.79,1.31,0.0
20230127:1010,16.0,221.0,0.0,30.46,10.89,1.66,0.0
20230127:1110,0.0,147.0,0.0,29.19,10.47,2.0,0.0
20230127:1210,0.0,80.0,0.0,24.9,10.38,2.9,0.0
20230127:1310,27.0,140.0,0.0,18.15,10.14,3.52,0.0
20230127:1410,3.0,55.0,0.0,9.59,9.72,3.93,0.0
20230127:1510,0.0,0.0,0.0,0.0,9.28,4.21,0.0
20230127:1610,0.0,0.0,0.0,0.0,8.84,3.72,0.0
20230127:1710,0.0,0.0,0.0,0.0,8.57,2.9,0.0
20230127:1810,0.0,0.0,0.0,0.0,8.21,2.14,0.0
20230127:1910,0.0,0.0,0.0,0.0,8.52,1.24,0.0
20230127:2010,0.0,0.0,0.0,0.0,8.42,2.28,0.0
20230127:2110,0.0,0.0,0.0,0.0,8.42,2.55,0.0
20230127:2210,0.0,0.0,0.0,0.0,8.61,2.9,0.0
20230127:2310,0.0,0.0,0.0,0.0,8.81,3.66,0.0
20230128:0010,0.0,0.0,0.0,0.0,9.24,4.69,0.0
20230128:0110,0.0,0.0,0.0,0.0,9.37,5.1,0.0
20230128:0210,0.0,0.0,0.0,0.0,9.32,5.1,0.0
20230128:0310,0.0,0.0,0.0,0.0,9.13,4.55,0.0
20230128:0410,0.0,0.0,0.0,0.0,8.8,3.59,0.0
20230128:0510,0.0,0.0,0.0,0.0,8.55,2.97,0.0
20230128:0610,0.0,41.0,0.0,7.77,8.33,2.9,0.0
20230128:0710,3.0,100.0,0.0,16.66,7.74,2.62,0.0
20230128:0810,0.0,74.0,0.0,23.88,7.81,3.03,0.0
20230128:0910,0.0,77.0,0.0,28.76,7.93,2.97,0.0
20230128:1010,0.0,90.0,0.0,30.72,7.91,3.66,0.0
20230128:1110,0.0,104.0,0.0,29.46,7.58,4.55,0.0
20230128:1210,0.0,127.0,0.0,25.16,7.04,5.03,0.0
20230128:1310,0.0,54.0,0.0,18.4,6.49,5.03,0.0
20230128:1410,0.0,11.0,0.0,9.82,5.92,4.9,0.0
20230128:1510,0.0,0.0,0.0,0.0,5.54,4.62,0.0
20230128:1610,0.0,0.0,0.0,0.0,5.31,4.34,0.0
20230128:1710,0.0,0.0,0.0,0.0,5.12,4.07,0.0
20230128:1810,0.0,0.0,0.0,0.0,4.94,3.72,0.0
20230128:1910,0.0,0.0,0.0,0.0,4.21,3.31,0.0
20230128:2010,0.0,0.0,0.0,0.0,4.05,3.24,0.0
20230128:2110,0.0,0.0,0.0,0.0,3.89,3.45,0.0
20230128:2210,0.0,0.0,0.0,0.0,3.7,3.79,0.0
20230128:2310,0.0,0.0,0.0,0.0,3.53,3.86,0.0
20230129:0010,0.0,0.0,0.0,0.0,3.41,3.38,0.0
20230129:0110,0.0,0.0,0.0,0.0,3.29,2.83,0.0
20230129:0210,0.0,0.0,0.0,0.0,3.22,2.48,0.0
20230129:0310,0.0,0.0,0.0,0.0,3.15,2.34,0.0
20230129:0410,0.0,0.0,0.0,0.0,3.08,2.21,0.0
20230129:0510,0.0,0.0,0.0,0.0,3.09,2.28,0.0
20230129:0610,0.0,54.0,0.0,7.93,3.32,2.41,0.0
20230129:0710,9.0,118.0,0.0,16.85,3.82,3.45,0.0
20230129:0810,17.0,180.0,0.0,24.09,4.06,3.59,0.0
20230129:0910,43.0,235.0,0.0,29.01,4.16,4.07,0.0
20230129:1010,2.0,179.0,0.0,30.99,4.34,4.34,0.0
20230129:1110,20.0,223.0,0.0,29.73,4.48,4.55,0.0
20230129:1210,11.0,180.0,0.0,25.42,4.41,4.83,0.0
20230129:1310,0.0,31.0,0.0,18.65,4.16,4.83,0.0
20230129:1410,0.0,23.0,0.0,10.05,3.87,4.62,0.0
20230129:1510,0.0,0.0,0.0,0.0,3.57,4.34,0.0
20230129:1610,0.0,0.0,0.0,0.0,3.27,4.34,0.0
20230129:1710,0.0,0.0,0.0,0.0,3.08,4.55,0.0
20230129:1810,0.0,0.0,0.0,0.0,2.78,4.41,0.0
20230129:1910,0.0,0.0,0.0,0.0,2.83,4.48,0.0
20230129:2010,0.0,0.0,0.0,0.0,2.87,4.62,0.0
20230129:2110,0.0,0.0,0.0,0.0,2.8,4.62,0.0
20230129:2210,0.0,0.0,0.0,0.0,2.81,4.83,0.0
20230129:2310,0.0,0.0,0.0,0.0,2.76,4.41,0.0
20230130:0010,0.0,0.0,0.0,0.0,2.89,4.28,0.0
20230130:0110,0.0,0.0,0.0,0.0,2.98,4.34,0.0
20230130:0210,0.0,0.0,0.0,0.0,2.98,4.28,0.0
20230130:0310,0.0,0.0,0.0,0.0,3.23,4.28,0.0
20230130:0410,0.0,0.0,0.0,0.0,3.21,4.0,0.0
20230130:0510,0.0,0.0,0.0,0.0,3.17,3.79,0.0
20230130:0610,0.0,36.0,0.0,8.11,3.16,3.66,0.0
20230130:0710,9.0,120.0,0.0,17.05,3.72,4.07,0.0
20230130:0810,0.0,120.0,0.0,24.32,4.43,4.21,0.0
20230130:0910,25.0,227.0,0.0,29.26,4.76,3.93,0.0
20230130:1010,1.0,177.0,0.0,31.26,4.88,3.86,0.0
20230130:1110,0.0,99.0,0.0,30.0,5.12,4.14,0.0
20230130:1210,0.0,136.0,0.0,25.69,5.1,4.48,0.0
20230130:1310,5.0,124.0,0.0,18.9,5.0,4.55,0.0
20230130:1410,0.0,48.0,0.0,10.29,4.59,4.55,0.0
20230130:1510,0.0,0.0,0.0,0.0,4.08,4.41,0.0
20230130:1610,0.0,0.0,0.0,0.0,3.63,4.07,0.0
20230130:1710,0.0,0.0,0.0,0.0,3.36,3.72,0.0
20230130:1810,0.0,0.0,0.0,0.0,3.1,3.38,0.0
20230130:1910,0.0,0.0,0.0,0.0,3.11,3.52,0.0
20230130:2010,0.0,0.0,0.0,0.0,3.02,3.17,0.0
20230130:2110,0.0,0.0,0.0,0.0,2.93,2.83,0.0
20230130:2210,0.0,0.0,0.0,0.0,2.72,2.48,0.0
20230130:2310,0.0,0.0,0.0,0.0,2.29,2.14,0.0
20230131:0010,0.0,0.0,0.0,0.0,2.02,1.72,0.0
20230131:0110,0.0,0.0,0.0,0.0,2.18,1.31,0.0
20230131:0210,0.0,0.0,0.0,0.0,2.93,1.03,0.0
20230131:0310,0.0,0.0,0.0,0.0,2.79,1.1,0.0
20230131:0410,0.0,0.0,0.0,0.0,2.31,1.31,0.0
20230131:0510,0.0,0.0,0.0,0.0,2.55,1.24,0.0
20230131:0610,0.0,47.0,0.0,8.28,0.97,1.59,0.0
20230131:0710,15.0,128.0,0.0,17.25,2.0,1.31,0.0
20230131:0810,0.0,124.0,0.0,24.55,4.46,1.86,0.0
20230131:0910,6.0,197.0,0.0,29.52,5.14,3.1,0.0
20230131:1010,0.0,117.0,0.0,31.53,5.1,4.07,0.0
20230131:1110,103.0,249.0,0.0,30.28,5.36,4.21,0.0
20230131:1210,12.0,186.0,0.0,25.96,5.34,3.79,0.0
20230131:1310,5.0,124.0,0.0,19.15,5.35,3.45,0.0
20230131:1410,0.0,43.0,0.0,10.52,5.04,3.79,0.0
20230131:1510,0.0,0.0,0.0,0.0,4.51,3.86,0.0
20230131:1610,0.0,0.0,0.0,0.0,3.91,3.86,0.0
20230131:1710,0.0,0.0,0.0,0.0,3.58,3.52,0.0
20230131:1810,0.0,0.0,0.0,0.0,3.43,3.59,0.0
20230131:1910,0.0,0.0,0.0,0.0,3.06,3.59,0.0
20230131:2010,0.0,0.0,0.0,0.0,2.82,3.59,0.0
20230131:2110,0.0,0.0,0.0,0.0,2.87,3.66,0.0
20230131:2210,0.0,0.0,0.0,0.0,2.53,3.79,0.0
20230131:2310,0.0,0.0,0.0,0.0,2.3,3.79,0.0
20230201:0010,0.0,0.0,0.0,0.0,2.24,4.0,0.0
20230201:0110,0.0,0.0,0.0,0.0,2.37,4.14,0.0
20230201:0210,0.0,0.0,0.0,0.0,2.45,3.93,0.0
20230201:0310,0.0,0.0,0.0,0.0,2.76,3.59,0.0
20230201:0410,0.0,0.0,0.0,0.0,2.9,3.86,0.0
20230201:0510,0.0,0.0,0.0,0.0,2.99,4.34,0.0
20230201:0610,0.0,45.0,0.0,8.46,3.33,4.14,0.0
20230201:0710,189.01,83.0,0.0,17.46,4.3,4.14,0.0
20230201:0810,120.0,193.0,0.0,24.79,4.94,4.14,0.0
20230201:0910,76.0,247.0,0.0,29.78,5.58,3.86,0.0
20230201:1010,313.01,178.0,0.0,31.82,6.05,3.86,0.0
20230201:1110,225.01,210.0,0.0,30.57,6.31,3.86,0.0
20230201:1210,185.01,182.0,0.0,26.24,6.57,3.72,0.0
20230201:1310,0.0,27.0,0.0,19.41,6.6,3.45,0.0
20230201:1410,0.0,15.0,0.0,10.76,6.5,3.72,0.0
20230201:1510,0.0,0.0,0.0,0.0,6.1,4.0,0.0
20230201:1610,0.0,0.0,0.0,0.0,5.68,4.21,0.0
20230201:1710,0.0,0.0,0.0,0.0,5.63,4.41,0.0
20230201:1810,0.0,0.0,0.0,0.0,5.71,4.28,0.0
20230201:1910,0.0,0.0,0.0,0.0,5.38,3.93,0.0
20230201:2010,0.0,0.0,0.0,0.0,5.44,4.62,0.0
20230201:2110,0.0,0.0,0.0,0.0,5.45,5.59,0.0
20230201:2210,0.0,0.0,0.0,0.0,5.53,6.07,0.0
20230201:2310,0.0,0.0,0.0,0.0,5.64,6.41,0.0
20230202:0010,0.0,0.0,0.0,0.0,5.79,6.62,0.0
20230202:0110,0.0,0.0,0.0,0.0,5.79,6.62,0.0
20230202:0210,0.0,0.0,0.0,0.0,5.87,6.48,0.0
20230202:0310,0.0,0.0,0.0,0.0,5.84,6.21,0.0
20230202:0410,0.0,0.0,0.0,0.0,5.91,5.93,0.0
20230202:0510,0.0,0.0,0.0,0.0,6.03,5.66,0.0
20230202:0610,0.0,10.0,0.0,8.65,6.23,5.59,0.0
20230202:0710,36.0,140.0,0.0,17.67,6.67,5.79,0.0
20230202:0810,6.0,168.0,0.0,25.03,7.47,6.21,0.0
20230202:0910,173.0,227.0,0.0,30.05,7.94,6.34,0.0
20230202:1010,78.0,266.0,0.0,32.1,8.59,6.48,0.0
20230202:1110,432.01,100.0,0.0,30.86,9.29,6.83,0.0
20230202:1210,0.0,95.0,0.0,26.52,9.62,6.97,0.0
20230202:1310,211.01,94.0,0.0,19.67,9.33,7.1,0.0
20230202:1410,47.0,77.0,0.0,11.01,8.74,6.41,0.0
20230202:1510,0.0,0.0,0.0,0.0,8.18,5.86,0.0
20230202:1610,0.0,0.0,0.0,0.0,7.57,6.07,0.0
20230202:1710,0.0,0.0,0.0,0.0,7.21,6.34,0.0
20230202:1810,0.0,0.0,0.0,0.0,7.1,6.41,0.0
20230202:1910,0.0,0.0,0.0,0.0,7.47,6.41,0.0
20230202:2010,0.0,0.0,0.0,0.0,7.47,6.41,0.0
20230202:2110,0.0,0.0,0.0,0.0,7.15,6.9,0.0
20230202:2210,0.0,0.0,0.0,0.0,6.24,8.21,0.0
20230202:2310,0.0,0.0,0.0,0.0,6.0,7.79,0.0
20230203:0010,0.0,0.0,0.0,0.0,6.01,6.28,0.0
20230203:0110,0.0,0.0,0.0,0.0,5.9,4.83,0.0
20230203:0210,0.0,0.0,0.0,0.0,5.53,4.07,0.0
20230203:0310,0.0,0.0,0.0,0.0,5.07,3.66,0.0
20230203:0410,0.0,0.0,0.0,0.0,4.73,3.52,0.0
20230203:0510,0.0,0.0,0.0,0.0,4.37,3.72,0.0
20230203:0610,0.0,58.0,0.0,8.85,4.33,3.59,0.0
20230203:0710,0.0,49.0,0.0,17.89,5.4,3.24,0.0
20230203:0810,41.0,205.0,0.0,25.28,6.31,3.17,0.0
20230203:0910,38.0,245.0,0.0,30.33,6.81,3.52,0.0
20230203:1010,0.0,114.0,0.0,32.39,6.71,4.0,0.0
20230203:1110,9.0,213.0,0.0,31.15,6.51,3.93,0.0
20230203:1210,48.0,219.0,0.0,26.8,6.62,3.31,0.0
20230203:1310,147.01,132.0,0.0,19.93,6.56,2.48,0.0
20230203:1410,25.0,83.0,0.0,11.25,6.47,2.14,0.0
20230203:1510,0.0,0.0,0.0,0.0,6.13,1.86,0.0
20230203:1610,0.0,0.0,0.0,0.0,5.45,1.72,0.0
20230203:1710,0.0,0.0,0.0,0.0,4.44,1.72,0.0
20230203:1810,0.0,0.0,0.0,0.0,3.39,1.86,0.0
20230203:1910,0.0,0.0,0.0,0.0,3.19,2.83,0.0
20230203:2010,0.0,0.0,0.0,0.0,3.38,2.83,0.0
20230203:2110,0.0,0.0,0.0,0.0,3.24,2.83,0.0
20230203:2210,0.0,0.0,0.0,0.0,3.36,3.03,0.0
20230203:2310,0.0,0.0,0.0,0.0,3.49,3.38,0.0
20230204:0010,0.0,0.0,0.0,0.0,3.72,3.52,0.0
20230204:0110,0.0,0.0,0.0,0.0,3.98,3.86,0.0
20230204:0210,0.0,0.0,0.0,0.0,4.13,4.28,0.0
20230204:0310,0.0,0.0,0.0,0.0,4.3,4.55,0.0
20230204:0410,0.0,0.0,0.0,0.0,4.5,4.97,0.0
20230204:0510,0.0,0.0,0.0,0.0,4.58,5.17,0.0
20230204:0610,0.0,10.0,0.0,9.05,4.69,5.31,0.0
20230204:0710,0.0,37.0,0.0,18.12,4.99,5.59,0.0
20230204:0810,0.0,116.0,0.0,25.53,5.23,6.14,0.0
20230204:0910,2.0,184.0,0.0,30.61,5.54,6.9,0.0
20230204:1010,0.0,89.0,0.0,32.69,5.73,7.17,0.0
20230204:1110,0.0,154.0,0.0,31.45,5.73,7.45,0.0
20230204:1210,0.0,39.0,0.0,27.08,5.51,7.38,0.0
20230204:1310,0.0,78.0,0.0,20.2,4.92,7.24,0.0
20230204:1410,0.0,37.0,0.0,11.49,4.35,6.76,0.0
20230204:1510,0.0,0.0,0.0,0.0,4.3,6.07,0.0
20230204:1610,0.0,0.0,0.0,0.0,4.33,6.0,0.0
20230204:1710,0.0,0.0,0.0,0.0,4.53,5.52,0.0
20230204:1810,0.0,0.0,0.0,0.0,4.7,4.69,0.0
20230204:1910,0.0,0.0,0.0,0.0,4.77,4.14,0.0
20230204:2010,0.0,0.0,0.0,0.0,4.6,4.07,0.0
20230204:2110,0.0,0.0,0.0,0.0,4.72,4.28,0.0
20230204:2210,0.0,0.0,0.0,0.0,4.48,4.28,0.0
20230204:2310,0.0,0.0,0.0,0.0,4.1,4.21,0.0
20230205:0010,0.0,0.0,0.0,0.0,3.58,4.41,0.0
20230205:0110,0.0,0.0,0.0,0.0,3.27,4.34,0.0
20230205:0210,0.0,0.0,0.0,0.0,3.09,4.28,0.0
20230205:0310,0.0,0.0,0.0,0.0,2.95,4.48,0.0
20230205:0410,0.0,0.0,0.0,0.0,2.79,4.69,0.0
20230205:0510,0.0,0.0,0.0,0.0,2.65,5.45,0.0
20230205:0610,0.0,11.0,0.0,9.25,2.51,6.41,0.0
20230205:0710,0.0,25.0,0.0,18.35,4.05,3.24,0.0
20230205:0810,0.0,59.0,0.0,25.79,4.68,4.69,0.0
20230205:0910,0.0,132.0,0.0,30.89,4.75,6.62,0.0
20230205:1010,0.0,78.0,0.0,32.99,4.29,7.93,0.0
20230205:1110,0.0,162.0,0.0,31.75,3.94,9.45,0.0
20230205:1210,0.0,125.0,0.0,27.37,3.7,10.41,0.0
20230205:1310,0.0,61.0,0.0,20.47,3.49,11.24,0.0
20230205:1410,5.0,73.0,0.0,11.74,3.19,11.66,0.0
20230205:1510,0.0,1.0,0.0,1.78,2.75,11.31,0.0
20230205:1610,0.0,0.0,0.0,0.0,2.22,11.52,0.0
20230205:1710,0.0,0.0,0.0,0.0,1.86,12.28,0.0
20230205:1810,0.0,0.0,0.0,0.0,1.68,12.55,0.0
20230205:1910,0.0,0.0,0.0,0.0,1.51,13.24,0.0
20230205:2010,0.0,0.0,0.0,0.0,1.73,13.79,0.0
20230205:2110,0.0,0.0,0.0,0.0,1.68,13.31,0.0
20230205:2210,0.0,0.0,0.0,0.0,1.63,11.52,0.0
20230205:2310,0.0,0.0,0.0,0.0,1.55,10.28,0.0
20230206:0010,0.0,0.0,0.0,0.0,1.37,10.14,0.0
20230206:0110,0.0,0.0,0.0,0.0,1.42,9.93,0.0
20230206:0210,0.0,0.0,0.0,0.0,1.56,8.97,0.0
20230206:0310,0.0,0.0,0.0,0.0,2.1,8.0,0.0
20230206:0410,0.0,0.0,0.0,0.0,3.04,8.69,0.0
20230206:0510,0.0,0.0,0.0,0.0,3.42,9.72,0.0
20230206:0610,0.0,62.0,0.0,9.46,3.44,11.1,0.0
20230206:0710,0.0,0.0,0.0,0.0,3.68,11.31,0.0
20230206:0810,6.0,171.0,0.0,26.05,3.97,11.31,0.0
20230206:0910,8.0,210.0,0.0,31.18,4.27,11.17,0.0
20230206:1010,24.0,253.0,0.0,33.29,4.38,11.1,0.0
20230206:1110,1.0,180.0,0.0,32.05,4.33,10.97,0.0
20230206:1210,0.0,51.0,0.0,27.66,4.3,10.76,0.0
20230206:1310,0.0,65.0,0.0,20.73,4.2,10.83,0.0
20230206:1410,0.0,40.0,0.0,11.99,3.83,10.69,0.0
20230206:1510,0.0,1.0,0.0,2.01,3.17,10.41,0.0
20230206:1610,0.0,0.0,0.0,0.0,2.9,10.21,0.0
20230206:1710,0.0,0.0,0.0,0.0,2.57,10.34,0.0
20230206:1810,0.0,0.0,0.0,0.0,2.27,10.48,0.0
20230206:1910,0.0,0.0,0.0,0.0,2.39,10.62,0.0
20230206:2010,0.0,0.0,0.0,0.0,2.18,10.14,0.0
20230206:2110,0.0,0.0,0.0,0.0,2.18,9.86,0.0
20230206:2210,0.0,0.0,0.0,0.0,1.99,9.1,0.0
20230206:2310,0.0,0.0,0.0,0.0,1.82,8.41,0.0
20230207:0010,0.0,0.0,0.0,0.0,1.75,8.21,0.0
20230207:0110,0.0,0.0,0.0,0.0,1.5,7.72,0.0
20230207:0210,0.0,0.0,0.0,0.0,1.3,7.52,0.0
20230207:0310,0.0,0.0,0.0,0.0,1.03,7.24,0.0
20230207:0410,0.0,0.0,0.0,0.0,1.11,7.31,0.0
20230207:0510,0.0,0.0,0.0,0.0,0.9,7.31,0.0
20230207:0610,0.0,62.0,0.0,9.67,0.95,7.45,0.0
20230207:0710,0.0,89.0,0.0,18.82,1.38,9.86,0.0
20230207:0810,0.0,109.0,0.0,26.32,1.68,10.0,0.0
20230207:0910,1.0,175.0,0.0,31.48,1.99,10.28,0.0
20230207:1010,1.0,194.0,0.0,33.6,2.17,10.21,0.0
20230207:1110,1.0,180.0,0.0,32.36,2.12,10.07,0.0
20230207:1210,0.0,144.0,0.0,27.95,2.05,9.86,0.0
20230207:1310,0.0,60.0,0.0,21.01,1.78,9.66,0.0
20230207:1410,18.0,90.0,0.0,12.24,1.49,9.38,0.0
20230207:1510,0.0,2.0,0.0,2.24,1.24,9.17,0.0
20230207:1610,0.0,0.0,0.0,0.0,0.98,8.76,0.0
20230207:1710,0.0,0.0,0.0,0.0,0.93,8.07,0.0
20230207:1810,0.0,0.0,0.0,0.0,0.92,7.86,0.0
20230207:1910,0.0,0.0,0.0,0.0,0.6,8.41,0.0
20230207:2010,0.0,0.0,0.0,0.0,0.58,8.0,0.0
20230207:2110,0.0,0.0,0.0,0.0,0.51,7.79,0.0
20230207:2210,0.0,0.0,0.0,0.0,0.55,7.17,0.0
20230207:2310,0.0,0.0,0.0,0.0,0.61,6.76,0.0
20230208:0010,0.0,0.0,0.0,0.0,0.72,6.14,0.0
20230208:0110,0.0,0.0,0.0,0.0,0.78,5.72,0.0
20230208:0210,0.0,0.0,0.0,0.0,0.85,5.24,0.0
20230208:0310,0.0,0.0,0.0,0.0,0.82,5.1,0.0
20230208:0410,0.0,0.0,0.0,0.0,0.82,4.97,0.0
20230208:0510,0.0,0.0,0.0,0.0,0.76,5.38,0.0
20230208:0610,0.0,67.0,0.0,9.89,0.6,6.0,0.0
20230208:0710,93.0,145.0,0.0,19.07,0.74,7.17,0.0
20230208:0810,8.0,181.0,0.0,26.59,1.18,7.66,0.0
20230208:0910,0.0,84.0,0.0,31.77,1.56,7.93,0.0
20230208:1010,0.0,93.0,0.0,33.92,1.77,8.14,0.0
20230208:1110,0.0,109.0,0.0,32.67,1.97,8.14,0.0
20230208:1210,0.0,65.0,0.0,28.25,1.96,7.93,0.0
20230208:1310,0.0,50.0,0.0,21.28,1.93,7.45,0.0
20230208:1410,0.0,19.0,0.0,12.49,1.81,6.9,0.0
20230208:1510,0.0,2.0,0.0,2.48,1.64,5.86,0.0
20230208:1610,0.0,0.0,0.0,0.0,1.5,4.9,0.0
20230208:1710,0.0,0.0,0.0,0.0,1.56,4.76,0.0
20230208:1810,0.0,0.0,0.0,0.0,1.72,5.1,0.0
20230208:1910,0.0,0.0,0.0,0.0,1.89,5.38,0.0
20230208:2010,0.0,0.0,0.0,0.0,1.9,6.07,0.0
20230208:2110,0.0,0.0,0.0,0.0,2.13,6.62,0.0
20230208:2210,0.0,0.0,0.0,0.0,2.15,6.9,0.0
20230208:2310,0.0,0.0,0.0,0.0,2.23,6.76,0.0
20230209:0010,0.0,0.0,0.0,0.0,2.17,6.55,0.0
20230209:0110,0.0,0.0,0.0,0.0,2.04,6.48,0.0
20230209:0210,0.0,0.0,0.0,0.0,1.85,6.48,0.0
20230209:0310,0.0,0.0,0.0,0.0,1.91,6.62,0.0
20230209:0410,0.0,0.0,0.0,0.0,1.93,7.03,0.0
20230209:0510,0.0,0.0,0.0,0.0,1.83,7.1,0.0
20230209:0610,6.0,66.0,0.0,10.12,1.91,6.83,0.0
20230209:0710,3.0,119.0,0.0,19.32,2.75,7.59,0.0
20230209:0810,0.0,99.0,0.0,26.87,3.11,7.79,0.0
20230209:0910,95.0,265.0,0.0,32.08,3.29,7.79,0.0
20230209:1010,2.0,202.0,0.0,34.24,3.34,7.72,0.0
20230209:1110,1.0,183.0,0.0,32.99,3.37,7.45,0.0
20230209:1210,0.0,89.0,0.0,28.55,3.42,7.45,0.0
20230209:1310,0.0,45.0,0.0,21.55,3.23,7.59,0.0
20230209:1410,0.0,30.0,0.0,12.74,2.93,7.45,0.0
20230209:1510,0.0,2.0,0.0,2.71,2.85,6.97,0.0
20230209:1610,0.0,0.0,0.0,0.0,2.54,6.55,0.0
20230209:1710,0.0,0.0,0.0,0.0,2.55,6.34,0.0
20230209:1810,0.0,0.0,0.0,0.0,2.6,6.0,0.0
20230209:1910,0.0,0.0,0.0,0.0,2.87,5.66,0.0
20230209:2010,0.0,0.0,0.0,0.0,2.84,5.86,0.0
20230209:2110,0.0,0.0,0.0,0.0,2.82,6.21,0.0
20230209:2210,0.0,0.0,0.0,0.0,2.79,6.62,0.0
20230209:2310,0.0,0.0,0.0,0.0,2.68,6.48,0.0
20230210:0010,0.0,0.0,0.0,0.0,2.62,6.41,0.0
20230210:0110,0.0,0.0,0.0,0.0,2.82,6.41,0.0
20230210:0210,0.0,0.0,0.0,0.0,2.85,6.21,0.0
20230210:0310,0.0,0.0,0.0,0.0,2.94,6.14,0.0
20230210:0410,0.0,0.0,0.0,0.0,3.02,5.79,0.0
20230210:0510,0.0,0.0,0.0,0.0,2.97,5.31,0.0
20230210:0610,33.0,75.0,0.0,10.35,2.99,4.97,0.0
20230210:0710,232.01,85.0,0.0,19.57,3.31,5.72,0.0
20230210:0810,308.01,130.0,0.0,27.16,3.85,6.0,0.0
20230210:0910,466.01,100.0,0.0,32.39,4.44,6.07,0.0
20230210:1010,308.01,213.0,0.0,34.56,4.6,6.07,0.0
20230210:1110,396.01,149.0,0.0,33.31,4.61,6.14,0.0
20230210:1210,121.0,233.0,0.0,28.85,4.35,6.0,0.0
20230210:1310,48.0,177.0,0.0,21.83,4.13,6.07,0.0
20230210:1410,11.0,92.0,0.0,12.99,3.87,6.07,0.0
20230210:1510,0.0,5.0,0.0,2.94,3.53,5.86,0.0
20230210:1610,0.0,0.0,0.0,0.0,3.22,5.45,0.0
20230210:1710,0.0,0.0,0.0,0.0,3.07,5.24,0.0
20230210:1810,0.0,0.0,0.0,0.0,2.97,4.97,0.0
20230210:1910,0.0,0.0,0.0,0.0,2.81,4.69,0.0
20230210:2010,0.0,0.0,0.0,0.0,2.68,4.48,0.0
20230210:2110,0.0,0.0,0.0,0.0,2.44,4.28,0.0
20230210:2210,0.0,0.0,0.0,0.0,2.31,4.28,0.0
20230210:2310,0.0,0.0,0.0,0.0,2.22,4.28,0.0
20230211:0010,0.0,0.0,0.0,0.0,2.24,4.28,0.0
20230211:0110,0.0,0.0,0.0,0.0,2.31,4.34,0.0
20230211:0210,0.0,0.0,0.0,0.0,2.39,4.55,0.0
20230211:0310,0.0,0.0,0.0,0.0,2.55,4.62,0.0
20230211:0410,0.0,0.0,0.0,0.0,2.65,4.62,0.0
20230211:0510,0.0,0.0,0.0,0.0,2.66,4.69,0.0
20230211:0610,35.0,77.0,0.0,10.58,2.84,4.69,0.0
20230211:0710,102.0,151.0,0.0,19.83,3.74,5.03,0.0
20230211:0810,214.01,184.0,0.0,27.45,4.38,5.66,0.0
20230211:0910,249.01,223.0,0.0,32.7,4.99,5.52,0.0
20230211:1010,251.01,244.0,0.0,34.89,5.34,5.31,0.0
20230211:1110,246.01,234.0,0.0,33.63,5.43,5.1,0.0
20230211:1210,162.0,223.0,0.0,29.15,5.49,4.9,0.0
20230211:1310,36.0,177.0,0.0,22.11,5.45,4.76,0.0
20230211:1410,52.0,98.0,0.0,13.24,5.14,4.62,0.0
20230211:1510,0.0,11.0,0.0,3.17,4.67,4.34,0.0
20230211:1610,0.0,0.0,0.0,0.0,3.94,4.14,0.0
20230211:1710,0.0,0.0,0.0,0.0,3.38,4.0,0.0
20230211:1810,0.0,0.0,0.0,0.0,3.11,3.66,0.0
20230211:1910,0.0,0.0,0.0,0.0,2.64,3.1,0.0
20230211:2010,0.0,0.0,0.0,0.0,2.24,2.97,0.0
20230211:2110,0.0,0.0,0.0,0.0,1.72,2.62,0.0
20230211:2210,0.0,0.0,0.0,0.0,0.95,2.21,0.0
20230211:2310,0.0,0.0,0.0,0.0,0.79,1.66,0.0
20230212:0010,0.0,0.0,0.0,0.0,1.73,1.24,0.0
20230212:0110,0.0,0.0,0.0,0.0,2.51,0.9,0.0
20230212:0210,0.0,0.0,0.0,0.0,2.51,0.34,0.0
20230212:0310,0.0,0.0,0.0,0.0,2.47,0.14,0.0
20230212:0410,0.0,0.0,0.0,0.0,2.43,0.28,0.0
20230212:0510,0.0,0.0,0.0,0.0,2.39,0.34,0.0
20230212:0610,42.0,78.0,0.0,10.82,2.42,0.14,0.0
20230212:0710,217.01,98.0,0.0,20.1,2.3,1.03,0.0
20230212:0810,215.01,186.0,0.0,27.74,3.26,1.31,0.0
20230212:0910,492.01,92.0,0.0,33.02,4.05,1.66,0.0
20230212:1010,500.01,110.0,0.0,35.22,4.77,1.72,0.0
20230212:1110,509.01,92.0,0.0,33.96,5.28,2.0,0.0
20230212:1210,353.01,129.0,0.0,29.46,5.62,2.41,0.0
20230212:1310,260.01,100.0,0.0,22.39,5.65,2.76,0.0
20230212:1410,33.0,103.0,0.0,13.5,5.43,2.83,0.0
20230212:1510,1.0,12.84,0.0,3.41,4.79,2.9,0.0
20230212:1610,0.0,0.0,0.0,0.0,3.86,3.59,0.0
20230212:1710,0.0,0.0,0.0,0.0,3.43,3.93,0.0
20230212:1810,0.0,0.0,0.0,0.0,3.46,3.59,0.0
20230212:1910,0.0,0.0,0.0,0.0,3.94,3.59,0.0
20230212:2010,0.0,0.0,0.0,0.0,4.14,3.17,0.0
20230212:2110,0.0,0.0,0.0,0.0,4.2,2.83,0.0
20230212:2210,0.0,0.0,0.0,0.0,4.26,3.1,0.0
20230212:2310,0.0,0.0,0.0,0.0,4.39,4.41,0.0
20230213:0010,0.0,0.0,0.0,0.0,4.44,4.76,0.0
20230213:0110,0.0,0.0,0.0,0.0,4.54,5.38,0.0
20230213:0210,0.0,0.0,0.0,0.0,4.47,5.79,0.0
20230213:0310,0.0,0.0,0.0,0.0,4.36,5.72,0.0
20230213:0410,0.0,0.0,0.0,0.0,4.37,5.52,0.0
20230213:0510,0.0,0.0,0.0,0.0,4.21,5.24,0.0
20230213:0610,0.0,31.0,0.0,11.07,4.28,5.1,0.0
20230213:0710,0.0,101.0,0.0,20.37,4.55,5.52,0.0
20230213:0810,93.0,231.0,0.0,28.04,5.21,5.52,0.0
20230213:0910,14.0,240.0,0.0,33.34,5.67,4.69,0.0
20230213:1010,140.0,290.0,0.0,35.55,6.19,4.07,0.0
20230213:1110,367.01,177.0,0.0,34.28,6.27,4.21,0.0
20230213:1210,201.01,213.0,0.0,29.76,6.23,4.41,0.0
20230213:1310,246.01,112.0,0.0,22.66,5.99,4.69,0.0
20230213:1410,66.0,99.0,0.0,13.75,5.56,4.97,0.0
20230213:1510,0.0,15.0,0.0,3.64,4.87,4.9,0.0
20230213:1610,0.0,0.0,0.0,0.0,4.04,4.55,0.0
20230213:1710,0.0,0.0,0.0,0.0,3.38,4.21,0.0
20230213:1810,0.0,0.0,0.0,0.0,2.96,3.86,0.0
20230213:1910,0.0,0.0,0.0,0.0,3.09,3.24,0.0
20230213:2010,0.0,0.0,0.0,0.0,2.64,2.83,0.0
20230213:2110,0.0,0.0,0.0,0.0,1.96,2.48,0.0
20230213:2210,0.0,0.0,0.0,0.0,1.2,2.28,0.0
20230213:2310,0.0,0.0,0.0,0.0,0.94,1.86,0.0
20230214:0010,0.0,0.0,0.0,0.0,1.89,1.38,0.0
20230214:0110,0.0,0.0,0.0,0.0,2.84,0.97,0.0
20230214:0210,0.0,0.0,0.0,0.0,3.06,0.69,0.0
20230214:0310,0.0,0.0,0.0,0.0,2.98,0.28,0.0
20230214:0410,0.0,0.0,0.0,0.0,2.94,0.21,0.0
20230214:0510,0.0,0.0,0.0,0.0,2.92,0.55,0.0
20230214:0610,96.0,60.0,0.0,11.32,3.05,0.76,0.0
20230214:0710,247.01,87.0,0.0,20.64,3.28,1.31,0.0
20230214:0810,351.01,115.0,0.0,28.34,4.65,1.45,0.0
20230214:0910,403.01,146.0,0.0,33.67,5.66,1.66,0.0
20230214:1010,345.01,203.0,0.0,35.89,6.4,2.21,0.0
20230214:1110,337.01,194.0,0.0,34.62,6.73,2.62,0.0
20230214:1210,301.01,164.0,0.0,30.07,7.02,2.76,0.0
20230214:1310,265.01,101.0,0.0,22.95,6.92,2.69,0.0
20230214:1410,92.0,91.0,0.0,14.0,6.68,2.28,0.0
20230214:1510,0.0,14.0,0.0,3.87,6.1,1.93,0.0
20230214:1610,0.0,0.0,0.0,0.0,5.42,2.07,0.0
20230214:1710,0.0,0.0,0.0,0.0,4.51,2.48,0.0
20230214:1810,0.0,0.0,0.0,0.0,3.74,2.48,0.0
20230214:1910,0.0,0.0,0.0,0.0,3.53,2.62,0.0
20230214:2010,0.0,0.0,0.0,0.0,3.05,2.34,0.0
20230214:2110,0.0,0.0,0.0,0.0,3.31,2.41,0.0
20230214:2210,0.0,0.0,0.0,0.0,3.61,2.34,0.0
20230214:2310,0.0,0.0,0.0,0.0,3.9,2.55,0.0
20230215:0010,0.0,0.0,0.0,0.0,3.89,3.66,0.0
20230215:0110,0.0,0.0,0.0,0.0,3.96,4.55,0.0
20230215:0210,0.0,0.0,0.0,0.0,4.02,4.83,0.0
20230215:0310,0.0,0.0,0.0,0.0,4.05,4.69,0.0
20230215:0410,0.0,0.0,0.0,0.0,4.08,4.83,0.0
20230215:0510,0.0,0.0,0.0,0.0,3.98,4.97,0.0
20230215:0610,2.0,68.0,0.0,11.57,4.35,5.45,0.0
20230215:0710,1.0,111.0,0.0,20.92,4.68,6.34,0.0
20230215:0810,0.0,92.0,0.0,28.64,5.08,6.55,0.0
20230215:0910,0.0,104.0,0.0,34.0,5.41,6.34,0.0
20230215:1010,0.0,102.0,0.0,36.23,5.04,6.28,0.0
20230215:1110,2.0,208.0,0.0,34.95,5.36,6.14,0.0
20230215:1210,2.0,174.0,0.0,30.38,5.32,6.14,0.0
20230215:1310,0.0,120.0,0.0,23.23,5.23,6.41,0.0
20230215:1410,0.0,36.0,0.0,14.26,5.15,6.0,0.0
20230215:1510,0.0,14.0,0.0,4.11,4.86,5.45,0.0
20230215:1610,0.0,0.0,0.0,0.0,4.39,4.41,0.0
20230215:1710,0.0,0.0,0.0,0.0,4.19,3.52,0.0
20230215:1810,0.0,0.0,0.0,0.0,4.12,3.03,0.0
20230215:1910,0.0,0.0,0.0,0.0,3.73,2.14,0.0
20230215:2010,0.0,0.0,0.0,0.0,2.6,1.79,0.0
20230215:2110,0.0,0.0,0.0,0.0,2.38,1.52,0.0
20230215:2210,0.0,0.0,0.0,0.0,2.99,1.24,0.0
20230215:2310,0.0,0.0,0.0,0.0,4.14,0.97,0.0
20230216:0010,0.0,0.0,0.0,0.0,4.05,0.97,0.0
20230216:0110,0.0,0.0,0.0,0.0,2.7,1.31,0.0
20230216:0210,0.0,0.0,0.0,0.0,1.75,1.59,0.0
20230216:0310,0.0,0.0,0.0,0.0,1.42,1.72,0.0
20230216:0410,0.0,0.0,0.0,0.0,1.23,1.79,0.0
20230216:0510,0.0,0.0,0.0,0.0,1.39,1.86,0.0
20230216:0610,99.0,64.0,0.0,11.83,1.74,1.79,0.0
20230216:0710,253.01,89.0,0.0,21.2,4.9,2.76,0.0
20230216:0810,327.01,137.0,0.0,28.95,5.86,3.03,0.0
20230216:0910,437.01,132.0,0.0,34.33,6.53,3.24,0.0
20230216:1010,15.0,261.0,0.0,36.58,7.1,3.31,0.0
20230216:1110,13.0,247.0,0.0,35.29,7.37,3.17,0.0
20230216:1210,177.0,230.0,0.0,30.69,7.52,3.1,0.0
20230216:1310,297.01,92.0,0.0,23.51,7.44,2.76,0.0
20230216:1410,119.0,83.0,0.0,14.51,7.34,2.62,0.0
20230216:1510,1.0,20.8,0.0,4.34,6.95,2.55,0.0
20230216:1610,0.0,0.0,0.0,0.0,6.25,2.55,0.0
20230216:1710,0.0,0.0,0.0,0.0,5.4,2.55,0.0
20230216:1810,0.0,0.0,0.0,0.0,4.54,2.48,0.0
20230216:1910,0.0,0.0,0.0,0.0,4.35,2.9,0.0
20230216:2010,0.0,0.0,0.0,0.0,4.02,2.97,0.0
20230216:2110,0.0,0.0,0.0,0.0,3.77,2.97,0.0
20230216:2210,0.0,0.0,0.0,0.0,3.62,3.03,0.0
20230216:2310,0.0,0.0,0.0,0.0,3.56,3.1,0.0
20230217:0010,0.0,0.0,0.0,0.0,3.62,3.24,0.0
20230217:0110,0.0,0.0,0.0,0.0,3.86,3.52,0.0
20230217:0210,0.0,0.0,0.0,0.0,4.14,3.86,0.0
20230217:0310,0.0,0.0,0.0,0.0,4.42,4.21,0.0
20230217:0410,0.0,0.0,0.0,0.0,4.65,4.48,0.0
20230217:0510,0.0,1.0,0.0,1.66,4.83,4.55,0.0
20230217:0610,61.0,84.0,0.0,12.09,5.54,4.69,0.0
20230217:0710,164.0,139.0,0.0,21.49,6.56,5.17,0.0
20230217:0810,125.0,233.0,0.0,29.27,7.92,5.79,0.0
20230217:0910,107.0,285.0,0.0,34.67,8.97,6.34,0.0
20230217:1010,506.01,120.0,0.0,36.93,9.71,6.62,0.0
20230217:1110,512.01,104.0,0.0,35.63,10.18,6.76,0.0
20230217:1210,355.01,143.0,0.0,31.01,10.4,6.69,0.0
20230217:1310,195.01,149.0,0.0,23.79,10.46,6.55,0.0
20230217:1410,126.0,82.0,0.0,14.77,10.4,6.0,0.0
20230217:1510,1.0,21.8,0.0,4.57,10.09,6.21,0.0
20230217:1610,0.0,0.0,0.0,0.0,9.7,6.28,0.0
20230217:1710,0.0,0.0,0.0,0.0,9.56,6.34,0.0
20230217:1810,0.0,0.0,0.0,0.0,9.42,6.41,0.0
20230217:1910,0.0,0.0,0.0,0.0,9.59,5.93,0.0
20230217:2010,0.0,0.0,0.0,0.0,9.4,6.07,0.0
20230217:2110,0.0,0.0,0.0,0.0,9.14,6.0,0.0
20230217:2210,0.0,0.0,0.0,0.0,8.94,6.0,0.0
20230217:2310,0.0,0.0,0.0,0.0,8.78,6.0,0.0
20230218:0010,0.0,0.0,0.0,0.0,8.64,5.66,0.0
20230218:0110,0.0,0.0,0.0,0.0,8.44,5.52,0.0
20230218:0210,0.0,0.0,0.0,0.0,8.32,5.86,0.0
20230218:0310,0.0,0.0,0.0,0.0,8.29,6.0,0.0
20230218:0410,0.0,0.0,0.0,0.0,8.37,6.0,0.0
20230218:0510,0.0,1.0,0.0,1.91,8.42,6.0,0.0
20230218:0610,66.0,82.0,0.0,12.36,8.77,6.07,0.0
20230218:0710,22.0,164.0,0.0,21.78,9.73,6.34,0.0
20230218:0810,40.0,233.0,0.0,29.59,10.5,6.9,0.0
20230218:0910,80.0,283.0,0.0,35.02,10.99,7.31,0.0
20230218:1010,262.01,251.0,0.0,37.28,11.29,7.59,0.0
20230218:1110,480.01,117.0,0.0,35.97,11.87,8.14,0.0
20230218:1210,197.0,222.0,0.0,31.32,12.14,8.07,0.0
20230218:1310,156.0,166.0,0.0,24.08,12.23,7.59,0.0
20230218:1410,4.0,93.0,0.0,15.02,12.22,7.66,0.0
20230218:1510,0.0,20.0,0.0,4.81,11.85,7.86,0.0
20230218:1610,0.0,0.0,0.0,0.0,11.56,7.79,0.0
20230218:1710,0.0,0.0,0.0,0.0,11.38,7.79,0.0
20230218:1810,0.0,0.0,0.0,0.0,11.29,7.72,0.0
20230218:1910,0.0,0.0,0.0,0.0,11.5,7.66,0.0
20230218:2010,0.0,0.0,0.0,0.0,11.27,7.72,0.0
20230218:2110,0.0,0.0,0.0,0.0,10.88,7.72,0.0
20230218:2210,0.0,0.0,0.0,0.0,10.67,7.72,0.0
20230218:2310,0.0,0.0,0.0,0.0,10.53,7.72,0.0
20230219:0010,0.0,0.0,0.0,0.0,10.42,7.79,0.0
20230219:0110,0.0,0.0,0.0,0.0,10.39,7.72,0.0
20230219:0210,0.0,0.0,0.0,0.0,10.28,7.52,0.0
20230219:0310,0.0,0.0,0.0,0.0,10.23,7.38,0.0
20230219:0410,0.0,0.0,0.0,0.0,10.08,7.1,0.0
20230219:0510,0.0,3.0,0.0,2.16,9.95,6.97,0.0
20230219:0610,81.0,79.0,0.0,12.63,10.24,7.03,0.0
20230219:0710,269.01,87.0,0.0,22.07,11.3,6.83,0.0
20230219:0810,354.01,124.0,0.0,29.91,12.14,7.24,0.0
20230219:0910,484.01,110.0,0.0,35.36,12.87,7.59,0.0
20230219:1010,493.01,126.0,0.0,37.64,13.41,7.59,0.0
20230219:1110,479.01,121.0,0.0,36.31,13.85,7.45,0.0
20230219:1210,393.01,120.0,0.0,31.64,14.19,7.24,0.0
20230219:1310,298.01,95.0,0.0,24.36,14.27,6.55,0.0
20230219:1410,107.0,95.0,0.0,15.28,14.04,6.07,0.0
20230219:1510,2.0,23.61,0.0,5.04,13.32,6.07,0.0
20230219:1610,0.0,0.0,0.0,0.0,12.55,5.93,0.0
20230219:1710,0.0,0.0,0.0,0.0,12.17,5.79,0.0
20230219:1810,0.0,0.0,0.0,0.0,11.94,5.79,0.0
20230219:1910,0.0,0.0,0.0,0.0,12.07,5.52,0.0
20230219:2010,0.0,0.0,0.0,0.0,11.65,5.45,0.0
20230219:2110,0.0,0.0,0.0,0.0,11.33,5.45,0.0
20230219:2210,0.0,0.0,0.0,0.0,11.01,5.59,0.0
20230219:2310,0.0,0.0,0.0,0.0,10.8,6.0,0.0
20230220:0010,0.0,0.0,0.0,0.0,10.64,6.34,0.0
20230220:0110,0.0,0.0,0.0,0.0,10.44,6.55,0.0
20230220:0210,0.0,0.0,0.0,0.0,10.28,6.69,0.0
20230220:0310,0.0,0.0,0.0,0.0,10.16,6.62,0.0
20230220:0410,0.0,0.0,0.0,0.0,10.05,6.34,0.0
20230220:0510,0.0,1.0,0.0,2.42,9.9,6.14,0.0
20230220:0610,0.0,28.0,0.0,12.9,9.85,5.59,0.0
20230220:0710,0.0,107.0,0.0,22.37,9.71,5.24,0.0
20230220:0810,33.0,234.0,0.0,30.24,9.82,4.76,0.0
20230220:0910,73.0,289.0,0.0,35.71,10.73,4.62,0.0
20230220:1010,386.01,194.0,0.0,37.99,10.62,3.24,0.0
20230220:1110,107.0,296.0,0.0,36.66,10.08,2.55,0.0
20230220:1210,162.0,242.0,0.0,31.96,9.59,4.21,0.0
20230220:1310,37.0,193.0,0.0,24.65,9.1,5.1,0.0
20230220:1410,91.0,104.0,0.0,15.54,8.36,4.41,0.0
20230220:1510,25.0,22.55,0.0,5.27,7.68,3.59,0.0
20230220:1610,0.0,0.0,0.0,0.0,6.95,2.83,0.0
20230220:1710,0.0,0.0,0.0,0.0,6.42,2.21,0.0
20230220:1810,0.0,0.0,0.0,0.0,5.67,1.79,0.0
20230220:1910,0.0,0.0,0.0,0.0,5.14,1.45,0.0
20230220:2010,0.0,0.0,0.0,0.0,6.05,1.1,0.0
20230220:2110,0.0,0.0,0.0,0.0,4.91,1.38,0.0
20230220:2210,0.0,0.0,0.0,0.0,3.38,2.0,0.0
20230220:2310,0.0,0.0,0.0,0.0,3.74,2.69,0.0
20230221:0010,0.0,0.0,0.0,0.0,4.52,3.03,0.0
20230221:0110,0.0,0.0,0.0,0.0,5.04,3.38,0.0
20230221:0210,0.0,0.0,0.0,0.0,5.42,3.93,0.0
20230221:0310,0.0,0.0,0.0,0.0,5.62,4.28,0.0
20230221:0410,0.0,0.0,0.0,0.0,5.79,4.21,0.0
20230221:0510,0.0,10.0,0.0,2.68,5.92,4.14,0.0
20230221:0610,6.0,86.0,0.0,13.18,6.41,4.07,0.0
20230221:0710,46.0,181.0,0.0,22.68,7.95,4.62,0.0
20230221:0810,195.0,219.0,0.0,30.57,9.69,4.97,0.0
20230221:0910,172.0,279.0,0.0,36.06,11.07,5.86,0.0
20230221:1010,437.01,171.0,0.0,38.36,12.13,6.48,0.0
20230221:1110,486.01,127.0,0.0,37.0,12.78,6.9,0.0
20230221:1210,348.01,158.0,0.0,32.28,13.25,7.03,0.0
20230221:1310,307.01,98.0,0.0,24.93,13.47,6.76,0.0
20230221:1410,152.0,79.0,0.0,15.79,13.34,6.28,0.0
20230221:1510,30.0,22.51,0.0,5.51,12.71,6.34,0.0
20230221:1610,0.0,0.0,0.0,0.0,11.94,6.21,0.0
20230221:1710,0.0,0.0,0.0,0.0,11.51,6.14,0.0
20230221:1810,0.0,0.0,0.0,0.0,11.17,6.21,0.0
20230221:1910,0.0,0.0,0.0,0.0,11.27,6.14,0.0
20230221:2010,0.0,0.0,0.0,0.0,10.95,6.07,0.0
20230221:2110,0.0,0.0,0.0,0.0,10.72,5.93,0.0
20230221:2210,0.0,0.0,0.0,0.0,10.6,5.66,0.0
20230221:2310,0.0,0.0,0.0,0.0,10.47,5.45,0.0
20230222:0010,0.0,0.0,0.0,0.0,10.32,5.17,0.0
20230222:0110,0.0,0.0,0.0,0.0,10.08,4.9,0.0
20230222:0210,0.0,0.0,0.0,0.0,9.77,4.48,0.0
20230222:0310,0.0,0.0,0.0,0.0,9.47,4.14,0.0
20230222:0410,0.0,0.0,0.0,0.0,9.15,3.86,0.0
20230222:0510,0.0,12.0,0.0,2.95,8.84,3.66,0.0
20230222:0610,134.0,64.0,0.0,13.46,9.3,3.45,0.0
20230222:0710,260.01,101.0,0.0,22.98,10.66,3.72,0.0
20230222:0810,357.01,134.0,0.0,30.9,11.74,4.21,0.0
20230222:0910,181.0,277.0,0.0,36.42,12.53,4.62,0.0
20230222:1010,519.01,124.0,0.0,38.72,13.13,4.83,0.0
20230222:1110,441.01,155.0,0.0,37.35,13.44,4.76,0.0
20230222:1210,309.01,180.0,0.0,32.6,13.59,4.41,0.0
20230222:1310,221.01,147.0,0.0,25.22,13.57,3.86,0.0
20230222:1410,141.0,86.0,0.0,16.05,13.38,3.38,0.0
20230222:1510,4.0,32.0,0.0,5.74,12.56,2.9,0.0
20230222:1610,0.0,0.0,0.0,0.0,11.42,2.62,0.0
20230222:1710,0.0,0.0,0.0,0.0,10.47,1.86,0.0
20230222:1810,0.0,0.0,0.0,0.0,9.76,1.24,0.0
20230222:1910,0.0,0.0,0.0,0.0,7.57,2.0,0.0
20230222:2010,0.0,0.0,0.0,0.0,6.78,2.07,0.0
20230222:2110,0.0,0.0,0.0,0.0,6.46,1.79,0.0
20230222:2210,0.0,0.0,0.0,0.0,6.54,1.52,0.0
20230222:2310,0.0,0.0,0.0,0.0,5.92,1.59,0.0
20230223:0010,0.0,0.0,0.0,0.0,5.04,2.0,0.0
20230223:0110,0.0,0.0,0.0,0.0,5.15,2.48,0.0
20230223:0210,0.0,0.0,0.0,0.0,5.72,2.9,0.0
20230223:0310,0.0,0.0,0.0,0.0,6.29,3.24,0.0
20230223:0410,0.0,0.0,0.0,0.0,6.58,3.38,0.0
20230223:0510,0.0,4.0,0.0,3.21,6.69,3.59,0.0
20230223:0610,17.0,99.0,0.0,13.75,7.37,3.72,0.0
20230223:0710,61.0,185.0,0.0,23.29,8.66,2.41,0.0
20230223:0810,344.01,144.0,0.0,31.24,10.12,2.07,0.0
20230223:0910,362.01,193.0,0.0,36.78,11.28,1.72,0.0
20230223:1010,358.01,218.0,0.0,39.09,12.11,1.86,0.0
20230223:1110,505.01,119.0,0.0,37.71,12.6,2.55,0.0
20230223:1210,214.0,229.0,0.0,32.92,12.64,3.45,0.0
20230223:1310,42.0,201.0,0.0,25.5,12.11,4.69,0.0
20230223:1410,40.0,123.0,0.0,16.3,11.03,5.72,0.0
20230223:1510,12.0,36.0,0.0,5.97,9.69,6.14,0.0
20230223:1610,0.0,0.0,0.0,0.0,8.29,6.69,0.0
20230223:1710,0.0,0.0,0.0,0.0,7.35,6.9,0.0
20230223:1810,0.0,0.0,0.0,0.0,6.82,6.97,0.0
20230223:1910,0.0,0.0,0.0,0.0,6.74,6.9,0.0
20230223:2010,0.0,0.0,0.0,0.0,6.55,6.76,0.0
20230223:2110,0.0,0.0,0.0,0.0,6.49,6.62,0.0
20230223:2210,0.0,0.0,0.0,0.0,6.38,6.41,0.0
20230223:2310,0.0,0.0,0.0,0.0,6.25,6.0,0.0
20230224:0010,0.0,0.0,0.0,0.0,6.19,5.59,0.0
20230224:0110,0.0,0.0,0.0,0.0,6.03,5.24,0.0
20230224:0210,0.0,0.0,0.0,0.0,5.87,4.97,0.0
20230224:0310,0.0,0.0,0.0,0.0,5.79,4.83,0.0
20230224:0410,0.0,0.0,0.0,0.0,5.82,4.62,0.0
20230224:0510,0.0,10.0,0.0,3.49,5.8,4.21,0.0
20230224:0610,40.0,105.0,0.0,14.04,6.23,3.79,0.0
20230224:0710,190.0,146.0,0.0,23.6,7.3,3.03,0.0
20230224:0810,112.0,252.0,0.0,31.58,8.61,1.79,0.0
20230224:0910,340.01,210.0,0.0,37.14,9.73,0.76,0.0
20230224:1010,478.01,154.0,0.0,39.46,10.63,1.93,0.0
20230224:1110,515.01,119.0,0.0,38.06,11.05,3.03,0.0
20230224:1210,455.01,104.0,0.0,33.24,11.16,3.38,0.0
20230224:1310,328.01,95.0,0.0,25.79,11.08,3.24,0.0
20230224:1410,171.0,77.0,0.0,16.56,10.85,2.97,0.0
20230224:1510,37.0,33.0,0.0,6.2,10.28,2.55,0.0
20230224:1610,0.0,0.0,0.0,0.0,9.23,2.55,0.0
20230224:1710,0.0,0.0,0.0,0.0,8.31,2.28,0.0
20230224:1810,0.0,0.0,0.0,0.0,7.6,2.07,0.0
20230224:1910,0.0,0.0,0.0,0.0,7.3,1.93,0.0
20230224:2010,0.0,0.0,0.0,0.0,6.95,2.28,0.0
20230224:2110,0.0,0.0,0.0,0.0,7.12,2.69,0.0
20230224:2210,0.0,0.0,0.0,0.0,7.53,2.97,0.0
20230224:2310,0.0,0.0,0.0,0.0,7.92,3.1,0.0
20230225:0010,0.0,0.0,0.0,0.0,8.15,3.17,0.0
20230225:0110,0.0,0.0,0.0,0.0,8.39,3.38,0.0
20230225:0210,0.0,0.0,0.0,0.0,8.75,3.72,0.0
20230225:0310,0.0,0.0,0.0,0.0,9.07,4.14,0.0
20230225:0410,0.0,0.0,0.0,0.0,9.3,4.48,0.0
20230225:0510,0.0,10.0,0.0,3.76,9.52,4.76,0.0
20230225:0610,116.0,80.0,0.0,14.33,10.36,5.1,0.0
20230225:0710,277.01,101.0,0.0,23.92,11.39,5.17,0.0
20230225:0810,222.0,216.0,0.0,31.92,12.69,6.07,0.0
20230225:0910,264.01,252.0,0.0,37.51,13.68,6.97,0.0
20230225:1010,501.01,143.0,0.0,39.83,14.34,7.38,0.0
20230225:1110,505.01,126.0,0.0,38.42,14.9,7.45,0.0
20230225:1210,423.01,123.0,0.0,33.56,15.27,7.45,0.0
20230225:1310,331.01,96.0,0.0,26.07,15.43,7.03,0.0
20230225:1410,185.01,73.0,0.0,16.81,15.26,7.1,0.0
20230225:1510,32.0,36.0,0.0,6.44,14.73,7.59,0.0
20230225:1610,0.0,0.0,0.0,0.0,14.13,7.86,0.0
20230225:1710,0.0,0.0,0.0,0.0,13.71,7.79,0.0
20230225:1810,0.0,0.0,0.0,0.0,13.38,7.66,0.0
20230225:1910,0.0,0.0,0.0,0.0,13.43,7.45,0.0
20230225:2010,0.0,0.0,0.0,0.0,13.0,7.38,0.0
20230225:2110,0.0,0.0,0.0,0.0,12.66,7.38,0.0
20230225:2210,0.0,0.0,0.0,0.0,12.44,7.52,0.0
20230225:2310,0.0,0.0,0.0,0.0,12.26,7.59,0.0
20230226:0010,0.0,0.0,0.0,0.0,12.09,7.52,0.0
20230226:0110,0.0,0.0,0.0,0.0,11.84,7.24,0.0
20230226:0210,0.0,0.0,0.0,0.0,11.58,6.97,0.0
20230226:0310,0.0,0.0,0.0,0.0,11.22,6.41,0.0
20230226:0410,0.0,0.0,0.0,0.0,10.75,5.86,0.0
20230226:0510,0.0,10.0,0.0,4.04,10.34,5.38,0.0
20230226:0610,141.0,71.0,0.0,14.63,10.55,4.9,0.0
20230226:0710,0.0,90.0,0.0,24.24,11.93,4.55,0.0
20230226:0810,9.0,217.0,0.0,32.27,13.17,4.76,0.0
20230226:0910,26.0,280.0,0.0,37.88,14.13,4.97,0.0
20230226:1010,455.01,176.0,0.0,40.2,14.95,4.9,0.0
20230226:1110,288.01,253.0,0.0,38.77,15.68,4.76,0.0
20230226:1210,179.0,253.0,0.0,33.88,16.42,4.62,0.0
20230226:1310,0.0,115.0,0.0,26.36,16.57,4.0,0.0
20230226:1410,38.0,131.0,0.0,17.06,16.03,3.1,0.0
20230226:1510,0.0,12.0,0.0,6.67,15.14,3.03,0.0
20230226:1610,0.0,0.0,0.0,0.0,14.16,2.97,0.0
20230226:1710,0.0,0.0,0.0,0.0,13.47,3.03,0.0
20230226:1810,0.0,0.0,0.0,0.0,13.05,3.1,0.0
20230226:1910,0.0,0.0,0.0,0.0,13.46,3.66,0.0
20230226:2010,0.0,0.0,0.0,0.0,13.17,3.72,0.0
20230226:2110,0.0,0.0,0.0,0.0,12.73,3.59,0.0
20230226:2210,0.0,0.0,0.0,0.0,12.25,3.38,0.0
20230226:2310,0.0,0.0,0.0,0.0,11.58,3.38,0.0
20230227:0010,0.0,0.0,0.0,0.0,11.17,3.38,0.0
20230227:0110,0.0,0.0,0.0,0.0,11.24,2.48,0.0
20230227:0210,0.0,0.0,0.0,0.0,10.79,2.28,0.0
20230227:0310,0.0,0.0,0.0,0.0,10.21,2.41,0.0
20230227:0410,0.0,0.0,0.0,0.0,9.65,3.45,0.0
20230227:0510,0.0,16.0,0.0,4.32,9.51,4.14,0.0
20230227:0610,9.0,101.0,0.0,14.92,10.41,4.28,0.0
20230227:0710,28.0,188.0,0.0,24.56,12.34,3.66,0.0
20230227:0810,156.0,247.0,0.0,32.62,14.27,3.38,0.0
20230227:0910,127.0,303.0,0.0,38.25,15.87,3.03,0.0
20230227:1010,306.01,258.0,0.0,40.58,16.97,2.69,0.0
20230227:1110,334.01,230.0,0.0,39.13,17.44,2.34,0.0
20230227:1210,363.01,163.0,0.0,34.2,17.67,2.0,0.0
20230227:1310,283.01,125.0,0.0,26.64,17.65,1.72,0.0
20230227:1410,92.0,120.0,0.0,17.32,17.27,1.31,0.0
20230227:1510,11.0,44.0,0.0,6.9,16.48,0.55,0.0
20230227:1610,0.0,0.0,0.0,0.0,15.04,1.1,0.0
20230227:1710,0.0,0.0,0.0,0.0,13.68,1.72,0.0
20230227:1810,0.0,0.0,0.0,0.0,12.64,1.72,0.0
20230227:1910,0.0,0.0,0.0,0.0,12.26,2.62,0.0
20230227:2010,0.0,0.0,0.0,0.0,12.21,3.03,0.0
20230227:2110,0.0,0.0,0.0,0.0,12.11,3.1,0.0
20230227:2210,0.0,0.0,0.0,0.0,11.99,2.97,0.0
20230227:2310,0.0,0.0,0.0,0.0,11.49,2.55,0.0
20230228:0010,0.0,0.0,0.0,0.0,10.17,1.79,0.0
20230228:0110,0.0,0.0,0.0,0.0,8.94,1.86,0.0
20230228:0210,0.0,0.0,0.0,0.0,8.96,1.31,0.0
20230228:0310,0.0,0.0,0.0,0.0,9.88,0.76,0.0
20230228:0410,0.0,0.0,0.0,0.0,9.07,2.28,0.0
20230228:0510,0.0,18.0,0.0,4.61,9.43,3.17,0.0
20230228:0610,12.0,105.0,0.0,15.23,10.22,3.1,0.0
20230228:0710,0.0,94.0,0.0,24.89,9.62,4.21,0.0
20230228:0810,72.0,264.0,0.0,32.97,10.65,4.28,0.0
20230228:0910,0.0,134.0,0.0,38.62,11.33,3.93,0.0
20230228:1010,21.0,291.0,0.0,40.96,11.56,4.07,0.0
20230228:1110,3.0,227.0,0.0,39.49,11.4,4.9,0.0
20230228:1210,38.0,265.0,0.0,34.53,11.28,5.1,0.0
20230228:1310,0.0,114.0,0.0,26.93,10.8,5.03,0.0
20230228:1410,0.0,43.0,0.0,17.57,10.12,5.1,0.0
20230228:1510,0.0,16.0,0.0,7.13,9.49,5.17,0.0
20230228:1610,0.0,0.0,0.0,0.0,8.92,5.03,0.0
20230228:1710,0.0,0.0,0.0,0.0,8.57,4.9,0.0
20230228:1810,0.0,0.0,0.0,0.0,8.4,4.97,0.0
20230228:1910,0.0,0.0,0.0,0.0,7.78,5.59,0.0
20230228:2010,0.0,0.0,0.0,0.0,7.71,5.52,0.0
20230228:2110,0.0,0.0,0.0,0.0,7.67,5.31,0.0
20230228:2210,0.0,0.0,0.0,0.0,7.67,5.24,0.0
20230228:2310,0.0,0.0,0.0,0.0,7.7,5.72,0.0
20230301:0010,0.0,0.0,0.0,0.0,7.67,5.79,0.0
20230301:0110,0.0,0.0,0.0,0.0,7.63,6.07,0.0
20230301:0210,0.0,0.0,0.0,0.0,7.48,6.41,0.0
20230301:0310,0.0,0.0,0.0,0.0,7.36,6.76,0.0
20230301:0410,0.0,0.0,0.0,0.0,7.2,7.03,0.0
20230301:0510,0.0,6.0,0.0,4.9,7.01,7.31,0.0
20230301:0610,0.0,72.0,0.0,15.53,7.17,7.38,0.0
20230301:0710,0.0,116.0,0.0,25.22,7.43,7.17,0.0
20230301:0810,1.0,174.0,0.0,33.32,7.85,7.24,0.0
20230301:0910,0.0,182.0,0.0,39.0,8.88,7.24,0.0
20230301:1010,0.0,208.0,0.0,41.34,9.55,7.45,0.0
20230301:1110,0.0,176.0,0.0,39.85,9.8,7.03,0.0
20230301:1210,0.0,105.0,0.0,34.85,9.49,7.03,0.0
20230301:1310,6.0,173.0,0.0,27.21,9.08,7.1,0.0
20230301:1410,0.0,52.0,0.0,17.82,8.47,6.97,0.0
20230301:1510,0.0,7.0,0.0,7.35,7.99,6.83,0.0
20230301:1610,0.0,0.0,0.0,0.0,7.52,6.41,0.0
20230301:1710,0.0,0.0,0.0,0.0,7.22,6.21,0.0
20230301:1810,0.0,0.0,0.0,0.0,7.07,5.79,0.0
20230301:1910,0.0,0.0,0.0,0.0,7.06,5.59,0.0
20230301:2010,0.0,0.0,0.0,0.0,7.06,5.66,0.0
20230301:2110,0.0,0.0,0.0,0.0,6.98,5.93,0.0
20230301:2210,0.0,0.0,0.0,0.0,6.91,5.86,0.0
20230301:2310,0.0,0.0,0.0,0.0,6.85,5.79,0.0
20230302:0010,0.0,0.0,0.0,0.0,6.78,5.79,0.0
20230302:0110,0.0,0.0,0.0,0.0,6.74,5.72,0.0
20230302:0210,0.0,0.0,0.0,0.0,6.66,5.79,0.0
20230302:0310,0.0,0.0,0.0,0.0,6.62,5.79,0.0
20230302:0410,0.0,0.0,0.0,0.0,6.53,5.79,0.0
20230302:0510,0.0,18.0,0.0,5.19,6.54,5.79,0.0
20230302:0610,0.0,67.0,0.0,15.84,6.7,5.79,0.0
20230302:0710,0.0,46.0,0.0,25.55,6.78,5.79,0.0
20230302:0810,0.0,137.0,0.0,33.68,7.03,5.52,0.0
20230302:0910,0.0,137.0,0.0,39.38,7.26,5.45,0.0
20230302:1010,9.0,267.0,0.0,41.72,7.57,5.66,0.0
20230302:1110,0.0,143.0,0.0,40.21,8.03,5.93,0.0
20230302:1210,8.0,230.0,0.0,35.17,8.15,6.14,0.0
20230302:1310,0.0,126.0,0.0,27.49,7.95,6.28,0.0
20230302:1410,0.0,72.0,0.0,18.07,7.68,6.21,0.0
20230302:1510,5.0,45.0,0.0,7.58,7.32,6.14,0.0
20230302:1610,0.0,0.0,0.0,0.0,6.96,5.93,0.0
20230302:1710,0.0,0.0,0.0,0.0,6.77,5.93,0.0
20230302:1810,0.0,0.0,0.0,0.0,6.57,6.0,0.0
20230302:1910,0.0,0.0,0.0,0.0,6.69,6.21,0.0
20230302:2010,0.0,0.0,0.0,0.0,6.56,5.45,0.0
20230302:2110,0.0,0.0,0.0,0.0,6.41,4.55,0.0
20230302:2210,0.0,0.0,0.0,0.0,6.33,4.28,0.0
20230302:2310,0.0,0.0,0.0,0.0,6.34,4.34,0.0
20230303:0010,0.0,0.0,0.0,0.0,6.39,4.62,0.0
20230303:0110,0.0,0.0,0.0,0.0,6.36,4.69,0.0
20230303:0210,0.0,0.0,0.0,0.0,6.39,4.62,0.0
20230303:0310,0.0,0.0,0.0,0.0,6.43,4.28,0.0
20230303:0410,0.0,0.0,0.0,0.0,6.5,3.86,0.0
20230303:0510,0.0,23.0,0.0,5.48,6.63,3.72,0.0
20230303:0610,12.0,111.0,0.0,16.15,6.9,3.93,0.0
20230303:0710,7.0,167.0,0.0,25.88,7.66,4.21,0.0
20230303:0810,6.0,215.0,0.0,34.04,8.23,3.66,0.0
20230303:0910,14.0,272.0,0.0,39.76,8.61,2.97,0.0
20230303:1010,0.0,205.0,0.0,42.11,9.05,2.62,0.0
20230303:1110,3.0,237.0,0.0,40.57,9.31,2.48,0.0
20230303:1210,0.0,69.0,0.0,35.5,9.51,2.34,0.0
20230303:1310,0.0,85.0,0.0,27.78,9.5,2.34,0.0
20230303:1410,0.0,43.0,0.0,18.32,9.25,2.07,0.0
20230303:1510,1.0,37.0,0.0,7.81,9.09,1.79,0.0
20230303:1610,0.0,0.0,0.0,0.0,8.72,1.79,0.0
20230303:1710,0.0,0.0,0.0,0.0,8.33,2.07,0.0
20230303:1810,0.0,0.0,0.0,0.0,8.04,2.48,0.0
20230303:1910,0.0,0.0,0.0,0.0,8.01,1.1,0.0
20230303:2010,0.0,0.0,0.0,0.0,7.82,0.62,0.0
20230303:2110,0.0,0.0,0.0,0.0,7.36,0.83,0.0
20230303:2210,0.0,0.0,0.0,0.0,7.2,1.17,0.0
20230303:2310,0.0,0.0,0.0,0.0,7.24,1.24,0.0
20230304:0010,0.0,0.0,0.0,0.0,6.98,1.03,0.0
20230304:0110,0.0,0.0,0.0,0.0,6.78,0.9,0.0
20230304:0210,0.0,0.0,0.0,0.0,7.41,0.55,0.0
20230304:0310,0.0,0.0,0.0,0.0,7.41,0.48,0.0
20230304:0410,0.0,0.0,0.0,0.0,6.36,1.1,0.0
20230304:0510,0.0,5.0,0.0,5.78,6.14,1.38,0.0
20230304:0610,0.0,32.0,0.0,16.46,7.28,1.17,0.0
20230304:0710,11.0,179.0,0.0,26.22,8.51,0.76,0.0
20230304:0810,10.0,229.0,0.0,34.4,9.41,1.31,0.0
20230304:0910,27.0,293.0,0.0,40.14,10.3,2.14,0.0
20230304:1010,80.0,338.0,0.0,42.49,10.76,2.97,0.0
20230304:1110,210.0,304.0,0.0,40.93,11.05,3.31,0.0
20230304:1210,71.0,287.0,0.0,35.82,11.07,3.24,0.0
20230304:1310,0.0,114.0,0.0,28.06,11.21,3.45,0.0
20230304:1410,18.0,135.0,0.0,18.57,11.11,3.59,0.0
20230304:1510,2.0,41.0,0.0,8.04,10.34,2.21,0.0
20230304:1610,0.0,0.0,0.0,0.0,9.62,1.38,0.0
20230304:1710,0.0,0.0,0.0,0.0,9.29,2.07,0.0
20230304:1810,0.0,0.0,0.0,0.0,9.18,2.41,0.0
20230304:1910,0.0,0.0,0.0,0.0,8.68,1.52,0.0
20230304:2010,0.0,0.0,0.0,0.0,8.36,1.45,0.0
20230304:2110,0.0,0.0,0.0,0.0,7.52,1.31,0.0
20230304:2210,0.0,0.0,0.0,0.0,6.97,1.45,0.0
20230304:2310,0.0,0.0,0.0,0.0,6.9,1.72,0.0
20230305:0010,0.0,0.0,0.0,0.0,6.36,1.86,0.0
20230305:0110,0.0,0.0,0.0,0.0,6.39,1.86,0.0
20230305:0210,0.0,0.0,0.0,0.0,6.7,1.93,0.0
20230305:0310,0.0,0.0,0.0,0.0,6.99,1.93,0.0
20230305:0410,0.0,0.0,0.0,0.0,7.61,1.93,0.0
20230305:0510,0.0,14.0,0.0,6.08,7.97,1.79,0.0
20230305:0610,8.0,111.0,0.0,16.78,8.85,1.59,0.0
20230305:0710,44.0,209.0,0.0,26.55,9.37,0.62,0.0
20230305:0810,13.0,239.0,0.0,34.77,10.13,0.69,0.0
20230305:0910,108.0,324.0,0.0,40.53,10.78,0.83,0.0
20230305:1010,209.0,319.0,0.0,42.88,11.24,0.76,0.0
20230305:1110,40.0,312.0,0.0,41.3,11.65,0.76,0.0
20230305:1210,11.0,242.0,0.0,36.14,11.54,0.69,0.0
20230305:1310,12.0,194.0,0.0,28.34,10.73,0.9,0.0
20230305:1410,3.0,112.0,0.0,18.82,10.22,0.69,0.0
20230305:1510,1.0,42.0,0.0,8.26,9.83,0.83,0.0
20230305:1610,0.0,0.0,0.0,0.0,9.23,1.17,0.0
20230305:1710,0.0,0.0,0.0,0.0,8.8,1.45,0.0
20230305:1810,0.0,0.0,0.0,0.0,8.45,1.52,0.0
20230305:1910,0.0,0.0,0.0,0.0,8.01,2.14,0.0
20230305:2010,0.0,0.0,0.0,0.0,7.71,2.0,0.0
20230305:2110,0.0,0.0,0.0,0.0,7.59,1.86,0.0
20230305:2210,0.0,0.0,0.0,0.0,7.4,1.72,0.0
20230305:2310,0.0,0.0,0.0,0.0,7.23,1.59,0.0
20230306:0010,0.0,0.0,0.0,0.0,7.05,1.52,0.0
20230306:0110,0.0,0.0,0.0,0.0,6.68,1.38,0.0
20230306:0210,0.0,0.0,0.0,0.0,6.04,1.24,0.0
20230306:0310,0.0,0.0,0.0,0.0,6.11,0.83,0.0
20230306:0410,0.0,0.0,0.0,0.0,6.61,0.62,0.0
20230306:0510,0.0,34.0,0.0,6.38,6.35,0.62,0.0
20230306:0610,0.0,76.0,0.0,17.1,6.52,0.69,0.0
20230306:0710,18.0,196.0,0.0,26.89,8.0,1.03,0.0
20230306:0810,96.0,284.0,0.0,35.13,9.18,1.93,0.0
20230306:0910,111.0,329.0,0.0,40.92,10.06,2.76,0.0
20230306:1010,332.01,273.0,0.0,43.27,10.72,3.52,0.0
20230306:1110,200.0,315.0,0.0,41.66,11.0,3.72,0.0
20230306:1210,284.01,232.0,0.0,36.46,11.14,3.38,0.0
20230306:1310,377.01,100.0,0.0,28.62,11.21,2.83,0.0
20230306:1410,68.0,145.0,0.0,19.06,11.45,2.83,0.0
20230306:1510,59.0,47.0,0.0,8.49,11.16,2.55,0.0
20230306:1610,0.0,0.0,0.0,0.0,10.29,2.55,0.0
20230306:1710,0.0,0.0,0.0,0.0,9.52,2.55,0.0
20230306:1810,0.0,0.0,0.0,0.0,8.99,2.62,0.0
20230306:1910,0.0,0.0,0.0,0.0,8.96,2.97,0.0
20230306:2010,0.0,0.0,0.0,0.0,8.86,3.1,0.0
20230306:2110,0.0,0.0,0.0,0.0,8.87,3.24,0.0
20230306:2210,0.0,0.0,0.0,0.0,8.82,3.31,0.0
20230306:2310,0.0,0.0,0.0,0.0,8.83,3.45,0.0
20230307:0010,0.0,0.0,0.0,0.0,8.76,3.66,0.0
20230307:0110,0.0,0.0,0.0,0.0,8.64,3.86,0.0
20230307:0210,0.0,0.0,0.0,0.0,8.65,4.0,0.0
20230307:0310,0.0,0.0,0.0,0.0,8.6,4.0,0.0
20230307:0410,0.0,0.0,0.0,0.0,8.57,4.0,0.0
20230307:0510,0.0,40.0,0.0,6.69,8.66,4.14,0.0
20230307:0610,44.0,133.0,0.0,17.42,9.75,4.21,0.0
20230307:0710,36.0,212.0,0.0,27.24,10.84,4.07,0.0
20230307:0810,23.0,260.0,0.0,35.5,12.14,4.55,0.0
20230307:0910,348.01,245.0,0.0,41.31,13.01,4.69,0.0
20230307:1010,297.01,291.0,0.0,43.66,13.34,4.83,0.0
20230307:1110,47.0,324.0,0.0,42.02,13.83,5.03,0.0
20230307:1210,196.0,272.0,0.0,36.79,14.17,5.31,0.0
20230307:1310,34.0,223.0,0.0,28.9,14.09,5.03,0.0
20230307:1410,27.0,146.0,0.0,19.31,13.76,4.07,0.0
20230307:1510,0.0,28.0,0.0,8.71,13.27,4.0,0.0
20230307:1610,0.0,0.0,0.0,0.0,12.26,3.93,0.0
20230307:1710,0.0,0.0,0.0,0.0,11.65,3.93,0.0
20230307:1810,0.0,0.0,0.0,0.0,11.24,3.72,0.0
20230307:1910,0.0,0.0,0.0,0.0,10.62,4.0,0.0
20230307:2010,0.0,0.0,0.0,0.0,10.67,4.0,0.0
20230307:2110,0.0,0.0,0.0,0.0,10.69,4.07,0.0
20230307:2210,0.0,0.0,0.0,0.0,10.49,4.14,0.0
20230307:2310,0.0,0.0,0.0,0.0,10.41,4.21,0.0
20230308:0010,0.0,0.0,0.0,0.0,10.41,4.34,0.0
20230308:0110,0.0,0.0,0.0,0.0,10.32,4.55,0.0
20230308:0210,0.0,0.0,0.0,0.0,10.26,4.55,0.0
20230308:0310,0.0,0.0,0.0,0.0,10.48,4.55,0.0
20230308:0410,0.0,0.0,0.0,0.0,10.45,4.62,0.0
20230308:0510,0.0,7.0,0.0,6.99,10.62,4.83,0.0
20230308:0610,0.0,81.0,0.0,17.74,11.3,5.1,0.0
20230308:0710,0.0,137.0,0.0,27.58,11.68,4.0,0.0
20230308:0810,8.0,233.0,0.0,35.87,12.66,4.48,0.0
20230308:0910,0.0,191.0,0.0,41.7,13.84,5.1,0.0
20230308:1010,3.0,252.0,0.0,44.05,14.69,5.79,0.0
20230308:1110,179.0,323.0,0.0,42.39,14.92,6.21,0.0
20230308:1210,19.0,262.0,0.0,37.11,14.95,6.07,0.0
20230308:1310,136.0,220.0,0.0,29.18,14.84,5.38,0.0
20230308:1410,173.0,106.0,0.0,19.55,14.52,4.07,0.0
20230308:1510,1.0,41.0,0.0,8.93,14.0,3.66,0.0
20230308:1610,0.0,0.0,0.0,0.0,12.85,3.93,0.0
20230308:1710,0.0,0.0,0.0,0.0,12.16,3.79,0.0
20230308:1810,0.0,0.0,0.0,0.0,11.83,3.72,0.0
20230308:1910,0.0,0.0,0.0,0.0,11.55,4.14,0.0
20230308:2010,0.0,0.0,0.0,0.0,11.21,3.72,0.0
20230308:2110,0.0,0.0,0.0,0.0,10.95,3.31,0.0
20230308:2210,0.0,0.0,0.0,0.0,10.69,3.03,0.0
20230308:2310,0.0,0.0,0.0,0.0,10.38,3.1,0.0
20230309:0010,0.0,0.0,0.0,0.0,10.16,3.17,0.0
20230309:0110,0.0,0.0,0.0,0.0,10.12,3.59,0.0
20230309:0210,0.0,0.0,0.0,0.0,10.33,4.0,0.0
20230309:0310,0.0,0.0,0.0,0.0,10.49,4.41,0.0
20230309:0410,0.0,0.0,0.0,0.0,10.55,4.62,0.0
20230309:0510,0.0,42.0,0.0,7.3,10.6,4.69,0.0
20230309:0610,111.0,121.0,0.0,18.06,11.4,4.76,0.0
20230309:0710,211.0,178.0,0.0,27.93,12.65,5.17,0.0
20230309:0810,283.01,227.0,0.0,36.24,13.76,5.86,0.0
20230309:0910,590.01,114.0,0.0,42.09,14.59,6.28,0.0
20230309:1010,619.01,119.0,0.0,44.44,15.12,6.69,0.0
20230309:1110,547.01,142.0,0.0,42.75,15.32,7.03,0.0
20230309:1210,294.01,233.0,0.0,37.43,15.37,7.03,0.0
20230309:1310,165.0,213.0,0.0,29.45,15.11,6.41,0.0
20230309:1410,62.0,152.0,0.0,19.8,14.77,5.38,0.0
20230309:1510,26.0,62.0,0.0,9.15,14.12,5.31,0.0
20230309:1610,0.0,0.0,0.0,0.0,13.61,5.03,0.0
20230309:1710,0.0,0.0,0.0,0.0,13.19,5.1,0.0
20230309:1810,0.0,0.0,0.0,0.0,12.9,5.45,0.0
20230309:1910,0.0,0.0,0.0,0.0,12.89,5.79,0.0
20230309:2010,0.0,0.0,0.0,0.0,12.6,6.34,0.0
20230309:2110,0.0,0.0,0.0,0.0,12.36,6.76,0.0
20230309:2210,0.0,0.0,0.0,0.0,12.18,6.9,0.0
20230309:2310,0.0,0.0,0.0,0.0,12.03,6.9,0.0
20230310:0010,0.0,0.0,0.0,0.0,11.95,6.83,0.0
20230310:0110,0.0,0.0,0.0,0.0,11.85,6.48,0.0
20230310:0210,0.0,0.0,0.0,0.0,11.67,6.14,0.0
20230310:0310,0.0,0.0,0.0,0.0,11.5,5.79,0.0
20230310:0410,0.0,0.0,0.0,0.0,11.37,5.52,0.0
20230310:0510,0.0,23.0,0.0,7.61,11.32,5.24,0.0
20230310:0610,32.0,138.0,0.0,18.39,12.03,5.03,0.0
20230310:0710,278.01,144.0,0.0,28.27,13.35,5.45,0.0
20230310:0810,171.0,275.0,0.0,36.62,14.15,5.86,0.0
20230310:0910,209.0,312.0,0.0,42.48,14.72,6.0,0.0
20230310:1010,466.01,206.0,0.0,44.83,15.03,5.66,0.0
20230310:1110,349.01,255.0,0.0,43.12,15.49,5.24,0.0
20230310:1210,325.01,217.0,0.0,37.75,15.82,4.55,0.0
20230310:1310,349.01,120.0,0.0,29.73,15.97,4.21,0.0
20230310:1410,64.0,152.0,0.0,20.04,15.82,4.21,0.0
20230310:1510,8.0,59.0,0.0,9.37,15.45,4.41,0.0
20230310:1610,0.0,0.0,0.0,0.0,14.8,4.41,0.0
20230310:1710,0.0,0.0,0.0,0.0,14.38,4.48,0.0
20230310:1810,0.0,0.0,0.0,0.0,14.1,4.62,0.0
20230310:1910,0.0,0.0,0.0,0.0,14.09,4.48,0.0
20230310:2010,0.0,0.0,0.0,0.0,13.7,4.48,0.0
20230310:2110,0.0,0.0,0.0,0.0,13.21,4.83,0.0
20230310:2210,0.0,0.0,0.0,0.0,13.06,5.1,0.0
20230310:2310,0.0,0.0,0.0,0.0,12.97,5.52,0.0
20230311:0010,0.0,0.0,0.0,0.0,12.96,6.0,0.0
20230311:0110,0.0,0.0,0.0,0.0,12.96,6.34,0.0
20230311:0210,0.0,0.0,0.0,0.0,12.81,6.55,0.0
20230311:0310,0.0,0.0,0.0,0.0,12.72,6.28,0.0
20230311:0410,0.0,0.0,0.0,0.0,12.6,6.41,0.0
20230311:0510,0.0,48.0,0.0,7.92,12.66,7.03,0.0
20230311:0610,78.0,137.0,0.0,18.71,13.44,7.45,0.0
20230311:0710,22.0,210.0,0.0,28.62,14.3,5.86,0.0
20230311:0810,13.0,250.0,0.0,36.99,15.44,5.59,0.0
20230311:0910,28.0,309.0,0.0,42.88,15.97,6.41,0.0
20230311:1010,0.0,101.0,0.0,45.23,15.27,7.24,0.0
20230311:1110,28.0,314.0,0.0,43.48,14.15,7.17,0.0
20230311:1210,17.0,263.0,0.0,38.07,13.28,8.0,0.0
20230311:1310,113.0,232.0,0.0,30.01,12.95,7.66,0.0
20230311:1410,31.0,152.0,0.0,20.28,13.55,8.0,0.0
20230311:1510,0.0,18.0,0.0,9.59,13.97,7.86,0.0
20230311:1610,0.0,0.0,0.0,0.0,13.86,7.72,0.0
20230311:1710,0.0,0.0,0.0,0.0,13.51,7.66,0.0
20230311:1810,0.0,0.0,0.0,0.0,13.31,7.24,0.0
20230311:1910,0.0,0.0,0.0,0.0,12.9,6.62,0.0
20230311:2010,0.0,0.0,0.0,0.0,12.66,6.28,0.0
20230311:2110,0.0,0.0,0.0,0.0,12.4,5.59,0.0
20230311:2210,0.0,0.0,0.0,0.0,12.13,4.62,0.0
20230311:2310,0.0,0.0,0.0,0.0,11.6,3.66,0.0
20230312:0010,0.0,0.0,0.0,0.0,11.15,3.03,0.0
20230312:0110,0.0,0.0,0.0,0.0,10.71,3.17,0.0
20230312:0210,0.0,0.0,0.0,0.0,10.48,3.24,0.0
20230312:0310,0.0,0.0,0.0,0.0,9.69,5.72,0.0
20230312:0410,0.0,0.0,0.0,0.0,8.13,5.79,0.0
20230312:0510,0.0,27.0,0.0,8.24,7.49,4.76,0.0
20230312:0610,1.0,99.0,0.0,19.04,7.55,4.14,0.0
20230312:0710,0.0,115.0,0.0,28.97,7.7,5.1,0.0
20230312:0810,56.0,293.0,0.0,37.37,7.85,4.97,0.0
20230312:0910,40.0,324.0,0.0,43.27,8.24,5.38,0.0
20230312:1010,2.0,246.0,0.0,45.62,8.64,4.9,0.0
20230312:1110,1.0,223.0,0.0,43.85,9.17,4.62,0.0
20230312:1210,37.0,290.0,0.0,38.38,9.23,4.62,0.0
20230312:1310,1.0,162.0,0.0,30.28,8.87,5.1,0.0
20230312:1410,44.0,158.0,0.0,20.52,8.58,5.86,0.0
20230312:1510,8.0,61.0,0.0,9.81,8.21,6.69,0.0
20230312:1610,0.0,0.0,0.0,0.0,7.66,7.1,0.0
20230312:1710,0.0,0.0,0.0,0.0,7.2,7.31,0.0
20230312:1810,0.0,0.0,0.0,0.0,6.87,7.03,0.0
20230312:1910,0.0,0.0,0.0,0.0,6.42,7.1,0.0
20230312:2010,0.0,0.0,0.0,0.0,6.28,6.9,0.0
20230312:2110,0.0,0.0,0.0,0.0,6.2,6.76,0.0
20230312:2210,0.0,0.0,0.0,0.0,6.14,6.69,0.0
20230312:2310,0.0,0.0,0.0,0.0,6.09,7.03,0.0
20230313:0010,0.0,0.0,0.0,0.0,5.9,7.45,0.0
20230313:0110,0.0,0.0,0.0,0.0,5.8,7.66,0.0
20230313:0210,0.0,0.0,0.0,0.0,5.66,7.59,0.0
20230313:0310,0.0,0.0,0.0,0.0,5.6,7.38,0.0
20230313:0410,0.0,0.0,0.0,0.0,5.63,7.17,0.0
20230313:0510,0.0,48.0,0.0,8.55,5.66,7.59,0.0
20230313:0610,11.0,135.0,0.0,19.37,5.95,8.28,0.0
20230313:0710,196.0,204.0,0.0,29.32,6.28,8.9,0.0
20230313:0810,136.0,301.0,0.0,37.74,6.48,9.03,0.0
20230313:0910,129.0,349.0,0.0,43.67,6.75,8.76,0.0
20230313:1010,15.0,311.0,0.0,46.02,7.31,8.28,0.0
20230313:1110,2.0,250.0,0.0,44.21,7.9,8.0,0.0
20230313:1210,0.0,187.0,0.0,38.7,8.17,7.93,0.0
20230313:1310,12.0,213.0,0.0,30.55,8.03,8.07,0.0
20230313:1410,0.0,83.0,0.0,20.76,7.59,8.48,0.0
20230313:1510,19.0,69.0,0.0,10.03,7.14,8.41,0.0
20230313:1610,0.0,0.0,0.0,0.0,6.96,7.86,0.0
20230313:1710,0.0,0.0,0.0,0.0,6.64,7.72,0.0
20230313:1810,0.0,0.0,0.0,0.0,6.33,7.45,0.0
20230313:1910,0.0,0.0,0.0,0.0,6.28,6.69,0.0
20230313:2010,0.0,0.0,0.0,0.0,6.11,6.69,0.0
20230313:2110,0.0,0.0,0.0,0.0,6.05,6.48,0.0
20230313:2210,0.0,0.0,0.0,0.0,6.09,6.48,0.0
20230313:2310,0.0,0.0,0.0,0.0,6.03,6.55,0.0
20230314:0010,0.0,0.0,0.0,0.0,5.89,6.69,0.0
20230314:0110,0.0,0.0,0.0,0.0,5.78,6.69,0.0
20230314:0210,0.0,0.0,0.0,0.0,5.6,6.55,0.0
20230314:0310,0.0,0.0,0.0,0.0,5.59,6.21,0.0
20230314:0410,0.0,0.0,0.0,0.0,5.66,5.93,0.0
20230314:0510,0.0,51.0,0.0,8.87,5.77,5.66,0.0
20230314:0610,221.0,88.0,0.0,19.7,6.35,6.48,0.0
20230314:0710,387.01,107.0,0.0,29.67,7.09,6.55,0.0
20230314:0810,547.01,106.0,0.0,38.12,7.8,6.07,0.0
20230314:0910,574.01,145.0,0.0,44.07,8.41,5.93,0.0
20230314:1010,632.01,134.0,0.0,46.42,8.78,5.79,0.0
20230314:1110,473.01,211.0,0.0,44.58,9.08,5.59,0.0
20230314:1210,291.0,255.0,0.0,39.02,9.27,5.38,0.0
20230314:1310,401.01,111.0,0.0,30.82,9.2,5.17,0.0
20230314:1410,241.0,91.0,0.0,21.0,8.98,4.9,0.0
20230314:1510,75.0,57.0,0.0,10.24,8.56,4.41,0.0
20230314:1610,0.0,0.0,0.0,0.0,7.84,3.93,0.0
20230314:1710,0.0,0.0,0.0,0.0,7.0,4.21,0.0
20230314:1810,0.0,0.0,0.0,0.0,6.4,4.34,0.0
20230314:1910,0.0,0.0,0.0,0.0,6.18,3.86,0.0
20230314:2010,0.0,0.0,0.0,0.0,5.85,3.79,0.0
20230314:2110,0.0,0.0,0.0,0.0,5.57,3.45,0.0
20230314:2210,0.0,0.0,0.0,0.0,5.31,2.97,0.0
20230314:2310,0.0,0.0,0.0,0.0,5.05,2.69,0.0
20230315:0010,0.0,0.0,0.0,0.0,4.86,2.62,0.0
20230315:0110,0.0,0.0,0.0,0.0,4.66,2.41,0.0
20230315:0210,0.0,0.0,0.0,0.0,4.26,2.0,0.0
20230315:0310,0.0,0.0,0.0,0.0,4.03,1.59,0.0
20230315:0410,0.0,0.0,0.0,0.0,4.44,1.45,0.0
20230315:0510,0.0,52.0,0.0,9.19,4.43,1.52,0.0
20230315:0610,212.0,94.0,0.0,20.03,7.11,1.52,0.0
20230315:0710,400.01,103.0,0.0,30.03,9.19,1.59,0.0
20230315:0810,544.01,110.0,0.0,38.5,10.67,1.59,0.0
20230315:0910,591.01,138.0,0.0,44.47,11.96,1.79,0.0
20230315:1010,650.01,126.0,0.0,46.81,13.08,2.07,0.0
20230315:1110,465.01,216.0,0.0,44.94,13.84,2.41,0.0
20230315:1210,558.01,109.0,0.0,39.33,14.22,2.83,0.0
20230315:1310,402.01,112.0,0.0,31.09,14.13,2.69,0.0
20230315:1410,249.0,89.0,0.0,21.23,13.86,2.9,0.0
20230315:1510,79.0,57.0,0.0,10.46,13.34,2.0,0.0
20230315:1610,0.0,0.0,0.0,0.0,12.44,1.03,0.0
20230315:1710,0.0,0.0,0.0,0.0,11.1,0.83,0.0
20230315:1810,0.0,0.0,0.0,0.0,10.17,1.1,0.0
20230315:1910,0.0,0.0,0.0,0.0,7.95,1.79,0.0
20230315:2010,0.0,0.0,0.0,0.0,7.45,2.14,0.0
20230315:2110,0.0,0.0,0.0,0.0,7.54,2.14,0.0
20230315:2210,0.0,0.0,0.0,0.0,7.33,2.0,0.0
20230315:2310,0.0,0.0,0.0,0.0,7.32,2.0,0.0
20230316:0010,0.0,0.0,0.0,0.0,7.79,1.93,0.0
20230316:0110,0.0,0.0,0.0,0.0,8.13,1.66,0.0
20230316:0210,0.0,0.0,0.0,0.0,8.68,1.38,0.0
20230316:0310,0.0,0.0,0.0,0.0,9.01,1.31,0.0
20230316:0410,0.0,0.0,0.0,0.0,8.87,1.93,0.0
20230316:0510,0.0,13.0,0.0,9.51,9.27,2.28,0.0
20230316:0610,0.0,39.0,0.0,20.36,10.04,2.62,0.0
20230316:0710,0.0,154.0,0.0,30.38,10.69,2.07,0.0
20230316:0810,2.0,215.0,0.0,38.88,11.62,2.28,0.0
20230316:0910,37.0,329.0,0.0,44.87,12.03,2.21,0.0
20230316:1010,37.0,343.0,0.0,47.21,12.23,2.41,0.0
20230316:1110,0.0,201.0,0.0,45.3,12.99,2.48,0.0
20230316:1210,2.0,223.0,0.0,39.65,13.42,1.93,0.0
20230316:1310,59.0,246.0,0.0,31.36,13.37,1.66,0.0
20230316:1410,0.0,103.0,0.0,21.47,13.04,2.07,0.0
20230316:1510,0.0,19.0,0.0,10.67,12.43,2.83,0.0
20230316:1610,0.0,0.0,0.0,0.0,11.35,2.69,0.0
20230316:1710,0.0,0.0,0.0,0.0,10.19,3.24,0.0
20230316:1810,0.0,0.0,0.0,0.0,9.24,4.14,0.0
20230316:1910,0.0,0.0,0.0,0.0,8.06,4.55,0.0
20230316:2010,0.0,0.0,0.0,0.0,7.84,4.76,0.0
20230316:2110,0.0,0.0,0.0,0.0,7.7,5.03,0.0
20230316:2210,0.0,0.0,0.0,0.0,7.67,5.52,0.0
20230316:2310,0.0,0.0,0.0,0.0,7.65,6.07,0.0
20230317:0010,0.0,0.0,0.0,0.0,7.65,5.93,0.0
20230317:0110,0.0,0.0,0.0,0.0,7.57,5.93,0.0
20230317:0210,0.0,0.0,0.0,0.0,7.51,6.07,0.0
20230317:0310,0.0,0.0,0.0,0.0,7.47,6.41,0.0
20230317:0410,0.0,0.0,0.0,0.0,7.48,6.48,0.0
20230317:0510,0.0,11.0,0.0,9.83,7.52,6.62,0.0
20230317:0610,0.0,73.0,0.0,20.7,7.62,7.1,0.0
20230317:0710,0.0,89.0,0.0,30.73,7.64,7.93,0.0
20230317:0810,0.0,139.0,0.0,39.26,7.78,7.86,0.0
20230317:0910,0.0,112.0,0.0,45.27,7.78,8.41,0.0
20230317:1010,0.0,139.0,0.0,47.6,7.62,8.69,0.0
20230317:1110,0.0,144.0,0.0,45.66,7.64,8.55,0.0
20230317:1210,0.0,126.0,0.0,39.96,7.52,8.34,0.0
20230317:1310,0.0,99.0,0.0,31.63,7.32,8.07,0.0
20230317:1410,1.0,111.0,0.0,21.7,7.08,8.0,0.0
20230317:1510,0.0,20.0,0.0,10.89,6.77,8.07,0.0
20230317:1610,0.0,0.0,0.0,0.0,6.42,7.86,0.0
20230317:1710,0.0,0.0,0.0,0.0,6.33,7.93,0.0
20230317:1810,0.0,0.0,0.0,0.0,6.42,7.86,0.0
20230317:1910,0.0,0.0,0.0,0.0,6.53,6.76,0.0
20230317:2010,0.0,0.0,0.0,0.0,6.63,6.48,0.0
20230317:2110,0.0,0.0,0.0,0.0,6.72,6.28,0.0
20230317:2210,0.0,0.0,0.0,0.0,6.61,6.69,0.0
20230317:2310,0.0,0.0,0.0,0.0,6.6,6.69,0.0
20230318:0010,0.0,0.0,0.0,0.0,6.65,6.62,0.0
20230318:0110,0.0,0.0,0.0,0.0,6.67,6.14,0.0
20230318:0210,0.0,0.0,0.0,0.0,6.61,6.28,0.0
20230318:0310,0.0,0.0,0.0,0.0,6.48,6.55,0.0
20230318:0410,0.0,0.0,0.0,0.0,6.5,6.14,0.0
20230318:0510,0.0,16.0,0.0,10.15,6.42,5.72,0.0
20230318:0610,0.0,50.0,0.0,21.03,6.52,5.79,0.0
20230318:0710,0.0,80.0,0.0,31.09,6.71,5.66,0.0
20230318:0810,0.0,178.0,0.0,39.64,7.1,6.21,0.0
20230318:0910,2.0,246.0,0.0,45.67,7.42,6.21,0.0
20230318:1010,0.0,176.0,0.0,48.0,7.55,6.07,0.0
20230318:1110,0.0,135.0,0.0,46.03,7.57,6.07,0.0
20230318:1210,0.0,107.0,0.0,40.27,7.62,6.55,0.0
20230318:1310,0.0,76.0,0.0,31.89,7.63,6.55,0.0
20230318:1410,1.0,118.0,0.0,21.93,7.54,6.76,0.0
20230318:1510,0.0,48.0,0.0,11.1,7.37,6.28,0.0
20230318:1610,0.0,0.0,0.0,0.0,7.11,6.21,0.0
20230318:1710,0.0,0.0,0.0,0.0,7.02,6.41,0.0
20230318:1810,0.0,0.0,0.0,0.0,7.29,5.86,0.0
20230318:1910,0.0,0.0,0.0,0.0,7.06,5.24,0.0
20230318:2010,0.0,0.0,0.0,0.0,7.31,4.28,0.0
20230318:2110,0.0,0.0,0.0,0.0,7.48,4.14,0.0
20230318:2210,0.0,0.0,0.0,0.0,7.52,3.59,0.0
20230318:2310,0.0,0.0,0.0,0.0,7.66,3.52,0.0
20230319:0010,0.0,0.0,0.0,0.0,7.82,3.24,0.0
20230319:0110,0.0,0.0,0.0,0.0,7.87,2.76,0.0
20230319:0210,0.0,0.0,0.0,0.0,7.99,3.31,0.0
20230319:0310,0.0,0.0,0.0,0.0,8.1,3.86,0.0
20230319:0410,0.0,0.0,0.0,0.0,8.16,4.41,0.0
20230319:0510,0.0,26.0,0.0,10.47,8.16,5.03,0.0
20230319:0610,1.0,116.0,0.0,21.36,8.2,5.79,0.0
20230319:0710,0.0,96.0,0.0,31.44,8.35,7.17,0.0
20230319:0810,0.0,165.0,0.0,40.02,8.47,7.24,0.0
20230319:0910,0.0,181.0,0.0,46.07,8.55,6.62,0.0
20230319:1010,0.0,149.0,0.0,48.4,8.56,6.83,0.0
20230319:1110,1.0,233.0,0.0,46.39,8.52,6.9,0.0
20230319:1210,0.0,71.0,0.0,40.58,8.62,6.83,0.0
20230319:1310,0.0,64.0,0.0,32.15,8.68,6.55,0.0
20230319:1410,0.0,47.0,0.0,22.16,8.79,6.34,0.0
20230319:1510,0.0,35.0,0.0,11.31,8.6,5.93,0.0
20230319:1610,0.0,0.0,0.0,0.0,8.33,5.31,0.0
20230319:1710,0.0,0.0,0.0,0.0,8.1,5.03,0.0
20230319:1810,0.0,0.0,0.0,0.0,7.79,4.48,0.0
20230319:1910,0.0,0.0,0.0,0.0,7.7,4.55,0.0
20230319:2010,0.0,0.0,0.0,0.0,7.61,4.28,0.0
20230319:2110,0.0,0.0,0.0,0.0,7.68,4.0,0.0
20230319:2210,0.0,0.0,0.0,0.0,7.52,3.93,0.0
20230319:2310,0.0,0.0,0.0,0.0,7.39,3.52,0.0
20230320:0010,0.0,0.0,0.0,0.0,7.21,3.17,0.0
20230320:0110,0.0,0.0,0.0,0.0,7.13,2.83,0.0
20230320:0210,0.0,0.0,0.0,0.0,7.06,2.62,0.0
20230320:0310,0.0,0.0,0.0,0.0,6.98,2.48,0.0
20230320:0410,0.0,0.0,0.0,0.0,6.86,2.28,0.0
20230320:0510,68.0,65.0,0.0,10.79,6.89,2.0,0.0
20230320:0610,223.0,104.0,0.0,21.7,7.57,2.0,0.0
20230320:0710,163.0,237.0,0.0,31.8,8.86,1.59,0.0
20230320:0810,124.0,320.0,0.0,40.4,9.53,1.52,0.0
20230320:0910,195.0,351.0,0.0,46.47,10.11,1.31,0.0
20230320:1010,490.01,233.0,0.0,48.79,10.79,1.24,0.0
20230320:1110,607.01,144.0,0.0,46.75,11.14,1.24,0.0
20230320:1210,580.01,109.0,0.0,40.89,11.73,1.03,0.0
20230320:1310,438.01,104.0,0.0,32.41,11.77,1.1,0.0
20230320:1410,257.0,95.0,0.0,22.39,11.74,1.38,0.0
20230320:1510,92.0,62.0,0.0,11.52,11.51,1.72,0.0
20230320:1610,0.0,0.0,0.0,0.0,10.69,2.0,0.0
20230320:1710,0.0,0.0,0.0,0.0,9.44,2.41,0.0
20230320:1810,0.0,0.0,0.0,0.0,8.41,2.76,0.0
20230320:1910,0.0,0.0,0.0,0.0,8.24,2.41,0.0
20230320:2010,0.0,0.0,0.0,0.0,7.6,2.14,0.0
20230320:2110,0.0,0.0,0.0,0.0,6.78,1.93,0.0
20230320:2210,0.0,0.0,0.0,0.0,6.03,2.0,0.0
20230320:2310,0.0,0.0,0.0,0.0,5.63,2.21,0.0
20230321:0010,0.0,0.0,0.0,0.0,5.72,2.62,0.0
20230321:0110,0.0,0.0,0.0,0.0,5.91,2.69,0.0
20230321:0210,0.0,0.0,0.0,0.0,5.97,2.55,0.0
20230321:0310,0.0,0.0,0.0,0.0,5.96,2.55,0.0
20230321:0410,0.0,0.0,0.0,0.0,5.82,2.55,0.0
20230321:0510,0.0,40.0,0.0,11.11,6.03,2.21,0.0
20230321:0610,75.0,170.0,0.0,22.03,7.58,2.21,0.0
20230321:0710,0.0,0.0,0.0,0.0,8.46,2.07,0.0
20230321:0810,0.0,0.0,0.0,0.0,10.66,2.28,0.0
20230321:0910,597.01,149.0,0.0,46.87,12.5,1.93,0.0
20230321:1010,705.01,110.0,0.0,49.19,13.85,1.79,0.0
20230321:1110,674.01,110.0,0.0,47.11,14.65,2.0,0.0
20230321:1210,554.01,124.0,0.0,41.19,15.17,2.76,0.0
20230321:1310,408.01,120.0,0.0,32.67,15.14,3.79,0.0
20230321:1410,213.0,119.0,0.0,22.62,14.25,4.62,0.0
20230321:1510,90.0,64.0,0.0,11.73,12.68,5.03,0.0
20230321:1610,0.0,0.0,0.0,0.0,10.99,5.1,0.0
20230321:1710,0.0,0.0,0.0,0.0,9.63,5.24,0.0
20230321:1810,0.0,0.0,0.0,0.0,8.92,4.97,0.0
20230321:1910,0.0,0.0,0.0,0.0,9.09,4.69,0.0
20230321:2010,0.0,0.0,0.0,0.0,8.69,4.34,0.0
20230321:2110,0.0,0.0,0.0,0.0,8.35,4.62,0.0
20230321:2210,0.0,0.0,0.0,0.0,8.14,5.03,0.0
20230321:2310,0.0,0.0,0.0,0.0,7.99,5.17,0.0
20230322:0010,0.0,0.0,0.0,0.0,7.83,4.97,0.0
20230322:0110,0.0,0.0,0.0,0.0,7.68,4.9,0.0
20230322:0210,0.0,0.0,0.0,0.0,7.71,4.34,0.0
20230322:0310,0.0,0.0,0.0,0.0,7.7,4.07,0.0
20230322:0410,0.0,0.0,0.0,0.0,7.67,4.14,0.0
20230322:0510,0.0,25.0,0.0,11.43,7.68,4.34,0.0
20230322:0610,0.0,94.0,0.0,22.37,7.88,4.0,0.0
20230322:0710,0.0,0.0,0.0,0.0,8.61,3.1,0.0
20230322:0810,0.0,197.0,0.0,41.16,8.94,2.76,0.0
20230322:0910,1.0,240.0,0.0,47.27,9.04,3.72,0.0
20230322:1010,0.0,226.0,0.0,49.59,9.3,4.28,0.0
20230322:1110,2.0,256.0,0.0,47.46,9.45,4.21,0.0
20230322:1210,0.0,124.0,0.0,41.5,9.33,4.28,0.0
20230322:1310,0.0,109.0,0.0,32.93,9.19,4.55,0.0
20230322:1410,0.0,76.0,0.0,22.84,9.0,4.55,0.0
20230322:1510,5.0,73.0,0.0,11.93,8.61,4.41,0.0
20230322:1610,0.0,0.0,0.0,0.0,8.2,4.14,0.0
20230322:1710,0.0,0.0,0.0,0.0,7.88,3.93,0.0
20230322:1810,0.0,0.0,0.0,0.0,7.8,3.45,0.0
20230322:1910,0.0,0.0,0.0,0.0,7.66,3.79,0.0
20230322:2010,0.0,0.0,0.0,0.0,7.63,3.52,0.0
20230322:2110,0.0,0.0,0.0,0.0,7.62,3.1,0.0
20230322:2210,0.0,0.0,0.0,0.0,7.58,3.03,0.0
20230322:2310,0.0,0.0,0.0,0.0,7.62,3.1,0.0
20230323:0010,0.0,0.0,0.0,0.0,7.64,3.03,0.0
20230323:0110,0.0,0.0,0.0,0.0,7.53,2.76,0.0
20230323:0210,0.0,0.0,0.0,0.0,7.56,3.24,0.0
20230323:0310,0.0,0.0,0.0,0.0,7.55,3.03,0.0
20230323:0410,0.0,0.0,0.0,0.0,7.58,2.97,0.0
20230323:0510,0.0,26.0,0.0,11.75,7.65,2.97,0.0
20230323:0610,0.0,72.0,0.0,22.7,8.08,2.76,0.0
20230323:0710,0.0,134.0,0.0,32.86,8.81,2.41,0.0
20230323:0810,1.0,213.0,0.0,41.54,9.34,2.34,0.0
20230323:0910,0.0,203.0,0.0,47.67,9.59,2.48,0.0
20230323:1010,0.0,207.0,0.0,49.98,9.77,2.76,0.0
20230323:1110,11.0,303.0,0.0,47.82,9.74,3.1,0.0
20230323:1210,180.0,316.0,0.0,41.8,9.76,3.45,0.0
20230323:1310,22.0,240.0,0.0,33.19,9.9,3.52,0.0
20230323:1410,7.0,149.0,0.0,23.07,10.11,3.79,0.0
20230323:1510,23.0,86.0,0.0,12.14,9.78,3.86,0.0
20230323:1610,0.0,0.0,0.0,0.0,9.16,3.59,0.0
20230323:1710,0.0,0.0,0.0,0.0,8.46,3.24,0.0
20230323:1810,0.0,0.0,0.0,0.0,8.03,3.1,0.0
20230323:1910,0.0,0.0,0.0,0.0,7.67,2.55,0.0
20230323:2010,0.0,0.0,0.0,0.0,7.28,2.48,0.0
20230323:2110,0.0,0.0,0.0,0.0,7.01,2.48,0.0
20230323:2210,0.0,0.0,0.0,0.0,6.76,2.41,0.0
20230323:2310,0.0,0.0,0.0,0.0,6.56,2.21,0.0
20230324:0010,0.0,0.0,0.0,0.0,6.35,2.07,0.0
20230324:0110,0.0,0.0,0.0,0.0,6.06,1.86,0.0
20230324:0210,0.0,0.0,0.0,0.0,5.85,1.66,0.0
20230324:0310,0.0,0.0,0.0,0.0,5.87,1.52,0.0
20230324:0410,0.0,0.0,0.0,0.0,5.66,1.17,0.0
20230324:0510,97.0,65.0,0.0,12.08,5.72,1.45,0.0
20230324:0610,241.0,108.0,0.0,23.03,6.06,1.93,0.0
20230324:0710,364.01,150.0,0.0,33.21,7.16,2.28,0.0
20230324:0810,358.01,241.0,0.0,41.92,8.58,2.41,0.0
20230324:0910,546.01,191.0,0.0,48.07,9.89,2.28,0.0
20230324:1010,687.01,128.0,0.0,50.38,11.14,2.48,0.0
20230324:1110,648.01,132.0,0.0,48.17,11.83,2.28,0.0
20230324:1210,567.01,124.0,0.0,42.1,12.3,1.93,0.0
20230324:1310,442.01,110.0,0.0,33.44,12.41,2.21,0.0
20230324:1410,269.0,97.0,0.0,23.29,12.62,2.76,0.0
20230324:1510,104.0,64.0,0.0,12.34,12.14,3.38,0.0
20230324:1610,0.0,0.0,0.0,0.0,11.01,3.59,0.0
20230324:1710,0.0,0.0,0.0,0.0,9.65,3.66,0.0
20230324:1810,0.0,0.0,0.0,0.0,8.8,3.52,0.0
20230324:1910,0.0,0.0,0.0,0.0,8.84,3.17,0.0
20230324:2010,0.0,0.0,0.0,0.0,8.39,2.9,0.0
20230324:2110,0.0,0.0,0.0,0.0,8.02,2.62,0.0
20230324:2210,0.0,0.0,0.0,0.0,7.61,2.48,0.0
20230324:2310,0.0,0.0,0.0,0.0,7.2,2.34,0.0
20230325:0010,0.0,0.0,0.0,0.0,6.84,2.34,0.0
20230325:0110,0.0,0.0,0.0,0.0,6.51,2.34,0.0
20230325:0210,0.0,0.0,0.0,0.0,6.18,2.21,0.0
20230325:0310,0.0,0.0,0.0,0.0,5.73,1.93,0.0
20230325:0410,0.0,0.0,0.0,0.0,5.28,1.59,0.0
20230325:0510,94.0,69.0,0.0,12.4,5.86,1.31,0.0
20230325:0610,247.0,109.0,0.0,23.37,8.5,0.97,0.0
20230325:0710,429.01,119.0,0.0,33.57,8.8,1.17,0.0
20230325:0810,535.01,143.0,0.0,42.3,10.55,1.03,0.0
20230325:0910,495.01,225.0,0.0,48.47,12.1,1.45,0.0
20230325:1010,626.01,166.0,0.0,50.77,13.3,2.0,0.0
20230325:1110,629.01,145.0,0.0,48.53,14.02,2.69,0.0
20230325:1210,528.01,148.0,0.0,42.4,14.24,3.03,0.0
20230325:1310,419.01,125.0,0.0,33.7,14.13,2.69,0.0
20230325:1410,256.0,105.0,0.0,23.51,13.97,2.0,0.0
20230325:1510,98.0,68.0,0.0,12.55,13.62,1.72,0.0
20230325:1610,0.0,0.0,0.0,0.0,12.64,1.66,0.0
20230325:1710,0.0,0.0,0.0,0.0,11.4,1.45,0.0
20230325:1810,0.0,0.0,0.0,0.0,9.9,1.31,0.0
20230325:1910,0.0,0.0,0.0,0.0,8.9,1.52,0.0
20230325:2010,0.0,0.0,0.0,0.0,8.46,1.52,0.0
20230325:2110,0.0,0.0,0.0,0.0,7.63,1.79,0.0
20230325:2210,0.0,0.0,0.0,0.0,7.13,2.34,0.0
20230325:2310,0.0,0.0,0.0,0.0,7.16,2.55,0.0
20230326:0010,0.0,0.0,0.0,0.0,7.28,2.55,0.0
20230326:0110,0.0,0.0,0.0,0.0,7.64,2.69,0.0
20230326:0210,0.0,0.0,0.0,0.0,8.16,2.69,0.0
20230326:0310,0.0,0.0,0.0,0.0,8.38,2.55,0.0
20230326:0410,0.0,0.0,0.0,0.0,8.23,2.0,0.0
20230326:0510,0.0,15.0,0.0,12.72,9.02,1.31,0.0
20230326:0610,4.0,141.0,0.0,23.7,10.36,1.45,0.0
20230326:0710,241.0,220.0,0.0,33.92,11.12,2.07,0.0
20230326:0810,0.0,190.0,0.0,42.68,12.03,2.21,0.0
20230326:0910,0.0,113.0,0.0,48.87,12.75,2.21,0.0
20230326:1010,0.0,185.0,0.0,51.16,13.23,1.93,0.0
20230326:1110,0.0,153.0,0.0,48.88,13.64,1.86,0.0
20230326:1210,0.0,92.0,0.0,42.7,13.4,1.93,0.0
20230326:1310,75.0,268.0,0.0,33.95,13.49,2.28,0.0
20230326:1410,250.0,108.0,0.0,23.73,13.36,2.07,0.0
20230326:1510,104.0,67.0,0.0,12.75,13.07,2.0,0.0
20230326:1610,0.0,0.0,0.0,0.0,12.24,2.0,0.0
20230326:1710,0.0,0.0,0.0,0.0,11.1,2.07,0.0
20230326:1810,0.0,0.0,0.0,0.0,10.41,2.0,0.0
20230326:1910,0.0,0.0,0.0,0.0,9.62,2.0,0.0
20230326:2010,0.0,0.0,0.0,0.0,8.96,2.14,0.0
20230326:2110,0.0,0.0,0.0,0.0,8.44,2.34,0.0
20230326:2210,0.0,0.0,0.0,0.0,8.21,2.41,0.0
20230326:2310,0.0,0.0,0.0,0.0,8.18,2.55,0.0
20230327:0010,0.0,0.0,0.0,0.0,8.11,2.55,0.0
20230327:0110,0.0,0.0,0.0,0.0,8.04,2.76,0.0
20230327:0210,0.0,0.0,0.0,0.0,8.13,3.17,0.0
20230327:0310,0.0,0.0,0.0,0.0,8.2,3.38,0.0
20230327:0410,0.0,1.0,0.0,1.75,8.21,3.45,0.0
20230327:0510,10.0,87.0,0.0,13.04,8.85,3.38,0.0
20230327:0610,267.0,105.0,0.0,24.03,10.57,3.45,0.0
20230327:0710,445.01,116.0,0.0,34.27,12.6,3.31,0.0
20230327:0810,567.01,132.0,0.0,43.05,14.15,3.52,0.0
20230327:0910,628.01,151.0,0.0,49.27,15.48,3.86,0.0
20230327:1010,684.01,139.0,0.0,51.56,16.54,4.07,0.0
20230327:1110,654.01,137.0,0.0,49.23,17.24,4.21,0.0
20230327:1210,551.01,140.0,0.0,42.99,17.73,4.21,0.0
20230327:1310,437.01,120.0,0.0,34.2,18.28,4.07,0.0
20230327:1410,269.0,103.0,0.0,23.95,18.62,3.93,0.0
20230327:1510,104.0,70.0,0.0,12.95,18.34,4.0,0.0
20230327:1610,0.0,2.0,0.0,1.67,17.24,4.21,0.0
20230327:1710,0.0,0.0,0.0,0.0,16.26,4.55,0.0
20230327:1810,0.0,0.0,0.0,0.0,15.73,5.17,0.0
20230327:1910,0.0,0.0,0.0,0.0,15.75,6.14,0.0
20230327:2010,0.0,0.0,0.0,0.0,14.83,6.76,0.0
20230327:2110,0.0,0.0,0.0,0.0,14.42,7.79,0.0
20230327:2210,0.0,0.0,0.0,0.0,14.16,9.17,0.0
20230327:2310,0.0,0.0,0.0,0.0,13.07,9.1,0.0
20230328:0010,0.0,0.0,0.0,0.0,12.54,9.03,0.0
20230328:0110,0.0,0.0,0.0,0.0,12.58,8.69,0.0
20230328:0210,0.0,0.0,0.0,0.0,12.2,8.07,0.0
20230328:0310,0.0,0.0,0.0,0.0,11.17,7.31,0.0
20230328:0410,0.0,1.0,0.0,2.07,10.53,6.21,0.0
20230328:0510,0.0,27.0,0.0,13.36,10.2,4.9,0.0
20230328:0610,0.0,46.0,0.0,24.36,10.2,4.34,0.0
20230328:0710,0.0,95.0,0.0,34.62,10.57,3.52,0.0
20230328:0810,0.0,105.0,0.0,43.43,10.72,3.45,0.0
20230328:0910,0.0,181.0,0.0,49.66,10.02,4.14,0.0
20230328:1010,0.0,163.0,0.0,51.95,8.5,6.83,0.0
20230328:1110,0.0,144.0,0.0,49.58,8.0,6.41,0.0
20230328:1210,0.0,117.0,0.0,43.29,8.28,5.1,0.0
20230328:1310,0.0,99.0,0.0,34.44,8.3,3.38,0.0
20230328:1410,0.0,38.0,0.0,24.16,8.43,2.14,0.0
20230328:1510,0.0,24.0,0.0,13.15,8.36,2.34,0.0
20230328:1610,0.0,1.0,0.0,1.86,7.95,2.9,0.0
20230328:1710,0.0,0.0,0.0,0.0,7.43,3.66,0.0
20230328:1810,0.0,0.0,0.0,0.0,7.06,4.34,0.0
20230328:1910,0.0,0.0,0.0,0.0,6.47,3.59,0.0
20230328:2010,0.0,0.0,0.0,0.0,6.32,3.59,0.0
20230328:2110,0.0,0.0,0.0,0.0,6.04,3.31,0.0
20230328:2210,0.0,0.0,0.0,0.0,5.76,3.38,0.0
20230328:2310,0.0,0.0,0.0,0.0,5.48,3.86,0.0
20230329:0010,0.0,0.0,0.0,0.0,5.49,4.62,0.0
20230329:0110,0.0,0.0,0.0,0.0,5.04,5.66,0.0
20230329:0210,0.0,0.0,0.0,0.0,4.72,6.34,0.0
20230329:0310,0.0,0.0,0.0,0.0,4.39,6.55,0.0
20230329:0410,0.0,3.0,0.0,2.39,4.39,6.21,0.0
20230329:0510,0.0,29.0,0.0,13.67,4.85,6.34,0.0
20230329:0610,0.0,68.0,0.0,24.69,5.63,5.86,0.0
20230329:0710,0.0,102.0,0.0,34.97,4.83,6.48,0.0
20230329:0810,1.0,228.0,0.0,43.8,4.6,6.21,0.0
20230329:0910,153.0,389.0,0.0,50.06,5.04,5.52,0.0
20230329:1010,145.0,404.0,0.0,52.34,5.7,4.41,0.0
20230329:1110,58.0,377.0,0.0,49.93,6.24,3.59,0.0
20230329:1210,0.0,134.0,0.0,43.58,6.31,2.9,0.0
20230329:1310,0.0,157.0,0.0,34.69,6.16,2.28,0.0
20230329:1410,307.0,92.0,0.0,24.38,5.81,2.14,0.0
20230329:1510,5.0,81.0,0.0,13.35,4.95,2.69,0.0
20230329:1610,0.0,4.0,0.0,2.06,3.98,2.28,0.0
20230329:1710,0.0,0.0,0.0,0.0,3.43,0.48,0.0
20230329:1810,0.0,0.0,0.0,0.0,2.87,1.03,0.0
20230329:1910,0.0,0.0,0.0,0.0,2.66,1.31,0.0
20230329:2010,0.0,0.0,0.0,0.0,2.98,1.1,0.0
20230329:2110,0.0,0.0,0.0,0.0,1.76,1.93,0.0
20230329:2210,0.0,0.0,0.0,0.0,1.72,2.48,0.0
20230329:2310,0.0,0.0,0.0,0.0,1.81,2.62,0.0
20230330:0010,0.0,0.0,0.0,0.0,2.69,2.69,0.0
20230330:0110,0.0,0.0,0.0,0.0,1.78,2.41,0.0
20230330:0210,0.0,0.0,0.0,0.0,1.29,2.21,0.0
20230330:0310,0.0,0.0,0.0,0.0,1.26,2.0,0.0
20230330:0410,0.0,7.0,0.0,2.7,1.58,1.79,0.0
20230330:0510,144.0,65.0,0.0,13.99,2.58,1.86,0.0
20230330:0610,300.0,105.0,0.0,25.02,5.24,2.48,0.0
20230330:0710,466.01,123.0,0.0,35.32,6.08,4.0,0.0
20230330:0810,594.01,138.0,0.0,44.18,6.75,4.41,0.0
20230330:0910,547.01,224.0,0.0,50.45,7.32,4.9,0.0
20230330:1010,700.01,150.0,0.0,52.73,7.48,5.45,0.0
20230330:1110,609.01,185.0,0.0,50.27,7.4,5.59,0.0
20230330:1210,605.01,129.0,0.0,43.87,7.26,5.38,0.0
20230330:1310,479.01,112.0,0.0,34.93,7.09,5.1,0.0
20230330:1410,297.0,101.0,0.0,24.59,6.69,4.41,0.0
20230330:1510,130.0,67.0,0.0,13.55,6.26,3.45,0.0
20230330:1610,0.0,5.0,0.0,2.26,5.74,2.48,0.0
20230330:1710,0.0,0.0,0.0,0.0,5.09,2.07,0.0
20230330:1810,0.0,0.0,0.0,0.0,4.28,2.34,0.0
20230330:1910,0.0,0.0,0.0,0.0,4.01,2.62,0.0
20230330:2010,0.0,0.0,0.0,0.0,3.8,2.97,0.0
20230330:2110,0.0,0.0,0.0,0.0,3.88,3.17,0.0
20230330:2210,0.0,0.0,0.0,0.0,4.04,3.31,0.0
20230330:2310,0.0,0.0,0.0,0.0,4.15,3.31,0.0
20230331:0010,0.0,0.0,0.0,0.0,4.2,3.38,0.0
20230331:0110,0.0,0.0,0.0,0.0,4.27,3.45,0.0
20230331:0210,0.0,0.0,0.0,0.0,4.36,3.59,0.0
20230331:0310,0.0,0.0,0.0,0.0,4.5,3.93,0.0
20230331:0410,0.0,8.0,0.0,3.02,4.71,4.28,0.0
20230331:0510,73.0,98.0,0.0,14.31,5.58,4.14,0.0
20230331:0610,127.0,187.0,0.0,25.34,7.37,4.28,0.0
20230331:0710,8.0,232.0,0.0,35.66,8.96,4.9,0.0
20230331:0810,44.0,334.0,0.0,44.55,10.22,5.38,0.0
20230331:0910,179.0,386.0,0.0,50.85,11.03,5.59,0.0
20230331:1010,21.0,355.0,0.0,53.11,11.67,5.86,0.0
20230331:1110,395.01,299.0,0.0,50.62,12.11,5.86,0.0
20230331:1210,101.0,348.0,0.0,44.15,12.3,5.52,0.0
20230331:1310,299.0,208.0,0.0,35.17,12.38,5.03,0.0
20230331:1410,0.0,101.0,0.0,24.8,12.2,4.14,0.0
20230331:1510,0.0,42.0,0.0,13.75,12.21,3.45,0.0
20230331:1610,0.0,1.0,0.0,2.45,11.87,3.52,0.0
20230331:1710,0.0,0.0,0.0,0.0,11.36,4.0,0.0
20230331:1810,0.0,0.0,0.0,0.0,11.11,4.34,0.0
20230331:1910,0.0,0.0,0.0,0.0,11.45,3.66,0.0
20230331:2010,0.0,0.0,0.0,0.0,11.45,4.07,0.0
20230331:2110,0.0,0.0,0.0,0.0,11.45,4.62,0.0
20230331:2210,0.0,0.0,0.0,0.0,11.31,4.76,0.0
20230331:2310,0.0,0.0,0.0,0.0,11.1,4.69,0.0
20230401:0010,0.0,0.0,0.0,0.0,10.88,4.48,0.0
20230401:0110,0.0,0.0,0.0,0.0,10.6,4.28,0.0
20230401:0210,0.0,0.0,0.0,0.0,10.26,4.07,0.0
20230401:0310,0.0,0.0,0.0,0.0,9.93,3.93,0.0
20230401:0410,0.0,8.0,0.0,3.33,9.7,3.86,0.0
20230401:0510,118.0,81.0,0.0,14.62,10.2,4.0,0.0
20230401:0610,214.0,150.0,0.0,25.67,11.75,4.14,0.0
20230401:0710,414.0,148.0,0.0,36.01,13.6,4.21,0.0
20230401:0810,115.0,349.0,0.0,44.92,14.84,4.48,0.0
20230401:0910,145.0,390.0,0.0,51.24,15.79,4.9,0.0
20230401:1010,3.0,289.0,0.0,53.5,16.77,5.24,0.0
20230401:1110,185.0,381.0,0.0,50.96,17.1,5.24,0.0
20230401:1210,561.01,148.0,0.0,44.44,17.21,4.62,0.0
20230401:1310,220.0,244.0,0.0,35.41,17.04,4.07,0.0
20230401:1410,85.0,192.0,0.0,25.01,16.94,3.45,0.0
20230401:1510,115.0,76.0,0.0,13.94,16.46,3.52,0.0
20230401:1610,0.0,2.0,0.0,2.65,15.95,3.52,0.0
20230401:1710,0.0,0.0,0.0,0.0,15.43,5.66,0.0
20230401:1810,0.0,0.0,0.0,0.0,14.99,8.07,0.0
20230401:1910,0.0,0.0,0.0,0.0,15.02,9.24,0.0
20230401:2010,0.0,0.0,0.0,0.0,14.59,9.17,0.0
20230401:2110,0.0,0.0,0.0,0.0,13.94,8.97,0.0
20230401:2210,0.0,0.0,0.0,0.0,13.38,8.07,0.0
20230401:2310,0.0,0.0,0.0,0.0,13.23,7.66,0.0
20230402:0010,0.0,0.0,0.0,0.0,13.32,7.93,0.0
20230402:0110,0.0,0.0,0.0,0.0,13.45,8.14,0.0
20230402:0210,0.0,0.0,0.0,0.0,13.17,7.03,0.0
20230402:0310,0.0,0.0,0.0,0.0,12.6,6.07,0.0
20230402:0410,0.0,5.0,0.0,3.64,11.87,4.9,0.0
20230402:0510,7.0,94.0,0.0,14.94,11.74,4.21,0.0
20230402:0610,0.0,128.0,0.0,25.99,12.1,4.14,0.0
20230402:0710,7.0,227.0,0.0,36.35,12.89,3.31,0.0
20230402:0810,134.0,349.0,0.0,45.29,13.82,3.31,0.0
20230402:0910,190.0,382.0,0.0,51.63,14.47,3.17,0.0
20230402:1010,523.01,246.0,0.0,53.88,14.92,3.38,0.0
20230402:1110,262.0,356.0,0.0,51.3,15.52,3.86,0.0
20230402:1210,7.0,270.0,0.0,44.72,15.71,4.83,0.0
20230402:1310,0.0,105.0,0.0,35.65,15.38,5.31,0.0
20230402:1410,0.0,91.0,0.0,25.22,14.69,5.03,0.0
20230402:1510,0.0,44.0,0.0,14.14,14.27,4.62,0.0
20230402:1610,0.0,2.0,0.0,2.84,13.5,5.03,0.0
20230402:1710,0.0,0.0,0.0,0.0,12.66,4.83,0.0
20230402:1810,0.0,0.0,0.0,0.0,12.53,4.34,0.0
20230402:1910,0.0,0.0,0.0,0.0,12.88,3.86,0.0
20230402:2010,0.0,0.0,0.0,0.0,12.61,3.72,0.0
20230402:2110,0.0,0.0,0.0,0.0,12.43,3.79,0.0
20230402:2210,0.0,0.0,0.0,0.0,12.37,3.45,0.0
20230402:2310,0.0,0.0,0.0,0.0,12.22,3.03,0.0
20230403:0010,0.0,0.0,0.0,0.0,12.06,2.97,0.0
20230403:0110,0.0,0.0,0.0,0.0,11.96,3.17,0.0
20230403:0210,0.0,0.0,0.0,0.0,11.81,3.24,0.0
20230403:0310,0.0,0.0,0.0,0.0,11.65,3.17,0.0
20230403:0410,0.0,4.0,0.0,3.95,11.59,2.69,0.0
20230403:0510,3.0,85.0,0.0,15.25,11.73,2.34,0.0
20230403:0610,18.0,187.0,0.0,26.31,12.57,2.48,0.0
20230403:0710,0.0,102.0,0.0,36.69,12.94,2.69,0.0
20230403:0810,473.01,206.0,0.0,45.66,13.81,1.79,0.0
20230403:0910,477.01,258.0,0.0,52.02,14.15,0.9,0.0
20230403:1010,412.01,310.0,0.0,54.27,15.46,1.79,0.0
20230403:1110,392.0,300.0,0.0,51.64,17.01,2.69,0.0
20230403:1210,408.0,237.0,0.0,45.0,17.92,4.07,0.0
20230403:1310,148.0,272.0,0.0,35.89,17.94,5.31,0.0
20230403:1410,109.0,188.0,0.0,25.43,17.21,6.14,0.0
20230403:1510,25.0,102.0,0.0,14.33,15.9,6.14,0.0
20230403:1610,0.0,4.0,0.0,3.03,14.34,6.62,0.0
20230403:1710,0.0,0.0,0.0,0.0,13.19,7.03,0.0
20230403:1810,0.0,0.0,0.0,0.0,12.57,7.31,0.0
20230403:1910,0.0,0.0,0.0,0.0,12.14,7.31,0.0
20230403:2010,0.0,0.0,0.0,0.0,11.8,6.76,0.0
20230403:2110,0.0,0.0,0.0,0.0,11.56,6.48,0.0
20230403:2210,0.0,0.0,0.0,0.0,11.35,6.07,0.0
20230403:2310,0.0,0.0,0.0,0.0,11.12,5.38,0.0
20230404:0010,0.0,0.0,0.0,0.0,11.07,4.69,0.0
20230404:0110,0.0,0.0,0.0,0.0,11.1,3.72,0.0
20230404:0210,0.0,0.0,0.0,0.0,11.16,2.97,0.0
20230404:0310,0.0,0.0,0.0,0.0,11.19,1.38,0.0
20230404:0410,0.0,5.0,0.0,4.26,10.38,2.34,0.0
20230404:0510,0.0,36.0,0.0,15.56,10.74,0.9,0.0
20230404:0610,124.0,197.0,0.0,26.63,11.63,0.55,0.0
20230404:0710,31.0,272.0,0.0,37.03,12.86,1.93,0.0
20230404:0810,56.0,347.0,0.0,46.02,14.35,2.69,0.0
20230404:0910,153.0,396.0,0.0,52.41,16.15,2.34,0.0
20230404:1010,13.0,337.0,0.0,54.65,17.17,1.72,0.0
20230404:1110,0.0,172.0,0.0,51.97,17.49,2.28,0.0
20230404:1210,93.0,351.0,0.0,45.28,17.21,3.17,0.0
20230404:1310,117.0,282.0,0.0,36.12,15.61,3.03,0.0
20230404:1410,0.0,34.0,0.0,25.64,14.69,3.38,0.0
20230404:1510,32.0,105.0,0.0,14.52,14.2,3.86,0.0
20230404:1610,0.0,2.0,0.0,3.23,13.48,1.66,0.0
20230404:1710,0.0,0.0,0.0,0.0,12.54,0.34,0.0
20230404:1810,0.0,0.0,0.0,0.0,11.84,0.48,0.0
20230404:1910,0.0,0.0,0.0,0.0,10.96,1.93,0.0
20230404:2010,0.0,0.0,0.0,0.0,10.55,1.17,0.0
20230404:2110,0.0,0.0,0.0,0.0,10.61,1.79,0.0
20230404:2210,0.0,0.0,0.0,0.0,10.77,2.34,0.0
20230404:2310,0.0,0.0,0.0,0.0,10.83,3.31,0.0
20230405:0010,0.0,0.0,0.0,0.0,10.5,3.93,0.0
20230405:0110,0.0,0.0,0.0,0.0,9.9,3.93,0.0
20230405:0210,0.0,0.0,0.0,0.0,9.37,3.79,0.0
20230405:0310,0.0,0.0,0.0,0.0,8.67,4.28,0.0
20230405:0410,0.0,3.0,0.0,4.57,7.98,4.76,0.0
20230405:0510,0.0,26.0,0.0,15.86,7.52,4.55,0.0
20230405:0610,0.0,99.0,0.0,26.95,7.12,4.21,0.0
20230405:0710,0.0,148.0,0.0,37.37,6.84,3.52,0.0
20230405:0810,0.0,136.0,0.0,46.38,6.86,3.52,0.0
20230405:0910,0.0,155.0,0.0,52.79,7.06,3.17,0.0
20230405:1010,0.0,230.0,0.0,55.03,7.3,2.97,0.0
20230405:1110,9.0,317.0,0.0,52.31,7.79,2.62,0.0
20230405:1210,0.0,211.0,0.0,45.56,8.51,2.76,0.0
20230405:1310,32.0,269.0,0.0,36.35,8.86,3.17,0.0
20230405:1410,0.0,55.0,0.0,25.84,8.83,3.31,0.0
20230405:1510,0.0,62.0,0.0,14.71,8.63,3.38,0.0
20230405:1610,0.0,5.0,0.0,3.42,8.22,2.97,0.0
20230405:1710,0.0,0.0,0.0,0.0,8.0,2.97,0.0
20230405:1810,0.0,0.0,0.0,0.0,7.81,2.9,0.0
20230405:1910,0.0,0.0,0.0,0.0,7.35,2.76,0.0
20230405:2010,0.0,0.0,0.0,0.0,7.35,2.48,0.0
20230405:2110,0.0,0.0,0.0,0.0,7.25,2.41,0.0
20230405:2210,0.0,0.0,0.0,0.0,7.26,2.48,0.0
20230405:2310,0.0,0.0,0.0,0.0,7.21,2.28,0.0
20230406:0010,0.0,0.0,0.0,0.0,7.26,1.93,0.0
20230406:0110,0.0,0.0,0.0,0.0,6.93,1.59,0.0
20230406:0210,0.0,0.0,0.0,0.0,6.8,1.24,0.0
20230406:0310,0.0,0.0,0.0,0.0,7.01,1.03,0.0
20230406:0410,0.0,4.0,0.0,4.87,7.14,1.1,0.0
20230406:0510,4.0,97.0,0.0,16.17,7.69,1.31,0.0
20230406:0610,7.0,175.0,0.0,27.26,8.3,1.59,0.0
20230406:0710,328.0,216.0,0.0,37.7,9.75,3.1,0.0
20230406:0810,355.0,286.0,0.0,46.74,10.55,3.17,0.0
20230406:0910,499.01,262.0,0.0,53.18,11.21,3.52,0.0
20230406:1010,685.01,169.0,0.0,55.41,11.65,3.31,0.0
20230406:1110,574.01,214.0,0.0,52.64,12.2,2.62,0.0
20230406:1210,290.0,308.0,0.0,45.83,12.54,2.28,0.0
20230406:1310,0.0,183.0,0.0,36.58,12.69,1.52,0.0
20230406:1410,16.0,183.0,0.0,26.04,12.59,0.21,0.0
20230406:1510,0.0,42.0,0.0,14.91,12.04,1.59,0.0
20230406:1610,0.0,4.0,0.0,3.61,11.34,3.52,0.0
20230406:1710,0.0,0.0,0.0,0.0,10.32,4.34,0.0
20230406:1810,0.0,0.0,0.0,0.0,9.6,4.48,0.0
20230406:1910,0.0,0.0,0.0,0.0,8.96,4.07,0.0
20230406:2010,0.0,0.0,0.0,0.0,8.73,3.93,0.0
20230406:2110,0.0,0.0,0.0,0.0,8.36,4.0,0.0
20230406:2210,0.0,0.0,0.0,0.0,8.2,4.21,0.0
20230406:2310,0.0,0.0,0.0,0.0,8.11,4.21,0.0
20230407:0010,0.0,0.0,0.0,0.0,8.07,4.07,0.0
20230407:0110,0.0,0.0,0.0,0.0,7.8,3.79,0.0
20230407:0210,0.0,0.0,0.0,0.0,7.74,3.45,0.0
20230407:0310,0.0,0.0,0.0,0.0,7.72,3.1,0.0
20230407:0410,0.0,4.0,0.0,5.17,7.67,3.03,0.0
20230407:0510,6.0,102.0,0.0,16.47,7.97,3.38,0.0
20230407:0610,0.0,107.0,0.0,27.58,8.4,4.0,0.0
20230407:0710,22.0,271.0,0.0,38.03,8.89,4.76,0.0
20230407:0810,17.0,313.0,0.0,47.1,9.86,4.97,0.0
20230407:0910,11.0,328.0,0.0,53.56,10.32,4.69,0.0
20230407:1010,2.0,288.0,0.0,55.78,10.89,4.41,0.0
20230407:1110,224.0,386.0,0.0,52.97,11.24,4.14,0.0
20230407:1210,234.0,333.0,0.0,46.1,11.55,4.07,0.0
20230407:1310,118.0,290.0,0.0,36.81,11.44,4.14,0.0
20230407:1410,266.0,129.0,0.0,26.24,11.04,4.55,0.0
20230407:1510,114.0,87.0,0.0,15.1,10.58,4.62,0.0
20230407:1610,1.0,14.83,0.0,3.8,9.91,4.34,0.0
20230407:1710,0.0,0.0,0.0,0.0,9.15,3.93,0.0
20230407:1810,0.0,0.0,0.0,0.0,8.48,3.86,0.0
20230407:1910,0.0,0.0,0.0,0.0,7.97,3.52,0.0
20230407:2010,0.0,0.0,0.0,0.0,7.6,3.59,0.0
20230407:2110,0.0,0.0,0.0,0.0,7.26,3.38,0.0
20230407:2210,0.0,0.0,0.0,0.0,7.02,3.17,0.0
20230407:2310,0.0,0.0,0.0,0.0,6.85,3.24,0.0
20230408:0010,0.0,0.0,0.0,0.0,6.72,3.45,0.0
20230408:0110,0.0,0.0,0.0,0.0,6.63,3.72,0.0
20230408:0210,0.0,0.0,0.0,0.0,6.56,3.93,0.0
20230408:0310,0.0,0.0,0.0,0.0,6.5,4.0,0.0
20230408:0410,0.0,19.0,0.0,5.48,6.51,4.07,0.0
20230408:0510,159.0,85.0,0.0,16.77,7.19,4.48,0.0
20230408:0610,298.0,131.0,0.0,27.89,8.45,4.69,0.0
20230408:0710,416.0,175.0,0.0,38.36,9.89,4.83,0.0
20230408:0810,599.01,156.0,0.0,47.46,11.18,4.69,0.0
20230408:0910,627.01,194.0,0.0,53.94,12.29,4.62,0.0
20230408:1010,497.01,287.0,0.0,56.15,13.18,4.34,0.0
20230408:1110,608.01,200.0,0.0,53.29,13.82,4.21,0.0
20230408:1210,436.0,241.0,0.0,46.37,14.01,4.55,0.0
20230408:1310,491.01,122.0,0.0,37.03,13.8,5.31,0.0
20230408:1410,297.0,117.0,0.0,26.44,13.11,5.86,0.0
20230408:1510,83.0,102.0,0.0,15.28,11.92,6.21,0.0
20230408:1610,0.0,10.0,0.0,3.99,10.65,5.93,0.0
20230408:1710,0.0,0.0,0.0,0.0,9.52,5.72,0.0
20230408:1810,0.0,0.0,0.0,0.0,8.9,5.59,0.0
20230408:1910,0.0,0.0,0.0,0.0,8.43,5.52,0.0
20230408:2010,0.0,0.0,0.0,0.0,8.25,5.1,0.0
20230408:2110,0.0,0.0,0.0,0.0,8.07,4.55,0.0
20230408:2210,0.0,0.0,0.0,0.0,7.97,4.21,0.0
20230408:2310,0.0,0.0,0.0,0.0,7.81,4.21,0.0
20230409:0010,0.0,0.0,0.0,0.0,7.67,4.07,0.0
20230409:0110,0.0,0.0,0.0,0.0,7.73,3.93,0.0
20230409:0210,0.0,0.0,0.0,0.0,7.68,4.14,0.0
20230409:0310,0.0,0.0,0.0,0.0,7.63,4.41,0.0
20230409:0410,0.0,5.0,0.0,5.77,7.69,4.69,0.0
20230409:0510,0.0,21.0,0.0,17.07,8.32,5.66,0.0
20230409:0610,0.0,109.0,0.0,28.19,9.34,6.28,0.0
20230409:0710,7.0,242.0,0.0,38.68,10.25,6.62,0.0
20230409:0810,18.0,319.0,0.0,47.81,11.31,6.21,0.0
20230409:0910,90.0,408.0,0.0,54.32,11.8,6.0,0.0
20230409:1010,136.0,423.0,0.0,56.53,12.29,6.14,0.0
20230409:1110,238.0,385.0,0.0,53.62,12.42,6.41,0.0
20230409:1210,293.0,312.0,0.0,46.64,12.4,6.62,0.0
20230409:1310,283.0,233.0,0.0,37.26,12.19,6.55,0.0
20230409:1410,13.0,182.0,0.0,26.64,11.77,6.34,0.0
20230409:1510,30.0,113.0,0.0,15.47,11.07,6.34,0.0
20230409:1610,12.0,19.34,0.0,4.18,10.25,6.14,0.0
20230409:1710,0.0,0.0,0.0,0.0,9.42,6.0,0.0
20230409:1810,0.0,0.0,0.0,0.0,9.04,5.86,0.0
20230409:1910,0.0,0.0,0.0,0.0,8.83,6.28,0.0
20230409:2010,0.0,0.0,0.0,0.0,8.7,5.45,0.0
20230409:2110,0.0,0.0,0.0,0.0,8.67,5.31,0.0
20230409:2210,0.0,0.0,0.0,0.0,8.59,4.97,0.0
20230409:2310,0.0,0.0,0.0,0.0,8.55,4.97,0.0
20230410:0010,0.0,0.0,0.0,0.0,8.58,5.17,0.0
20230410:0110,0.0,0.0,0.0,0.0,8.57,5.1,0.0
20230410:0210,0.0,0.0,0.0,0.0,8.58,4.9,0.0
20230410:0310,0.0,0.0,0.0,0.0,8.54,4.48,0.0
20230410:0410,0.0,5.0,0.0,6.07,8.56,4.62,0.0
20230410:0510,0.0,49.0,0.0,17.37,8.68,4.48,0.0
20230410:0610,0.0,44.0,0.0,28.5,8.96,4.41,0.0
20230410:0710,0.0,110.0,0.0,39.01,9.3,4.62,0.0
20230410:0810,0.0,128.0,0.0,48.16,9.52,4.97,0.0
20230410:0910,0.0,112.0,0.0,54.69,9.69,5.03,0.0
20230410:1010,0.0,164.0,0.0,56.89,9.98,5.93,0.0
20230410:1110,0.0,95.0,0.0,53.94,10.13,6.34,0.0
20230410:1210,0.0,87.0,0.0,46.91,10.07,6.9,0.0
20230410:1310,0.0,71.0,0.0,37.48,9.98,7.66,0.0
20230410:1410,0.0,64.0,0.0,26.84,9.6,7.31,0.0
20230410:1510,0.0,36.0,0.0,15.66,9.47,6.83,0.0
20230410:1610,0.0,6.0,0.0,4.37,9.3,6.69,0.0
20230410:1710,0.0,0.0,0.0,0.0,9.19,6.83,0.0
20230410:1810,0.0,0.0,0.0,0.0,9.26,6.34,0.0
20230410:1910,0.0,0.0,0.0,0.0,8.93,5.52,0.0
20230410:2010,0.0,0.0,0.0,0.0,8.94,5.1,0.0
20230410:2110,0.0,0.0,0.0,0.0,8.93,5.52,0.0
20230410:2210,0.0,0.0,0.0,0.0,8.89,5.38,0.0
20230410:2310,0.0,0.0,0.0,0.0,8.82,5.31,0.0
20230411:0010,0.0,0.0,0.0,0.0,8.76,5.24,0.0
20230411:0110,0.0,0.0,0.0,0.0,8.48,5.17,0.0
20230411:0210,0.0,0.0,0.0,0.0,8.22,5.1,0.0
20230411:0310,0.0,0.0,0.0,0.0,8.22,4.83,0.0
20230411:0410,0.0,6.0,0.0,6.36,8.16,4.48,0.0
20230411:0510,0.0,32.0,0.0,17.66,8.3,4.21,0.0
20230411:0610,0.0,87.0,0.0,28.8,8.8,3.79,0.0
20230411:0710,18.0,270.0,0.0,39.33,9.53,3.93,0.0
20230411:0810,0.0,139.0,0.0,48.51,10.49,4.41,0.0
20230411:0910,0.0,147.0,0.0,55.06,10.76,5.03,0.0
20230411:1010,0.0,137.0,0.0,57.26,10.64,5.66,0.0
20230411:1110,0.0,118.0,0.0,54.26,10.28,5.72,0.0
20230411:1210,0.0,166.0,0.0,47.17,10.64,5.45,0.0
20230411:1310,0.0,187.0,0.0,37.7,10.7,5.45,0.0
20230411:1410,0.0,110.0,0.0,27.03,10.32,6.07,0.0
20230411:1510,1.0,76.0,0.0,15.85,10.11,5.93,0.0
20230411:1610,1.0,19.82,0.0,4.56,9.88,5.38,0.0
20230411:1710,0.0,0.0,0.0,0.0,9.62,5.1,0.0
20230411:1810,0.0,0.0,0.0,0.0,9.6,5.1,0.0
20230411:1910,0.0,0.0,0.0,0.0,9.34,6.07,0.0
20230411:2010,0.0,0.0,0.0,0.0,9.09,6.21,0.0
20230411:2110,0.0,0.0,0.0,0.0,9.02,6.62,0.0
20230411:2210,0.0,0.0,0.0,0.0,8.97,6.76,0.0
20230411:2310,0.0,0.0,0.0,0.0,9.02,7.1,0.0
20230412:0010,0.0,0.0,0.0,0.0,9.11,7.38,0.0
20230412:0110,0.0,0.0,0.0,0.0,9.01,7.17,0.0
20230412:0210,0.0,0.0,0.0,0.0,9.07,6.97,0.0
20230412:0310,0.0,0.0,0.0,0.0,9.14,6.62,0.0
20230412:0410,0.0,6.0,0.0,6.65,9.04,6.41,0.0
20230412:0510,0.0,22.0,0.0,17.95,9.26,6.0,0.0
20230412:0610,0.0,86.0,0.0,29.1,9.71,5.52,0.0
20230412:0710,0.0,112.0,0.0,39.64,10.34,5.45,0.0
20230412:0810,11.0,306.0,0.0,48.85,10.72,5.45,0.0
20230412:0910,0.0,199.0,0.0,55.43,11.32,5.86,0.0
20230412:1010,0.0,130.0,0.0,57.63,11.47,6.76,0.0
20230412:1110,0.0,214.0,0.0,54.57,11.38,7.1,0.0
20230412:1210,19.0,316.0,0.0,47.43,11.37,6.76,0.0
20230412:1310,0.0,187.0,0.0,37.92,11.38,5.52,0.0
20230412:1410,0.0,37.0,0.0,27.23,11.65,4.69,0.0
20230412:1510,0.0,19.0,0.0,16.03,11.37,4.83,0.0
20230412:1610,1.0,20.81,0.0,4.74,10.75,4.07,0.0
20230412:1710,0.0,0.0,0.0,0.0,10.11,4.28,0.0
20230412:1810,0.0,0.0,0.0,0.0,9.65,3.86,0.0
20230412:1910,0.0,0.0,0.0,0.0,9.47,4.07,0.0
20230412:2010,0.0,0.0,0.0,0.0,9.26,3.79,0.0
20230412:2110,0.0,0.0,0.0,0.0,9.23,3.79,0.0
20230412:2210,0.0,0.0,0.0,0.0,9.24,3.72,0.0
20230412:2310,0.0,0.0,0.0,0.0,9.09,3.59,0.0
20230413:0010,0.0,0.0,0.0,0.0,9.2,3.72,0.0
20230413:0110,0.0,0.0,0.0,0.0,9.07,3.86,0.0
20230413:0210,0.0,0.0,0.0,0.0,9.14,3.79,0.0
20230413:0310,0.0,0.0,0.0,0.0,9.09,3.59,0.0
20230413:0410,0.0,39.0,0.0,6.94,9.07,3.24,0.0
20230413:0510,27.0,134.0,0.0,18.24,9.76,3.17,0.0
20230413:0610,335.0,126.0,0.0,29.39,10.77,3.59,0.0
20230413:0710,488.0,148.0,0.0,39.96,11.79,4.55,0.0
20230413:0810,616.01,159.0,0.0,49.19,12.48,4.9,0.0
20230413:0910,667.01,180.0,0.0,55.8,13.38,5.17,0.0
20230413:1010,750.01,150.0,0.0,57.99,13.96,5.38,0.0
20230413:1110,743.01,133.0,0.0,54.89,14.31,5.31,0.0
20230413:1210,651.01,128.0,0.0,47.68,14.53,4.9,0.0
20230413:1310,504.0,123.0,0.0,38.13,14.67,4.41,0.0
20230413:1410,312.0,118.0,0.0,27.42,14.58,3.52,0.0
20230413:1510,144.0,85.0,0.0,16.21,14.36,2.41,0.0
20230413:1610,11.0,24.46,0.0,4.93,13.77,2.41,0.0
20230413:1710,0.0,0.0,0.0,0.0,12.62,2.62,0.0
20230413:1810,0.0,0.0,0.0,0.0,11.7,2.69,0.0
20230413:1910,0.0,0.0,0.0,0.0,11.47,3.03,0.0
20230413:2010,0.0,0.0,0.0,0.0,11.04,3.1,0.0
20230413:2110,0.0,0.0,0.0,0.0,10.89,3.31,0.0
20230413:2210,0.0,0.0,0.0,0.0,10.98,3.66,0.0
20230413:2310,0.0,0.0,0.0,0.0,11.21,4.0,0.0
20230414:0010,0.0,0.0,0.0,0.0,11.47,4.34,0.0
20230414:0110,0.0,0.0,0.0,0.0,11.6,4.41,0.0
20230414:0210,0.0,0.0,0.0,0.0,11.56,4.34,0.0
20230414:0310,0.0,0.0,0.0,0.0,11.43,4.21,0.0
20230414:0410,0.0,42.0,0.0,7.23,11.33,4.14,0.0
20230414:0510,146.0,107.0,0.0,18.52,12.13,4.07,0.0
20230414:0610,323.0,133.0,0.0,29.68,13.72,4.0,0.0
20230414:0710,495.0,146.0,0.0,40.27,15.32,4.48,0.0
20230414:0810,615.01,160.0,0.0,49.53,16.52,4.9,0.0
20230414:0910,640.01,197.0,0.0,56.16,17.4,5.1,0.0
20230414:1010,719.01,166.0,0.0,58.35,18.13,5.38,0.0
20230414:1110,731.01,140.0,0.0,55.2,18.7,5.45,0.0
20230414:1210,586.01,162.0,0.0,47.94,19.06,5.24,0.0
20230414:1310,454.0,148.0,0.0,38.35,19.08,4.69,0.0
20230414:1410,45.0,212.0,0.0,27.61,18.74,4.07,0.0
20230414:1510,103.0,104.0,0.0,16.4,18.22,4.07,0.0
20230414:1610,16.0,24.3,0.0,5.12,17.23,4.14,0.0
20230414:1710,0.0,0.0,0.0,0.0,16.3,4.0,0.0
20230414:1810,0.0,0.0,0.0,0.0,15.79,3.72,0.0
20230414:1910,0.0,0.0,0.0,0.0,16.1,3.17,0.0
20230414:2010,0.0,0.0,0.0,0.0,15.41,3.24,0.0
20230414:2110,0.0,0.0,0.0,0.0,14.63,3.03,0.0
20230414:2210,0.0,0.0,0.0,0.0,13.57,2.69,0.0
20230414:2310,0.0,0.0,0.0,0.0,12.27,2.21,0.0
20230415:0010,0.0,0.0,0.0,0.0,11.38,1.93,0.0
20230415:0110,0.0,0.0,0.0,0.0,11.38,1.66,0.0
20230415:0210,0.0,0.0,0.0,0.0,11.9,1.38,0.0
20230415:0310,0.0,0.0,0.0,0.0,12.25,1.24,0.0
20230415:0410,0.0,14.0,0.0,7.51,11.14,1.45,0.0
20230415:0510,33.0,139.0,0.0,18.8,12.11,1.59,0.0
20230415:0610,64.0,232.0,0.0,29.97,15.41,1.59,0.0
20230415:0710,31.0,292.0,0.0,40.57,16.73,1.24,0.0
20230415:0810,446.0,256.0,0.0,49.86,17.69,2.62,0.0
20230415:0910,546.01,250.0,0.0,56.52,17.6,3.72,0.0
20230415:1010,532.01,274.0,0.0,58.7,17.6,3.52,0.0
20230415:1110,438.0,303.0,0.0,55.51,17.92,3.1,0.0
20230415:1210,162.0,362.0,0.0,48.19,18.07,2.83,0.0
20230415:1310,114.0,299.0,0.0,38.56,17.87,2.41,0.0
20230415:1410,5.0,168.0,0.0,27.8,17.7,1.79,0.0
20230415:1510,0.0,47.0,0.0,16.58,17.34,0.97,0.0
20230415:1610,0.0,5.0,0.0,5.3,16.98,0.28,0.0
20230415:1710,0.0,0.0,0.0,0.0,15.74,1.38,0.0
20230415:1810,0.0,0.0,0.0,0.0,14.93,2.07,0.0
20230415:1910,0.0,0.0,0.0,0.0,13.66,1.79,0.0
20230415:2010,0.0,0.0,0.0,0.0,12.97,1.59,0.0
20230415:2110,0.0,0.0,0.0,0.0,12.73,2.14,0.0
20230415:2210,0.0,0.0,0.0,0.0,12.41,1.66,0.0
20230415:2310,0.0,0.0,0.0,0.0,11.79,1.66,0.0
20230416:0010,0.0,0.0,0.0,0.0,11.42,1.93,0.0
20230416:0110,0.0,0.0,0.0,0.0,11.48,2.14,0.0
20230416:0210,0.0,0.0,0.0,0.0,11.5,2.14,0.0
20230416:0310,0.0,0.0,0.0,0.0,11.54,2.14,0.0
20230416:0410,0.0,46.0,0.0,7.79,11.68,2.41,0.0
20230416:0510,101.0,130.0,0.0,19.08,12.58,2.69,0.0
20230416:0610,184.0,206.0,0.0,30.26,13.79,3.24,0.0
20230416:0710,0.0,194.0,0.0,40.88,14.8,1.66,0.0
20230416:0810,324.0,319.0,0.0,50.19,15.58,1.52,0.0
20230416:0910,623.01,206.0,0.0,56.88,16.16,1.03,0.0
20230416:1010,16.0,361.0,0.0,59.06,16.92,1.24,0.0
20230416:1110,402.0,322.0,0.0,55.81,17.62,1.31,0.0
20230416:1210,448.0,241.0,0.0,48.44,18.12,0.69,0.0
20230416:1310,104.0,300.0,0.0,38.77,18.62,0.48,0.0
20230416:1410,253.0,149.0,0.0,27.99,18.8,0.76,0.0
20230416:1510,136.0,91.0,0.0,16.76,17.38,0.76,0.0
20230416:1610,11.0,29.29,0.0,5.49,16.37,1.31,0.0
20230416:1710,0.0,0.0,0.0,0.0,15.28,0.97,0.0
20230416:1810,0.0,0.0,0.0,0.0,13.95,0.97,0.0
20230416:1910,0.0,0.0,0.0,0.0,14.67,3.52,0.0
20230416:2010,0.0,0.0,0.0,0.0,14.47,3.03,0.0
20230416:2110,0.0,0.0,0.0,0.0,13.83,2.69,0.0
20230416:2210,0.0,0.0,0.0,0.0,13.24,2.55,0.0
20230416:2310,0.0,0.0,0.0,0.0,12.73,2.34,0.0
20230417:0010,0.0,0.0,0.0,0.0,12.0,1.72,0.0
20230417:0110,0.0,0.0,0.0,0.0,13.12,0.48,0.0
20230417:0210,0.0,0.0,0.0,0.0,10.99,1.45,0.0
20230417:0310,0.0,0.0,0.0,0.0,10.75,1.38,0.0
20230417:0410,0.0,9.0,0.0,8.06,10.71,1.38,0.0
20230417:0510,2.0,107.0,0.0,19.35,11.81,1.38,0.0
20230417:0610,13.0,206.0,0.0,30.54,12.8,1.72,0.0
20230417:0710,71.0,316.0,0.0,41.17,14.09,0.76,0.0
20230417:0810,185.0,373.0,0.0,50.52,15.53,1.24,0.0
20230417:0910,335.0,364.0,0.0,57.24,16.59,1.93,0.0
20230417:1010,648.01,208.0,0.0,59.41,17.18,2.48,0.0
20230417:1110,710.01,151.0,0.0,56.12,17.5,2.62,0.0
20230417:1210,107.0,370.0,0.0,48.69,17.39,2.28,0.0
20230417:1310,64.0,299.0,0.0,38.98,17.57,1.31,0.0
20230417:1410,317.0,119.0,0.0,28.18,17.38,1.17,0.0
20230417:1510,26.0,122.0,0.0,16.94,16.93,2.34,0.0
20230417:1610,20.0,28.08,0.0,5.67,15.96,2.28,0.0
20230417:1710,0.0,0.0,0.0,0.0,14.99,0.9,0.0
20230417:1810,0.0,0.0,0.0,0.0,13.82,1.66,0.0
20230417:1910,0.0,0.0,0.0,0.0,12.53,3.17,0.0
20230417:2010,0.0,0.0,0.0,0.0,12.16,3.03,0.0
20230417:2110,0.0,0.0,0.0,0.0,11.85,2.9,0.0
20230417:2210,0.0,0.0,0.0,0.0,11.54,3.03,0.0
20230417:2310,0.0,0.0,0.0,0.0,11.19,3.31,0.0
20230418:0010,0.0,0.0,0.0,0.0,10.84,3.72,0.0
20230418:0110,0.0,0.0,0.0,0.0,10.58,3.86,0.0
20230418:0210,0.0,0.0,0.0,0.0,10.45,3.86,0.0
20230418:0310,0.0,0.0,0.0,0.0,10.26,4.07,0.0
20230418:0410,0.0,12.0,0.0,8.34,10.22,4.07,0.0
20230418:0510,0.0,47.0,0.0,19.63,10.82,4.21,0.0
20230418:0610,0.0,93.0,0.0,30.82,11.97,3.93,0.0
20230418:0710,0.0,169.0,0.0,41.47,11.98,4.97,0.0
20230418:0810,3.0,277.0,0.0,50.84,13.19,4.41,0.0
20230418:0910,242.0,402.0,0.0,57.59,14.49,4.0,0.0
20230418:1010,712.01,172.0,0.0,59.75,15.83,4.0,0.0
20230418:1110,554.01,244.0,0.0,56.42,16.65,4.34,0.0
20230418:1210,0.0,127.0,0.0,48.93,16.87,4.69,0.0
20230418:1310,0.0,68.0,0.0,39.18,16.41,4.07,0.0
20230418:1410,316.0,121.0,0.0,28.36,14.86,2.55,0.0
20230418:1510,156.0,87.0,0.0,17.12,13.05,3.24,0.0
20230418:1610,0.0,22.0,0.0,5.85,12.31,3.52,0.0
20230418:1710,0.0,0.0,0.0,0.0,11.83,1.79,0.0
20230418:1810,0.0,0.0,0.0,0.0,11.57,1.24,0.0
20230418:1910,0.0,0.0,0.0,0.0,10.96,2.62,0.0
20230418:2010,0.0,0.0,0.0,0.0,10.52,1.66,0.0
20230418:2110,0.0,0.0,0.0,0.0,10.13,1.52,0.0
20230418:2210,0.0,0.0,0.0,0.0,9.74,1.93,0.0
20230418:2310,0.0,0.0,0.0,0.0,9.46,2.0,0.0
20230419:0010,0.0,0.0,0.0,0.0,9.5,2.21,0.0
20230419:0110,0.0,0.0,0.0,0.0,9.46,2.14,0.0
20230419:0210,0.0,0.0,0.0,0.0,9.38,1.66,0.0
20230419:0310,0.0,0.0,0.0,0.0,9.21,1.03,0.0
20230419:0410,0.0,8.0,0.0,8.6,9.89,0.28,0.0
20230419:0510,0.0,47.0,0.0,19.89,10.64,1.38,0.0
20230419:0610,18.0,217.0,0.0,31.09,11.44,2.62,0.0
20230419:0710,0.0,185.0,0.0,41.76,12.27,4.21,0.0
20230419:0810,54.0,373.0,0.0,51.16,12.97,4.34,0.0
20230419:0910,375.0,352.0,0.0,57.93,13.54,4.62,0.0
20230419:1010,513.01,294.0,0.0,60.1,14.1,4.76,0.0
20230419:1110,327.0,365.0,0.0,56.71,14.47,4.69,0.0
20230419:1210,636.01,143.0,0.0,49.17,14.33,4.07,0.0
20230419:1310,400.0,186.0,0.0,39.39,14.07,2.97,0.0
20230419:1410,255.0,155.0,0.0,28.55,13.77,1.79,0.0
20230419:1510,95.0,115.0,0.0,17.3,13.31,1.72,0.0
20230419:1610,3.0,30.0,0.0,6.04,12.71,1.59,0.0
20230419:1710,0.0,0.0,0.0,0.0,11.98,1.86,0.0
20230419:1810,0.0,0.0,0.0,0.0,11.31,1.93,0.0
20230419:1910,0.0,0.0,0.0,0.0,10.64,1.72,0.0
20230419:2010,0.0,0.0,0.0,0.0,10.25,1.86,0.0
20230419:2110,0.0,0.0,0.0,0.0,9.86,2.07,0.0
20230419:2210,0.0,0.0,0.0,0.0,9.46,1.93,0.0
20230419:2310,0.0,0.0,0.0,0.0,9.19,1.79,0.0
20230420:0010,0.0,0.0,0.0,0.0,8.87,1.66,0.0
20230420:0110,0.0,0.0,0.0,0.0,8.73,1.1,0.0
20230420:0210,0.0,0.0,0.0,0.0,9.75,0.41,0.0
20230420:0310,0.0,0.0,0.0,0.0,9.88,0.62,0.0
20230420:0410,0.0,10.0,0.0,8.87,9.28,0.9,0.0
20230420:0510,0.0,54.0,0.0,20.16,10.66,1.17,0.0
20230420:0610,2.0,174.0,0.0,31.36,11.57,1.86,0.0
20230420:0710,7.0,254.0,0.0,42.05,13.12,3.52,0.0
20230420:0810,0.0,173.0,0.0,51.48,13.85,4.07,0.0
20230420:0910,449.0,316.0,0.0,58.28,14.23,4.83,0.0
20230420:1010,546.01,278.0,0.0,60.44,13.96,4.97,0.0
20230420:1110,215.0,407.0,0.0,57.01,13.83,4.62,0.0
20230420:1210,57.0,364.0,0.0,49.41,14.06,4.14,0.0
20230420:1310,0.0,107.0,0.0,39.59,14.4,3.79,0.0
20230420:1410,0.0,83.0,0.0,28.73,14.32,3.24,0.0
20230420:1510,0.0,69.0,0.0,17.47,13.99,2.62,0.0
20230420:1610,0.0,18.0,0.0,6.22,13.35,2.48,0.0
20230420:1710,0.0,0.0,0.0,0.0,12.56,2.0,0.0
20230420:1810,0.0,0.0,0.0,0.0,12.03,1.45,0.0
20230420:1910,0.0,0.0,0.0,0.0,10.79,1.03,0.0
20230420:2010,0.0,0.0,0.0,0.0,11.06,0.83,0.0
20230420:2110,0.0,0.0,0.0,0.0,10.6,1.03,0.0
20230420:2210,0.0,0.0,0.0,0.0,9.46,1.52,0.0
20230420:2310,0.0,0.0,0.0,0.0,9.37,1.86,0.0
20230421:0010,0.0,0.0,0.0,0.0,9.72,1.72,0.0
20230421:0110,0.0,0.0,0.0,0.0,9.07,1.45,0.0
20230421:0210,0.0,0.0,0.0,0.0,9.41,1.17,0.0
20230421:0310,0.0,0.0,0.0,0.0,10.25,0.97,0.0
20230421:0410,0.0,52.0,0.0,9.13,10.47,0.76,0.0
20230421:0510,8.0,131.0,0.0,20.41,10.82,0.69,0.0
20230421:0610,29.0,232.0,0.0,31.62,11.8,0.76,0.0
20230421:0710,71.0,324.0,0.0,42.33,13.19,2.0,0.0
20230421:0810,202.0,377.0,0.0,51.79,13.76,2.62,0.0
20230421:0910,631.01,214.0,0.0,58.62,14.31,3.17,0.0
20230421:1010,582.01,258.0,0.0,60.78,14.83,3.79,0.0
20230421:1110,736.01,146.0,0.0,57.3,14.99,4.14,0.0
20230421:1210,640.01,143.0,0.0,49.65,15.18,4.34,0.0
20230421:1310,168.0,297.0,0.0,39.79,15.33,3.93,0.0
20230421:1410,0.0,48.0,0.0,28.91,15.2,3.03,0.0
20230421:1510,0.0,28.0,0.0,17.65,14.13,1.66,0.0
20230421:1610,20.0,38.0,0.0,6.4,13.23,2.21,0.0
20230421:1710,0.0,0.0,0.0,0.0,12.36,1.86,0.0
20230421:1810,0.0,0.0,0.0,0.0,11.82,1.86,0.0
20230421:1910,0.0,0.0,0.0,0.0,11.2,2.21,0.0
20230421:2010,0.0,0.0,0.0,0.0,10.85,1.72,0.0
20230421:2110,0.0,0.0,0.0,0.0,10.26,1.31,0.0
20230421:2210,0.0,0.0,0.0,0.0,10.5,1.03,0.0
20230421:2310,0.0,0.0,0.0,0.0,11.28,0.69,0.0
20230422:0010,0.0,0.0,0.0,0.0,11.03,0.48,0.0
20230422:0110,0.0,0.0,0.0,0.0,10.72,0.9,0.0
20230422:0210,0.0,0.0,0.0,0.0,10.31,1.1,0.0
20230422:0310,0.0,0.0,0.0,0.0,9.67,1.31,0.0
20230422:0410,0.0,46.0,0.0,9.39,8.19,1.52,0.0
20230422:0510,134.0,134.0,0.0,20.67,10.78,1.59,0.0
20230422:0610,329.0,152.0,0.0,31.89,12.82,2.07,0.0
20230422:0710,521.0,151.0,0.0,42.61,14.1,1.45,0.0
20230422:0810,595.01,190.0,0.0,52.09,15.18,1.59,0.0
20230422:0910,552.01,267.0,0.0,58.95,16.0,2.0,0.0
20230422:1010,503.0,309.0,0.0,61.11,16.72,3.03,0.0
20230422:1110,449.0,314.0,0.0,57.58,16.74,4.07,0.0
20230422:1210,660.01,137.0,0.0,49.88,16.38,4.9,0.0
20230422:1310,503.0,137.0,0.0,39.99,15.98,5.66,0.0
20230422:1410,317.0,129.0,0.0,29.09,15.26,5.45,0.0
20230422:1510,139.0,102.0,0.0,17.83,14.46,5.17,0.0
20230422:1610,32.0,37.0,0.0,6.58,13.43,4.62,0.0
20230422:1710,0.0,0.0,0.0,0.0,12.31,4.41,0.0
20230422:1810,0.0,0.0,0.0,0.0,11.46,4.28,0.0
20230422:1910,0.0,0.0,0.0,0.0,10.96,4.9,0.0
20230422:2010,0.0,0.0,0.0,0.0,10.57,4.69,0.0
20230422:2110,0.0,0.0,0.0,0.0,10.28,4.41,0.0
20230422:2210,0.0,0.0,0.0,0.0,10.12,4.34,0.0
20230422:2310,0.0,0.0,0.0,0.0,9.85,4.34,0.0
20230423:0010,0.0,0.0,0.0,0.0,9.63,4.28,0.0
20230423:0110,0.0,0.0,0.0,0.0,9.52,4.21,0.0
20230423:0210,0.0,0.0,0.0,0.0,9.39,4.28,0.0
20230423:0310,0.0,0.0,0.0,0.0,9.24,4.62,0.0
20230423:0410,0.0,63.0,0.0,9.64,9.35,5.17,0.0
20230423:0510,9.0,136.0,0.0,20.92,9.95,5.72,0.0
20230423:0610,10.0,212.0,0.0,32.14,10.89,5.79,0.0
20230423:0710,120.0,333.0,0.0,42.88,11.56,5.59,0.0
20230423:0810,87.0,393.0,0.0,52.39,12.5,5.59,0.0
20230423:0910,69.0,423.0,0.0,59.28,13.1,5.52,0.0
20230423:1010,194.0,439.0,0.0,61.44,13.85,5.38,0.0
20230423:1110,501.0,289.0,0.0,57.87,14.22,5.31,0.0
20230423:1210,584.01,180.0,0.0,50.12,14.48,5.31,0.0
20230423:1310,486.0,148.0,0.0,40.19,14.2,5.45,0.0
20230423:1410,329.0,125.0,0.0,29.27,13.72,5.45,0.0
20230423:1510,135.0,106.0,0.0,18.0,12.95,5.17,0.0
20230423:1610,26.0,40.0,0.0,6.76,12.06,4.55,0.0
20230423:1710,0.0,0.0,0.0,0.0,11.05,4.07,0.0
20230423:1810,0.0,0.0,0.0,0.0,10.27,3.86,0.0
20230423:1910,0.0,0.0,0.0,0.0,9.94,3.86,0.0
20230423:2010,0.0,0.0,0.0,0.0,9.59,3.52,0.0
20230423:2110,0.0,0.0,0.0,0.0,9.2,3.03,0.0
20230423:2210,0.0,0.0,0.0,0.0,8.91,2.55,0.0
20230423:2310,0.0,0.0,0.0,0.0,8.61,2.28,0.0
20230424:0010,0.0,0.0,0.0,0.0,8.2,2.21,0.0
20230424:0110,0.0,0.0,0.0,0.0,7.87,2.34,0.0
20230424:0210,0.0,0.0,0.0,0.0,7.71,2.34,0.0
20230424:0310,0.0,0.0,0.0,0.0,7.7,2.34,0.0
20230424:0410,0.0,59.0,0.0,9.89,8.08,2.28,0.0
20230424:0510,228.0,96.0,0.0,21.17,9.43,2.55,0.0
20230424:0610,389.0,128.0,0.0,32.4,10.6,2.41,0.0
20230424:0710,529.0,154.0,0.0,43.15,11.22,1.38,0.0
20230424:0810,662.01,160.0,0.0,52.69,12.4,1.24,0.0
20230424:0910,761.01,154.0,0.0,59.61,13.45,1.38,0.0
20230424:1010,783.01,155.0,0.0,61.77,14.3,1.66,0.0
20230424:1110,724.01,164.0,0.0,58.15,14.93,2.0,0.0
20230424:1210,676.01,135.0,0.0,50.34,15.34,2.07,0.0
20230424:1310,530.0,129.0,0.0,40.38,15.59,1.66,0.0
20230424:1410,356.0,115.0,0.0,29.45,15.66,1.38,0.0
20230424:1510,147.0,103.0,0.0,18.17,15.5,1.1,0.0
20230424:1610,32.0,40.0,0.0,6.94,15.01,0.62,0.0
20230424:1710,0.0,0.0,0.0,0.0,13.89,0.9,0.0
20230424:1810,0.0,0.0,0.0,0.0,11.99,1.59,0.0
20230424:1910,0.0,0.0,0.0,0.0,11.15,2.34,0.0
20230424:2010,0.0,0.0,0.0,0.0,10.87,2.69,0.0
20230424:2110,0.0,0.0,0.0,0.0,10.88,2.83,0.0
20230424:2210,0.0,0.0,0.0,0.0,10.86,2.76,0.0
20230424:2310,0.0,0.0,0.0,0.0,10.81,2.69,0.0
20230425:0010,0.0,0.0,0.0,0.0,10.94,2.9,0.0
20230425:0110,0.0,0.0,0.0,0.0,11.1,3.17,0.0
20230425:0210,0.0,0.0,0.0,0.0,11.23,3.24,0.0
20230425:0310,0.0,0.0,0.0,0.0,11.31,3.38,0.0
20230425:0410,40.0,66.0,0.0,10.14,11.75,3.45,0.0
20230425:0510,99.0,154.0,0.0,21.41,13.28,3.52,0.0
20230425:0610,16.0,223.0,0.0,32.64,14.9,3.72,0.0
20230425:0710,82.0,334.0,0.0,43.41,15.94,3.72,0.0
20230425:0810,0.0,238.0,0.0,52.98,16.97,4.48,0.0
20230425:0910,57.0,417.0,0.0,59.94,17.4,5.59,0.0
20230425:1010,24.0,391.0,0.0,62.1,17.27,5.66,0.0
20230425:1110,311.0,382.0,0.0,58.43,17.39,5.1,0.0
20230425:1210,645.01,147.0,0.0,50.57,17.85,4.48,0.0
20230425:1310,505.0,139.0,0.0,40.57,18.4,3.79,0.0
20230425:1410,0.0,104.0,0.0,29.62,18.76,3.17,0.0
20230425:1510,0.0,68.0,0.0,18.35,18.52,3.03,0.0
20230425:1610,4.0,38.0,0.0,7.12,17.41,4.07,0.0
20230425:1710,0.0,0.0,0.0,0.0,16.11,3.79,0.0
20230425:1810,0.0,0.0,0.0,0.0,15.36,3.45,0.0
20230425:1910,0.0,0.0,0.0,0.0,14.32,2.28,0.0
20230425:2010,0.0,0.0,0.0,0.0,13.97,2.76,0.0
20230425:2110,0.0,0.0,0.0,0.0,13.59,3.31,0.0
20230425:2210,0.0,0.0,0.0,0.0,13.45,3.52,0.0
20230425:2310,0.0,0.0,0.0,0.0,13.47,3.66,0.0
20230426:0010,0.0,0.0,0.0,0.0,13.44,3.72,0.0
20230426:0110,0.0,0.0,0.0,0.0,13.47,3.66,0.0
20230426:0210,0.0,0.0,0.0,0.0,13.39,3.52,0.0
20230426:0310,0.0,0.0,0.0,0.0,13.2,3.1,0.0
20230426:0410,0.0,13.0,0.0,10.38,13.18,2.76,0.0
20230426:0510,0.0,28.0,0.0,21.65,14.34,2.55,0.0
20230426:0610,0.0,121.0,0.0,32.89,15.47,2.69,0.0
20230426:0710,461.0,188.0,0.0,43.67,15.45,4.28,0.0
20230426:0810,626.01,172.0,0.0,53.27,15.25,4.69,0.0
20230426:0910,719.01,168.0,0.0,60.26,14.46,3.66,0.0
20230426:1010,357.0,381.0,0.0,62.42,15.15,2.76,0.0
20230426:1110,45.0,399.0,0.0,58.7,15.92,2.55,0.0
20230426:1210,0.0,113.0,0.0,50.79,16.53,2.76,0.0
20230426:1310,0.0,75.0,0.0,40.76,16.41,4.21,0.0
20230426:1410,0.0,123.0,0.0,29.8,14.81,3.93,0.0
20230426:1510,23.0,131.0,0.0,18.52,14.59,2.34,0.0
20230426:1610,0.0,12.0,0.0,7.3,14.3,1.66,0.0
20230426:1710,0.0,0.0,0.0,0.0,13.68,1.66,0.0
20230426:1810,0.0,0.0,0.0,0.0,12.85,2.41,0.0
20230426:1910,0.0,0.0,0.0,0.0,12.25,0.97,0.0
20230426:2010,0.0,0.0,0.0,0.0,11.81,1.38,0.0
20230426:2110,0.0,0.0,0.0,0.0,11.38,1.17,0.0
20230426:2210,0.0,0.0,0.0,0.0,10.92,1.1,0.0
20230426:2310,0.0,0.0,0.0,0.0,10.43,1.31,0.0
20230427:0010,0.0,0.0,0.0,0.0,11.0,1.93,0.0
20230427:0110,0.0,0.0,0.0,0.0,11.05,2.69,0.0
20230427:0210,0.0,0.0,0.0,0.0,11.03,3.24,0.0
20230427:0310,0.0,0.0,0.0,0.0,10.99,3.45,0.0
20230427:0410,0.0,11.0,0.0,10.62,10.98,3.93,0.0
20230427:0510,0.0,28.0,0.0,21.88,11.09,4.55,0.0
20230427:0610,0.0,45.0,0.0,33.13,10.96,6.41,0.0
20230427:0710,0.0,71.0,0.0,43.92,10.79,6.83,0.0
20230427:0810,0.0,97.0,0.0,53.55,10.55,7.03,0.0
20230427:0910,0.0,101.0,0.0,60.57,10.45,6.97,0.0
20230427:1010,0.0,132.0,0.0,62.73,10.36,6.76,0.0
20230427:1110,0.0,158.0,0.0,58.97,10.04,7.03,0.0
20230427:1210,0.0,225.0,0.0,51.01,9.88,6.69,0.0
20230427:1310,0.0,200.0,0.0,40.95,9.72,6.41,0.0
20230427:1410,51.0,228.0,0.0,29.97,9.5,6.28,0.0
20230427:1510,27.0,135.0,0.0,18.69,9.49,5.72,0.0
20230427:1610,0.0,25.0,0.0,7.47,9.47,5.59,0.0
20230427:1710,0.0,0.0,0.0,0.0,9.3,5.03,0.0
20230427:1810,0.0,0.0,0.0,0.0,9.25,4.55,0.0
20230427:1910,0.0,0.0,0.0,0.0,9.28,1.93,0.0
20230427:2010,0.0,0.0,0.0,0.0,9.03,1.45,0.0
20230427:2110,0.0,0.0,0.0,0.0,8.46,1.38,0.0
20230427:2210,0.0,0.0,0.0,0.0,8.37,2.07,0.0
20230427:2310,0.0,0.0,0.0,0.0,8.52,2.69,0.0
20230428:0010,0.0,0.0,0.0,0.0,9.13,3.03,0.0
20230428:0110,0.0,0.0,0.0,0.0,9.13,3.24,0.0
20230428:0210,0.0,0.0,0.0,0.0,9.0,3.72,0.0
20230428:0310,0.0,0.0,0.0,0.0,8.92,3.72,0.0
20230428:0410,21.0,75.0,0.0,10.85,8.89,3.86,0.0
20230428:0510,194.0,122.0,0.0,22.11,9.53,4.14,0.0
20230428:0610,270.0,201.0,0.0,33.36,10.1,5.17,0.0
20230428:0710,506.0,176.0,0.0,44.17,10.23,4.97,0.0
20230428:0810,621.01,191.0,0.0,53.83,10.81,5.1,0.0
20230428:0910,619.01,244.0,0.0,60.88,11.16,5.31,0.0
20230428:1010,772.01,166.0,0.0,63.05,11.31,5.52,0.0
20230428:1110,234.0,419.0,0.0,59.24,11.52,5.72,0.0
20230428:1210,177.0,383.0,0.0,51.23,11.52,6.0,0.0
20230428:1310,255.0,281.0,0.0,41.14,11.45,6.0,0.0
20230428:1410,337.0,130.0,0.0,30.14,11.37,5.59,0.0
20230428:1510,158.0,104.0,0.0,18.86,11.29,4.83,0.0
20230428:1610,37.0,45.0,0.0,7.65,11.01,3.79,0.0
20230428:1710,0.0,0.0,0.0,0.0,10.39,2.76,0.0
20230428:1810,0.0,0.0,0.0,0.0,9.6,2.07,0.0
20230428:1910,0.0,0.0,0.0,0.0,10.29,0.62,0.0
20230428:2010,0.0,0.0,0.0,0.0,10.42,0.28,0.0
20230428:2110,0.0,0.0,0.0,0.0,10.32,0.41,0.0
20230428:2210,0.0,0.0,0.0,0.0,9.13,1.1,0.0
20230428:2310,0.0,0.0,0.0,0.0,7.97,1.72,0.0
20230429:0010,0.0,0.0,0.0,0.0,8.17,2.21,0.0
20230429:0110,0.0,0.0,0.0,0.0,8.05,2.48,0.0
20230429:0210,0.0,0.0,0.0,0.0,7.93,2.76,0.0
20230429:0310,0.0,0.0,0.0,0.0,8.23,2.97,0.0
20230429:0410,64.0,67.0,0.0,11.08,8.71,2.9,0.0
20230429:0510,13.0,152.0,0.0,22.34,9.94,2.76,0.0
20230429:0610,0.0,146.0,0.0,33.59,10.98,3.24,0.0
20230429:0710,0.0,123.0,0.0,44.42,11.6,3.66,0.0
20230429:0810,15.0,341.0,0.0,54.1,11.91,3.72,0.0
20230429:0910,232.0,429.0,0.0,61.19,12.15,3.59,0.0
20230429:1010,27.0,401.0,0.0,63.36,12.49,3.52,0.0
20230429:1110,425.0,340.0,0.0,59.51,12.97,3.52,0.0
20230429:1210,166.0,386.0,0.0,51.45,12.84,3.52,0.0
20230429:1310,67.0,319.0,0.0,41.32,13.0,3.72,0.0
20230429:1410,60.0,235.0,0.0,30.31,12.77,3.79,0.0
20230429:1510,148.0,110.0,0.0,19.02,12.29,3.31,0.0
20230429:1610,27.0,49.0,0.0,7.82,11.75,2.41,0.0
20230429:1710,0.0,0.0,0.0,0.0,11.03,1.72,0.0
20230429:1810,0.0,0.0,0.0,0.0,9.62,1.31,0.0
20230429:1910,0.0,0.0,0.0,0.0,8.58,1.59,0.0
20230429:2010,0.0,0.0,0.0,0.0,8.68,1.45,0.0
20230429:2110,0.0,0.0,0.0,0.0,8.93,1.38,0.0
20230429:2210,0.0,0.0,0.0,0.0,8.02,1.66,0.0
20230429:2310,0.0,0.0,0.0,0.0,6.81,2.14,0.0
20230430:0010,0.0,0.0,0.0,0.0,6.6,2.55,0.0
20230430:0110,0.0,0.0,0.0,0.0,6.75,2.69,0.0
20230430:0210,0.0,0.0,0.0,0.0,6.7,2.62,0.0
20230430:0310,0.0,0.0,0.0,0.0,6.69,2.55,0.0
20230430:0410,73.0,67.0,0.0,11.3,7.27,2.48,0.0
20230430:0510,243.0,103.0,0.0,22.56,10.74,2.34,0.0
20230430:0610,410.0,130.0,0.0,33.81,12.45,2.76,0.0
20230430:0710,572.0,143.0,0.0,44.66,12.96,4.07,0.0
20230430:0810,672.01,165.0,0.0,54.37,13.74,4.28,0.0
20230430:0910,768.01,159.0,0.0,61.49,14.4,4.34,0.0
20230430:1010,757.01,177.0,0.0,63.66,14.79,4.14,0.0
20230430:1110,750.01,159.0,0.0,59.77,15.25,3.86,0.0
20230430:1210,692.01,135.0,0.0,51.66,15.4,3.38,0.0
20230430:1310,539.0,133.0,0.0,41.51,15.53,2.97,0.0
20230430:1410,376.0,115.0,0.0,30.48,15.56,2.62,0.0
20230430:1510,98.0,134.0,0.0,19.19,15.38,2.69,0.0
20230430:1610,37.0,48.0,0.0,8.0,14.81,2.9,0.0
20230430:1710,0.0,0.0,0.0,0.0,13.75,2.76,0.0
20230430:1810,0.0,0.0,0.0,0.0,12.64,2.14,0.0
20230430:1910,0.0,0.0,0.0,0.0,11.7,2.07,0.0
20230430:2010,0.0,0.0,0.0,0.0,10.63,1.93,0.0
20230430:2110,0.0,0.0,0.0,0.0,10.07,2.07,0.0
20230430:2210,0.0,0.0,0.0,0.0,9.51,2.21,0.0
20230430:2310,0.0,0.0,0.0,0.0,9.16,2.14,0.0
20230501:0010,0.0,0.0,0.0,0.0,9.37,1.86,0.0
20230501:0110,0.0,0.0,0.0,0.0,9.54,1.72,0.0
20230501:0210,0.0,0.0,0.0,0.0,9.67,1.59,0.0
20230501:0310,0.0,0.0,0.0,0.0,9.75,1.59,0.0
20230501:0410,80.0,65.0,0.0,11.52,9.56,1.66,0.0
20230501:0510,223.0,111.0,0.0,22.77,12.51,1.59,0.0
20230501:0610,407.0,130.0,0.0,34.03,14.66,1.52,0.0
20230501:0710,565.0,144.0,0.0,44.89,15.32,1.72,0.0
20230501:0810,689.01,152.0,0.0,54.63,16.14,1.66,0.0
20230501:0910,237.0,428.0,0.0,61.78,16.71,1.59,0.0
20230501:1010,105.0,453.0,0.0,63.96,16.97,1.38,0.0
20230501:1110,727.01,166.0,0.0,60.03,17.09,1.24,0.0
20230501:1210,664.01,145.0,0.0,51.87,17.19,1.1,0.0
20230501:1310,540.0,129.0,0.0,41.69,17.14,1.72,0.0
20230501:1410,364.0,119.0,0.0,30.65,17.38,3.03,0.0
20230501:1510,181.0,96.0,0.0,19.36,16.97,4.14,0.0
20230501:1610,46.0,46.0,0.0,8.17,15.75,4.14,0.0
20230501:1710,0.0,0.0,0.0,0.0,14.18,4.21,0.0
20230501:1810,0.0,0.0,0.0,0.0,13.03,4.07,0.0
20230501:1910,0.0,0.0,0.0,0.0,12.9,4.41,0.0
20230501:2010,0.0,0.0,0.0,0.0,12.48,4.21,0.0
20230501:2110,0.0,0.0,0.0,0.0,12.11,4.0,0.0
20230501:2210,0.0,0.0,0.0,0.0,11.79,3.93,0.0
20230501:2310,0.0,0.0,0.0,0.0,11.47,3.86,0.0
20230502:0010,0.0,0.0,0.0,0.0,11.19,3.93,0.0
20230502:0110,0.0,0.0,0.0,0.0,10.96,4.0,0.0
20230502:0210,0.0,0.0,0.0,0.0,10.77,4.14,0.0
20230502:0310,0.0,0.0,0.0,0.0,10.58,4.28,0.0
20230502:0410,103.0,59.0,0.0,11.74,10.82,4.34,0.0
20230502:0510,271.0,95.0,0.0,22.98,12.05,4.48,0.0
20230502:0610,452.0,115.0,0.0,34.25,13.65,4.83,0.0
20230502:0710,0.0,0.0,0.0,0.0,15.46,5.17,0.0
20230502:0810,716.01,149.0,0.0,54.89,16.98,5.52,0.0
20230502:0910,815.01,142.0,0.0,62.08,18.06,5.86,0.0
20230502:1010,836.01,142.0,0.0,64.26,18.66,6.07,0.0
20230502:1110,765.01,157.0,0.0,60.28,18.84,6.48,0.0
20230502:1210,690.01,142.0,0.0,52.08,18.67,7.03,0.0
20230502:1310,534.0,141.0,0.0,41.86,18.2,7.45,0.0
20230502:1410,268.0,179.0,0.0,30.82,17.56,7.59,0.0
20230502:1510,177.0,104.0,0.0,19.52,16.76,7.1,0.0
20230502:1610,59.0,44.0,0.0,8.34,15.68,6.97,0.0
20230502:1710,0.0,0.0,0.0,0.0,14.43,6.9,0.0
20230502:1810,0.0,0.0,0.0,0.0,13.48,6.9,0.0
20230502:1910,0.0,0.0,0.0,0.0,12.95,6.55,0.0
20230502:2010,0.0,0.0,0.0,0.0,12.58,6.55,0.0
20230502:2110,0.0,0.0,0.0,0.0,12.32,6.28,0.0
20230502:2210,0.0,0.0,0.0,0.0,12.15,6.21,0.0
20230502:2310,0.0,0.0,0.0,0.0,11.97,6.0,0.0
20230503:0010,0.0,0.0,0.0,0.0,11.8,5.86,0.0
20230503:0110,0.0,0.0,0.0,0.0,11.6,5.59,0.0
20230503:0210,0.0,0.0,0.0,0.0,11.49,5.24,0.0
20230503:0310,0.0,0.0,0.0,0.0,11.41,5.17,0.0
20230503:0410,29.0,83.0,0.0,11.95,11.61,4.76,0.0
20230503:0510,37.0,175.0,0.0,23.19,12.62,3.59,0.0
20230503:0610,113.0,266.0,0.0,34.46,13.98,2.28,0.0
20230503:0710,70.0,344.0,0.0,45.34,15.61,3.52,0.0
20230503:0810,648.0,176.0,0.0,55.14,16.75,3.1,0.0
20230503:0910,745.01,167.0,0.0,62.36,18.05,3.52,0.0
20230503:1010,785.01,158.0,0.0,64.55,19.02,3.93,0.0
20230503:1110,727.01,166.0,0.0,60.53,20.01,3.93,0.0
20230503:1210,371.0,312.0,0.0,52.28,20.54,4.14,0.0
20230503:1310,526.0,138.0,0.0,42.04,20.57,4.55,0.0
20230503:1410,282.0,165.0,0.0,30.98,19.88,4.97,0.0
20230503:1510,119.0,129.0,0.0,19.68,18.62,4.9,0.0
20230503:1610,49.0,48.0,0.0,8.51,17.32,4.55,0.0
20230503:1710,0.0,0.0,0.0,0.0,16.05,4.28,0.0
20230503:1810,0.0,0.0,0.0,0.0,15.29,4.0,0.0
20230503:1910,0.0,0.0,0.0,0.0,14.21,2.14,0.0
20230503:2010,0.0,0.0,0.0,0.0,13.55,2.0,0.0
20230503:2110,0.0,0.0,0.0,0.0,12.79,1.86,0.0
20230503:2210,0.0,0.0,0.0,0.0,12.34,1.66,0.0
20230503:2310,0.0,0.0,0.0,0.0,11.98,1.59,0.0
20230504:0010,0.0,0.0,0.0,0.0,11.81,1.79,0.0
20230504:0110,0.0,0.0,0.0,0.0,11.86,2.55,0.0
20230504:0210,0.0,0.0,0.0,0.0,11.83,2.41,0.0
20230504:0310,0.0,0.0,0.0,0.0,11.79,2.07,0.0
20230504:0410,0.0,13.0,0.0,12.15,11.79,1.86,0.0
20230504:0510,0.0,106.0,0.0,23.39,11.93,2.28,0.0
20230504:0610,1.0,175.0,0.0,34.66,12.41,3.03,0.0
20230504:0710,14.0,292.0,0.0,45.56,13.26,2.69,0.0
20230504:0810,348.0,337.0,0.0,55.38,14.96,3.59,0.0
20230504:0910,433.0,340.0,0.0,62.64,16.29,3.72,0.0
20230504:1010,706.01,195.0,0.0,64.84,17.68,3.17,0.0
20230504:1110,748.01,148.0,0.0,60.78,18.82,2.69,0.0
20230504:1210,655.0,144.0,0.0,52.49,19.62,2.83,0.0
20230504:1310,36.0,302.0,0.0,42.22,19.88,3.1,0.0
20230504:1410,37.0,230.0,0.0,31.14,19.48,3.72,0.0
20230504:1510,31.0,144.0,0.0,19.85,18.54,3.86,0.0
20230504:1610,30.0,54.0,0.0,8.68,17.23,3.86,0.0
20230504:1710,0.0,0.0,0.0,0.0,15.66,4.28,0.0
20230504:1810,0.0,0.0,0.0,0.0,14.6,4.48,0.0
20230504:1910,0.0,0.0,0.0,0.0,13.6,3.66,0.0
20230504:2010,0.0,0.0,0.0,0.0,13.19,3.24,0.0
20230504:2110,0.0,0.0,0.0,0.0,12.93,2.69,0.0
20230504:2210,0.0,0.0,0.0,0.0,12.66,2.69,0.0
20230504:2310,0.0,0.0,0.0,0.0,12.38,2.9,0.0
20230505:0010,0.0,0.0,0.0,0.0,12.18,3.24,0.0
20230505:0110,0.0,0.0,0.0,0.0,12.08,3.79,0.0
20230505:0210,0.0,0.0,0.0,0.0,11.91,4.21,0.0
20230505:0310,0.0,0.0,0.0,0.0,11.81,4.55,0.0
20230505:0410,0.0,14.0,0.0,12.35,11.81,4.41,0.0
20230505:0510,0.0,38.0,0.0,23.58,12.11,4.34,0.0
20230505:0610,0.0,103.0,0.0,34.86,12.38,4.28,0.0
20230505:0710,0.0,218.0,0.0,45.77,12.22,6.21,0.0
20230505:0810,18.0,345.0,0.0,55.62,12.41,6.07,0.0
20230505:0910,0.0,262.0,0.0,62.92,13.05,6.62,0.0
20230505:1010,148.0,450.0,0.0,65.13,14.26,6.14,0.0
20230505:1110,57.0,414.0,0.0,61.02,14.44,6.28,0.0
20230505:1210,0.0,242.0,0.0,52.69,14.07,6.34,0.0
20230505:1310,0.0,174.0,0.0,42.39,13.6,6.62,0.0
20230505:1410,0.0,152.0,0.0,31.3,13.07,7.24,0.0
20230505:1510,0.0,84.0,0.0,20.01,12.7,7.38,0.0
20230505:1610,0.0,12.0,0.0,8.85,12.47,7.31,0.0
20230505:1710,0.0,0.0,0.0,0.0,12.09,6.69,0.0
20230505:1810,0.0,0.0,0.0,0.0,11.76,6.21,0.0
20230505:1910,0.0,0.0,0.0,0.0,10.94,6.14,0.0
20230505:2010,0.0,0.0,0.0,0.0,10.8,5.59,0.0
20230505:2110,0.0,0.0,0.0,0.0,10.8,5.59,0.0
20230505:2210,0.0,0.0,0.0,0.0,10.82,5.45,0.0
20230505:2310,0.0,0.0,0.0,0.0,10.74,5.1,0.0
20230506:0010,0.0,0.0,0.0,0.0,10.61,4.83,0.0
20230506:0110,0.0,0.0,0.0,0.0,10.59,5.17,0.0
20230506:0210,0.0,0.0,0.0,0.0,10.52,5.17,0.0
20230506:0310,0.0,1.0,0.0,1.68,10.62,5.24,0.0
20230506:0410,0.0,19.0,0.0,12.55,10.82,5.38,0.0
20230506:0510,0.0,31.0,0.0,23.78,11.56,5.17,0.0
20230506:0610,0.0,133.0,0.0,35.05,12.45,5.93,0.0
20230506:0710,0.0,220.0,0.0,45.98,12.64,6.97,0.0
20230506:0810,14.0,341.0,0.0,55.86,13.47,6.69,0.0
20230506:0910,209.0,435.0,0.0,63.19,14.47,6.48,0.0
20230506:1010,1.0,300.0,0.0,65.41,15.36,6.83,0.0
20230506:1110,38.0,401.0,0.0,61.26,15.73,7.17,0.0
20230506:1210,4.0,288.0,0.0,52.88,15.6,6.76,0.0
20230506:1310,0.0,155.0,0.0,42.56,15.33,6.55,0.0
20230506:1410,0.0,85.0,0.0,31.46,14.9,6.28,0.0
20230506:1510,82.0,144.0,0.0,20.17,14.44,6.07,0.0
20230506:1610,17.0,58.0,0.0,9.02,13.78,5.17,0.0
20230506:1710,0.0,0.0,0.0,0.0,13.06,4.69,0.0
20230506:1810,0.0,0.0,0.0,0.0,12.53,4.0,0.0
20230506:1910,0.0,0.0,0.0,0.0,11.98,4.48,0.0
20230506:2010,0.0,0.0,0.0,0.0,11.76,4.48,0.0
20230506:2110,0.0,0.0,0.0,0.0,11.54,4.14,0.0
20230506:2210,0.0,0.0,0.0,0.0,11.4,4.07,0.0
20230506:2310,0.0,0.0,0.0,0.0,11.35,3.52,0.0
20230507:0010,0.0,0.0,0.0,0.0,11.28,3.1,0.0
20230507:0110,0.0,0.0,0.0,0.0,11.24,2.83,0.0
20230507:0210,0.0,0.0,0.0,0.0,11.25,2.21,0.0
20230507:0310,0.0,1.0,0.0,1.88,11.13,1.86,0.0
20230507:0410,0.0,31.0,0.0,12.74,11.53,1.66,0.0
20230507:0510,0.0,62.0,0.0,23.96,12.67,2.28,0.0
20230507:0610,19.0,242.0,0.0,35.24,13.51,2.21,0.0
20230507:0710,102.0,351.0,0.0,46.18,14.5,2.55,0.0
20230507:0810,57.0,395.0,0.0,56.09,14.93,2.41,0.0
20230507:0910,593.0,260.0,0.0,63.45,15.66,2.48,0.0
20230507:1010,464.0,344.0,0.0,65.68,16.32,3.17,0.0
20230507:1110,451.0,327.0,0.0,61.5,16.78,4.76,0.0
20230507:1210,625.0,167.0,0.0,53.08,16.56,5.66,0.0
20230507:1310,533.0,136.0,0.0,42.73,16.05,5.38,0.0
20230507:1410,372.0,119.0,0.0,31.62,15.55,5.03,0.0
20230507:1510,183.0,102.0,0.0,20.32,15.01,4.69,0.0
20230507:1610,50.0,53.0,0.0,9.19,14.22,4.55,0.0
20230507:1710,0.0,0.0,0.0,0.0,13.27,4.28,0.0
20230507:1810,0.0,0.0,0.0,0.0,12.36,3.79,0.0
20230507:1910,0.0,0.0,0.0,0.0,11.89,3.79,0.0
20230507:2010,0.0,0.0,0.0,0.0,11.44,3.17,0.0
20230507:2110,0.0,0.0,0.0,0.0,11.11,2.69,0.0
20230507:2210,0.0,0.0,0.0,0.0,10.82,2.55,0.0
20230507:2310,0.0,0.0,0.0,0.0,10.55,2.55,0.0
20230508:0010,0.0,0.0,0.0,0.0,10.43,2.69,0.0
20230508:0110,0.0,0.0,0.0,0.0,10.39,2.9,0.0
20230508:0210,0.0,0.0,0.0,0.0,10.29,2.9,0.0
20230508:0310,0.0,1.0,0.0,2.07,10.26,2.9,0.0
20230508:0410,0.0,25.0,0.0,12.92,10.61,3.03,0.0
20230508:0510,0.0,98.0,0.0,24.14,11.26,3.59,0.0
20230508:0610,180.0,255.0,0.0,35.42,12.41,3.31,0.0
20230508:0710,502.0,190.0,0.0,46.38,13.1,2.76,0.0
20230508:0810,453.0,297.0,0.0,56.31,14.1,2.41,0.0
20230508:0910,480.0,329.0,0.0,63.71,15.26,2.34,0.0
20230508:1010,374.0,393.0,0.0,65.95,16.12,2.48,0.0
20230508:1110,635.0,229.0,0.0,61.73,16.72,2.48,0.0
20230508:1210,655.0,156.0,0.0,53.27,17.25,2.9,0.0
20230508:1310,515.0,149.0,0.0,42.9,17.51,3.72,0.0
20230508:1410,397.0,111.0,0.0,31.78,17.19,4.55,0.0
20230508:1510,154.0,121.0,0.0,20.48,16.17,4.97,0.0
20230508:1610,42.0,58.0,0.0,9.35,14.87,5.24,0.0
20230508:1710,0.0,0.0,0.0,0.0,13.61,5.45,0.0
20230508:1810,0.0,0.0,0.0,0.0,12.64,5.38,0.0
20230508:1910,0.0,0.0,0.0,0.0,11.9,5.59,0.0
20230508:2010,0.0,0.0,0.0,0.0,11.62,5.31,0.0
20230508:2110,0.0,0.0,0.0,0.0,11.3,5.17,0.0
20230508:2210,0.0,0.0,0.0,0.0,11.09,5.38,0.0
20230508:2310,0.0,0.0,0.0,0.0,10.94,5.86,0.0
20230509:0010,0.0,0.0,0.0,0.0,11.01,5.93,0.0
20230509:0110,0.0,0.0,0.0,0.0,10.98,5.86,0.0
20230509:0210,0.0,0.0,0.0,0.0,11.1,5.86,0.0
20230509:0310,0.0,1.0,0.0,2.27,11.24,5.38,0.0
20230509:0410,1.0,66.0,0.0,13.1,11.49,6.0,0.0
20230509:0510,0.0,50.0,0.0,24.32,11.98,6.28,0.0
20230509:0610,0.0,91.0,0.0,35.6,12.71,6.28,0.0
20230509:0710,7.0,277.0,0.0,46.57,12.96,6.41,0.0
20230509:0810,31.0,374.0,0.0,56.52,13.09,6.14,0.0
20230509:0910,54.0,426.0,0.0,63.97,13.15,6.21,0.0
20230509:1010,222.0,444.0,0.0,66.22,13.6,6.14,0.0
20230509:1110,258.0,413.0,0.0,61.96,13.87,6.14,0.0
20230509:1210,68.0,385.0,0.0,53.46,13.81,6.48,0.0
20230509:1310,33.0,306.0,0.0,43.06,13.82,6.83,0.0
20230509:1410,8.0,200.0,0.0,31.93,13.39,6.97,0.0
20230509:1510,0.0,72.0,0.0,20.64,12.97,7.1,0.0
20230509:1610,4.0,54.0,0.0,9.51,12.5,6.83,0.0
20230509:1710,0.0,0.0,0.0,0.0,11.87,6.48,0.0
20230509:1810,0.0,0.0,0.0,0.0,11.39,6.21,0.0
20230509:1910,0.0,0.0,0.0,0.0,11.26,6.55,0.0
20230509:2010,0.0,0.0,0.0,0.0,11.07,6.14,0.0
20230509:2110,0.0,0.0,0.0,0.0,10.86,5.72,0.0
20230509:2210,0.0,0.0,0.0,0.0,10.69,5.86,0.0
20230509:2310,0.0,0.0,0.0,0.0,10.55,5.79,0.0
20230510:0010,0.0,0.0,0.0,0.0,10.5,5.93,0.0
20230510:0110,0.0,0.0,0.0,0.0,10.43,5.86,0.0
20230510:0210,0.0,0.0,0.0,0.0,10.32,6.14,0.0
20230510:0310,0.0,1.0,0.0,2.45,10.34,6.07,0.0
20230510:0410,0.0,15.0,0.0,13.28,10.51,6.07,0.0
20230510:0510,4.0,144.0,0.0,24.49,11.07,7.03,0.0
20230510:0610,14.0,237.0,0.0,35.77,11.67,6.97,0.0
20230510:0710,77.0,351.0,0.0,46.75,11.88,7.17,0.0
20230510:0810,130.0,414.0,0.0,56.74,12.66,6.9,0.0
20230510:0910,29.0,401.0,0.0,64.22,12.84,6.83,0.0
20230510:1010,45.0,429.0,0.0,66.48,12.94,6.9,0.0
20230510:1110,3.0,313.0,0.0,62.19,13.16,7.38,0.0
20230510:1210,21.0,347.0,0.0,53.64,13.44,7.45,0.0
20230510:1310,98.0,330.0,0.0,43.22,13.49,7.45,0.0
20230510:1410,0.0,83.0,0.0,32.09,13.39,7.45,0.0
20230510:1510,0.0,59.0,0.0,20.79,12.99,7.03,0.0
20230510:1610,10.0,61.0,0.0,9.68,12.49,6.83,0.0
20230510:1710,0.0,0.0,0.0,0.0,12.11,6.28,0.0
20230510:1810,0.0,0.0,0.0,0.0,11.6,5.93,0.0
20230510:1910,0.0,0.0,0.0,0.0,11.46,6.14,0.0
20230510:2010,0.0,0.0,0.0,0.0,11.43,5.86,0.0
20230510:2110,0.0,0.0,0.0,0.0,11.34,5.93,0.0
20230510:2210,0.0,0.0,0.0,0.0,11.22,5.86,0.0
20230510:2310,0.0,0.0,0.0,0.0,10.99,5.66,0.0
20230511:0010,0.0,0.0,0.0,0.0,10.72,5.86,0.0
20230511:0110,0.0,0.0,0.0,0.0,10.69,6.14,0.0
20230511:0210,0.0,0.0,0.0,0.0,10.76,6.62,0.0
20230511:0310,0.0,2.0,0.0,2.63,10.65,6.62,0.0
20230511:0410,5.0,79.0,0.0,13.45,10.74,6.55,0.0
20230511:0510,4.0,148.0,0.0,24.65,11.14,7.59,0.0
20230511:0610,16.0,243.0,0.0,35.94,11.74,7.59,0.0
20230511:0710,2.0,243.0,0.0,46.93,12.52,7.52,0.0
20230511:0810,3.0,295.0,0.0,56.94,13.19,7.38,0.0
20230511:0910,15.0,374.0,0.0,64.46,13.57,7.66,0.0
20230511:1010,0.0,244.0,0.0,66.74,13.66,7.93,0.0
20230511:1110,25.0,389.0,0.0,62.41,13.73,8.07,0.0
20230511:1210,9.0,319.0,0.0,53.82,13.64,8.0,0.0
20230511:1310,3.0,238.0,0.0,43.38,13.75,8.0,0.0
20230511:1410,2.0,176.0,0.0,32.24,13.56,7.93,0.0
20230511:1510,21.0,148.0,0.0,20.94,13.05,7.93,0.0
20230511:1610,0.0,19.0,0.0,9.84,12.41,8.14,0.0
20230511:1710,0.0,0.0,0.0,0.0,11.81,7.79,0.0
20230511:1810,0.0,0.0,0.0,0.0,11.37,7.45,0.0
20230511:1910,0.0,0.0,0.0,0.0,11.18,7.45,0.0
20230511:2010,0.0,0.0,0.0,0.0,11.05,7.1,0.0
20230511:2110,0.0,0.0,0.0,0.0,10.98,6.97,0.0
20230511:2210,0.0,0.0,0.0,0.0,10.93,7.1,0.0
20230511:2310,0.0,0.0,0.0,0.0,10.96,7.03,0.0
20230512:0010,0.0,0.0,0.0,0.0,11.03,6.97,0.0
20230512:0110,0.0,0.0,0.0,0.0,11.14,6.9,0.0
20230512:0210,0.0,0.0,0.0,0.0,11.22,6.62,0.0
20230512:0310,0.0,2.0,0.0,2.81,11.3,6.55,0.0
20230512:0410,0.0,16.0,0.0,13.61,11.4,6.55,0.0
20230512:0510,0.0,47.0,0.0,24.81,11.69,7.93,0.0
20230512:0610,0.0,62.0,0.0,36.1,11.99,8.07,0.0
20230512:0710,0.0,154.0,0.0,47.11,12.3,7.52,0.0
20230512:0810,9.0,328.0,0.0,57.14,12.52,7.45,0.0
20230512:0910,0.0,262.0,0.0,64.7,12.71,7.38,0.0
20230512:1010,0.0,180.0,0.0,66.99,13.03,6.97,0.0
20230512:1110,0.0,158.0,0.0,62.63,13.33,6.9,0.0
20230512:1210,0.0,125.0,0.0,54.0,13.37,6.97,0.0
20230512:1310,0.0,114.0,0.0,43.54,13.3,7.03,0.0
20230512:1410,0.0,87.0,0.0,32.39,13.04,6.9,0.0
20230512:1510,1.0,103.0,0.0,21.09,12.87,6.69,0.0
20230512:1610,2.0,51.0,0.0,9.99,12.51,6.14,0.0
20230512:1710,0.0,0.0,0.0,0.0,12.11,5.79,0.0
20230512:1810,0.0,0.0,0.0,0.0,11.81,5.24,0.0
20230512:1910,0.0,0.0,0.0,0.0,11.39,4.83,0.0
20230512:2010,0.0,0.0,0.0,0.0,11.11,4.48,0.0
20230512:2110,0.0,0.0,0.0,0.0,10.85,4.07,0.0
20230512:2210,0.0,0.0,0.0,0.0,10.57,3.72,0.0
20230512:2310,0.0,0.0,0.0,0.0,10.4,3.66,0.0
20230513:0010,0.0,0.0,0.0,0.0,10.22,3.52,0.0
20230513:0110,0.0,0.0,0.0,0.0,10.02,3.24,0.0
20230513:0210,0.0,0.0,0.0,0.0,9.89,3.1,0.0
20230513:0310,0.0,2.0,0.0,2.98,9.77,2.97,0.0
20230513:0410,59.0,94.0,0.0,13.77,10.13,2.69,0.0
20230513:0510,174.0,159.0,0.0,24.97,11.46,2.83,0.0
20230513:0610,412.0,146.0,0.0,36.26,12.67,3.1,0.0
20230513:0710,568.0,159.0,0.0,47.27,13.72,3.24,0.0
20230513:0810,590.0,228.0,0.0,57.33,14.85,3.17,0.0
20230513:0910,790.01,156.0,0.0,64.93,15.79,2.9,0.0
20230513:1010,831.01,145.0,0.0,67.24,16.31,2.48,0.0
20230513:1110,792.01,144.0,0.0,62.84,16.92,2.62,0.0
20230513:1210,590.0,203.0,0.0,54.18,17.23,3.31,0.0
20230513:1310,520.0,154.0,0.0,43.7,17.03,3.79,0.0
20230513:1410,402.0,116.0,0.0,32.54,16.78,4.62,0.0
20230513:1510,212.0,99.0,0.0,21.24,16.09,4.62,0.0
20230513:1610,68.0,56.0,0.0,10.15,15.14,4.34,0.0
20230513:1710,0.0,0.0,0.0,0.0,13.94,3.93,0.0
20230513:1810,0.0,0.0,0.0,0.0,12.84,3.52,0.0
20230513:1910,0.0,0.0,0.0,0.0,12.53,2.0,0.0
20230513:2010,0.0,0.0,0.0,0.0,11.48,1.93,0.0
20230513:2110,0.0,0.0,0.0,0.0,10.62,2.21,0.0
20230513:2210,0.0,0.0,0.0,0.0,9.95,2.0,0.0
20230513:2310,0.0,0.0,0.0,0.0,9.33,1.86,0.0
20230514:0010,0.0,0.0,0.0,0.0,8.76,1.93,0.0
20230514:0110,0.0,0.0,0.0,0.0,8.42,2.21,0.0
20230514:0210,0.0,0.0,0.0,0.0,8.34,2.34,0.0
20230514:0310,0.0,6.0,0.0,3.15,8.32,2.21,0.0
20230514:0410,103.0,77.0,0.0,13.93,9.48,2.28,0.0
20230514:0510,259.0,113.0,0.0,25.12,12.1,2.48,0.0
20230514:0610,430.0,134.0,0.0,36.41,13.6,2.83,0.0
20230514:0710,496.0,198.0,0.0,47.44,14.46,2.55,0.0
20230514:0810,611.0,209.0,0.0,57.52,15.91,2.62,0.0
20230514:0910,616.0,255.0,0.0,65.15,17.01,2.48,0.0
20230514:1010,806.01,153.0,0.0,67.48,17.92,2.62,0.0
20230514:1110,747.01,162.0,0.0,63.05,18.44,3.31,0.0
20230514:1210,4.0,290.0,0.0,54.36,18.31,3.79,0.0
20230514:1310,151.0,328.0,0.0,43.85,17.84,3.72,0.0
20230514:1410,6.0,198.0,0.0,32.69,17.77,3.93,0.0
20230514:1510,10.0,139.0,0.0,21.39,17.24,4.28,0.0
20230514:1610,9.0,64.0,0.0,10.31,16.21,4.48,0.0
20230514:1710,0.0,0.0,0.0,0.0,14.99,4.41,0.0
20230514:1810,0.0,0.0,0.0,0.0,14.07,3.52,0.0
20230514:1910,0.0,0.0,0.0,0.0,13.42,2.69,0.0
20230514:2010,0.0,0.0,0.0,0.0,12.85,3.38,0.0
20230514:2110,0.0,0.0,0.0,0.0,12.48,3.93,0.0
20230514:2210,0.0,0.0,0.0,0.0,12.31,3.72,0.0
20230514:2310,0.0,0.0,0.0,0.0,12.44,3.03,0.0
20230515:0010,0.0,0.0,0.0,0.0,12.62,2.97,0.0
20230515:0110,0.0,0.0,0.0,0.0,12.74,2.9,0.0
20230515:0210,0.0,0.0,0.0,0.0,12.86,2.83,0.0
20230515:0310,0.0,2.0,0.0,3.31,12.94,2.9,0.0
20230515:0410,0.0,40.0,0.0,14.08,13.04,2.9,0.0
20230515:0510,0.0,41.0,0.0,25.26,13.69,3.1,0.0
20230515:0610,0.0,161.0,0.0,36.56,14.76,3.17,0.0
20230515:0710,444.0,223.0,0.0,47.59,17.14,2.21,0.0
20230515:0810,465.0,288.0,0.0,57.7,18.91,1.93,0.0
20230515:0910,525.0,301.0,0.0,65.37,20.45,1.59,0.0
20230515:1010,285.0,426.0,0.0,67.72,21.55,1.31,0.0
20230515:1110,601.0,244.0,0.0,63.26,22.47,1.38,0.0
20230515:1210,239.0,371.0,0.0,54.53,23.18,1.72,0.0
20230515:1310,472.0,174.0,0.0,44.0,23.44,2.0,0.0
20230515:1410,236.0,199.0,0.0,32.83,23.28,3.1,0.0
20230515:1510,84.0,153.0,0.0,21.54,22.35,4.07,0.0
20230515:1610,67.0,58.0,0.0,10.46,20.71,4.41,0.0
20230515:1710,0.0,0.0,0.0,0.0,18.78,4.34,0.0
20230515:1810,0.0,0.0,0.0,0.0,17.61,4.14,0.0
20230515:1910,0.0,0.0,0.0,0.0,16.05,4.21,0.0
20230515:2010,0.0,0.0,0.0,0.0,15.58,4.14,0.0
20230515:2110,0.0,0.0,0.0,0.0,15.32,3.86,0.0
20230515:2210,0.0,0.0,0.0,0.0,15.17,3.38,0.0
20230515:2310,0.0,0.0,0.0,0.0,15.0,3.1,0.0
20230516:0010,0.0,0.0,0.0,0.0,14.72,3.1,0.0
20230516:0110,0.0,0.0,0.0,0.0,14.52,3.24,0.0
20230516:0210,0.0,0.0,0.0,0.0,14.24,3.31,0.0
20230516:0310,0.0,2.0,0.0,3.46,14.03,3.59,0.0
20230516:0410,0.0,16.0,0.0,14.22,14.55,3.79,0.0
20230516:0510,20.0,177.0,0.0,25.4,16.16,4.0,0.0
20230516:0610,315.0,196.0,0.0,36.7,18.09,4.28,0.0
20230516:0710,537.0,168.0,0.0,47.74,19.52,4.48,0.0
20230516:0810,648.0,180.0,0.0,57.87,21.46,4.62,0.0
20230516:0910,730.01,177.0,0.0,65.59,23.19,4.62,0.0
20230516:1010,760.01,171.0,0.0,67.95,24.51,4.76,0.0
20230516:1110,733.0,165.0,0.0,63.46,25.17,5.31,0.0
20230516:1210,637.0,163.0,0.0,54.7,25.35,5.86,0.0
20230516:1310,271.0,283.0,0.0,44.15,24.86,5.86,0.0
20230516:1410,284.0,175.0,0.0,32.97,24.1,5.86,0.0
20230516:1510,128.0,139.0,0.0,21.68,22.95,5.86,0.0
20230516:1610,0.0,15.0,0.0,10.61,21.33,5.72,0.0
20230516:1710,0.0,0.0,0.0,0.0,19.82,5.38,0.0
20230516:1810,0.0,0.0,0.0,0.0,18.8,1.17,0.0
20230516:1910,0.0,0.0,0.0,0.0,17.67,5.1,0.0
20230516:2010,0.0,0.0,0.0,0.0,17.52,4.34,0.0
20230516:2110,0.0,0.0,0.0,0.0,16.9,1.93,0.0
20230516:2210,0.0,0.0,0.0,0.0,15.67,2.97,0.0
20230516:2310,0.0,0.0,0.0,0.0,15.04,2.0,0.0
20230517:0010,0.0,0.0,0.0,0.0,14.29,2.69,0.0
20230517:0110,0.0,0.0,0.0,0.0,13.95,2.28,0.0
20230517:0210,0.0,0.0,0.0,0.0,13.78,2.14,0.0
20230517:0310,0.0,2.0,0.0,3.61,13.64,2.14,0.0
20230517:0410,0.0,16.0,0.0,14.36,13.88,1.59,0.0
20230517:0510,0.0,33.0,0.0,25.53,14.43,2.14,0.0
20230517:0610,0.0,54.0,0.0,36.83,14.86,2.48,0.0
20230517:0710,0.0,85.0,0.0,47.89,15.9,1.93,0.0
20230517:0810,0.0,127.0,0.0,58.04,16.26,2.76,0.0
20230517:0910,0.0,127.0,0.0,65.79,16.34,3.17,0.0
20230517:1010,0.0,212.0,0.0,68.18,16.07,3.45,0.0
20230517:1110,115.0,439.0,0.0,63.66,15.97,3.52,0.0
20230517:1210,458.0,268.0,0.0,54.86,15.66,3.31,0.0
20230517:1310,91.0,330.0,0.0,44.3,15.27,2.62,0.0
20230517:1410,176.0,226.0,0.0,33.11,14.78,1.59,0.0
20230517:1510,102.0,150.0,0.0,21.83,14.65,1.72,0.0
20230517:1610,19.0,71.0,0.0,10.76,14.34,2.21,0.0
20230517:1710,0.0,0.0,0.0,0.0,13.99,1.52,0.0
20230517:1810,0.0,0.0,0.0,0.0,13.35,0.97,0.0
20230517:1910,0.0,0.0,0.0,0.0,13.94,3.24,0.0
20230517:2010,0.0,0.0,0.0,0.0,13.68,3.1,0.0
20230517:2110,0.0,0.0,0.0,0.0,13.45,3.17,0.0
20230517:2210,0.0,0.0,0.0,0.0,13.16,2.9,0.0
20230517:2310,0.0,0.0,0.0,0.0,13.04,2.28,0.0
20230518:0010,0.0,0.0,0.0,0.0,12.96,1.52,0.0
20230518:0110,0.0,0.0,0.0,0.0,12.63,1.93,0.0
20230518:0210,0.0,0.0,0.0,0.0,12.53,2.62,0.0
20230518:0310,0.0,3.0,0.0,3.76,12.57,2.55,0.0
20230518:0410,0.0,17.0,0.0,14.5,12.99,1.93,0.0
20230518:0510,0.0,41.0,0.0,25.66,13.64,2.07,0.0
20230518:0610,0.0,64.0,0.0,36.96,14.11,2.28,0.0
20230518:0710,0.0,119.0,0.0,48.02,14.84,2.21,0.0
20230518:0810,0.0,233.0,0.0,58.2,15.27,1.52,0.0
20230518:0910,0.0,186.0,0.0,65.99,15.63,1.93,0.0
20230518:1010,0.0,174.0,0.0,68.4,15.85,2.69,0.0
20230518:1110,0.0,214.0,0.0,63.86,15.7,3.17,0.0
20230518:1210,0.0,140.0,0.0,55.03,15.74,3.31,0.0
20230518:1310,0.0,148.0,0.0,44.45,15.53,3.45,0.0
20230518:1410,0.0,161.0,0.0,33.25,15.42,3.66,0.0
20230518:1510,0.0,93.0,0.0,21.97,15.39,3.38,0.0
20230518:1610,17.0,72.0,0.0,10.91,15.12,2.97,0.0
20230518:1710,0.0,0.0,0.0,0.0,14.74,2.55,0.0
20230518:1810,0.0,0.0,0.0,0.0,14.12,2.14,0.0
20230518:1910,0.0,0.0,0.0,0.0,13.78,2.07,0.0
20230518:2010,0.0,0.0,0.0,0.0,13.58,2.14,0.0
20230518:2110,0.0,0.0,0.0,0.0,13.31,2.28,0.0
20230518:2210,0.0,0.0,0.0,0.0,13.2,2.34,0.0
20230518:2310,0.0,0.0,0.0,0.0,13.12,2.34,0.0
20230519:0010,0.0,0.0,0.0,0.0,13.06,2.07,0.0
20230519:0110,0.0,0.0,0.0,0.0,13.03,1.93,0.0
20230519:0210,0.0,0.0,0.0,0.0,12.96,1.93,0.0
20230519:0310,0.0,21.0,0.0,3.9,12.98,1.86,0.0
20230519:0410,0.0,61.0,0.0,14.63,13.44,1.93,0.0
20230519:0510,21.0,181.0,0.0,25.78,13.98,1.59,0.0
20230519:0610,17.0,249.0,0.0,37.08,14.58,1.72,0.0
20230519:0710,25.0,322.0,0.0,48.16,14.64,2.14,0.0
20230519:0810,94.0,415.0,0.0,58.36,14.94,2.41,0.0
20230519:0910,23.0,396.0,0.0,66.19,15.2,2.69,0.0
20230519:1010,0.0,245.0,0.0,68.62,15.9,2.76,0.0
20230519:1110,2.0,311.0,0.0,64.05,16.42,3.31,0.0
20230519:1210,50.0,381.0,0.0,55.18,16.83,3.38,0.0
20230519:1310,0.0,138.0,0.0,44.59,16.98,3.52,0.0
20230519:1410,0.0,81.0,0.0,33.39,17.29,3.38,0.0
20230519:1510,13.0,146.0,0.0,22.11,17.05,3.24,0.0
20230519:1610,1.0,52.0,0.0,11.06,16.46,2.62,0.0
20230519:1710,0.0,0.0,0.0,0.0,15.72,1.86,0.0
20230519:1810,0.0,0.0,0.0,0.0,14.84,1.1,0.0
20230519:1910,0.0,0.0,0.0,0.0,13.85,1.66,0.0
20230519:2010,0.0,0.0,0.0,0.0,13.18,2.0,0.0
20230519:2110,0.0,0.0,0.0,0.0,12.67,2.14,0.0
20230519:2210,0.0,0.0,0.0,0.0,12.46,2.0,0.0
20230519:2310,0.0,0.0,0.0,0.0,12.06,1.86,0.0
20230520:0010,0.0,0.0,0.0,0.0,11.65,2.0,0.0
20230520:0110,0.0,0.0,0.0,0.0,11.36,1.93,0.0
20230520:0210,0.0,0.0,0.0,0.0,10.99,1.93,0.0
20230520:0310,0.0,3.0,0.0,4.03,10.74,2.0,0.0
20230520:0410,0.0,34.0,0.0,14.75,12.11,2.0,0.0
20230520:0510,93.0,191.0,0.0,25.9,14.57,2.21,0.0
20230520:0610,14.0,244.0,0.0,37.2,15.48,2.0,0.0
20230520:0710,30.0,329.0,0.0,48.28,16.21,2.9,0.0
20230520:0810,38.0,387.0,0.0,58.51,16.8,3.17,0.0
20230520:0910,77.0,443.0,0.0,66.38,17.53,3.72,0.0
20230520:1010,1.0,311.0,0.0,68.83,17.85,3.72,0.0
20230520:1110,97.0,441.0,0.0,64.23,18.1,3.59,0.0
20230520:1210,488.0,259.0,0.0,55.34,18.27,4.0,0.0
20230520:1310,310.0,271.0,0.0,44.73,18.09,4.28,0.0
20230520:1410,6.0,203.0,0.0,33.53,17.94,4.21,0.0
20230520:1510,126.0,147.0,0.0,22.24,17.6,4.0,0.0
20230520:1610,64.0,65.0,0.0,11.2,17.03,3.59,0.0
20230520:1710,0.0,0.0,0.0,0.0,16.12,2.97,0.0
20230520:1810,0.0,0.0,0.0,0.0,15.21,2.41,0.0
20230520:1910,0.0,0.0,0.0,0.0,14.62,2.0,0.0
20230520:2010,0.0,0.0,0.0,0.0,13.9,2.14,0.0
20230520:2110,0.0,0.0,0.0,0.0,13.53,2.34,0.0
20230520:2210,0.0,0.0,0.0,0.0,13.29,2.55,0.0
20230520:2310,0.0,0.0,0.0,0.0,13.16,2.9,0.0
20230521:0010,0.0,0.0,0.0,0.0,13.07,2.69,0.0
20230521:0110,0.0,0.0,0.0,0.0,12.96,2.41,0.0
20230521:0210,0.0,0.0,0.0,0.0,12.94,2.0,0.0
20230521:0310,0.0,3.0,0.0,4.16,12.9,1.24,0.0
20230521:0410,0.0,17.0,0.0,14.87,13.23,0.69,0.0
20230521:0510,0.0,45.0,0.0,26.01,13.68,0.41,0.0
20230521:0610,0.0,114.0,0.0,37.31,14.61,1.59,0.0
20230521:0710,4.0,263.0,0.0,48.4,15.95,3.03,0.0
20230521:0810,34.0,382.0,0.0,58.65,17.16,2.62,0.0
20230521:0910,625.0,249.0,0.0,66.56,18.0,2.0,0.0
20230521:1010,580.0,287.0,0.0,69.04,18.85,1.93,0.0
20230521:1110,669.0,210.0,0.0,64.42,19.43,2.69,0.0
20230521:1210,657.0,159.0,0.0,55.5,19.76,3.72,0.0
20230521:1310,580.0,123.0,0.0,44.87,19.51,4.55,0.0
20230521:1410,388.0,126.0,0.0,33.66,19.03,4.83,0.0
20230521:1510,220.0,102.0,0.0,22.38,18.27,4.97,0.0
20230521:1610,55.0,70.0,0.0,11.34,17.4,4.48,0.0
20230521:1710,0.0,0.0,0.0,0.0,16.42,4.21,0.0
20230521:1810,0.0,0.0,0.0,0.0,15.43,4.14,0.0
20230521:1910,0.0,0.0,0.0,0.0,14.97,3.72,0.0
20230521:2010,0.0,0.0,0.0,0.0,14.56,3.93,0.0
20230521:2110,0.0,0.0,0.0,0.0,14.19,4.07,0.0
20230521:2210,0.0,0.0,0.0,0.0,14.01,3.93,0.0
20230521:2310,0.0,0.0,0.0,0.0,13.9,3.86,0.0
20230522:0010,0.0,0.0,0.0,0.0,13.8,3.86,0.0
20230522:0110,0.0,0.0,0.0,0.0,13.59,3.86,0.0
20230522:0210,0.0,0.0,0.0,0.0,13.51,3.86,0.0
20230522:0310,0.0,3.0,0.0,4.28,13.52,3.79,0.0
20230522:0410,0.0,24.0,0.0,14.98,13.84,4.76,0.0
20230522:0510,6.0,159.0,0.0,26.12,14.54,5.17,0.0
20230522:0610,0.0,181.0,0.0,37.42,15.58,4.83,0.0
20230522:0710,332.0,291.0,0.0,48.52,16.28,6.0,0.0
20230522:0810,673.0,172.0,0.0,58.79,17.02,6.28,0.0
20230522:0910,714.0,196.0,0.0,66.73,17.78,6.48,0.0
20230522:1010,794.01,160.0,0.0,69.24,18.28,6.41,0.0
20230522:1110,768.0,153.0,0.0,64.59,18.61,6.55,0.0
20230522:1210,724.0,125.0,0.0,55.65,18.52,6.48,0.0
20230522:1310,583.0,123.0,0.0,45.01,18.34,6.34,0.0
20230522:1410,396.0,123.0,0.0,33.79,17.87,6.07,0.0
20230522:1510,228.0,100.0,0.0,22.51,17.22,5.86,0.0
20230522:1610,71.0,65.0,0.0,11.48,16.43,5.03,0.0
20230522:1710,0.0,0.0,0.0,0.0,15.68,4.28,0.0
20230522:1810,0.0,0.0,0.0,0.0,15.04,3.93,0.0
20230522:1910,0.0,0.0,0.0,0.0,14.39,3.79,0.0
20230522:2010,0.0,0.0,0.0,0.0,14.0,3.72,0.0
20230522:2110,0.0,0.0,0.0,0.0,13.75,3.59,0.0
20230522:2210,0.0,0.0,0.0,0.0,13.81,3.31,0.0
20230522:2310,0.0,0.0,0.0,0.0,13.92,3.38,0.0
20230523:0010,0.0,0.0,0.0,0.0,14.09,2.97,0.0
20230523:0110,0.0,0.0,0.0,0.0,14.21,2.76,0.0
20230523:0210,0.0,0.0,0.0,0.0,14.11,2.48,0.0
20230523:0310,0.0,3.0,0.0,4.4,14.18,2.83,0.0
20230523:0410,0.0,18.0,0.0,15.09,14.31,3.17,0.0
20230523:0510,0.0,58.0,0.0,26.22,14.62,3.31,0.0
20230523:0610,0.0,144.0,0.0,37.52,15.24,3.38,0.0
20230523:0710,2.0,246.0,0.0,48.63,16.25,2.62,0.0
20230523:0810,1.0,285.0,0.0,58.92,16.96,2.07,0.0
20230523:0910,70.0,442.0,0.0,66.9,17.44,1.66,0.0
20230523:1010,193.0,458.0,0.0,69.43,17.63,1.38,0.0
20230523:1110,196.0,438.0,0.0,64.77,17.94,1.38,0.0
20230523:1210,581.0,206.0,0.0,55.79,18.16,1.45,0.0
20230523:1310,477.0,181.0,0.0,45.14,18.17,1.93,0.0
20230523:1410,308.0,172.0,0.0,33.92,18.28,2.83,0.0
20230523:1510,159.0,135.0,0.0,22.64,17.85,3.59,0.0
20230523:1610,41.0,77.0,0.0,11.62,16.97,4.0,0.0
20230523:1710,0.0,0.0,0.0,0.0,16.06,3.52,0.0
20230523:1810,0.0,0.0,0.0,0.0,15.26,3.17,0.0
20230523:1910,0.0,0.0,0.0,0.0,14.9,2.76,0.0
20230523:2010,0.0,0.0,0.0,0.0,14.52,2.41,0.0
20230523:2110,0.0,0.0,0.0,0.0,14.23,2.41,0.0
20230523:2210,0.0,0.0,0.0,0.0,14.07,2.48,0.0
20230523:2310,0.0,0.0,0.0,0.0,13.77,2.55,0.0
20230524:0010,0.0,0.0,0.0,0.0,13.54,2.48,0.0
20230524:0110,0.0,0.0,0.0,0.0,13.43,2.28,0.0
20230524:0210,0.0,0.0,0.0,0.0,13.29,2.14,0.0
20230524:0310,0.0,3.0,0.0,4.51,13.19,2.14,0.0
20230524:0410,37.0,107.0,0.0,15.19,13.54,1.93,0.0
20230524:0510,53.0,197.0,0.0,26.32,14.35,2.21,0.0
20230524:0610,177.0,268.0,0.0,37.62,14.95,1.93,0.0
20230524:0710,209.0,343.0,0.0,48.73,16.14,1.24,0.0
20230524:0810,257.0,393.0,0.0,59.05,16.92,0.55,0.0
20230524:0910,92.0,449.0,0.0,67.06,17.29,0.55,0.0
20230524:1010,4.0,340.0,0.0,69.62,17.46,0.76,0.0
20230524:1110,82.0,439.0,0.0,64.94,17.41,0.55,0.0
20230524:1210,571.0,213.0,0.0,55.94,17.42,0.14,0.0
20230524:1310,533.0,149.0,0.0,45.27,17.53,0.69,0.0
20230524:1410,74.0,258.0,0.0,34.05,18.04,1.31,0.0
20230524:1510,191.0,120.0,0.0,22.77,18.22,1.52,0.0
20230524:1610,71.0,68.0,0.0,11.75,17.95,1.86,0.0
20230524:1710,0.0,0.0,0.0,0.0,17.36,2.21,0.0
20230524:1810,0.0,0.0,0.0,0.0,16.51,2.62,0.0
20230524:1910,0.0,0.0,0.0,0.0,15.82,2.69,0.0
20230524:2010,0.0,0.0,0.0,0.0,15.41,2.76,0.0
20230524:2110,0.0,0.0,0.0,0.0,15.11,2.83,0.0
20230524:2210,0.0,0.0,0.0,0.0,14.95,2.76,0.0
20230524:2310,0.0,0.0,0.0,0.0,14.6,2.69,0.0
20230525:0010,0.0,0.0,0.0,0.0,14.22,2.62,0.0
20230525:0110,0.0,0.0,0.0,0.0,14.03,2.48,0.0
20230525:0210,0.0,0.0,0.0,0.0,13.81,2.41,0.0
20230525:0310,0.0,4.0,0.0,4.62,13.67,2.55,0.0
20230525:0410,72.0,101.0,0.0,15.29,14.24,2.97,0.0
20230525:0510,16.0,180.0,0.0,26.41,15.31,3.38,0.0
20230525:0610,10.0,235.0,0.0,37.71,16.49,3.38,0.0
20230525:0710,192.0,347.0,0.0,48.83,16.86,2.48,0.0
20230525:0810,307.0,373.0,0.0,59.16,17.59,2.14,0.0
20230525:0910,429.0,359.0,0.0,67.22,18.42,2.07,0.0
20230525:1010,338.0,412.0,0.0,69.8,18.94,2.28,0.0
20230525:1110,532.0,293.0,0.0,65.1,18.86,2.55,0.0
20230525:1210,669.0,154.0,0.0,56.08,19.54,2.9,0.0
20230525:1310,554.0,139.0,0.0,45.4,19.64,3.17,0.0
20230525:1410,378.0,133.0,0.0,34.17,19.69,3.38,0.0
20230525:1510,232.0,101.0,0.0,22.9,19.19,3.66,0.0
20230525:1610,79.0,66.0,0.0,11.89,18.42,3.72,0.0
20230525:1710,0.0,0.0,0.0,0.0,17.42,3.66,0.0
20230525:1810,0.0,0.0,0.0,0.0,16.35,3.59,0.0
20230525:1910,0.0,0.0,0.0,0.0,16.07,3.79,0.0
20230525:2010,0.0,0.0,0.0,0.0,15.46,3.93,0.0
20230525:2110,0.0,0.0,0.0,0.0,15.03,4.0,0.0
20230525:2210,0.0,0.0,0.0,0.0,14.73,3.59,0.0
20230525:2310,0.0,0.0,0.0,0.0,14.53,3.1,0.0
20230526:0010,0.0,0.0,0.0,0.0,14.49,2.83,0.0
20230526:0110,0.0,0.0,0.0,0.0,14.42,2.83,0.0
20230526:0210,0.0,0.0,0.0,0.0,14.29,2.9,0.0
20230526:0310,0.0,5.0,0.0,4.72,14.26,2.76,0.0
20230526:0410,5.0,90.0,0.0,15.38,14.53,2.97,0.0
20230526:0510,163.0,173.0,0.0,26.5,15.22,3.72,0.0
20230526:0610,396.0,161.0,0.0,37.79,16.49,3.72,0.0
20230526:0710,564.0,162.0,0.0,48.92,18.2,2.76,0.0
20230526:0810,707.0,156.0,0.0,59.28,19.36,2.28,0.0
20230526:0910,676.0,221.0,0.0,67.37,20.33,2.14,0.0
20230526:1010,776.0,171.0,0.0,69.98,21.06,2.07,0.0
20230526:1110,761.0,159.0,0.0,65.26,21.7,2.48,0.0
20230526:1210,720.0,130.0,0.0,56.22,22.02,2.76,0.0
20230526:1310,573.0,131.0,0.0,45.53,22.06,3.1,0.0
20230526:1410,381.0,134.0,0.0,34.3,21.94,3.45,0.0
20230526:1510,244.0,97.0,0.0,23.02,21.33,3.52,0.0
20230526:1610,79.0,67.0,0.0,12.02,20.33,3.59,0.0
20230526:1710,0.0,0.0,0.0,0.0,19.1,3.17,0.0
20230526:1810,0.0,0.0,0.0,0.0,17.86,3.17,0.0
20230526:1910,0.0,0.0,0.0,0.0,16.97,3.38,0.0
20230526:2010,0.0,0.0,0.0,0.0,16.43,3.17,0.0
20230526:2110,0.0,0.0,0.0,0.0,16.0,2.9,0.0
20230526:2210,0.0,0.0,0.0,0.0,15.66,2.69,0.0
20230526:2310,0.0,0.0,0.0,0.0,15.34,2.76,0.0
20230527:0010,0.0,0.0,0.0,0.0,15.14,2.9,0.0
20230527:0110,0.0,0.0,0.0,0.0,14.95,2.83,0.0
20230527:0210,0.0,0.0,0.0,0.0,14.77,2.9,0.0
20230527:0310,0.0,11.0,0.0,4.82,14.63,2.9,0.0
20230527:0410,2.0,81.0,0.0,15.46,15.12,3.1,0.0
20230527:0510,198.0,157.0,0.0,26.58,16.07,3.24,0.0
20230527:0610,85.0,287.0,0.0,37.87,17.21,3.38,0.0
20230527:0710,48.0,348.0,0.0,49.01,18.49,4.55,0.0
20230527:0810,251.0,396.0,0.0,59.38,18.94,4.28,0.0
20230527:0910,84.0,449.0,0.0,67.51,19.79,4.41,0.0
20230527:1010,194.0,459.0,0.0,70.15,20.65,4.21,0.0
20230527:1110,191.0,441.0,0.0,65.42,21.19,4.41,0.0
20230527:1210,266.0,372.0,0.0,56.35,21.41,4.76,0.0
20230527:1310,282.0,289.0,0.0,45.65,21.21,5.17,0.0
20230527:1410,267.0,198.0,0.0,34.42,20.52,5.66,0.0
20230527:1510,100.0,164.0,0.0,23.15,19.55,5.52,0.0
20230527:1610,2.0,61.0,0.0,12.15,18.59,5.38,0.0
20230527:1710,0.0,1.0,0.0,1.7,17.57,5.24,0.0
20230527:1810,0.0,0.0,0.0,0.0,16.77,5.03,0.0
20230527:1910,0.0,0.0,0.0,0.0,16.07,5.45,0.0
20230527:2010,0.0,0.0,0.0,0.0,15.8,5.66,0.0
20230527:2110,0.0,0.0,0.0,0.0,15.63,5.72,0.0
20230527:2210,0.0,0.0,0.0,0.0,15.53,5.45,0.0
20230527:2310,0.0,0.0,0.0,0.0,15.56,5.24,0.0
20230528:0010,0.0,0.0,0.0,0.0,15.53,5.17,0.0
20230528:0110,0.0,0.0,0.0,0.0,15.53,4.97,0.0
20230528:0210,0.0,0.0,0.0,0.0,15.53,4.9,0.0
20230528:0310,0.0,7.0,0.0,4.91,15.45,4.97,0.0
20230528:0410,0.0,24.0,0.0,15.54,15.84,5.52,0.0
20230528:0510,0.0,72.0,0.0,26.65,16.46,6.21,0.0
20230528:0610,0.0,89.0,0.0,37.95,16.81,6.0,0.0
20230528:0710,0.0,142.0,0.0,49.09,17.46,6.69,0.0
20230528:0810,0.0,258.0,0.0,59.48,18.35,6.9,0.0
20230528:0910,1.0,290.0,0.0,67.65,18.59,7.17,0.0
20230528:1010,0.0,261.0,0.0,70.32,18.91,7.38,0.0
20230528:1110,4.0,326.0,0.0,65.57,19.14,6.69,0.0
20230528:1210,0.0,203.0,0.0,56.49,19.48,6.48,0.0
20230528:1310,0.0,138.0,0.0,45.77,19.22,6.41,0.0
20230528:1410,0.0,60.0,0.0,34.53,18.86,6.14,0.0
20230528:1510,0.0,29.0,0.0,23.27,18.33,6.21,0.0
20230528:1610,0.0,29.0,0.0,12.27,17.74,5.72,0.0
20230528:1710,0.0,1.0,0.0,1.83,17.28,5.66,0.0
20230528:1810,0.0,0.0,0.0,0.0,16.84,4.97,0.0
20230528:1910,0.0,0.0,0.0,0.0,16.43,5.45,0.0
20230528:2010,0.0,0.0,0.0,0.0,16.29,5.17,0.0
20230528:2110,0.0,0.0,0.0,0.0,16.2,4.9,0.0
20230528:2210,0.0,0.0,0.0,0.0,16.11,4.76,0.0
20230528:2310,0.0,0.0,0.0,0.0,16.04,4.55,0.0
20230529:0010,0.0,0.0,0.0,0.0,16.0,4.41,0.0
20230529:0110,0.0,0.0,0.0,0.0,16.03,4.28,0.0
20230529:0210,0.0,0.0,0.0,0.0,16.07,3.93,0.0
20230529:0310,0.0,4.0,0.0,4.99,16.06,3.38,0.0
20230529:0410,0.0,18.0,0.0,15.62,16.16,3.38,0.0
20230529:0510,0.0,66.0,0.0,26.72,16.56,3.79,0.0
20230529:0610,0.0,113.0,0.0,38.02,17.06,3.93,0.0
20230529:0710,0.0,228.0,0.0,49.17,17.57,5.31,0.0
20230529:0810,0.0,221.0,0.0,59.58,18.11,4.97,0.0
20230529:0910,1.0,289.0,0.0,67.77,18.55,4.21,0.0
20230529:1010,22.0,401.0,0.0,70.48,19.51,4.14,0.0
20230529:1110,126.0,445.0,0.0,65.72,19.99,4.28,0.0
20230529:1210,1.0,273.0,0.0,56.61,20.04,4.69,0.0
20230529:1310,197.0,321.0,0.0,45.89,19.98,5.03,0.0
20230529:1410,185.0,235.0,0.0,34.65,19.72,5.59,0.0
20230529:1510,61.0,172.0,0.0,23.38,19.11,5.72,0.0
20230529:1610,55.0,78.0,0.0,12.39,18.52,5.1,0.0
20230529:1710,0.0,2.0,0.0,1.96,17.85,4.07,0.0
20230529:1810,0.0,0.0,0.0,0.0,17.36,3.31,0.0
20230529:1910,0.0,0.0,0.0,0.0,16.9,3.31,0.0
20230529:2010,0.0,0.0,0.0,0.0,16.59,2.9,0.0
20230529:2110,0.0,0.0,0.0,0.0,16.29,2.83,0.0
20230529:2210,0.0,0.0,0.0,0.0,16.07,2.55,0.0
20230529:2310,0.0,0.0,0.0,0.0,16.0,2.34,0.0
20230530:0010,0.0,0.0,0.0,0.0,15.95,2.14,0.0
20230530:0110,0.0,0.0,0.0,0.0,15.94,1.79,0.0
20230530:0210,0.0,0.0,0.0,0.0,16.05,1.66,0.0
20230530:0310,0.0,4.0,0.0,5.07,16.03,1.45,0.0
20230530:0410,0.0,20.0,0.0,15.69,16.24,1.38,0.0
20230530:0510,0.0,90.0,0.0,26.79,16.57,0.97,0.0
20230530:0610,0.0,182.0,0.0,38.08,17.48,0.76,0.0
20230530:0710,437.0,237.0,0.0,49.24,18.49,1.38,0.0
20230530:0810,292.0,379.0,0.0,59.66,19.04,2.14,0.0
20230530:0910,275.0,426.0,0.0,67.9,19.3,2.34,0.0
20230530:1010,18.0,391.0,0.0,70.63,19.16,2.76,0.0
20230530:1110,410.0,358.0,0.0,65.87,19.54,2.97,0.0
20230530:1210,286.0,364.0,0.0,56.74,19.3,2.76,0.0
20230530:1310,519.0,159.0,0.0,46.01,19.65,2.83,0.0
20230530:1410,350.0,153.0,0.0,34.76,19.71,2.62,0.0
20230530:1510,222.0,110.0,0.0,23.5,19.53,2.83,0.0
20230530:1610,81.0,70.0,0.0,12.51,19.03,2.76,0.0
20230530:1710,0.0,4.0,0.0,2.09,18.39,2.34,0.0
20230530:1810,0.0,0.0,0.0,0.0,17.87,2.0,0.0
20230530:1910,0.0,0.0,0.0,0.0,17.43,2.28,0.0
20230530:2010,0.0,0.0,0.0,0.0,16.74,2.34,0.0
20230530:2110,0.0,0.0,0.0,0.0,16.34,2.34,0.0
20230530:2210,0.0,0.0,0.0,0.0,16.03,2.14,0.0
20230530:2310,0.0,0.0,0.0,0.0,15.81,1.86,0.0
20230531:0010,0.0,0.0,0.0,0.0,15.57,1.52,0.0
20230531:0110,0.0,0.0,0.0,0.0,15.5,1.38,0.0
20230531:0210,0.0,0.0,0.0,0.0,15.54,1.38,0.0
20230531:0310,0.0,4.0,0.0,5.15,15.56,1.59,0.0
20230531:0410,41.0,111.0,0.0,15.76,15.82,1.59,0.0
20230531:0510,164.0,175.0,0.0,26.85,16.38,1.79,0.0
20230531:0610,291.0,220.0,0.0,38.14,17.57,1.72,0.0
20230531:0710,467.0,222.0,0.0,49.3,18.99,1.24,0.0
20230531:0810,212.0,408.0,0.0,59.75,20.06,1.1,0.0
20230531:0910,178.0,452.0,0.0,68.01,20.98,1.17,0.0
20230531:1010,366.0,402.0,0.0,70.78,21.48,1.45,0.0
20230531:1110,503.0,312.0,0.0,66.0,22.14,1.66,0.0
20230531:1210,366.0,330.0,0.0,56.86,22.48,2.21,0.0
20230531:1310,524.0,158.0,0.0,46.12,22.77,2.9,0.0
20230531:1410,424.0,117.0,0.0,34.87,22.9,3.52,0.0
20230531:1510,250.0,99.0,0.0,23.61,22.24,3.93,0.0
20230531:1610,86.0,69.0,0.0,12.63,21.28,3.72,0.0
20230531:1710,0.0,2.0,0.0,2.21,20.11,3.31,0.0
20230531:1810,0.0,0.0,0.0,0.0,18.84,3.03,0.0
20230531:1910,0.0,0.0,0.0,0.0,18.07,3.45,0.0
20230531:2010,0.0,0.0,0.0,0.0,17.4,3.38,0.0
20230531:2110,0.0,0.0,0.0,0.0,16.87,3.45,0.0
20230531:2210,0.0,0.0,0.0,0.0,16.51,3.38,0.0
20230531:2310,0.0,0.0,0.0,0.0,16.25,3.24,0.0
20230601:0010,0.0,0.0,0.0,0.0,16.01,3.03,0.0
20230601:0110,0.0,0.0,0.0,0.0,15.75,2.9,0.0
20230601:0210,0.0,0.0,0.0,0.0,15.49,2.97,0.0
20230601:0310,0.0,4.0,0.0,5.21,15.38,3.31,0.0
20230601:0410,120.0,88.0,0.0,15.82,15.87,4.0,0.0
20230601:0510,270.0,125.0,0.0,26.9,16.89,4.21,0.0
20230601:0610,405.0,165.0,0.0,38.19,18.17,4.48,0.0
20230601:0710,472.0,227.0,0.0,49.36,19.25,4.83,0.0
20230601:0810,729.0,151.0,0.0,59.82,20.55,4.83,0.0
20230601:0910,824.0,142.0,0.0,68.12,21.73,5.24,0.0
20230601:1010,867.01,130.0,0.0,70.92,22.42,5.66,0.0
20230601:1110,807.0,142.0,0.0,66.14,22.86,5.86,0.0
20230601:1210,747.0,124.0,0.0,56.98,22.92,5.93,0.0
20230601:1310,617.0,116.0,0.0,46.23,22.94,6.07,0.0
20230601:1410,412.0,127.0,0.0,34.98,22.49,6.0,0.0
20230601:1510,249.0,103.0,0.0,23.72,21.93,5.59,0.0
20230601:1610,101.0,66.0,0.0,12.74,21.0,5.24,0.0
20230601:1710,0.0,6.0,0.0,2.33,19.78,4.76,0.0
20230601:1810,0.0,0.0,0.0,0.0,18.54,4.62,0.0
20230601:1910,0.0,0.0,0.0,0.0,17.73,4.9,0.0
20230601:2010,0.0,0.0,0.0,0.0,17.18,4.62,0.0
20230601:2110,0.0,0.0,0.0,0.0,16.73,4.41,0.0
20230601:2210,0.0,0.0,0.0,0.0,16.36,4.14,0.0
20230601:2310,0.0,0.0,0.0,0.0,16.06,3.93,0.0
20230602:0010,0.0,0.0,0.0,0.0,15.83,3.86,0.0
20230602:0110,0.0,0.0,0.0,0.0,15.63,3.86,0.0
20230602:0210,0.0,0.0,0.0,0.0,15.49,3.93,0.0
20230602:0310,0.0,21.0,0.0,5.28,15.46,4.14,0.0
20230602:0410,120.0,88.0,0.0,15.87,16.15,4.0,0.0
20230602:0510,279.0,120.0,0.0,26.95,17.55,4.48,0.0
20230602:0610,444.0,140.0,0.0,38.24,19.08,4.97,0.0
20230602:0710,642.0,127.0,0.0,49.42,20.66,5.38,0.0
20230602:0810,776.0,125.0,0.0,59.89,21.94,5.52,0.0
20230602:0910,865.01,119.0,0.0,68.22,23.1,5.93,0.0
20230602:1010,840.01,144.0,0.0,71.05,23.84,6.41,0.0
20230602:1110,804.0,143.0,0.0,66.27,24.16,6.76,0.0
20230602:1210,744.0,125.0,0.0,57.1,24.01,6.97,0.0
20230602:1310,607.0,121.0,0.0,46.34,23.7,6.97,0.0
20230602:1410,206.0,236.0,0.0,35.09,23.01,6.62,0.0
20230602:1510,271.0,93.0,0.0,23.83,22.19,6.21,0.0
20230602:1610,35.0,89.0,0.0,12.86,21.12,5.79,0.0
20230602:1710,0.0,2.0,0.0,2.45,20.03,5.38,0.0
20230602:1810,0.0,0.0,0.0,0.0,19.09,5.17,0.0
20230602:1910,0.0,0.0,0.0,0.0,18.52,4.69,0.0
20230602:2010,0.0,0.0,0.0,0.0,17.97,4.48,0.0
20230602:2110,0.0,0.0,0.0,0.0,17.58,4.14,0.0
20230602:2210,0.0,0.0,0.0,0.0,17.29,3.66,0.0
20230602:2310,0.0,0.0,0.0,0.0,17.05,3.66,0.0
20230603:0010,0.0,0.0,0.0,0.0,16.96,3.59,0.0
20230603:0110,0.0,0.0,0.0,0.0,16.96,3.86,0.0
20230603:0210,0.0,0.0,0.0,0.0,16.87,3.86,0.0
20230603:0310,0.0,4.0,0.0,5.34,16.86,3.93,0.0
20230603:0410,0.0,19.0,0.0,15.92,17.06,3.59,0.0
20230603:0510,0.0,35.0,0.0,27.0,17.56,3.31,0.0
20230603:0610,11.0,240.0,0.0,38.29,18.27,4.21,0.0
20230603:0710,70.0,357.0,0.0,49.46,18.91,3.72,0.0
20230603:0810,531.0,258.0,0.0,59.95,19.09,5.03,0.0
20230603:0910,264.0,428.0,0.0,68.32,19.45,5.72,0.0
20230603:1010,172.0,461.0,0.0,71.18,19.74,5.93,0.0
20230603:1110,218.0,434.0,0.0,66.39,20.14,5.45,0.0
20230603:1210,489.0,263.0,0.0,57.21,20.47,5.45,0.0
20230603:1310,431.0,213.0,0.0,46.44,20.49,5.24,0.0
20230603:1410,7.0,211.0,0.0,35.19,20.27,5.17,0.0
20230603:1510,32.0,171.0,0.0,23.93,19.9,4.55,0.0
20230603:1610,4.0,72.0,0.0,12.96,19.41,4.62,0.0
20230603:1710,0.0,2.0,0.0,2.56,18.89,4.69,0.0
20230603:1810,0.0,0.0,0.0,0.0,18.27,4.48,0.0
20230603:1910,0.0,0.0,0.0,0.0,18.12,3.79,0.0
20230603:2010,0.0,0.0,0.0,0.0,17.75,3.93,0.0
20230603:2110,0.0,0.0,0.0,0.0,17.51,4.0,0.0
20230603:2210,0.0,0.0,0.0,0.0,17.29,4.21,0.0
20230603:2310,0.0,0.0,0.0,0.0,17.13,4.55,0.0
20230604:0010,0.0,0.0,0.0,0.0,17.11,4.41,0.0
20230604:0110,0.0,0.0,0.0,0.0,17.01,4.21,0.0
20230604:0210,0.0,0.0,0.0,0.0,16.9,4.28,0.0
20230604:0310,0.0,29.0,0.0,5.39,16.87,4.21,0.0
20230604:0410,0.0,25.0,0.0,15.97,17.16,4.07,0.0
20230604:0510,0.0,79.0,0.0,27.03,17.83,4.62,0.0
20230604:0610,0.0,109.0,0.0,38.32,18.62,4.62,0.0
20230604:0710,2.0,257.0,0.0,49.51,19.56,3.93,0.0
20230604:0810,0.0,105.0,0.0,60.01,19.98,3.86,0.0
20230604:0910,0.0,247.0,0.0,68.41,19.42,4.28,0.0
20230604:1010,4.0,337.0,0.0,71.3,18.75,4.69,0.0
20230604:1110,0.0,157.0,0.0,66.51,18.86,4.83,0.0
20230604:1210,0.0,166.0,0.0,57.32,19.73,5.45,0.0
20230604:1310,0.0,147.0,0.0,46.54,19.41,5.72,0.0
20230604:1410,0.0,114.0,0.0,35.29,19.04,5.72,0.0
20230604:1510,0.0,45.0,0.0,24.03,18.86,5.79,0.0
20230604:1610,1.0,65.0,0.0,13.07,18.68,5.79,0.0
20230604:1710,0.0,1.0,0.0,2.67,18.08,5.52,0.0
20230604:1810,0.0,0.0,0.0,0.0,17.65,5.17,0.0
20230604:1910,0.0,0.0,0.0,0.0,17.02,4.28,0.0
20230604:2010,0.0,0.0,0.0,0.0,16.85,4.21,0.0
20230604:2110,0.0,0.0,0.0,0.0,16.72,4.28,0.0
20230604:2210,0.0,0.0,0.0,0.0,16.74,4.21,0.0
20230604:2310,0.0,0.0,0.0,0.0,16.67,4.14,0.0
20230605:0010,0.0,0.0,0.0,0.0,16.69,4.0,0.0
20230605:0110,0.0,0.0,0.0,0.0,16.65,3.79,0.0
20230605:0210,0.0,0.0,0.0,0.0,16.53,3.52,0.0
20230605:0310,0.0,5.0,0.0,5.44,16.48,3.31,0.0
20230605:0410,0.0,19.0,0.0,16.01,16.82,3.24,0.0
20230605:0510,0.0,78.0,0.0,27.07,17.62,4.34,0.0
20230605:0610,0.0,152.0,0.0,38.36,18.58,4.48,0.0
20230605:0710,201.0,353.0,0.0,49.55,18.8,4.69,0.0
20230605:0810,425.0,325.0,0.0,60.06,19.57,4.55,0.0
20230605:0910,437.0,363.0,0.0,68.49,20.23,4.69,0.0
20230605:1010,605.0,284.0,0.0,71.42,20.76,5.1,0.0
20230605:1110,714.0,195.0,0.0,66.63,21.08,5.38,0.0
20230605:1210,685.0,155.0,0.0,57.42,21.07,5.72,0.0
20230605:1310,615.0,117.0,0.0,46.64,21.07,5.93,0.0
20230605:1410,417.0,126.0,0.0,35.39,20.54,6.07,0.0
20230605:1510,231.0,114.0,0.0,24.13,19.99,5.93,0.0
20230605:1610,105.0,68.0,0.0,13.17,19.26,5.52,0.0
20230605:1710,0.0,8.0,0.0,2.78,18.41,5.17,0.0
20230605:1810,0.0,0.0,0.0,0.0,17.6,4.97,0.0
20230605:1910,0.0,0.0,0.0,0.0,16.9,4.69,0.0
20230605:2010,0.0,0.0,0.0,0.0,16.56,4.55,0.0
20230605:2110,0.0,0.0,0.0,0.0,16.49,4.48,0.0
20230605:2210,0.0,0.0,0.0,0.0,16.43,4.41,0.0
20230605:2310,0.0,0.0,0.0,0.0,16.37,4.28,0.0
20230606:0010,0.0,0.0,0.0,0.0,16.42,4.28,0.0
20230606:0110,0.0,0.0,0.0,0.0,16.18,4.28,0.0
20230606:0210,0.0,0.0,0.0,0.0,16.07,4.28,0.0
20230606:0310,0.0,25.0,0.0,5.48,16.02,4.34,0.0
20230606:0410,95.0,101.0,0.0,16.04,16.38,4.55,0.0
20230606:0510,38.0,201.0,0.0,27.1,17.37,5.86,0.0
20230606:0610,178.0,275.0,0.0,38.39,18.48,5.93,0.0
20230606:0710,0.0,0.0,0.0,0.0,19.9,5.79,0.0
20230606:0810,536.0,264.0,0.0,60.11,20.96,5.79,0.0
20230606:0910,699.0,214.0,0.0,68.57,21.91,5.86,0.0
20230606:1010,500.0,343.0,0.0,71.53,22.48,6.28,0.0
20230606:1110,627.0,248.0,0.0,66.74,22.63,6.69,0.0
20230606:1210,723.0,136.0,0.0,57.52,22.49,7.03,0.0
20230606:1310,583.0,134.0,0.0,46.74,22.18,6.83,0.0
20230606:1410,412.0,129.0,0.0,35.48,21.84,6.69,0.0
20230606:1510,244.0,108.0,0.0,24.23,21.23,6.69,0.0
20230606:1610,106.0,68.0,0.0,13.27,20.35,6.76,0.0
20230606:1710,0.0,10.0,0.0,2.88,19.27,6.9,0.0
20230606:1810,0.0,0.0,0.0,0.0,18.3,6.76,0.0
20230606:1910,0.0,0.0,0.0,0.0,17.55,6.76,0.0
20230606:2010,0.0,0.0,0.0,0.0,17.19,6.0,0.0
20230606:2110,0.0,0.0,0.0,0.0,16.91,5.72,0.0
20230606:2210,0.0,0.0,0.0,0.0,16.74,5.31,0.0
20230606:2310,0.0,0.0,0.0,0.0,16.56,5.03,0.0
20230607:0010,0.0,0.0,0.0,0.0,16.41,4.97,0.0
20230607:0110,0.0,0.0,0.0,0.0,16.35,4.9,0.0
20230607:0210,0.0,0.0,0.0,0.0,16.26,4.83,0.0
20230607:0310,0.0,18.0,0.0,5.52,16.31,4.69,0.0
20230607:0410,0.0,19.0,0.0,16.07,16.83,4.9,0.0
20230607:0510,0.0,78.0,0.0,27.12,17.79,6.0,0.0
20230607:0610,22.0,264.0,0.0,38.41,18.86,5.93,0.0
20230607:0710,330.0,299.0,0.0,49.61,19.78,5.52,0.0
20230607:0810,757.0,132.0,0.0,60.15,20.45,5.31,0.0
20230607:0910,856.0,120.0,0.0,68.64,21.22,5.38,0.0
20230607:1010,799.0,162.0,0.0,71.63,22.04,5.52,0.0
20230607:1110,786.0,150.0,0.0,66.85,22.52,5.66,0.0
20230607:1210,719.0,136.0,0.0,57.62,22.65,5.79,0.0
20230607:1310,564.0,143.0,0.0,46.83,22.47,6.07,0.0
20230607:1410,310.0,186.0,0.0,35.57,22.06,6.21,0.0
20230607:1510,187.0,138.0,0.0,24.32,21.39,6.34,0.0
20230607:1610,96.0,72.0,0.0,13.36,20.46,6.28,0.0
20230607:1710,0.0,10.0,0.0,2.98,19.45,6.0,0.0
20230607:1810,0.0,0.0,0.0,0.0,18.48,5.79,0.0
20230607:1910,0.0,0.0,0.0,0.0,17.66,5.66,0.0
20230607:2010,0.0,0.0,0.0,0.0,17.34,5.31,0.0
20230607:2110,0.0,0.0,0.0,0.0,17.06,5.03,0.0
20230607:2210,0.0,0.0,0.0,0.0,16.8,4.76,0.0
20230607:2310,0.0,0.0,0.0,0.0,16.6,4.48,0.0
20230608:0010,0.0,0.0,0.0,0.0,16.44,4.28,0.0
20230608:0110,0.0,0.0,0.0,0.0,16.33,4.28,0.0
20230608:0210,0.0,0.0,0.0,0.0,16.35,4.34,0.0
20230608:0310,0.0,5.0,0.0,5.55,16.42,4.34,0.0
20230608:0410,0.0,19.0,0.0,16.09,16.88,5.17,0.0
20230608:0510,15.0,182.0,0.0,27.15,17.64,5.59,0.0
20230608:0610,188.0,268.0,0.0,38.43,18.74,5.03,0.0
20230608:0710,450.0,232.0,0.0,49.63,19.58,4.76,0.0
20230608:0810,548.0,252.0,0.0,60.19,20.59,4.97,0.0
20230608:0910,546.0,299.0,0.0,68.7,21.48,5.59,0.0
20230608:1010,421.0,378.0,0.0,71.73,21.89,5.72,0.0
20230608:1110,462.0,336.0,0.0,66.95,22.32,5.79,0.0
20230608:1210,550.0,233.0,0.0,57.71,22.47,5.66,0.0
20230608:1310,286.0,295.0,0.0,46.92,22.25,5.66,0.0
20230608:1410,439.0,114.0,0.0,35.66,21.78,5.38,0.0
20230608:1510,236.0,111.0,0.0,24.41,21.08,4.9,0.0
20230608:1610,89.0,75.0,0.0,13.45,20.29,4.9,0.0
20230608:1710,0.0,6.0,0.0,3.08,19.42,4.83,0.0
20230608:1810,0.0,0.0,0.0,0.0,18.56,4.48,0.0
20230608:1910,0.0,0.0,0.0,0.0,17.85,4.34,0.0
20230608:2010,0.0,0.0,0.0,0.0,17.55,3.79,0.0
20230608:2110,0.0,0.0,0.0,0.0,17.35,3.66,0.0
20230608:2210,0.0,0.0,0.0,0.0,17.2,3.66,0.0
20230608:2310,0.0,0.0,0.0,0.0,16.97,3.66,0.0
20230609:0010,0.0,0.0,0.0,0.0,16.97,3.17,0.0
20230609:0110,0.0,0.0,0.0,0.0,16.91,2.69,0.0
20230609:0210,0.0,0.0,0.0,0.0,16.77,2.69,0.0
20230609:0310,0.0,21.0,0.0,5.57,16.95,2.76,0.0
20230609:0410,8.0,100.0,0.0,16.11,17.45,2.97,0.0
20230609:0510,0.0,75.0,0.0,27.16,18.16,3.38,0.0
20230609:0610,0.0,163.0,0.0,38.44,19.13,3.31,0.0
20230609:0710,17.0,313.0,0.0,49.65,20.01,2.76,0.0
20230609:0810,104.0,420.0,0.0,60.22,20.92,2.28,0.0
20230609:0910,186.0,452.0,0.0,68.75,21.62,1.66,0.0
20230609:1010,49.0,439.0,0.0,71.82,22.15,2.21,0.0
20230609:1110,284.0,417.0,0.0,67.04,22.42,2.9,0.0
20230609:1210,288.0,368.0,0.0,57.8,22.9,3.66,0.0
20230609:1310,266.0,303.0,0.0,47.0,23.13,4.69,0.0
20230609:1410,294.0,194.0,0.0,35.74,22.83,5.17,0.0
20230609:1510,5.0,145.0,0.0,24.49,22.1,4.9,0.0
20230609:1610,7.0,82.0,0.0,13.54,21.22,4.62,0.0
20230609:1710,0.0,6.0,0.0,3.17,20.22,4.34,0.0
20230609:1810,0.0,0.0,0.0,0.0,19.24,3.59,0.0
20230609:1910,0.0,0.0,0.0,0.0,18.54,3.03,0.0
20230609:2010,0.0,0.0,0.0,0.0,18.01,2.83,0.0
20230609:2110,0.0,0.0,0.0,0.0,17.54,2.55,0.0
20230609:2210,0.0,0.0,0.0,0.0,17.25,2.28,0.0
20230609:2310,0.0,0.0,0.0,0.0,16.9,2.07,0.0
20230610:0010,0.0,0.0,0.0,0.0,16.55,1.86,0.0
20230610:0110,0.0,0.0,0.0,0.0,16.35,1.66,0.0
20230610:0210,0.0,0.0,0.0,0.0,16.05,1.17,0.0
20230610:0310,0.0,33.0,0.0,5.6,16.15,0.9,0.0
20230610:0410,152.0,76.0,0.0,16.13,16.88,0.97,0.0
20230610:0510,301.0,110.0,0.0,27.17,17.55,1.17,0.0
20230610:0610,463.0,130.0,0.0,38.45,18.39,0.83,0.0
20230610:0710,577.0,162.0,0.0,49.66,19.51,0.41,0.0
20230610:0810,734.0,146.0,0.0,60.24,20.44,0.62,0.0
20230610:0910,829.0,138.0,0.0,68.8,21.46,1.45,0.0
20230610:1010,828.0,150.0,0.0,71.9,22.23,2.14,0.0
20230610:1110,827.0,131.0,0.0,67.13,22.7,2.69,0.0
20230610:1210,728.0,135.0,0.0,57.89,22.86,2.83,0.0
20230610:1310,588.0,135.0,0.0,47.09,22.68,2.69,0.0
20230610:1410,412.0,132.0,0.0,35.83,22.35,2.55,0.0
20230610:1510,246.0,110.0,0.0,24.58,21.86,2.28,0.0
20230610:1610,26.0,95.0,0.0,13.63,21.29,1.86,0.0
20230610:1710,4.0,15.15,0.0,3.25,20.78,1.45,0.0
20230610:1810,0.0,0.0,0.0,0.0,19.89,1.31,0.0
20230610:1910,0.0,0.0,0.0,0.0,19.12,1.79,0.0
20230610:2010,0.0,0.0,0.0,0.0,18.19,1.59,0.0
20230610:2110,0.0,0.0,0.0,0.0,18.02,1.38,0.0
20230610:2210,0.0,0.0,0.0,0.0,18.45,1.17,0.0
20230610:2310,0.0,0.0,0.0,0.0,18.92,1.03,0.0
20230611:0010,0.0,0.0,0.0,0.0,18.61,0.97,0.0
20230611:0110,0.0,0.0,0.0,0.0,18.23,0.9,0.0
20230611:0210,0.0,0.0,0.0,0.0,17.98,0.76,0.0
20230611:0310,0.0,31.0,0.0,5.61,17.92,0.76,0.0
20230611:0410,118.0,90.0,0.0,16.14,17.89,0.69,0.0
20230611:0510,236.0,143.0,0.0,27.18,18.98,0.97,0.0
20230611:0610,289.0,225.0,0.0,38.46,19.7,1.03,0.0
20230611:0710,608.0,141.0,0.0,49.67,20.64,0.41,0.0
20230611:0810,643.0,197.0,0.0,60.26,21.54,0.55,0.0
20230611:0910,597.0,273.0,0.0,68.84,22.21,0.9,0.0
20230611:1010,698.0,226.0,0.0,71.98,22.76,1.17,0.0
20230611:1110,765.0,161.0,0.0,67.22,23.14,1.72,0.0
20230611:1210,740.0,126.0,0.0,57.97,23.38,2.41,0.0
20230611:1310,340.0,273.0,0.0,47.17,23.35,3.72,0.0
20230611:1410,18.0,241.0,0.0,35.91,22.99,4.62,0.0
20230611:1510,0.0,108.0,0.0,24.65,22.37,4.83,0.0
20230611:1610,12.0,89.0,0.0,13.71,21.52,4.55,0.0
20230611:1710,3.0,16.34,0.0,3.34,20.71,3.79,0.0
20230611:1810,0.0,0.0,0.0,0.0,19.9,3.31,0.0
20230611:1910,0.0,0.0,0.0,0.0,19.23,4.07,0.0
20230611:2010,0.0,0.0,0.0,0.0,18.77,3.93,0.0
20230611:2110,0.0,0.0,0.0,0.0,18.43,3.66,0.0
20230611:2210,0.0,0.0,0.0,0.0,18.07,3.38,0.0
20230611:2310,0.0,0.0,0.0,0.0,17.78,2.97,0.0
20230612:0010,0.0,0.0,0.0,0.0,17.57,2.34,0.0
20230612:0110,0.0,0.0,0.0,0.0,17.23,1.86,0.0
20230612:0210,0.0,0.0,0.0,0.0,16.73,1.79,0.0
20230612:0310,0.0,34.0,0.0,5.62,16.48,1.86,0.0
20230612:0410,127.0,84.0,0.0,16.14,18.03,2.07,0.0
20230612:0510,210.0,154.0,0.0,27.18,19.02,3.03,0.0
20230612:0610,3.0,210.0,0.0,38.46,19.65,3.52,0.0
20230612:0710,0.0,164.0,0.0,49.67,20.52,3.59,0.0
20230612:0810,46.0,397.0,0.0,60.27,21.32,3.79,0.0
20230612:0910,0.0,0.0,0.0,0.0,21.65,4.41,0.0
20230612:1010,5.0,347.0,0.0,72.05,21.99,4.9,0.0
20230612:1110,393.0,371.0,0.0,67.3,21.85,5.38,0.0
20230612:1210,203.0,397.0,0.0,58.05,21.88,5.79,0.0
20230612:1310,117.0,348.0,0.0,47.24,21.79,6.21,0.0
20230612:1410,32.0,256.0,0.0,35.98,21.36,6.55,0.0
20230612:1510,12.0,161.0,0.0,24.73,20.79,6.55,0.0
20230612:1610,17.0,92.0,0.0,13.79,20.07,6.41,0.0
20230612:1710,3.0,16.35,0.0,3.41,19.35,6.21,0.0
20230612:1810,0.0,0.0,0.0,0.0,18.72,5.72,0.0
20230612:1910,0.0,0.0,0.0,0.0,18.29,5.38,0.0
20230612:2010,0.0,0.0,0.0,0.0,17.92,4.97,0.0
20230612:2110,0.0,0.0,0.0,0.0,17.64,4.9,0.0
20230612:2210,0.0,0.0,0.0,0.0,17.47,4.69,0.0
20230612:2310,0.0,0.0,0.0,0.0,17.33,4.48,0.0
20230613:0010,0.0,0.0,0.0,0.0,17.32,4.34,0.0
20230613:0110,0.0,0.0,0.0,0.0,17.19,4.28,0.0
20230613:0210,0.0,0.0,0.0,0.0,17.15,4.07,0.0
20230613:0310,0.0,5.0,0.0,5.63,17.14,4.07,0.0
20230613:0410,0.0,19.0,0.0,16.15,17.48,4.41,0.0
20230613:0510,0.0,58.0,0.0,27.18,18.2,5.31,0.0
20230613:0610,35.0,276.0,0.0,38.46,18.96,5.24,0.0
20230613:0710,1.0,235.0,0.0,49.67,19.52,5.86,0.0
20230613:0810,117.0,422.0,0.0,60.28,20.25,5.66,0.0
20230613:0910,86.0,451.0,0.0,68.91,21.07,5.66,0.0
20230613:1010,70.0,454.0,0.0,72.11,21.51,5.52,0.0
20230613:1110,71.0,439.0,0.0,67.38,21.96,5.59,0.0
20230613:1210,159.0,409.0,0.0,58.12,22.05,5.38,0.0
20230613:1310,385.0,248.0,0.0,47.31,21.74,5.52,0.0
20230613:1410,264.0,212.0,0.0,36.05,21.27,5.93,0.0
20230613:1510,150.0,159.0,0.0,24.8,20.49,6.21,0.0
20230613:1610,71.0,87.0,0.0,13.86,19.75,6.07,0.0
20230613:1710,7.0,16.44,0.0,3.49,19.18,5.31,0.0
20230613:1810,0.0,0.0,0.0,0.0,18.66,4.21,0.0
20230613:1910,0.0,0.0,0.0,0.0,18.14,3.86,0.0
20230613:2010,0.0,0.0,0.0,0.0,17.88,3.45,0.0
20230613:2110,0.0,0.0,0.0,0.0,17.55,3.17,0.0
20230613:2210,0.0,0.0,0.0,0.0,17.4,2.76,0.0
20230613:2310,0.0,0.0,0.0,0.0,17.29,2.21,0.0
20230614:0010,0.0,0.0,0.0,0.0,17.08,1.86,0.0
20230614:0110,0.0,0.0,0.0,0.0,16.88,1.79,0.0
20230614:0210,0.0,0.0,0.0,0.0,16.74,1.66,0.0
20230614:0310,0.0,5.0,0.0,5.63,16.51,1.38,0.0
20230614:0410,0.0,19.0,0.0,16.14,17.64,1.1,0.0
20230614:0510,0.0,45.0,0.0,27.17,18.71,1.59,0.0
20230614:0610,0.0,156.0,0.0,38.45,19.38,1.66,0.0
20230614:0710,29.0,332.0,0.0,49.67,20.37,1.52,0.0
20230614:0810,2.0,292.0,0.0,60.28,21.08,1.03,0.0
20230614:0910,62.0,440.0,0.0,68.93,21.68,1.86,0.0
20230614:1010,13.0,382.0,0.0,72.16,21.41,2.83,0.0
20230614:1110,0.0,205.0,0.0,67.45,21.45,3.17,0.0
20230614:1210,93.0,409.0,0.0,58.19,21.49,3.24,0.0
20230614:1310,54.0,340.0,0.0,47.38,21.29,2.97,0.0
20230614:1410,226.0,231.0,0.0,36.12,21.57,3.17,0.0
20230614:1510,93.0,179.0,0.0,24.87,21.52,3.59,0.0
20230614:1610,114.0,70.0,0.0,13.93,21.3,3.66,0.0
20230614:1710,6.0,17.61,0.0,3.56,20.75,3.31,0.0
20230614:1810,0.0,0.0,0.0,0.0,20.16,3.17,0.0
20230614:1910,0.0,0.0,0.0,0.0,19.51,2.9,0.0
20230614:2010,0.0,0.0,0.0,0.0,18.98,2.83,0.0
20230614:2110,0.0,0.0,0.0,0.0,18.55,2.69,0.0
20230614:2210,0.0,0.0,0.0,0.0,18.21,2.48,0.0
20230614:2310,0.0,0.0,0.0,0.0,18.02,2.62,0.0
20230615:0010,0.0,0.0,0.0,0.0,17.91,2.76,0.0
20230615:0110,0.0,0.0,0.0,0.0,17.82,2.83,0.0
20230615:0210,0.0,0.0,0.0,0.0,17.78,2.76,0.0
20230615:0310,0.0,33.0,0.0,5.63,17.7,2.76,0.0
20230615:0410,8.0,101.0,0.0,16.13,18.22,3.24,0.0
20230615:0510,203.0,159.0,0.0,27.16,19.31,3.31,0.0
20230615:0610,218.0,256.0,0.0,38.44,20.41,3.24,0.0
20230615:0710,390.0,265.0,0.0,49.65,21.57,3.86,0.0
20230615:0810,560.0,245.0,0.0,60.28,22.61,3.93,0.0
20230615:0910,773.0,162.0,0.0,68.95,23.78,3.66,0.0
20230615:1010,737.0,199.0,0.0,72.21,24.67,3.52,0.0
20230615:1110,773.0,155.0,0.0,67.51,25.34,3.79,0.0
20230615:1210,709.0,142.0,0.0,58.26,25.78,4.28,0.0
20230615:1310,488.0,191.0,0.0,47.45,25.76,5.03,0.0
20230615:1410,357.0,163.0,0.0,36.19,25.13,5.66,0.0
20230615:1510,258.0,106.0,0.0,24.94,24.14,5.79,0.0
20230615:1610,99.0,76.0,0.0,13.99,23.05,5.52,0.0
20230615:1710,4.0,17.14,0.0,3.63,21.93,5.38,0.0
20230615:1810,0.0,0.0,0.0,0.0,20.77,5.38,0.0
20230615:1910,0.0,0.0,0.0,0.0,19.92,5.17,0.0
20230615:2010,0.0,0.0,0.0,0.0,19.45,4.76,0.0
20230615:2110,0.0,0.0,0.0,0.0,19.12,4.41,0.0
20230615:2210,0.0,0.0,0.0,0.0,18.8,4.34,0.0
20230615:2310,0.0,0.0,0.0,0.0,18.57,4.34,0.0
20230616:0010,0.0,0.0,0.0,0.0,18.35,4.28,0.0
20230616:0110,0.0,0.0,0.0,0.0,18.19,4.34,0.0
20230616:0210,0.0,0.0,0.0,0.0,18.03,4.28,0.0
20230616:0310,0.0,27.0,0.0,5.62,17.97,4.41,0.0
20230616:0410,93.0,100.0,0.0,16.12,18.42,4.41,0.0
20230616:0510,266.0,122.0,0.0,27.14,19.51,5.17,0.0
20230616:0610,427.0,142.0,0.0,38.42,20.87,5.17,0.0
20230616:0710,444.0,232.0,0.0,49.64,22.92,4.48,0.0
20230616:0810,319.0,367.0,0.0,60.27,24.46,3.59,0.0
20230616:0910,737.0,180.0,0.0,68.96,25.68,2.62,0.0
20230616:1010,785.0,164.0,0.0,72.26,26.4,2.69,0.0
20230616:1110,727.0,179.0,0.0,67.57,27.17,3.66,0.0
20230616:1210,196.0,399.0,0.0,58.32,27.59,4.41,0.0
20230616:1310,0.0,194.0,0.0,47.51,27.3,5.72,0.0
20230616:1410,8.0,222.0,0.0,36.25,26.34,6.41,0.0
20230616:1510,21.0,172.0,0.0,25.0,25.11,6.0,0.0
20230616:1610,4.0,81.0,0.0,14.06,23.9,5.1,0.0
20230616:1710,0.0,12.0,0.0,3.69,22.8,5.17,0.0
20230616:1810,0.0,0.0,0.0,0.0,21.87,4.9,0.0
20230616:1910,0.0,0.0,0.0,0.0,20.85,4.48,0.0
20230616:2010,0.0,0.0,0.0,0.0,20.29,5.17,0.0
20230616:2110,0.0,0.0,0.0,0.0,19.92,4.97,0.0
20230616:2210,0.0,0.0,0.0,0.0,19.61,4.62,0.0
20230616:2310,0.0,0.0,0.0,0.0,19.38,4.69,0.0
20230617:0010,0.0,0.0,0.0,0.0,19.16,4.62,0.0
20230617:0110,0.0,0.0,0.0,0.0,18.91,4.28,0.0
20230617:0210,0.0,0.0,0.0,0.0,18.83,3.72,0.0
20230617:0310,0.0,5.0,0.0,5.61,18.82,3.38,0.0
20230617:0410,0.0,31.0,0.0,16.1,19.4,4.07,0.0
20230617:0510,94.0,197.0,0.0,27.12,20.19,3.86,0.0
20230617:0610,218.0,251.0,0.0,38.4,21.16,3.03,0.0
20230617:0710,135.0,358.0,0.0,49.62,21.93,4.9,0.0
20230617:0810,244.0,394.0,0.0,60.26,22.9,5.03,0.0
20230617:0910,593.0,265.0,0.0,68.97,23.44,4.55,0.0
20230617:1010,647.0,247.0,0.0,72.29,23.5,5.1,0.0
20230617:1110,518.0,302.0,0.0,67.62,23.69,5.52,0.0
20230617:1210,22.0,359.0,0.0,58.38,24.19,6.07,0.0
20230617:1310,8.0,277.0,0.0,47.57,24.13,6.21,0.0
20230617:1410,109.0,268.0,0.0,36.31,23.79,5.79,0.0
20230617:1510,0.0,49.0,0.0,25.06,23.28,5.31,0.0
20230617:1610,0.0,30.0,0.0,14.11,22.67,5.1,0.0
20230617:1710,0.0,5.0,0.0,3.74,21.75,4.97,0.0
20230617:1810,0.0,0.0,0.0,0.0,20.93,5.03,0.0
20230617:1910,0.0,0.0,0.0,0.0,20.43,3.38,0.0
20230617:2010,0.0,0.0,0.0,0.0,20.05,4.0,0.0
20230617:2110,0.0,0.0,0.0,0.0,19.69,4.34,0.0
20230617:2210,0.0,0.0,0.0,0.0,19.47,4.0,0.0
20230617:2310,0.0,0.0,0.0,0.0,19.43,3.52,0.0
20230618:0010,0.0,0.0,0.0,0.0,19.22,3.52,0.0
20230618:0110,0.0,0.0,0.0,0.0,19.11,3.31,0.0
20230618:0210,0.0,0.0,0.0,0.0,19.02,3.17,0.0
20230618:0310,0.0,5.0,0.0,5.59,18.76,3.1,0.0
20230618:0410,22.0,110.0,0.0,16.08,19.14,3.45,0.0
20230618:0510,205.0,154.0,0.0,27.1,19.98,3.93,0.0
20230618:0610,286.0,220.0,0.0,38.37,20.92,3.86,0.0
20230618:0710,313.0,299.0,0.0,49.6,21.65,2.34,0.0
20230618:0810,110.0,418.0,0.0,60.24,22.28,2.0,0.0
20230618:0910,285.0,420.0,0.0,68.96,23.0,1.86,0.0
20230618:1010,0.0,146.0,0.0,72.32,22.71,2.62,0.0
20230618:1110,0.0,157.0,0.0,67.67,23.57,4.41,0.0
20230618:1210,103.0,408.0,0.0,58.43,24.17,4.97,0.0
20230618:1310,0.0,194.0,0.0,47.62,24.3,5.17,0.0
20230618:1410,26.0,252.0,0.0,36.36,24.29,5.03,0.0
20230618:1510,80.0,182.0,0.0,25.11,23.8,4.28,0.0
20230618:1610,52.0,95.0,0.0,14.17,23.17,3.72,0.0
20230618:1710,2.0,16.61,0.0,3.8,22.4,2.97,0.0
20230618:1810,0.0,0.0,0.0,0.0,21.51,2.69,0.0
20230618:1910,0.0,0.0,0.0,0.0,21.0,2.76,0.0
20230618:2010,0.0,0.0,0.0,0.0,20.55,2.97,0.0
20230618:2110,0.0,0.0,0.0,0.0,20.18,2.97,0.0
20230618:2210,0.0,0.0,0.0,0.0,19.9,2.83,0.0
20230618:2310,0.0,0.0,0.0,0.0,19.79,2.41,0.0
20230619:0010,0.0,0.0,0.0,0.0,19.64,2.62,0.0
20230619:0110,0.0,0.0,0.0,0.0,19.42,2.69,0.0
20230619:0210,0.0,0.0,0.0,0.0,19.33,2.76,0.0
20230619:0310,0.0,32.0,0.0,5.56,19.23,2.55,0.0
20230619:0410,0.0,35.0,0.0,16.05,19.39,2.62,0.0
20230619:0510,20.0,186.0,0.0,27.07,20.07,2.34,0.0
20230619:0610,19.0,254.0,0.0,38.34,20.75,2.07,0.0
20230619:0710,271.0,317.0,0.0,49.57,21.2,2.41,0.0
20230619:0810,98.0,416.0,0.0,60.22,21.66,2.48,0.0
20230619:0910,309.0,411.0,0.0,68.96,22.01,3.1,0.0
20230619:1010,334.0,413.0,0.0,72.34,21.68,3.45,0.0
20230619:1110,418.0,356.0,0.0,67.71,21.74,2.9,0.0
20230619:1210,610.0,196.0,0.0,58.48,21.68,3.1,0.0
20230619:1310,466.0,200.0,0.0,47.67,22.05,2.97,0.0
20230619:1410,395.0,139.0,0.0,36.41,21.65,2.41,0.0
20230619:1510,236.0,116.0,0.0,25.16,21.23,2.34,0.0
20230619:1610,94.0,79.0,0.0,14.22,21.1,2.41,0.0
20230619:1710,3.0,18.36,0.0,3.85,20.74,1.79,0.0
20230619:1810,0.0,0.0,0.0,0.0,20.3,1.31,0.0
20230619:1910,0.0,0.0,0.0,0.0,20.19,2.28,0.0
20230619:2010,0.0,0.0,0.0,0.0,19.86,2.48,0.0
20230619:2110,0.0,0.0,0.0,0.0,19.25,1.86,0.0
20230619:2210,0.0,0.0,0.0,0.0,18.59,1.24,0.0
20230619:2310,0.0,0.0,0.0,0.0,18.27,1.31,0.0
20230620:0010,0.0,0.0,0.0,0.0,17.73,1.45,0.0
20230620:0110,0.0,0.0,0.0,0.0,17.94,1.1,0.0
20230620:0210,0.0,0.0,0.0,0.0,17.72,1.03,0.0
20230620:0310,0.0,5.0,0.0,5.54,18.32,0.76,0.0
20230620:0410,107.0,93.0,0.0,16.02,18.38,0.9,0.0
20230620:0510,261.0,124.0,0.0,27.04,19.92,1.52,0.0
20230620:0610,403.0,156.0,0.0,38.31,20.7,2.21,0.0
20230620:0710,369.0,272.0,0.0,49.54,21.33,2.55,0.0
20230620:0810,120.0,419.0,0.0,60.19,22.21,2.76,0.0
20230620:0910,670.0,223.0,0.0,68.94,22.57,2.62,0.0
20230620:1010,717.0,208.0,0.0,72.36,22.49,2.69,0.0
20230620:1110,689.0,205.0,0.0,67.75,22.9,3.03,0.0
20230620:1210,666.0,163.0,0.0,58.52,22.68,2.9,0.0
20230620:1310,302.0,291.0,0.0,47.72,22.67,2.07,0.0
20230620:1410,96.0,272.0,0.0,36.46,22.16,2.48,0.0
20230620:1510,72.0,186.0,0.0,25.21,21.96,2.97,0.0
20230620:1610,26.0,98.0,0.0,14.26,21.61,2.07,0.0
20230620:1710,2.0,17.6,0.0,3.89,21.07,1.45,0.0
20230620:1810,0.0,0.0,0.0,0.0,20.67,1.24,0.0
20230620:1910,0.0,0.0,0.0,0.0,20.37,1.79,0.0
20230620:2010,0.0,0.0,0.0,0.0,19.73,1.79,0.0
20230620:2110,0.0,0.0,0.0,0.0,19.13,1.86,0.0
20230620:2210,0.0,0.0,0.0,0.0,18.8,1.93,0.0
20230620:2310,0.0,0.0,0.0,0.0,18.6,2.07,0.0
20230621:0010,0.0,0.0,0.0,0.0,18.69,2.21,0.0
20230621:0110,0.0,0.0,0.0,0.0,18.77,2.21,0.0
20230621:0210,0.0,0.0,0.0,0.0,18.69,1.79,0.0
20230621:0310,0.0,23.0,0.0,5.5,18.26,1.45,0.0
20230621:0410,6.0,96.0,0.0,15.99,19.37,1.24,0.0
20230621:0510,256.0,127.0,0.0,27.0,20.73,1.79,0.0
20230621:0610,427.0,141.0,0.0,38.27,21.58,1.72,0.0
20230621:0710,472.0,215.0,0.0,49.5,22.24,0.97,0.0
20230621:0810,694.0,158.0,0.0,60.16,23.05,0.9,0.0
20230621:0910,740.0,179.0,0.0,68.92,23.84,0.9,0.0
20230621:1010,704.0,216.0,0.0,72.36,24.39,0.83,0.0
20230621:1110,779.0,151.0,0.0,67.78,24.58,0.9,0.0
20230621:1210,706.0,143.0,0.0,58.56,24.72,1.17,0.0
20230621:1310,588.0,133.0,0.0,47.76,24.99,1.59,0.0
20230621:1410,419.0,129.0,0.0,36.5,25.12,2.14,0.0
20230621:1510,241.0,116.0,0.0,25.25,25.02,2.76,0.0
20230621:1610,103.0,77.0,0.0,14.3,24.53,3.17,0.0
20230621:1710,8.0,19.15,0.0,3.93,23.58,3.24,0.0
20230621:1810,0.0,0.0,0.0,0.0,22.39,3.03,0.0
20230621:1910,0.0,0.0,0.0,0.0,21.83,2.28,0.0
20230621:2010,0.0,0.0,0.0,0.0,20.97,2.14,0.0
20230621:2110,0.0,0.0,0.0,0.0,20.25,2.21,0.0
20230621:2210,0.0,0.0,0.0,0.0,19.97,2.41,0.0
20230621:2310,0.0,0.0,0.0,0.0,19.76,2.48,0.0
20230622:0010,0.0,0.0,0.0,0.0,19.62,2.48,0.0
20230622:0110,0.0,0.0,0.0,0.0,19.39,2.28,0.0
20230622:0210,0.0,0.0,0.0,0.0,19.11,2.21,0.0
20230622:0310,0.0,9.0,0.0,5.47,18.92,2.21,0.0
20230622:0410,55.0,112.0,0.0,15.95,19.72,2.34,0.0
20230622:0510,170.0,173.0,0.0,26.96,20.96,2.34,0.0
20230622:0610,439.0,137.0,0.0,38.23,22.01,2.34,0.0
20230622:0710,618.0,133.0,0.0,49.46,22.23,1.59,0.0
20230622:0810,731.0,142.0,0.0,60.12,23.51,1.86,0.0
20230622:0910,747.0,179.0,0.0,68.9,24.5,2.07,0.0
20230622:1010,819.0,151.0,0.0,72.36,25.27,2.34,0.0
20230622:1110,809.0,138.0,0.0,67.81,25.83,2.9,0.0
20230622:1210,724.0,137.0,0.0,58.6,26.28,3.79,0.0
20230622:1310,596.0,132.0,0.0,47.8,26.33,4.62,0.0
20230622:1410,420.0,131.0,0.0,36.54,26.04,5.31,0.0
20230622:1510,255.0,110.0,0.0,25.29,25.31,5.52,0.0
20230622:1610,111.0,75.0,0.0,14.34,24.34,5.31,0.0
20230622:1710,9.0,18.93,0.0,3.96,23.29,4.97,0.0
20230622:1810,0.0,0.0,0.0,0.0,22.18,4.69,0.0
20230622:1910,0.0,0.0,0.0,0.0,21.84,4.14,0.0
20230622:2010,0.0,0.0,0.0,0.0,21.18,4.07,0.0
20230622:2110,0.0,0.0,0.0,0.0,20.66,4.14,0.0
20230622:2210,0.0,0.0,0.0,0.0,20.27,4.07,0.0
20230622:2310,0.0,0.0,0.0,0.0,20.01,3.93,0.0
20230623:0010,0.0,0.0,0.0,0.0,19.79,3.59,0.0
20230623:0110,0.0,0.0,0.0,0.0,19.67,3.38,0.0
20230623:0210,0.0,0.0,0.0,0.0,19.54,3.38,0.0
20230623:0310,0.0,9.0,0.0,5.43,19.5,3.59,0.0
20230623:0410,7.0,99.0,0.0,15.91,20.1,3.86,0.0
20230623:0510,175.0,173.0,0.0,26.91,21.17,4.97,0.0
20230623:0610,448.0,135.0,0.0,38.19,22.28,4.69,0.0
20230623:0710,621.0,136.0,0.0,49.42,23.55,4.21,0.0
20230623:0810,743.0,141.0,0.0,60.08,24.76,4.28,0.0
20230623:0910,843.0,130.0,0.0,68.87,25.74,4.48,0.0
20230623:1010,867.0,131.0,0.0,72.36,26.6,4.9,0.0
20230623:1110,812.0,143.0,0.0,67.83,27.12,5.24,0.0
20230623:1210,718.0,145.0,0.0,58.63,27.35,5.52,0.0
20230623:1310,592.0,138.0,0.0,47.83,27.3,5.72,0.0
20230623:1410,430.0,130.0,0.0,36.57,26.95,5.86,0.0
20230623:1510,262.0,110.0,0.0,25.32,26.3,5.79,0.0
20230623:1610,116.0,74.0,0.0,14.37,25.41,5.66,0.0
20230623:1710,12.0,18.26,0.0,3.99,24.19,5.31,0.0
20230623:1810,0.0,0.0,0.0,0.0,22.96,4.97,0.0
20230623:1910,0.0,0.0,0.0,0.0,22.04,5.24,0.0
20230623:2010,0.0,0.0,0.0,0.0,21.52,4.83,0.0
20230623:2110,0.0,0.0,0.0,0.0,21.09,4.34,0.0
20230623:2210,0.0,0.0,0.0,0.0,20.68,4.07,0.0
20230623:2310,0.0,0.0,0.0,0.0,20.34,4.07,0.0
20230624:0010,0.0,0.0,0.0,0.0,20.07,4.07,0.0
20230624:0110,0.0,0.0,0.0,0.0,19.87,4.07,0.0
20230624:0210,0.0,0.0,0.0,0.0,19.73,4.14,0.0
20230624:0310,0.0,32.0,0.0,5.38,19.61,4.14,0.0
20230624:0410,115.0,91.0,0.0,15.86,20.2,4.07,0.0
20230624:0510,323.0,98.0,0.0,26.87,21.6,4.07,0.0
20230624:0610,485.0,118.0,0.0,38.14,23.2,3.79,0.0
20230624:0710,636.0,130.0,0.0,49.37,24.23,4.21,0.0
20230624:0810,750.0,140.0,0.0,60.04,25.7,4.21,0.0
20230624:0910,850.0,130.0,0.0,68.83,26.99,4.14,0.0
20230624:1010,863.0,136.0,0.0,72.34,28.05,4.34,0.0
20230624:1110,820.0,141.0,0.0,67.84,28.76,4.69,0.0
20230624:1210,725.0,145.0,0.0,58.66,28.94,5.1,0.0
20230624:1310,598.0,138.0,0.0,47.86,28.54,5.38,0.0
20230624:1410,436.0,129.0,0.0,36.6,27.86,5.38,0.0
20230624:1510,267.0,109.0,0.0,25.35,26.94,5.24,0.0
20230624:1610,119.0,74.0,0.0,14.4,25.82,4.97,0.0
20230624:1710,12.0,18.28,0.0,4.01,24.26,4.83,0.0
20230624:1810,0.0,0.0,0.0,0.0,22.69,4.97,0.0
20230624:1910,0.0,0.0,0.0,0.0,21.46,4.97,0.0
20230624:2010,0.0,0.0,0.0,0.0,20.81,4.9,0.0
20230624:2110,0.0,0.0,0.0,0.0,20.36,4.62,0.0
20230624:2210,0.0,0.0,0.0,0.0,20.0,4.14,0.0
20230624:2310,0.0,0.0,0.0,0.0,19.68,3.79,0.0
20230625:0010,0.0,0.0,0.0,0.0,19.42,3.52,0.0
20230625:0110,0.0,0.0,0.0,0.0,19.38,3.59,0.0
20230625:0210,0.0,0.0,0.0,0.0,19.4,3.72,0.0
20230625:0310,0.0,32.0,0.0,5.33,19.3,3.72,0.0
20230625:0410,145.0,76.0,0.0,15.81,19.74,3.79,0.0
20230625:0510,226.0,145.0,0.0,26.81,20.72,4.34,0.0
20230625:0610,412.0,154.0,0.0,38.09,22.02,4.41,0.0
20230625:0710,559.0,168.0,0.0,49.32,22.86,3.86,0.0
20230625:0810,718.0,151.0,0.0,59.99,24.04,3.66,0.0
20230625:0910,814.0,144.0,0.0,68.78,25.1,3.45,0.0
20230625:1010,850.0,137.0,0.0,72.32,25.91,3.59,0.0
20230625:1110,796.0,149.0,0.0,67.85,26.52,4.0,0.0
20230625:1210,704.0,151.0,0.0,58.68,26.78,4.14,0.0
20230625:1310,596.0,135.0,0.0,47.89,26.76,4.28,0.0
20230625:1410,433.0,128.0,0.0,36.63,26.45,4.41,0.0
20230625:1510,256.0,113.0,0.0,25.38,25.79,4.41,0.0
20230625:1610,112.0,76.0,0.0,14.42,24.94,3.86,0.0
20230625:1710,10.0,20.53,0.0,4.03,24.04,3.31,0.0
20230625:1810,0.0,0.0,0.0,0.0,23.0,3.24,0.0
20230625:1910,0.0,0.0,0.0,0.0,22.03,3.59,0.0
20230625:2010,0.0,0.0,0.0,0.0,21.48,3.38,0.0
20230625:2110,0.0,0.0,0.0,0.0,21.08,3.24,0.0
20230625:2210,0.0,0.0,0.0,0.0,20.67,2.9,0.0
20230625:2310,0.0,0.0,0.0,0.0,20.33,2.41,0.0
20230626:0010,0.0,0.0,0.0,0.0,20.06,2.28,0.0
20230626:0110,0.0,0.0,0.0,0.0,19.78,2.14,0.0
20230626:0210,0.0,0.0,0.0,0.0,19.44,1.59,0.0
20230626:0310,0.0,22.0,0.0,5.27,19.6,1.45,0.0
20230626:0410,91.0,98.0,0.0,15.75,20.64,1.72,0.0
20230626:0510,201.0,154.0,0.0,26.76,21.31,2.07,0.0
20230626:0610,263.0,230.0,0.0,38.03,22.06,2.07,0.0
20230626:0710,557.0,162.0,0.0,49.26,23.0,0.34,0.0
20230626:0810,532.0,256.0,0.0,59.93,23.89,1.38,0.0
20230626:0910,531.0,304.0,0.0,68.73,24.58,2.41,0.0
20230626:1010,391.0,391.0,0.0,72.3,24.91,2.9,0.0
20230626:1110,136.0,451.0,0.0,67.85,25.01,2.97,0.0
20230626:1210,40.0,384.0,0.0,58.69,24.83,2.9,0.0
20230626:1310,74.0,348.0,0.0,47.91,24.81,2.97,0.0
20230626:1410,61.0,273.0,0.0,36.65,24.5,3.31,0.0
20230626:1510,210.0,135.0,0.0,25.4,24.21,4.07,0.0
20230626:1610,120.0,72.0,0.0,14.44,23.93,4.28,0.0
20230626:1710,10.0,19.64,0.0,4.05,23.36,4.14,0.0
20230626:1810,0.0,0.0,0.0,0.0,22.77,3.86,0.0
20230626:1910,0.0,0.0,0.0,0.0,22.36,3.52,0.0
20230626:2010,0.0,0.0,0.0,0.0,21.97,3.1,0.0
20230626:2110,0.0,0.0,0.0,0.0,21.67,2.9,0.0
20230626:2210,0.0,0.0,0.0,0.0,21.31,2.9,0.0
20230626:2310,0.0,0.0,0.0,0.0,20.93,2.97,0.0
20230627:0010,0.0,0.0,0.0,0.0,20.8,2.9,0.0
20230627:0110,0.0,0.0,0.0,0.0,20.63,2.76,0.0
20230627:0210,0.0,0.0,0.0,0.0,20.46,2.69,0.0
20230627:0310,0.0,12.0,0.0,5.22,20.22,2.9,0.0
20230627:0410,66.0,106.0,0.0,15.69,20.73,2.83,0.0
20230627:0510,166.0,170.0,0.0,26.7,21.33,3.59,0.0
20230627:0610,286.0,219.0,0.0,37.97,22.01,3.93,0.0
20230627:0710,498.0,198.0,0.0,49.2,22.82,3.38,0.0
20230627:0810,606.0,212.0,0.0,59.87,23.95,3.59,0.0
20230627:0910,600.0,264.0,0.0,68.68,24.75,3.86,0.0
20230627:1010,593.0,284.0,0.0,72.26,25.6,4.07,0.0
20230627:1110,664.0,222.0,0.0,67.85,26.37,4.76,0.0
20230627:1210,690.0,152.0,0.0,58.7,26.73,5.52,0.0
20230627:1310,568.0,144.0,0.0,47.93,26.63,5.79,0.0
20230627:1410,417.0,132.0,0.0,36.67,26.31,5.79,0.0
20230627:1510,253.0,112.0,0.0,25.42,25.72,5.72,0.0
20230627:1610,107.0,77.0,0.0,14.46,24.9,5.45,0.0
20230627:1710,8.0,21.03,0.0,4.06,23.94,4.9,0.0
20230627:1810,0.0,0.0,0.0,0.0,22.9,4.34,0.0
20230627:1910,0.0,0.0,0.0,0.0,22.62,3.93,0.0
20230627:2010,0.0,0.0,0.0,0.0,21.87,3.86,0.0
20230627:2110,0.0,0.0,0.0,0.0,21.27,3.79,0.0
20230627:2210,0.0,0.0,0.0,0.0,20.77,3.79,0.0
20230627:2310,0.0,0.0,0.0,0.0,20.39,3.66,0.0
20230628:0010,0.0,0.0,0.0,0.0,20.16,3.59,0.0
20230628:0110,0.0,0.0,0.0,0.0,19.9,3.38,0.0
20230628:0210,0.0,0.0,0.0,0.0,19.7,3.1,0.0
20230628:0310,0.0,30.0,0.0,5.15,19.49,2.97,0.0
20230628:0410,146.0,74.0,0.0,15.63,19.88,2.69,0.0
20230628:0510,317.0,97.0,0.0,26.64,21.24,3.1,0.0
20230628:0610,481.0,117.0,0.0,37.91,22.58,3.1,0.0
20230628:0710,634.0,127.0,0.0,49.14,24.26,2.97,0.0
20230628:0810,740.0,141.0,0.0,59.81,25.59,2.76,0.0
20230628:0910,818.0,143.0,0.0,68.62,26.52,2.14,0.0
20230628:1010,842.0,144.0,0.0,72.22,27.25,1.79,0.0
20230628:1110,800.0,149.0,0.0,67.84,27.87,1.79,0.0
20230628:1210,708.0,151.0,0.0,58.71,28.29,2.21,0.0
20230628:1310,585.0,142.0,0.0,47.94,28.51,2.62,0.0
20230628:1410,426.0,132.0,0.0,36.69,28.45,3.03,0.0
20230628:1510,255.0,115.0,0.0,25.43,28.05,3.52,0.0
20230628:1610,112.0,77.0,0.0,14.46,27.26,3.93,0.0
20230628:1710,12.0,19.18,0.0,4.06,26.05,4.21,0.0
20230628:1810,0.0,0.0,0.0,0.0,24.72,3.86,0.0
20230628:1910,0.0,0.0,0.0,0.0,23.42,3.03,0.0
20230628:2010,0.0,0.0,0.0,0.0,22.53,2.41,0.0
20230628:2110,0.0,0.0,0.0,0.0,21.43,1.93,0.0
20230628:2210,0.0,0.0,0.0,0.0,20.31,1.66,0.0
20230628:2310,0.0,0.0,0.0,0.0,19.4,1.79,0.0
20230629:0010,0.0,0.0,0.0,0.0,19.0,2.14,0.0
20230629:0110,0.0,0.0,0.0,0.0,19.43,2.83,0.0
20230629:0210,0.0,0.0,0.0,0.0,20.07,3.59,0.0
20230629:0310,0.0,4.0,0.0,5.08,20.33,4.21,0.0
20230629:0410,0.0,38.0,0.0,15.56,20.68,4.9,0.0
20230629:0510,0.0,74.0,0.0,26.57,21.41,5.38,0.0
20230629:0610,0.0,181.0,0.0,37.84,21.59,5.86,0.0
20230629:0710,24.0,321.0,0.0,49.07,21.12,6.14,0.0
20230629:0810,0.0,167.0,0.0,59.74,20.98,6.62,0.0
20230629:0910,0.0,131.0,0.0,68.55,21.17,6.21,0.0
20230629:1010,1.0,309.0,0.0,72.17,21.38,5.52,0.0
20230629:1110,22.0,392.0,0.0,67.82,22.07,4.62,0.0
20230629:1210,18.0,354.0,0.0,58.71,22.33,4.28,0.0
20230629:1310,0.0,204.0,0.0,47.95,22.67,4.28,0.0
20230629:1410,0.0,136.0,0.0,36.7,22.56,4.62,0.0
20230629:1510,1.0,124.0,0.0,25.44,22.28,4.69,0.0
20230629:1610,35.0,101.0,0.0,14.47,21.86,4.34,0.0
20230629:1710,9.0,19.88,0.0,4.06,21.26,3.93,0.0
20230629:1810,0.0,0.0,0.0,0.0,20.53,3.52,0.0
20230629:1910,0.0,0.0,0.0,0.0,19.74,2.83,0.0
20230629:2010,0.0,0.0,0.0,0.0,19.31,2.48,0.0
20230629:2110,0.0,0.0,0.0,0.0,18.72,2.07,0.0
20230629:2210,0.0,0.0,0.0,0.0,17.8,1.79,0.0
20230629:2310,0.0,0.0,0.0,0.0,17.13,1.59,0.0
20230630:0010,0.0,0.0,0.0,0.0,16.87,1.52,0.0
20230630:0110,0.0,0.0,0.0,0.0,17.09,1.38,0.0
20230630:0210,0.0,0.0,0.0,0.0,17.64,1.1,0.0
20230630:0310,0.0,29.0,0.0,5.01,17.79,0.69,0.0
20230630:0410,134.0,78.0,0.0,15.49,17.09,0.41,0.0
20230630:0510,299.0,106.0,0.0,26.5,18.71,0.34,0.0
20230630:0610,477.0,119.0,0.0,37.77,20.42,0.28,0.0
20230630:0710,620.0,135.0,0.0,49.0,21.85,0.21,0.0
20230630:0810,734.0,145.0,0.0,59.67,22.9,0.34,0.0
20230630:0910,776.0,168.0,0.0,68.48,23.72,0.69,0.0
20230630:1010,755.0,198.0,0.0,72.12,24.56,0.9,0.0
20230630:1110,0.0,0.0,0.0,0.0,25.1,1.1,0.0
20230630:1210,573.0,236.0,0.0,58.71,25.18,0.97,0.0
20230630:1310,581.0,147.0,0.0,47.95,25.41,0.97,0.0
20230630:1410,430.0,132.0,0.0,36.7,25.35,1.17,0.0
20230630:1510,263.0,112.0,0.0,25.44,25.2,2.21,0.0
20230630:1610,118.0,75.0,0.0,14.47,24.97,3.72,0.0
20230630:1710,13.0,18.94,0.0,4.06,24.2,4.48,0.0
20230630:1810,0.0,0.0,0.0,0.0,23.14,4.28,0.0
20230630:1910,0.0,0.0,0.0,0.0,22.49,3.45,0.0
20230630:2010,0.0,0.0,0.0,0.0,21.87,3.24,0.0
20230630:2110,0.0,0.0,0.0,0.0,21.31,2.69,0.0
20230630:2210,0.0,0.0,0.0,0.0,20.64,2.34,0.0
20230630:2310,0.0,0.0,0.0,0.0,19.58,1.93,0.0
20230701:0010,0.0,0.0,0.0,0.0,19.31,1.52,0.0
20230701:0110,0.0,0.0,0.0,0.0,18.84,1.59,0.0
20230701:0210,0.0,0.0,0.0,0.0,17.85,1.86,0.0
20230701:0310,0.0,28.0,0.0,4.94,17.34,2.07,0.0
20230701:0410,149.0,71.0,0.0,15.42,18.5,2.0,0.0
20230701:0510,311.0,99.0,0.0,26.43,21.98,2.0,0.0
20230701:0610,495.0,109.0,0.0,37.7,23.34,2.28,0.0
20230701:0710,634.0,128.0,0.0,48.93,24.08,1.86,0.0
20230701:0810,740.0,142.0,0.0,59.59,25.25,1.86,0.0
20230701:0910,829.0,139.0,0.0,68.41,26.13,1.38,0.0
20230701:1010,866.0,133.0,0.0,72.06,26.83,0.76,0.0
20230701:1110,813.0,145.0,0.0,67.77,27.26,0.28,0.0
20230701:1210,711.0,152.0,0.0,58.7,27.47,0.34,0.0
20230701:1310,578.0,149.0,0.0,47.95,27.58,1.03,0.0
20230701:1410,435.0,130.0,0.0,36.7,27.83,2.48,0.0
20230701:1510,267.0,110.0,0.0,25.44,27.51,4.14,0.0
20230701:1610,117.0,75.0,0.0,14.46,26.43,4.97,0.0
20230701:1710,15.0,18.46,0.0,4.05,25.12,5.03,0.0
20230701:1810,0.0,0.0,0.0,0.0,23.7,4.48,0.0
20230701:1910,0.0,0.0,0.0,0.0,22.85,3.59,0.0
20230701:2010,0.0,0.0,0.0,0.0,22.0,2.97,0.0
20230701:2110,0.0,0.0,0.0,0.0,21.3,2.62,0.0
20230701:2210,0.0,0.0,0.0,0.0,20.57,2.21,0.0
20230701:2310,0.0,0.0,0.0,0.0,19.6,1.72,0.0
20230702:0010,0.0,0.0,0.0,0.0,20.26,1.1,0.0
20230702:0110,0.0,0.0,0.0,0.0,21.1,0.76,0.0
20230702:0210,0.0,0.0,0.0,0.0,21.02,0.55,0.0
20230702:0310,0.0,25.0,0.0,4.86,20.92,0.69,0.0
20230702:0410,82.0,98.0,0.0,15.34,20.72,0.97,0.0
20230702:0510,223.0,141.0,0.0,26.35,22.46,1.1,0.0
20230702:0610,435.0,133.0,0.0,37.63,23.9,1.24,0.0
20230702:0710,591.0,142.0,0.0,48.85,24.92,2.28,0.0
20230702:0810,710.0,149.0,0.0,59.51,26.03,2.9,0.0
20230702:0910,797.0,147.0,0.0,68.32,26.91,3.31,0.0
20230702:1010,821.0,148.0,0.0,71.99,27.53,3.52,0.0
20230702:1110,792.0,147.0,0.0,67.73,28.15,3.79,0.0
20230702:1210,701.0,149.0,0.0,58.68,28.7,3.93,0.0
20230702:1310,579.0,141.0,0.0,47.94,29.03,3.72,0.0
20230702:1410,421.0,132.0,0.0,36.7,29.13,3.38,0.0
20230702:1510,256.0,112.0,0.0,25.43,28.98,2.9,0.0
20230702:1610,106.0,78.0,0.0,14.45,28.5,2.48,0.0
20230702:1710,8.0,21.02,0.0,4.03,27.53,1.72,0.0
20230702:1810,0.0,0.0,0.0,0.0,26.28,2.0,0.0
20230702:1910,0.0,0.0,0.0,0.0,25.58,3.1,0.0
20230702:2010,0.0,0.0,0.0,0.0,25.19,3.17,0.0
20230702:2110,0.0,0.0,0.0,0.0,24.91,2.97,0.0
20230702:2210,0.0,0.0,0.0,0.0,24.37,2.62,0.0
20230702:2310,0.0,0.0,0.0,0.0,23.72,2.14,0.0
20230703:0010,0.0,0.0,0.0,0.0,23.14,1.45,0.0
20230703:0110,0.0,0.0,0.0,0.0,24.36,0.55,0.0
20230703:0210,0.0,0.0,0.0,0.0,24.11,0.55,0.0
20230703:0310,0.0,9.0,0.0,4.78,22.9,1.1,0.0
20230703:0410,33.0,107.0,0.0,15.26,22.66,1.52,0.0
20230703:0510,164.0,166.0,0.0,26.27,24.75,2.41,0.0
20230703:0610,369.0,166.0,0.0,37.55,25.76,2.41,0.0
20230703:0710,353.0,273.0,0.0,48.77,26.1,1.03,0.0
20230703:0810,610.0,202.0,0.0,59.43,26.83,2.07,0.0
20230703:0910,758.0,160.0,0.0,68.24,27.24,2.14,0.0
20230703:1010,793.0,155.0,0.0,71.91,27.62,1.59,0.0
20230703:1110,764.0,154.0,0.0,67.69,28.05,1.93,0.0
20230703:1210,723.0,131.0,0.0,58.66,28.22,2.0,0.0
20230703:1310,557.0,147.0,0.0,47.93,28.23,2.07,0.0
20230703:1410,409.0,133.0,0.0,36.69,28.28,3.24,0.0
20230703:1510,254.0,110.0,0.0,25.42,27.76,4.55,0.0
20230703:1610,102.0,78.0,0.0,14.44,26.84,4.83,0.0
20230703:1710,9.0,19.86,0.0,4.01,25.82,4.55,0.0
20230703:1810,0.0,0.0,0.0,0.0,24.83,4.14,0.0
20230703:1910,0.0,0.0,0.0,0.0,23.8,4.21,0.0
20230703:2010,0.0,0.0,0.0,0.0,23.37,3.59,0.0
20230703:2110,0.0,0.0,0.0,0.0,22.94,3.17,0.0
20230703:2210,0.0,0.0,0.0,0.0,22.54,3.38,0.0
20230703:2310,0.0,0.0,0.0,0.0,22.17,3.72,0.0
20230704:0010,0.0,0.0,0.0,0.0,21.9,3.93,0.0
20230704:0110,0.0,0.0,0.0,0.0,21.79,3.93,0.0
20230704:0210,0.0,0.0,0.0,0.0,21.74,4.55,0.0
20230704:0310,0.0,5.0,0.0,4.69,21.76,4.41,0.0
20230704:0410,35.0,107.0,0.0,15.17,22.23,4.41,0.0
20230704:0510,189.0,154.0,0.0,26.19,23.1,4.41,0.0
20230704:0610,373.0,165.0,0.0,37.47,24.16,4.21,0.0
20230704:0710,573.0,147.0,0.0,48.69,25.55,4.48,0.0
20230704:0810,700.0,150.0,0.0,59.34,26.72,4.14,0.0
20230704:0910,786.0,148.0,0.0,68.14,27.93,4.14,0.0
20230704:1010,811.0,149.0,0.0,71.83,28.95,4.76,0.0
20230704:1110,782.0,148.0,0.0,67.64,29.57,5.52,0.0
20230704:1210,692.0,150.0,0.0,58.64,29.61,6.07,0.0
20230704:1310,570.0,143.0,0.0,47.91,29.21,6.34,0.0
20230704:1410,414.0,133.0,0.0,36.67,28.55,6.41,0.0
20230704:1510,258.0,109.0,0.0,25.41,27.66,6.34,0.0
20230704:1610,102.0,79.0,0.0,14.42,26.58,6.07,0.0
20230704:1710,8.0,20.08,0.0,3.98,25.42,5.72,0.0
20230704:1810,0.0,0.0,0.0,0.0,24.34,5.45,0.0
20230704:1910,0.0,0.0,0.0,0.0,23.3,5.38,0.0
20230704:2010,0.0,0.0,0.0,0.0,22.76,5.03,0.0
20230704:2110,0.0,0.0,0.0,0.0,22.34,4.9,0.0
20230704:2210,0.0,0.0,0.0,0.0,22.02,4.62,0.0
20230704:2310,0.0,0.0,0.0,0.0,21.79,4.34,0.0
20230705:0010,0.0,0.0,0.0,0.0,21.72,4.34,0.0
20230705:0110,0.0,0.0,0.0,0.0,21.75,4.48,0.0
20230705:0210,0.0,0.0,0.0,0.0,21.74,4.62,0.0
20230705:0310,0.0,4.0,0.0,4.6,21.8,4.69,0.0
20230705:0410,33.0,105.0,0.0,15.09,22.17,4.76,0.0
20230705:0510,48.0,192.0,0.0,26.11,23.01,5.45,0.0
20230705:0610,212.0,245.0,0.0,37.38,24.21,5.1,0.0
20230705:0710,0.0,0.0,0.0,0.0,24.97,5.72,0.0
20230705:0810,49.0,393.0,0.0,59.25,26.17,5.38,0.0
20230705:0910,61.0,432.0,0.0,68.04,26.93,5.45,0.0
20230705:1010,76.0,450.0,0.0,71.74,27.69,5.86,0.0
20230705:1110,91.0,443.0,0.0,67.59,27.76,6.34,0.0
20230705:1210,104.0,408.0,0.0,58.6,27.53,6.69,0.0
20230705:1310,262.0,307.0,0.0,47.89,27.59,6.76,0.0
20230705:1410,221.0,234.0,0.0,36.66,27.24,6.28,0.0
20230705:1510,169.0,154.0,0.0,25.39,26.88,6.14,0.0
20230705:1610,55.0,97.0,0.0,14.4,26.19,6.14,0.0
20230705:1710,3.0,20.31,0.0,3.95,25.33,5.72,0.0
20230705:1810,0.0,0.0,0.0,0.0,24.47,5.38,0.0
20230705:1910,0.0,0.0,0.0,0.0,23.6,5.31,0.0
20230705:2010,0.0,0.0,0.0,0.0,23.28,5.17,0.0
20230705:2110,0.0,0.0,0.0,0.0,22.97,4.76,0.0
20230705:2210,0.0,0.0,0.0,0.0,22.73,4.21,0.0
20230705:2310,0.0,0.0,0.0,0.0,22.51,3.93,0.0
20230706:0010,0.0,0.0,0.0,0.0,22.41,4.0,0.0
20230706:0110,0.0,0.0,0.0,0.0,22.39,4.0,0.0
20230706:0210,0.0,0.0,0.0,0.0,22.49,4.07,0.0
20230706:0310,0.0,3.0,0.0,4.5,22.52,4.14,0.0
20230706:0410,0.0,43.0,0.0,15.0,23.2,4.14,0.0
20230706:0510,157.0,165.0,0.0,26.02,24.15,5.1,0.0
20230706:0610,242.0,230.0,0.0,37.29,25.27,5.1,0.0
20230706:0710,327.0,282.0,0.0,48.52,25.54,3.86,0.0
20230706:0810,616.0,194.0,0.0,59.16,26.05,2.97,0.0
20230706:0910,636.0,233.0,0.0,67.94,26.65,2.83,0.0
20230706:1010,776.0,162.0,0.0,71.65,27.39,4.07,0.0
20230706:1110,758.0,155.0,0.0,67.53,27.87,4.62,0.0
20230706:1210,660.0,162.0,0.0,58.57,27.91,5.24,0.0
20230706:1310,552.0,148.0,0.0,47.87,28.14,5.17,0.0
20230706:1410,405.0,134.0,0.0,36.63,27.64,5.52,0.0
20230706:1510,248.0,111.0,0.0,25.36,27.37,4.97,0.0
20230706:1610,61.0,94.0,0.0,14.37,26.91,4.41,0.0
20230706:1710,4.0,19.11,0.0,3.91,26.15,3.86,0.0
20230706:1810,0.0,0.0,0.0,0.0,25.15,3.31,0.0
20230706:1910,0.0,0.0,0.0,0.0,24.32,3.31,0.0
20230706:2010,0.0,0.0,0.0,0.0,23.65,2.97,0.0
20230706:2110,0.0,0.0,0.0,0.0,23.08,2.69,0.0
20230706:2210,0.0,0.0,0.0,0.0,22.61,2.62,0.0
20230706:2310,0.0,0.0,0.0,0.0,22.42,2.41,0.0
20230707:0010,0.0,0.0,0.0,0.0,22.19,2.07,0.0
20230707:0110,0.0,0.0,0.0,0.0,21.86,1.72,0.0
20230707:0210,0.0,0.0,0.0,0.0,21.65,1.03,0.0
20230707:0310,0.0,7.0,0.0,4.41,22.02,0.28,0.0
20230707:0410,52.0,102.0,0.0,14.9,22.08,0.76,0.0
20230707:0510,197.0,145.0,0.0,25.93,23.29,0.97,0.0
20230707:0610,407.0,138.0,0.0,37.2,24.36,1.17,0.0
20230707:0710,540.0,160.0,0.0,48.42,26.3,2.07,0.0
20230707:0810,665.0,162.0,0.0,59.06,27.05,2.41,0.0
20230707:0910,750.0,161.0,0.0,67.83,27.27,2.69,0.0
20230707:1010,796.0,151.0,0.0,71.54,27.3,2.97,0.0
20230707:1110,758.0,154.0,0.0,67.46,27.52,2.48,0.0
20230707:1210,464.0,280.0,0.0,58.53,28.02,2.21,0.0
20230707:1310,374.0,252.0,0.0,47.84,28.53,2.69,0.0
20230707:1410,398.0,137.0,0.0,36.6,28.57,2.76,0.0
20230707:1510,209.0,133.0,0.0,25.33,28.46,3.24,0.0
20230707:1610,37.0,99.0,0.0,14.33,28.01,3.31,0.0
20230707:1710,9.0,19.78,0.0,3.87,27.21,2.55,0.0
20230707:1810,0.0,0.0,0.0,0.0,26.3,2.07,0.0
20230707:1910,0.0,0.0,0.0,0.0,25.16,2.83,0.0
20230707:2010,0.0,0.0,0.0,0.0,24.61,2.21,0.0
20230707:2110,0.0,0.0,0.0,0.0,24.06,1.66,0.0
20230707:2210,0.0,0.0,0.0,0.0,23.44,1.38,0.0
20230707:2310,0.0,0.0,0.0,0.0,23.11,1.38,0.0
20230708:0010,0.0,0.0,0.0,0.0,23.0,2.14,0.0
20230708:0110,0.0,0.0,0.0,0.0,22.65,2.69,0.0
20230708:0210,0.0,0.0,0.0,0.0,22.55,3.17,0.0
20230708:0310,0.0,25.0,0.0,4.3,22.49,3.45,0.0
20230708:0410,12.0,96.0,0.0,14.81,22.0,4.0,0.0
20230708:0510,1.0,123.0,0.0,25.83,21.94,4.97,0.0
20230708:0610,0.0,108.0,0.0,37.11,22.1,5.52,0.0
20230708:0710,148.0,347.0,0.0,48.33,21.55,5.52,0.0
20230708:0810,333.0,349.0,0.0,58.96,22.33,6.0,0.0
20230708:0910,124.0,447.0,0.0,67.72,22.66,5.79,0.0
20230708:1010,322.0,412.0,0.0,71.44,23.06,5.31,0.0
20230708:1110,90.0,441.0,0.0,67.38,23.42,5.38,0.0
20230708:1210,434.0,295.0,0.0,58.48,23.87,5.59,0.0
20230708:1310,266.0,304.0,0.0,47.8,23.9,5.66,0.0
20230708:1410,204.0,240.0,0.0,36.57,23.98,5.38,0.0
20230708:1510,74.0,184.0,0.0,25.3,23.54,5.52,0.0
20230708:1610,48.0,97.0,0.0,14.29,22.75,5.52,0.0
20230708:1710,2.0,16.61,0.0,3.82,22.16,5.03,0.0
20230708:1810,0.0,0.0,0.0,0.0,21.33,4.97,0.0
20230708:1910,0.0,0.0,0.0,0.0,20.64,5.1,0.0
20230708:2010,0.0,0.0,0.0,0.0,20.66,5.59,0.0
20230708:2110,0.0,0.0,0.0,0.0,20.54,6.21,0.0
20230708:2210,0.0,0.0,0.0,0.0,20.27,6.0,0.0
20230708:2310,0.0,0.0,0.0,0.0,20.05,6.07,0.0
20230709:0010,0.0,0.0,0.0,0.0,19.92,6.07,0.0
20230709:0110,0.0,0.0,0.0,0.0,20.06,6.0,0.0
20230709:0210,0.0,0.0,0.0,0.0,20.34,5.93,0.0
20230709:0310,0.0,3.0,0.0,4.2,20.65,5.72,0.0
20230709:0410,0.0,17.0,0.0,14.71,21.1,5.86,0.0
20230709:0510,0.0,78.0,0.0,25.74,21.52,6.41,0.0
20230709:0610,62.0,274.0,0.0,37.01,21.91,6.76,0.0
20230709:0710,286.0,301.0,0.0,48.23,21.78,7.66,0.0
20230709:0810,0.0,250.0,0.0,58.85,21.96,7.72,0.0
20230709:0910,1.0,303.0,0.0,67.6,22.19,7.72,0.0
20230709:1010,0.0,151.0,0.0,71.32,22.6,7.38,0.0
20230709:1110,1.0,297.0,0.0,67.3,22.73,6.9,0.0
20230709:1210,42.0,384.0,0.0,58.42,23.28,6.48,0.0
20230709:1310,49.0,337.0,0.0,47.76,23.78,6.41,0.0
20230709:1410,402.0,137.0,0.0,36.53,23.89,5.72,0.0
20230709:1510,250.0,111.0,0.0,25.26,24.05,4.69,0.0
20230709:1610,99.0,78.0,0.0,14.25,23.66,3.1,0.0
20230709:1710,7.0,19.31,0.0,3.77,22.89,2.0,0.0
20230709:1810,0.0,0.0,0.0,0.0,21.3,1.45,0.0
20230709:1910,0.0,0.0,0.0,0.0,20.63,1.31,0.0
20230709:2010,0.0,0.0,0.0,0.0,21.93,0.76,0.0
20230709:2110,0.0,0.0,0.0,0.0,21.62,0.76,0.0
20230709:2210,0.0,0.0,0.0,0.0,20.78,1.1,0.0
20230709:2310,0.0,0.0,0.0,0.0,20.18,1.24,0.0
20230710:0010,0.0,0.0,0.0,0.0,19.24,1.45,0.0
20230710:0110,0.0,0.0,0.0,0.0,19.1,1.45,0.0
20230710:0210,0.0,0.0,0.0,0.0,19.35,1.45,0.0
20230710:0310,0.0,21.0,0.0,4.09,19.53,1.38,0.0
20230710:0410,107.0,80.0,0.0,14.6,19.98,1.24,0.0
20230710:0510,260.0,113.0,0.0,25.64,22.39,1.31,0.0
20230710:0610,456.0,117.0,0.0,36.92,23.49,1.52,0.0
20230710:0710,599.0,133.0,0.0,48.13,23.72,1.52,0.0
20230710:0810,704.0,149.0,0.0,58.74,24.39,1.52,0.0
20230710:0910,792.0,147.0,0.0,67.48,25.09,1.38,0.0
20230710:1010,807.0,154.0,0.0,71.2,25.52,1.38,0.0
20230710:1110,779.0,152.0,0.0,67.22,25.93,1.45,0.0
20230710:1210,666.0,168.0,0.0,58.37,26.01,1.24,0.0
20230710:1310,549.0,158.0,0.0,47.71,25.98,0.97,0.0
20230710:1410,412.0,136.0,0.0,36.49,25.78,0.97,0.0
20230710:1510,240.0,119.0,0.0,25.21,25.47,1.03,0.0
20230710:1610,102.0,78.0,0.0,14.2,25.11,1.24,0.0
20230710:1710,9.0,18.79,0.0,3.71,24.67,1.31,0.0
20230710:1810,0.0,0.0,0.0,0.0,23.7,1.72,0.0
20230710:1910,0.0,0.0,0.0,0.0,22.59,1.52,0.0
20230710:2010,0.0,0.0,0.0,0.0,22.19,1.38,0.0
20230710:2110,0.0,0.0,0.0,0.0,21.89,1.38,0.0
20230710:2210,0.0,0.0,0.0,0.0,21.8,1.38,0.0
20230710:2310,0.0,0.0,0.0,0.0,21.93,1.31,0.0
20230711:0010,0.0,0.0,0.0,0.0,22.02,1.31,0.0
20230711:0110,0.0,0.0,0.0,0.0,21.76,1.31,0.0
20230711:0210,0.0,0.0,0.0,0.0,21.29,1.45,0.0
20230711:0310,0.0,3.0,0.0,3.98,20.63,1.59,0.0
20230711:0410,24.0,101.0,0.0,14.5,20.57,1.66,0.0
20230711:0510,167.0,159.0,0.0,25.53,23.93,2.07,0.0
20230711:0610,394.0,147.0,0.0,36.81,24.81,2.62,0.0
20230711:0710,534.0,165.0,0.0,48.03,25.23,3.59,0.0
20230711:0810,634.0,185.0,0.0,58.63,26.03,3.59,0.0
20230711:0910,746.0,167.0,0.0,67.35,26.64,3.45,0.0
20230711:1010,784.0,160.0,0.0,71.07,27.2,3.1,0.0
20230711:1110,767.0,154.0,0.0,67.12,27.57,2.76,0.0
20230711:1210,679.0,155.0,0.0,58.3,27.96,2.48,0.0
20230711:1310,560.0,146.0,0.0,47.66,28.07,2.28,0.0
20230711:1410,404.0,136.0,0.0,36.44,28.0,2.41,0.0
20230711:1510,243.0,115.0,0.0,25.16,27.88,2.62,0.0
20230711:1610,92.0,81.0,0.0,14.14,27.56,2.62,0.0
20230711:1710,6.0,18.57,0.0,3.65,26.74,2.21,0.0
20230711:1810,0.0,0.0,0.0,0.0,25.47,1.59,0.0
20230711:1910,0.0,0.0,0.0,0.0,24.61,2.62,0.0
20230711:2010,0.0,0.0,0.0,0.0,24.15,2.62,0.0
20230711:2110,0.0,0.0,0.0,0.0,23.76,2.62,0.0
20230711:2210,0.0,0.0,0.0,0.0,23.57,2.69,0.0
20230711:2310,0.0,0.0,0.0,0.0,23.57,3.03,0.0
20230712:0010,0.0,0.0,0.0,0.0,23.64,3.24,0.0
20230712:0110,0.0,0.0,0.0,0.0,23.62,3.24,0.0
20230712:0210,0.0,0.0,0.0,0.0,23.59,3.31,0.0
20230712:0310,0.0,3.0,0.0,3.87,23.54,3.24,0.0
20230712:0410,38.0,100.0,0.0,14.39,24.14,3.03,0.0
20230712:0510,176.0,152.0,0.0,25.43,25.42,2.9,0.0
20230712:0610,383.0,151.0,0.0,36.71,26.32,2.69,0.0
20230712:0710,530.0,165.0,0.0,47.92,26.33,2.41,0.0
20230712:0810,678.0,155.0,0.0,58.52,26.96,2.48,0.0
20230712:0910,764.0,154.0,0.0,67.22,27.6,2.34,0.0
20230712:1010,790.0,155.0,0.0,70.94,28.04,2.14,0.0
20230712:1110,752.0,160.0,0.0,67.02,28.11,1.72,0.0
20230712:1210,675.0,155.0,0.0,58.23,28.21,1.24,0.0
20230712:1310,547.0,152.0,0.0,47.6,28.38,0.76,0.0
20230712:1410,408.0,132.0,0.0,36.39,28.34,0.55,0.0
20230712:1510,245.0,112.0,0.0,25.11,28.35,2.14,0.0
20230712:1610,90.0,81.0,0.0,14.08,27.94,3.72,0.0
20230712:1710,6.0,17.62,0.0,3.58,26.79,4.28,0.0
20230712:1810,0.0,0.0,0.0,0.0,25.47,4.21,0.0
20230712:1910,0.0,0.0,0.0,0.0,25.31,3.1,0.0
20230712:2010,0.0,0.0,0.0,0.0,24.67,2.83,0.0
20230712:2110,0.0,0.0,0.0,0.0,24.14,2.69,0.0
20230712:2210,0.0,0.0,0.0,0.0,23.68,2.62,0.0
20230712:2310,0.0,0.0,0.0,0.0,23.31,2.62,0.0
20230713:0010,0.0,0.0,0.0,0.0,22.89,2.21,0.0
20230713:0110,0.0,0.0,0.0,0.0,22.34,1.93,0.0
20230713:0210,0.0,0.0,0.0,0.0,21.87,2.14,0.0
20230713:0310,0.0,3.0,0.0,3.75,21.8,2.55,0.0
20230713:0410,18.0,96.0,0.0,14.28,22.72,2.48,0.0
20230713:0510,147.0,165.0,0.0,25.32,24.97,2.28,0.0
20230713:0610,368.0,159.0,0.0,36.61,26.85,2.28,0.0
20230713:0710,540.0,159.0,0.0,47.81,27.51,1.86,0.0
20230713:0810,678.0,155.0,0.0,58.4,28.48,1.86,0.0
20230713:0910,755.0,159.0,0.0,67.08,29.27,1.86,0.0
20230713:1010,791.0,155.0,0.0,70.8,29.84,1.86,0.0
20230713:1110,764.0,153.0,0.0,66.91,30.26,1.79,0.0
20230713:1210,665.0,161.0,0.0,58.15,30.53,1.59,0.0
20230713:1310,547.0,152.0,0.0,47.54,30.76,1.38,0.0
20230713:1410,401.0,137.0,0.0,36.33,30.78,0.97,0.0
20230713:1510,240.0,115.0,0.0,25.05,30.58,0.76,0.0
20230713:1610,93.0,80.0,0.0,14.01,30.15,1.59,0.0
20230713:1710,5.0,16.88,0.0,3.5,29.41,2.34,0.0
20230713:1810,0.0,0.0,0.0,0.0,28.35,2.83,0.0
20230713:1910,0.0,0.0,0.0,0.0,27.82,2.28,0.0
20230713:2010,0.0,0.0,0.0,0.0,26.9,2.69,0.0
20230713:2110,0.0,0.0,0.0,0.0,26.22,2.76,0.0
20230713:2210,0.0,0.0,0.0,0.0,25.4,2.0,0.0
20230713:2310,0.0,0.0,0.0,0.0,25.52,1.17,0.0
20230714:0010,0.0,0.0,0.0,0.0,26.3,0.9,0.0
20230714:0110,0.0,0.0,0.0,0.0,24.7,1.31,0.0
20230714:0210,0.0,0.0,0.0,0.0,22.68,2.0,0.0
20230714:0310,0.0,3.0,0.0,3.63,22.42,2.41,0.0
20230714:0410,34.0,98.0,0.0,14.16,23.59,2.07,0.0
20230714:0510,155.0,160.0,0.0,25.21,27.33,1.31,0.0
20230714:0610,364.0,159.0,0.0,36.5,29.12,1.38,0.0
20230714:0710,516.0,171.0,0.0,47.7,29.68,1.45,0.0
20230714:0810,650.0,170.0,0.0,58.27,30.42,2.0,0.0
20230714:0910,723.0,176.0,0.0,66.94,31.1,2.14,0.0
20230714:1010,763.0,168.0,0.0,70.65,31.77,2.0,0.0
20230714:1110,749.0,159.0,0.0,66.8,31.96,1.72,0.0
20230714:1210,660.0,162.0,0.0,58.07,31.42,1.66,0.0
20230714:1310,523.0,165.0,0.0,47.47,31.17,1.24,0.0
20230714:1410,376.0,150.0,0.0,36.27,31.11,2.41,0.0
20230714:1510,224.0,122.0,0.0,24.98,31.28,2.76,0.0
20230714:1610,82.0,83.0,0.0,13.94,30.75,3.1,0.0
20230714:1710,4.0,17.09,0.0,3.42,29.47,3.66,0.0
20230714:1810,0.0,0.0,0.0,0.0,27.98,4.0,0.0
20230714:1910,0.0,0.0,0.0,0.0,26.74,4.0,0.0
20230714:2010,0.0,0.0,0.0,0.0,25.76,4.28,0.0
20230714:2110,0.0,0.0,0.0,0.0,25.01,4.48,0.0
20230714:2210,0.0,0.0,0.0,0.0,24.46,4.69,0.0
20230714:2310,0.0,0.0,0.0,0.0,24.08,4.9,0.0
20230715:0010,0.0,0.0,0.0,0.0,23.82,4.83,0.0
20230715:0110,0.0,0.0,0.0,0.0,23.68,4.62,0.0
20230715:0210,0.0,0.0,0.0,0.0,23.51,4.41,0.0
20230715:0310,0.0,2.0,0.0,3.5,23.39,4.34,0.0
20230715:0410,23.0,97.0,0.0,14.05,23.72,4.48,0.0
20230715:0510,178.0,149.0,0.0,25.1,24.71,4.9,0.0
20230715:0610,389.0,145.0,0.0,36.39,25.96,5.03,0.0
20230715:0710,559.0,147.0,0.0,47.58,27.35,5.72,0.0
20230715:0810,706.0,140.0,0.0,58.15,28.47,5.59,0.0
20230715:0910,776.0,148.0,0.0,66.8,29.39,5.79,0.0
20230715:1010,792.0,154.0,0.0,70.5,29.95,6.14,0.0
20230715:1110,754.0,159.0,0.0,66.68,30.11,6.41,0.0
20230715:1210,665.0,161.0,0.0,57.98,30.03,6.62,0.0
20230715:1310,557.0,146.0,0.0,47.4,29.65,6.83,0.0
20230715:1410,401.0,136.0,0.0,36.2,29.05,6.9,0.0
20230715:1510,255.0,107.0,0.0,24.91,28.25,6.9,0.0
20230715:1610,103.0,74.0,0.0,13.87,27.21,6.62,0.0
20230715:1710,5.0,16.83,0.0,3.33,26.01,6.34,0.0
20230715:1810,0.0,0.0,0.0,0.0,24.81,6.28,0.0
20230715:1910,0.0,0.0,0.0,0.0,23.82,5.79,0.0
20230715:2010,0.0,0.0,0.0,0.0,23.23,5.59,0.0
20230715:2110,0.0,0.0,0.0,0.0,22.78,5.24,0.0
20230715:2210,0.0,0.0,0.0,0.0,22.39,5.03,0.0
20230715:2310,0.0,0.0,0.0,0.0,22.07,4.9,0.0
20230716:0010,0.0,0.0,0.0,0.0,21.79,4.83,0.0
20230716:0110,0.0,0.0,0.0,0.0,21.58,4.83,0.0
20230716:0210,0.0,0.0,0.0,0.0,21.4,4.76,0.0
20230716:0310,0.0,10.0,0.0,3.38,21.26,4.62,0.0
20230716:0410,100.0,78.0,0.0,13.93,21.71,4.48,0.0
20230716:0510,247.0,116.0,0.0,24.99,22.78,5.17,0.0
20230716:0610,447.0,119.0,0.0,36.27,24.02,5.45,0.0
20230716:0710,591.0,136.0,0.0,47.47,25.22,5.52,0.0
20230716:0810,715.0,143.0,0.0,58.02,26.37,5.79,0.0
20230716:0910,785.0,151.0,0.0,66.65,27.41,6.07,0.0
20230716:1010,812.01,152.0,0.0,70.34,28.08,6.48,0.0
20230716:1110,773.0,157.0,0.0,66.55,28.47,6.76,0.0
20230716:1210,683.0,160.0,0.0,57.89,28.56,7.03,0.0
20230716:1310,553.0,156.0,0.0,47.32,28.31,7.24,0.0
20230716:1410,415.0,134.0,0.0,36.12,27.8,7.45,0.0
20230716:1510,259.0,107.0,0.0,24.84,27.02,7.52,0.0
20230716:1610,110.0,72.0,0.0,13.78,26.01,7.38,0.0
20230716:1710,6.0,15.64,0.0,3.24,24.93,6.97,0.0
20230716:1810,0.0,0.0,0.0,0.0,23.96,6.48,0.0
20230716:1910,0.0,0.0,0.0,0.0,23.03,5.86,0.0
20230716:2010,0.0,0.0,0.0,0.0,22.57,5.38,0.0
20230716:2110,0.0,0.0,0.0,0.0,22.23,4.97,0.0
20230716:2210,0.0,0.0,0.0,0.0,21.97,4.69,0.0
20230716:2310,0.0,0.0,0.0,0.0,21.74,4.48,0.0
20230717:0010,0.0,0.0,0.0,0.0,21.54,4.41,0.0
20230717:0110,0.0,0.0,0.0,0.0,21.39,4.34,0.0
20230717:0210,0.0,0.0,0.0,0.0,21.25,4.34,0.0
20230717:0310,0.0,8.0,0.0,3.25,21.19,4.48,0.0
20230717:0410,108.0,73.0,0.0,13.81,21.68,4.55,0.0
20230717:0510,254.0,110.0,0.0,24.87,22.92,5.38,0.0
20230717:0610,421.0,131.0,0.0,36.16,24.19,5.72,0.0
20230717:0710,552.0,157.0,0.0,47.35,25.32,5.59,0.0
20230717:0810,713.0,143.0,0.0,57.89,26.66,5.93,0.0
20230717:0910,793.0,146.0,0.0,66.49,27.65,6.14,0.0
20230717:1010,799.01,158.0,0.0,70.17,28.33,6.41,0.0
20230717:1110,771.0,157.0,0.0,66.42,28.64,6.76,0.0
20230717:1210,668.0,168.0,0.0,57.79,28.66,7.1,0.0
20230717:1310,551.0,157.0,0.0,47.23,28.41,7.38,0.0
20230717:1410,413.0,134.0,0.0,36.04,27.87,7.45,0.0
20230717:1510,261.0,106.0,0.0,24.76,27.13,7.45,0.0
20230717:1610,105.0,73.0,0.0,13.7,26.18,7.17,0.0
20230717:1710,5.0,15.83,0.0,3.14,25.15,6.48,0.0
20230717:1810,0.0,0.0,0.0,0.0,24.23,6.14,0.0
20230717:1910,0.0,0.0,0.0,0.0,23.24,5.52,0.0
20230717:2010,0.0,0.0,0.0,0.0,22.87,5.1,0.0
20230717:2110,0.0,0.0,0.0,0.0,22.56,4.76,0.0
20230717:2210,0.0,0.0,0.0,0.0,22.24,4.55,0.0
20230717:2310,0.0,0.0,0.0,0.0,21.95,4.41,0.0
20230718:0010,0.0,0.0,0.0,0.0,21.71,4.34,0.0
20230718:0110,0.0,0.0,0.0,0.0,21.51,4.21,0.0
20230718:0210,0.0,0.0,0.0,0.0,21.37,4.14,0.0
20230718:0310,0.0,12.0,0.0,3.12,21.34,4.21,0.0
20230718:0410,118.0,68.0,0.0,13.68,21.93,4.21,0.0
20230718:0510,267.0,103.0,0.0,24.75,23.23,4.9,0.0
20230718:0610,454.0,113.0,0.0,36.04,24.41,5.45,0.0
20230718:0710,601.0,128.0,0.0,47.23,25.4,5.24,0.0
20230718:0810,710.0,143.0,0.0,57.75,26.6,5.31,0.0
20230718:0910,779.0,152.0,0.0,66.33,27.7,5.79,0.0
20230718:1010,796.01,158.0,0.0,70.0,28.47,6.14,0.0
20230718:1110,768.0,158.0,0.0,66.28,28.95,6.21,0.0
20230718:1210,666.0,167.0,0.0,57.68,29.11,6.28,0.0
20230718:1310,549.0,156.0,0.0,47.14,28.93,6.41,0.0
20230718:1410,410.0,135.0,0.0,35.96,28.4,6.41,0.0
20230718:1510,255.0,107.0,0.0,24.67,27.6,6.28,0.0
20230718:1610,105.0,72.0,0.0,13.6,26.59,6.0,0.0
20230718:1710,5.0,14.86,0.0,3.04,25.45,5.38,0.0
20230718:1810,0.0,0.0,0.0,0.0,24.36,4.97,0.0
20230718:1910,0.0,0.0,0.0,0.0,23.44,4.62,0.0
20230718:2010,0.0,0.0,0.0,0.0,22.9,4.41,0.0
20230718:2110,0.0,0.0,0.0,0.0,22.44,4.21,0.0
20230718:2210,0.0,0.0,0.0,0.0,22.07,4.07,0.0
20230718:2310,0.0,0.0,0.0,0.0,21.74,4.0,0.0
20230719:0010,0.0,0.0,0.0,0.0,21.48,3.86,0.0
20230719:0110,0.0,0.0,0.0,0.0,21.23,3.59,0.0
20230719:0210,0.0,0.0,0.0,0.0,21.02,3.45,0.0
20230719:0310,0.0,3.0,0.0,2.98,20.85,3.38,0.0
20230719:0410,69.0,87.0,0.0,13.56,21.33,3.17,0.0
20230719:0510,221.0,123.0,0.0,24.63,22.68,3.72,0.0
20230719:0610,431.0,120.0,0.0,35.92,24.14,4.14,0.0
20230719:0710,573.0,138.0,0.0,47.1,25.66,4.07,0.0
20230719:0810,697.0,144.0,0.0,57.61,27.23,3.86,0.0
20230719:0910,766.0,153.0,0.0,66.17,28.58,3.72,0.0
20230719:1010,793.01,154.0,0.0,69.82,29.67,4.21,0.0
20230719:1110,756.0,158.0,0.0,66.14,30.36,5.24,0.0
20230719:1210,654.0,169.0,0.0,57.57,30.45,5.79,0.0
20230719:1310,548.0,151.0,0.0,47.05,30.2,5.79,0.0
20230719:1410,401.0,135.0,0.0,35.87,29.78,5.66,0.0
20230719:1510,247.0,108.0,0.0,24.58,29.18,5.45,0.0
20230719:1610,96.0,74.0,0.0,13.51,28.28,5.24,0.0
20230719:1710,3.0,14.34,0.0,2.93,27.08,4.76,0.0
20230719:1810,0.0,0.0,0.0,0.0,25.85,4.55,0.0
20230719:1910,0.0,0.0,0.0,0.0,24.74,4.34,0.0
20230719:2010,0.0,0.0,0.0,0.0,24.1,4.07,0.0
20230719:2110,0.0,0.0,0.0,0.0,23.58,3.86,0.0
20230719:2210,0.0,0.0,0.0,0.0,23.12,3.59,0.0
20230719:2310,0.0,0.0,0.0,0.0,22.75,3.59,0.0
20230720:0010,0.0,0.0,0.0,0.0,22.48,3.66,0.0
20230720:0110,0.0,0.0,0.0,0.0,22.24,3.59,0.0
20230720:0210,0.0,0.0,0.0,0.0,22.03,3.31,0.0
20230720:0310,0.0,2.0,0.0,2.85,21.79,3.03,0.0
20230720:0410,75.0,82.0,0.0,13.43,22.2,2.97,0.0
20230720:0510,224.0,119.0,0.0,24.51,23.74,3.38,0.0
20230720:0610,417.0,124.0,0.0,35.8,25.64,3.45,0.0
20230720:0710,549.0,147.0,0.0,46.97,27.34,2.34,0.0
20230720:0810,669.0,155.0,0.0,57.47,29.18,2.14,0.0
20230720:0910,746.0,159.0,0.0,66.0,30.77,1.86,0.0
20230720:1010,773.01,160.0,0.0,69.64,31.87,1.59,0.0
20230720:1110,734.0,166.0,0.0,65.98,32.68,1.59,0.0
20230720:1210,645.0,169.0,0.0,57.45,33.48,2.48,0.0
20230720:1310,530.0,158.0,0.0,46.95,33.86,3.59,0.0
20230720:1410,387.0,140.0,0.0,35.77,33.49,4.55,0.0
20230720:1510,233.0,113.0,0.0,24.48,32.42,5.17,0.0
20230720:1610,84.0,78.0,0.0,13.4,30.91,5.31,0.0
20230720:1710,5.0,13.85,0.0,2.82,29.36,4.83,0.0
20230720:1810,0.0,0.0,0.0,0.0,27.9,4.55,0.0
20230720:1910,0.0,0.0,0.0,0.0,27.31,3.52,0.0
20230720:2010,0.0,0.0,0.0,0.0,26.58,3.17,0.0
20230720:2110,0.0,0.0,0.0,0.0,25.91,2.55,0.0
20230720:2210,0.0,0.0,0.0,0.0,25.33,2.14,0.0
20230720:2310,0.0,0.0,0.0,0.0,24.71,1.79,0.0
20230721:0010,0.0,0.0,0.0,0.0,24.02,1.72,0.0
20230721:0110,0.0,0.0,0.0,0.0,23.52,1.86,0.0
20230721:0210,0.0,0.0,0.0,0.0,23.08,1.93,0.0
20230721:0310,0.0,2.0,0.0,2.71,22.81,2.0,0.0
20230721:0410,51.0,89.0,0.0,13.3,23.65,2.0,0.0
20230721:0510,204.0,127.0,0.0,24.39,25.46,2.28,0.0
20230721:0610,417.0,122.0,0.0,35.68,26.83,2.62,0.0
20230721:0710,558.0,140.0,0.0,46.85,26.59,2.07,0.0
20230721:0810,672.0,150.0,0.0,57.33,27.57,1.66,0.0
20230721:0910,740.0,159.0,0.0,65.83,28.37,1.45,0.0
20230721:1010,766.01,161.0,0.0,69.45,28.89,1.66,0.0
20230721:1110,714.0,175.0,0.0,65.82,29.06,1.86,0.0
20230721:1210,640.0,169.0,0.0,57.32,29.5,2.41,0.0
20230721:1310,525.0,158.0,0.0,46.84,29.91,3.24,0.0
20230721:1410,389.0,136.0,0.0,35.67,30.0,4.14,0.0
20230721:1510,237.0,109.0,0.0,24.38,29.45,4.55,0.0
20230721:1610,91.0,73.0,0.0,13.29,28.48,4.55,0.0
20230721:1710,2.0,12.58,0.0,2.7,27.32,4.28,0.0
20230721:1810,0.0,0.0,0.0,0.0,26.25,4.07,0.0
20230721:1910,0.0,0.0,0.0,0.0,25.46,4.28,0.0
20230721:2010,0.0,0.0,0.0,0.0,24.84,3.66,0.0
20230721:2110,0.0,0.0,0.0,0.0,24.28,3.24,0.0
20230721:2210,0.0,0.0,0.0,0.0,23.81,2.97,0.0
20230721:2310,0.0,0.0,0.0,0.0,23.39,2.83,0.0
20230722:0010,0.0,0.0,0.0,0.0,23.01,2.83,0.0
20230722:0110,0.0,0.0,0.0,0.0,22.81,2.9,0.0
20230722:0210,0.0,0.0,0.0,0.0,22.64,2.9,0.0
20230722:0310,0.0,2.0,0.0,2.57,22.52,2.83,0.0
20230722:0410,68.0,82.0,0.0,13.17,22.9,2.83,0.0
20230722:0510,231.0,113.0,0.0,24.26,24.24,2.97,0.0
20230722:0610,416.0,123.0,0.0,35.55,25.88,2.41,0.0
20230722:0710,549.0,145.0,0.0,46.71,26.62,0.34,0.0
20230722:0810,678.0,149.0,0.0,57.18,27.76,0.9,0.0
20230722:0910,746.0,159.0,0.0,65.65,28.95,2.14,0.0
20230722:1010,773.01,160.0,0.0,69.26,29.86,2.97,0.0
20230722:1110,734.0,166.0,0.0,65.66,30.57,3.31,0.0
20230722:1210,646.0,168.0,0.0,57.19,31.02,3.17,0.0
20230722:1310,530.0,157.0,0.0,46.73,31.31,2.9,0.0
20230722:1410,386.0,139.0,0.0,35.56,31.21,2.41,0.0
20230722:1510,231.0,113.0,0.0,24.27,30.95,1.79,0.0
20230722:1610,86.0,75.0,0.0,13.18,30.48,1.59,0.0
20230722:1710,1.0,11.8,0.0,2.58,29.76,1.72,0.0
20230722:1810,0.0,0.0,0.0,0.0,28.89,1.31,0.0
20230722:1910,0.0,0.0,0.0,0.0,28.38,0.62,0.0
20230722:2010,0.0,0.0,0.0,0.0,27.25,1.1,0.0
20230722:2110,0.0,0.0,0.0,0.0,25.91,1.72,0.0
20230722:2210,0.0,0.0,0.0,0.0,25.36,2.14,0.0
20230722:2310,0.0,0.0,0.0,0.0,24.86,1.93,0.0
20230723:0010,0.0,0.0,0.0,0.0,25.09,1.52,0.0
20230723:0110,0.0,0.0,0.0,0.0,25.39,1.38,0.0
20230723:0210,0.0,0.0,0.0,0.0,25.06,1.52,0.0
20230723:0310,0.0,1.0,0.0,2.42,24.16,1.86,0.0
20230723:0410,14.0,85.0,0.0,13.03,24.95,2.28,0.0
20230723:0510,160.0,146.0,0.0,24.13,28.18,2.21,0.0
20230723:0610,347.0,157.0,0.0,35.43,29.98,1.93,0.0
20230723:0710,508.0,164.0,0.0,46.58,29.23,1.1,0.0
20230723:0810,645.0,162.0,0.0,57.03,29.83,0.76,0.0
20230723:0910,707.0,176.0,0.0,65.47,30.35,1.45,0.0
20230723:1010,747.0,168.0,0.0,69.06,30.52,2.21,0.0
20230723:1110,721.0,167.0,0.0,65.49,30.56,2.83,0.0
20230723:1210,621.0,177.0,0.0,57.05,30.57,3.59,0.0
20230723:1310,518.0,159.0,0.0,46.61,30.81,4.28,0.0
20230723:1410,376.0,140.0,0.0,35.45,30.73,4.97,0.0
20230723:1510,219.0,116.0,0.0,24.16,30.21,5.31,0.0
20230723:1610,76.0,78.0,0.0,13.06,29.43,4.97,0.0
20230723:1710,1.0,9.82,0.0,2.45,28.34,4.28,0.0
20230723:1810,0.0,0.0,0.0,0.0,27.1,4.14,0.0
20230723:1910,0.0,0.0,0.0,0.0,26.0,4.0,0.0
20230723:2010,0.0,0.0,0.0,0.0,25.39,3.1,0.0
20230723:2110,0.0,0.0,0.0,0.0,24.92,2.9,0.0
20230723:2210,0.0,0.0,0.0,0.0,24.32,3.45,0.0
20230723:2310,0.0,0.0,0.0,0.0,23.84,4.0,0.0
20230724:0010,0.0,0.0,0.0,0.0,23.39,4.55,0.0
20230724:0110,0.0,0.0,0.0,0.0,22.96,4.62,0.0
20230724:0210,0.0,0.0,0.0,0.0,22.74,4.41,0.0
20230724:0310,0.0,1.0,0.0,2.28,22.67,4.76,0.0
20230724:0410,44.0,88.0,0.0,12.9,22.83,5.03,0.0
20230724:0510,119.0,166.0,0.0,24.0,23.35,5.38,0.0
20230724:0610,380.0,143.0,0.0,35.3,24.1,5.52,0.0
20230724:0710,450.0,206.0,0.0,46.45,25.23,4.9,0.0
20230724:0810,428.0,298.0,0.0,56.87,26.27,4.69,0.0
20230724:0910,521.0,297.0,0.0,65.28,27.22,4.9,0.0
20230724:1010,444.0,356.0,0.0,68.85,27.9,5.1,0.0
20230724:1110,554.0,279.0,0.0,65.31,28.43,5.31,0.0
20230724:1210,650.0,168.0,0.0,56.91,28.76,5.45,0.0
20230724:1310,544.0,150.0,0.0,46.48,28.68,5.52,0.0
20230724:1410,396.0,134.0,0.0,35.34,28.46,5.45,0.0
20230724:1510,237.0,109.0,0.0,24.04,27.91,5.38,0.0
20230724:1610,94.0,70.0,0.0,12.94,27.07,5.24,0.0
20230724:1710,2.0,9.63,0.0,2.31,25.99,4.83,0.0
20230724:1810,0.0,0.0,0.0,0.0,24.98,4.55,0.0
20230724:1910,0.0,0.0,0.0,0.0,24.14,4.69,0.0
20230724:2010,0.0,0.0,0.0,0.0,23.42,4.21,0.0
20230724:2110,0.0,0.0,0.0,0.0,22.86,4.0,0.0
20230724:2210,0.0,0.0,0.0,0.0,22.43,3.59,0.0
20230724:2310,0.0,0.0,0.0,0.0,22.07,3.52,0.0
20230725:0010,0.0,0.0,0.0,0.0,21.79,3.17,0.0
20230725:0110,0.0,0.0,0.0,0.0,21.45,2.69,0.0
20230725:0210,0.0,0.0,0.0,0.0,20.98,2.41,0.0
20230725:0310,0.0,1.0,0.0,2.13,20.18,2.0,0.0
20230725:0410,59.0,83.0,0.0,12.76,20.41,1.79,0.0
20230725:0510,223.0,116.0,0.0,23.87,23.0,2.07,0.0
20230725:0610,414.0,124.0,0.0,35.17,24.81,2.21,0.0
20230725:0710,554.0,144.0,0.0,46.31,26.81,2.21,0.0
20230725:0810,676.0,152.0,0.0,56.72,28.18,2.21,0.0
20230725:0910,754.0,158.0,0.0,65.1,29.49,2.14,0.0
20230725:1010,782.01,158.0,0.0,68.64,30.46,1.45,0.0
20230725:1110,742.0,165.0,0.0,65.12,31.06,0.97,0.0
20230725:1210,653.0,167.0,0.0,56.76,31.19,0.62,0.0
20230725:1310,546.0,149.0,0.0,46.35,31.03,0.55,0.0
20230725:1410,390.0,138.0,0.0,35.21,30.69,0.21,0.0
20230725:1510,224.0,116.0,0.0,23.92,30.55,0.62,0.0
20230725:1610,80.0,76.0,0.0,12.8,30.37,2.0,0.0
20230725:1710,0.0,9.0,0.0,2.17,29.66,3.03,0.0
20230725:1810,0.0,0.0,0.0,0.0,28.38,3.66,0.0
20230725:1910,0.0,0.0,0.0,0.0,27.2,3.52,0.0
20230725:2010,0.0,0.0,0.0,0.0,26.17,3.72,0.0
20230725:2110,0.0,0.0,0.0,0.0,25.5,3.59,0.0
20230725:2210,0.0,0.0,0.0,0.0,25.08,3.38,0.0
20230725:2310,0.0,0.0,0.0,0.0,24.75,3.31,0.0
20230726:0010,0.0,0.0,0.0,0.0,24.43,3.1,0.0
20230726:0110,0.0,0.0,0.0,0.0,23.98,2.62,0.0
20230726:0210,0.0,0.0,0.0,0.0,23.31,2.34,0.0
20230726:0310,0.0,1.0,0.0,1.98,22.76,2.48,0.0
20230726:0410,11.0,81.0,0.0,12.62,23.42,2.55,0.0
20230726:0510,121.0,163.0,0.0,23.74,26.02,2.48,0.0
20230726:0610,307.0,183.0,0.0,35.03,28.52,2.41,0.0
20230726:0710,492.0,180.0,0.0,46.17,29.69,2.9,0.0
20230726:0810,636.0,176.0,0.0,56.56,31.0,3.1,0.0
20230726:0910,711.0,183.0,0.0,64.9,31.97,3.45,0.0
20230726:1010,737.01,185.0,0.0,68.42,32.8,3.86,0.0
20230726:1110,711.0,183.0,0.0,64.93,33.61,4.0,0.0
20230726:1210,650.0,167.0,0.0,56.6,34.28,4.21,0.0
20230726:1310,522.0,163.0,0.0,46.22,34.85,4.21,0.0
20230726:1410,365.0,151.0,0.0,35.08,35.18,3.86,0.0
20230726:1510,203.0,126.0,0.0,23.79,35.15,3.24,0.0
20230726:1610,71.0,78.0,0.0,12.67,34.51,2.97,0.0
20230726:1710,0.0,7.0,0.0,2.02,32.66,3.24,0.0
20230726:1810,0.0,0.0,0.0,0.0,31.08,3.17,0.0
20230726:1910,0.0,0.0,0.0,0.0,30.68,2.9,0.0
20230726:2010,0.0,0.0,0.0,0.0,29.85,2.76,0.0
20230726:2110,0.0,0.0,0.0,0.0,28.89,2.97,0.0
20230726:2210,0.0,0.0,0.0,0.0,27.89,3.17,0.0
20230726:2310,0.0,0.0,0.0,0.0,26.93,2.34,0.0
20230727:0010,0.0,0.0,0.0,0.0,25.86,1.93,0.0
20230727:0110,0.0,0.0,0.0,0.0,26.39,4.34,0.0
20230727:0210,0.0,0.0,0.0,0.0,26.51,5.31,0.0
20230727:0310,0.0,1.0,0.0,1.82,25.86,4.41,0.0
20230727:0410,0.0,18.0,0.0,12.48,25.57,4.07,0.0
20230727:0510,14.0,158.0,0.0,23.6,25.56,4.76,0.0
20230727:0610,348.0,155.0,0.0,34.9,25.75,6.21,0.0
20230727:0710,162.0,332.0,0.0,46.03,25.93,6.97,0.0
20230727:0810,297.0,355.0,0.0,56.4,26.25,7.38,0.0
20230727:0910,308.0,396.0,0.0,64.7,26.15,8.07,0.0
20230727:1010,508.0,315.0,0.0,68.2,25.12,8.69,0.0
20230727:1110,62.0,426.0,0.0,64.73,24.21,8.62,0.0
20230727:1210,0.0,239.0,0.0,56.44,23.61,7.79,0.0
20230727:1310,0.0,175.0,0.0,46.07,22.48,6.83,0.0
20230727:1410,0.0,47.0,0.0,34.95,21.71,5.31,0.0
20230727:1510,0.0,62.0,0.0,23.65,21.25,2.9,0.0
20230727:1610,97.0,66.0,0.0,12.53,21.48,1.52,0.0
20230727:1710,0.0,7.0,0.0,1.87,21.76,1.72,0.0
20230727:1810,0.0,0.0,0.0,0.0,21.5,1.59,0.0
20230727:1910,0.0,0.0,0.0,0.0,21.17,4.55,0.0
20230727:2010,0.0,0.0,0.0,0.0,20.8,4.0,0.0
20230727:2110,0.0,0.0,0.0,0.0,20.43,2.97,0.0
20230727:2210,0.0,0.0,0.0,0.0,20.03,2.14,0.0
20230727:2310,0.0,0.0,0.0,0.0,19.19,1.66,0.0
20230728:0010,0.0,0.0,0.0,0.0,18.52,1.38,0.0
20230728:0110,0.0,0.0,0.0,0.0,18.53,1.24,0.0
20230728:0210,0.0,0.0,0.0,0.0,19.03,1.03,0.0
20230728:0310,0.0,1.0,0.0,1.67,19.45,0.9,0.0
20230728:0410,87.0,68.0,0.0,12.34,19.43,0.9,0.0
20230728:0510,213.0,119.0,0.0,23.47,20.73,1.17,0.0
20230728:0610,284.0,196.0,0.0,34.76,21.52,1.38,0.0
20230728:0710,330.0,272.0,0.0,45.88,22.17,1.52,0.0
20230728:0810,344.0,341.0,0.0,56.23,22.96,1.59,0.0
20230728:0910,492.0,315.0,0.0,64.5,23.76,1.72,0.0
20230728:1010,344.0,404.0,0.0,67.97,24.58,2.0,0.0
20230728:1110,375.0,375.0,0.0,64.53,25.19,2.55,0.0
20230728:1210,500.0,260.0,0.0,56.27,25.53,3.31,0.0
20230728:1310,546.0,149.0,0.0,45.93,25.8,3.93,0.0
20230728:1410,397.0,132.0,0.0,34.81,25.63,4.69,0.0
20230728:1510,243.0,104.0,0.0,23.51,24.97,5.24,0.0
20230728:1610,94.0,66.0,0.0,12.38,24.06,5.52,0.0
20230728:1710,0.0,7.0,0.0,1.71,23.03,5.38,0.0
20230728:1810,0.0,0.0,0.0,0.0,22.12,5.31,0.0
20230728:1910,0.0,0.0,0.0,0.0,21.62,5.31,0.0
20230728:2010,0.0,0.0,0.0,0.0,21.09,4.62,0.0
20230728:2110,0.0,0.0,0.0,0.0,20.64,4.14,0.0
20230728:2210,0.0,0.0,0.0,0.0,20.28,3.93,0.0
20230728:2310,0.0,0.0,0.0,0.0,19.94,3.79,0.0
20230729:0010,0.0,0.0,0.0,0.0,19.67,3.66,0.0
20230729:0110,0.0,0.0,0.0,0.0,19.44,3.59,0.0
20230729:0210,0.0,0.0,0.0,0.0,19.23,3.59,0.0
20230729:0310,0.0,1.0,0.0,1.51,19.11,3.66,0.0
20230729:0410,95.0,64.0,0.0,12.19,19.43,3.59,0.0
20230729:0510,255.0,96.0,0.0,23.33,20.73,4.0,0.0
20230729:0610,437.0,109.0,0.0,34.63,22.14,4.41,0.0
20230729:0710,581.0,128.0,0.0,45.74,23.34,4.62,0.0
20230729:0810,692.0,142.0,0.0,56.06,24.58,4.83,0.0
20230729:0910,753.01,156.0,0.0,64.3,25.6,5.17,0.0
20230729:1010,780.01,158.0,0.0,67.74,26.33,5.31,0.0
20230729:1110,727.01,173.0,0.0,64.32,26.71,5.59,0.0
20230729:1210,638.0,175.0,0.0,56.1,26.73,5.93,0.0
20230729:1310,522.0,162.0,0.0,45.77,26.47,6.34,0.0
20230729:1410,386.0,136.0,0.0,34.67,25.93,6.55,0.0
20230729:1510,233.0,106.0,0.0,23.37,25.22,6.48,0.0
20230729:1610,89.0,67.0,0.0,12.23,24.36,6.21,0.0
20230729:1710,0.0,5.0,0.0,1.55,23.36,5.59,0.0
20230729:1810,0.0,0.0,0.0,0.0,22.45,5.03,0.0
20230729:1910,0.0,0.0,0.0,0.0,21.93,5.03,0.0
20230729:2010,0.0,0.0,0.0,0.0,21.39,4.69,0.0
20230729:2110,0.0,0.0,0.0,0.0,20.94,4.34,0.0
20230729:2210,0.0,0.0,0.0,0.0,20.58,3.93,0.0
20230729:2310,0.0,0.0,0.0,0.0,20.23,3.79,0.0
20230730:0010,0.0,0.0,0.0,0.0,20.02,3.72,0.0
20230730:0110,0.0,0.0,0.0,0.0,19.89,3.72,0.0
20230730:0210,0.0,0.0,0.0,0.0,19.77,3.66,0.0
20230730:0310,0.0,0.0,0.0,0.0,19.7,3.59,0.0
20230730:0410,87.0,66.0,0.0,12.05,20.06,3.59,0.0
20230730:0510,247.0,98.0,0.0,23.19,21.35,4.48,0.0
20230730:0610,408.0,123.0,0.0,34.49,22.64,5.03,0.0
20230730:0710,572.0,132.0,0.0,45.59,24.12,5.17,0.0
20230730:0810,691.0,142.0,0.0,55.89,25.18,5.38,0.0
20230730:0910,762.01,151.0,0.0,64.09,26.1,5.72,0.0
20230730:1010,779.01,158.0,0.0,67.5,26.68,6.0,0.0
20230730:1110,726.01,173.0,0.0,64.1,27.06,6.34,0.0
20230730:1210,637.0,175.0,0.0,55.92,27.16,6.55,0.0
20230730:1310,531.0,155.0,0.0,45.61,26.99,6.76,0.0
20230730:1410,384.0,137.0,0.0,34.51,26.51,6.9,0.0
20230730:1510,231.0,106.0,0.0,23.22,25.76,6.9,0.0
20230730:1610,87.0,67.0,0.0,12.07,24.8,6.48,0.0
20230730:1710,0.0,3.0,0.0,1.38,23.74,5.79,0.0
20230730:1810,0.0,0.0,0.0,0.0,22.79,5.24,0.0
20230730:1910,0.0,0.0,0.0,0.0,22.1,4.83,0.0
20230730:2010,0.0,0.0,0.0,0.0,21.52,4.55,0.0
20230730:2110,0.0,0.0,0.0,0.0,21.06,4.48,0.0
20230730:2210,0.0,0.0,0.0,0.0,20.72,4.34,0.0
20230730:2310,0.0,0.0,0.0,0.0,20.43,4.07,0.0
20230731:0010,0.0,0.0,0.0,0.0,20.27,3.86,0.0
20230731:0110,0.0,0.0,0.0,0.0,20.1,3.66,0.0
20230731:0210,0.0,0.0,0.0,0.0,19.98,3.66,0.0
20230731:0310,0.0,0.0,0.0,0.0,19.87,3.66,0.0
20230731:0410,85.0,65.0,0.0,11.9,20.23,3.52,0.0
20230731:0510,243.0,98.0,0.0,23.05,21.62,3.86,0.0
20230731:0610,190.0,235.0,0.0,34.35,22.99,4.07,0.0
20230731:0710,277.0,292.0,0.0,45.44,24.19,4.69,0.0
20230731:0810,389.0,314.0,0.0,55.72,25.36,4.97,0.0
20230731:0910,397.0,359.0,0.0,63.88,26.19,5.45,0.0
20230731:1010,548.0,296.0,0.0,67.26,26.78,5.72,0.0
20230731:1110,551.0,277.0,0.0,63.88,27.23,6.07,0.0
20230731:1210,483.0,264.0,0.0,55.73,27.19,6.28,0.0
20230731:1310,371.0,246.0,0.0,45.45,27.0,6.34,0.0
20230731:1410,191.0,235.0,0.0,34.36,26.54,6.28,0.0
20230731:1510,178.0,133.0,0.0,23.06,26.02,6.14,0.0
20230731:1610,47.0,80.0,0.0,11.91,25.22,5.86,0.0
20230731:1710,0.0,0.0,0.0,0.0,24.35,5.52,0.0
20230731:1810,0.0,0.0,0.0,0.0,23.62,4.76,0.0
20230731:1910,0.0,0.0,0.0,0.0,23.15,4.69,0.0
20230731:2010,0.0,0.0,0.0,0.0,22.73,4.14,0.0
20230731:2110,0.0,0.0,0.0,0.0,22.42,3.52,0.0
20230731:2210,0.0,0.0,0.0,0.0,22.04,3.1,0.0
20230731:2310,0.0,0.0,0.0,0.0,21.71,2.9,0.0
20230801:0010,0.0,0.0,0.0,0.0,21.44,2.9,0.0
20230801:0110,0.0,0.0,0.0,0.0,21.32,2.83,0.0
20230801:0210,0.0,0.0,0.0,0.0,21.28,2.76,0.0
20230801:0310,0.0,0.0,0.0,0.0,21.1,2.76,0.0
20230801:0410,26.0,80.0,0.0,11.75,21.34,2.62,0.0
20230801:0510,129.0,150.0,0.0,22.91,22.52,3.03,0.0
20230801:0610,153.0,243.0,0.0,34.2,23.65,3.52,0.0
20230801:0710,105.0,335.0,0.0,45.29,24.6,4.07,0.0
20230801:0810,206.0,382.0,0.0,55.54,25.66,4.0,0.0
20230801:0910,492.0,301.0,0.0,63.66,26.79,4.14,0.0
20230801:1010,489.0,320.0,0.0,67.01,27.52,4.34,0.0
20230801:1110,546.0,271.0,0.0,63.66,27.76,4.62,0.0
20230801:1210,589.0,193.0,0.0,55.54,28.21,5.03,0.0
20230801:1310,404.0,220.0,0.0,45.28,28.03,5.24,0.0
20230801:1410,371.0,135.0,0.0,34.2,27.55,5.17,0.0
20230801:1510,236.0,99.0,0.0,22.9,26.88,5.1,0.0
20230801:1610,49.0,77.0,0.0,11.75,26.05,4.97,0.0
20230801:1710,0.0,0.0,0.0,0.0,25.03,4.69,0.0
20230801:1810,0.0,0.0,0.0,0.0,24.08,4.41,0.0
20230801:1910,0.0,0.0,0.0,0.0,23.44,3.72,0.0
20230801:2010,0.0,0.0,0.0,0.0,22.82,3.17,0.0
20230801:2110,0.0,0.0,0.0,0.0,22.3,2.83,0.0
20230801:2210,0.0,0.0,0.0,0.0,21.82,2.55,0.0
20230801:2310,0.0,0.0,0.0,0.0,21.35,2.55,0.0
20230802:0010,0.0,0.0,0.0,0.0,21.0,2.62,0.0
20230802:0110,0.0,0.0,0.0,0.0,20.8,2.69,0.0
20230802:0210,0.0,0.0,0.0,0.0,20.59,2.62,0.0
20230802:0310,0.0,0.0,0.0,0.0,20.33,2.34,0.0
20230802:0410,66.0,70.0,0.0,11.6,20.33,1.79,0.0
20230802:0510,222.0,104.0,0.0,22.76,22.0,1.66,0.0
20230802:0610,400.0,121.0,0.0,34.06,23.52,1.38,0.0
20230802:0710,552.0,135.0,0.0,45.13,24.9,0.07,0.0
20230802:0810,670.0,146.0,0.0,55.36,26.03,0.9,0.0
20230802:0910,741.01,155.0,0.0,63.44,27.01,1.59,0.0
20230802:1010,745.01,170.0,0.0,66.76,27.56,2.14,0.0
20230802:1110,719.01,167.0,0.0,63.42,28.29,2.55,0.0
20230802:1210,641.0,162.0,0.0,55.34,28.6,2.69,0.0
20230802:1310,502.0,164.0,0.0,45.1,28.82,2.69,0.0
20230802:1410,367.0,138.0,0.0,34.03,28.71,2.28,0.0
20230802:1510,247.0,94.0,0.0,22.73,28.34,1.52,0.0
20230802:1610,86.0,63.0,0.0,11.57,27.72,0.76,0.0
20230802:1710,0.0,0.0,0.0,0.0,26.97,0.9,0.0
20230802:1810,0.0,0.0,0.0,0.0,26.25,1.59,0.0
20230802:1910,0.0,0.0,0.0,0.0,25.76,0.83,0.0
20230802:2010,0.0,0.0,0.0,0.0,24.57,1.24,0.0
20230802:2110,0.0,0.0,0.0,0.0,23.75,1.59,0.0
20230802:2210,0.0,0.0,0.0,0.0,23.74,1.38,0.0
20230802:2310,0.0,0.0,0.0,0.0,24.36,1.1,0.0
20230803:0010,0.0,0.0,0.0,0.0,24.67,1.1,0.0
20230803:0110,0.0,0.0,0.0,0.0,24.5,1.1,0.0
20230803:0210,0.0,0.0,0.0,0.0,23.98,1.17,0.0
20230803:0310,0.0,0.0,0.0,0.0,22.72,1.52,0.0
20230803:0410,34.0,77.0,0.0,11.45,22.1,1.59,0.0
20230803:0510,175.0,125.0,0.0,22.62,24.68,1.59,0.0
20230803:0610,369.0,131.0,0.0,33.91,26.83,1.38,0.0
20230803:0710,510.0,152.0,0.0,44.98,28.16,1.17,0.0
20230803:0810,639.0,156.0,0.0,55.18,29.2,1.17,0.0
20230803:0910,705.01,169.0,0.0,63.21,29.97,1.31,0.0
20230803:1010,732.01,170.0,0.0,66.5,30.6,1.38,0.0
20230803:1110,705.01,169.0,0.0,63.18,31.12,1.24,0.0
20230803:1210,617.0,170.0,0.0,55.14,31.43,0.83,0.0
20230803:1310,500.0,159.0,0.0,44.92,31.6,0.07,0.0
20230803:1410,363.0,135.0,0.0,33.86,32.0,1.31,0.0
20230803:1510,200.0,112.0,0.0,22.56,32.71,3.66,0.0
20230803:1610,66.0,67.0,0.0,11.4,32.36,5.31,0.0
20230803:1710,0.0,0.0,0.0,0.0,30.95,5.59,0.0
20230803:1810,0.0,0.0,0.0,0.0,29.38,5.17,0.0
20230803:1910,0.0,0.0,0.0,0.0,29.37,4.69,0.0
20230803:2010,0.0,0.0,0.0,0.0,28.38,4.14,0.0
20230803:2110,0.0,0.0,0.0,0.0,27.53,3.79,0.0
20230803:2210,0.0,0.0,0.0,0.0,26.82,3.79,0.0
20230803:2310,0.0,0.0,0.0,0.0,26.23,3.86,0.0
20230804:0010,0.0,0.0,0.0,0.0,25.81,3.93,0.0
20230804:0110,0.0,0.0,0.0,0.0,25.52,4.0,0.0
20230804:0210,0.0,0.0,0.0,0.0,25.32,4.0,0.0
20230804:0310,0.0,0.0,0.0,0.0,25.16,4.14,0.0
20230804:0410,52.0,72.0,0.0,11.3,25.41,4.21,0.0
20230804:0510,202.0,111.0,0.0,22.47,26.7,4.48,0.0
20230804:0610,389.0,123.0,0.0,33.77,28.58,4.76,0.0
20230804:0710,539.0,139.0,0.0,44.82,30.38,4.69,0.0
20230804:0810,655.0,151.0,0.0,55.0,31.87,5.24,0.0
20230804:0910,725.01,160.0,0.0,62.98,32.97,5.86,0.0
20230804:1010,740.01,169.0,0.0,66.24,33.67,6.34,0.0
20230804:1110,699.01,177.0,0.0,62.94,33.88,6.83,0.0
20230804:1210,612.0,177.0,0.0,54.93,33.69,7.17,0.0
20230804:1310,487.0,169.0,0.0,44.73,33.17,7.45,0.0
20230804:1410,361.0,138.0,0.0,33.68,32.29,7.45,0.0
20230804:1510,206.0,109.0,0.0,22.39,31.22,7.24,0.0
20230804:1610,71.0,64.0,0.0,11.21,29.87,6.62,0.0
20230804:1710,0.0,0.0,0.0,0.0,28.33,6.21,0.0
20230804:1810,0.0,0.0,0.0,0.0,26.91,5.86,0.0
20230804:1910,0.0,0.0,0.0,0.0,25.81,5.72,0.0
20230804:2010,0.0,0.0,0.0,0.0,25.1,5.17,0.0
20230804:2110,0.0,0.0,0.0,0.0,24.51,4.69,0.0
20230804:2210,0.0,0.0,0.0,0.0,23.97,4.48,0.0
20230804:2310,0.0,0.0,0.0,0.0,23.48,4.41,0.0
20230805:0010,0.0,0.0,0.0,0.0,23.16,4.41,0.0
20230805:0110,0.0,0.0,0.0,0.0,23.02,4.41,0.0
20230805:0210,0.0,0.0,0.0,0.0,22.83,4.41,0.0
20230805:0310,0.0,0.0,0.0,0.0,22.8,4.28,0.0
20230805:0410,0.0,31.0,0.0,11.14,23.0,4.0,0.0
20230805:0510,89.0,160.0,0.0,22.33,23.99,4.14,0.0
20230805:0610,390.0,122.0,0.0,33.62,25.44,3.72,0.0
20230805:0710,540.0,139.0,0.0,44.66,26.63,2.83,0.0
20230805:0810,657.0,150.0,0.0,54.81,28.01,2.28,0.0
20230805:0910,715.01,167.0,0.0,62.75,29.11,2.28,0.0
20230805:1010,728.01,178.0,0.0,65.97,29.97,2.28,0.0
20230805:1110,701.01,176.0,0.0,62.69,30.64,2.41,0.0
20230805:1210,613.0,177.0,0.0,54.71,31.21,2.69,0.0
20230805:1310,497.0,163.0,0.0,44.54,31.57,3.24,0.0
20230805:1410,354.0,142.0,0.0,33.5,31.51,3.66,0.0
20230805:1510,194.0,115.0,0.0,22.2,30.89,4.07,0.0
20230805:1610,62.0,67.0,0.0,11.02,29.67,4.34,0.0
20230805:1710,0.0,0.0,0.0,0.0,28.17,4.07,0.0
20230805:1810,0.0,0.0,0.0,0.0,26.85,3.66,0.0
20230805:1910,0.0,0.0,0.0,0.0,25.82,3.52,0.0
20230805:2010,0.0,0.0,0.0,0.0,25.25,3.1,0.0
20230805:2110,0.0,0.0,0.0,0.0,24.84,2.83,0.0
20230805:2210,0.0,0.0,0.0,0.0,24.46,2.0,0.0
20230805:2310,0.0,0.0,0.0,0.0,23.7,1.24,0.0
20230806:0010,0.0,0.0,0.0,0.0,23.32,0.97,0.0
20230806:0110,0.0,0.0,0.0,0.0,23.66,0.62,0.0
20230806:0210,0.0,0.0,0.0,0.0,23.3,0.76,0.0
20230806:0310,0.0,0.0,0.0,0.0,22.24,1.38,0.0
20230806:0410,19.0,74.0,0.0,10.99,22.73,1.52,0.0
20230806:0510,165.0,128.0,0.0,22.18,25.66,2.0,0.0
20230806:0610,382.0,125.0,0.0,33.47,27.44,2.48,0.0
20230806:0710,523.0,145.0,0.0,44.5,28.48,2.07,0.0
20230806:0810,634.0,162.0,0.0,54.62,30.06,3.45,0.0
20230806:0910,712.01,167.0,0.0,62.52,31.3,5.1,0.0
20230806:1010,711.01,187.0,0.0,65.7,31.75,6.34,0.0
20230806:1110,685.01,184.0,0.0,62.43,31.49,6.83,0.0
20230806:1210,610.0,176.0,0.0,54.49,31.02,7.1,0.0
20230806:1310,485.0,168.0,0.0,44.34,30.46,7.03,0.0
20230806:1410,351.0,141.0,0.0,33.31,30.38,7.03,0.0
20230806:1510,192.0,113.0,0.0,22.02,30.11,7.1,0.0
20230806:1610,61.0,66.0,0.0,10.83,29.46,6.83,0.0
20230806:1710,0.0,0.0,0.0,0.0,28.66,6.41,0.0
20230806:1810,0.0,0.0,0.0,0.0,27.88,6.21,0.0
20230806:1910,0.0,0.0,0.0,0.0,27.43,6.0,0.0
20230806:2010,0.0,0.0,0.0,0.0,26.88,5.24,0.0
20230806:2110,0.0,0.0,0.0,0.0,26.27,4.62,0.0
20230806:2210,0.0,0.0,0.0,0.0,25.78,4.07,0.0
20230806:2310,0.0,0.0,0.0,0.0,25.28,3.45,0.0
20230807:0010,0.0,0.0,0.0,0.0,24.79,2.9,0.0
20230807:0110,0.0,0.0,0.0,0.0,24.25,2.62,0.0
20230807:0210,0.0,0.0,0.0,0.0,23.71,2.34,0.0
20230807:0310,0.0,0.0,0.0,0.0,22.97,2.0,0.0
20230807:0410,61.0,64.0,0.0,10.83,22.84,1.72,0.0
20230807:0510,213.0,102.0,0.0,22.03,25.62,1.59,0.0
20230807:0610,391.0,120.0,0.0,33.32,26.94,1.79,0.0
20230807:0710,529.0,142.0,0.0,44.33,27.39,2.48,0.0
20230807:0810,671.0,141.0,0.0,54.43,27.77,2.62,0.0
20230807:0910,367.0,363.0,0.0,62.28,27.86,2.55,0.0
20230807:1010,488.0,318.0,0.0,65.42,28.0,2.48,0.0
20230807:1110,645.01,208.0,0.0,62.17,27.94,2.34,0.0
20230807:1210,609.0,176.0,0.0,54.26,28.39,2.48,0.0
20230807:1310,493.0,162.0,0.0,44.14,28.75,3.24,0.0
20230807:1410,349.0,141.0,0.0,33.12,28.86,4.34,0.0
20230807:1510,201.0,107.0,0.0,21.82,28.28,5.1,0.0
20230807:1610,64.0,62.0,0.0,10.63,27.32,5.52,0.0
20230807:1710,0.0,0.0,0.0,0.0,26.23,5.52,0.0
20230807:1810,0.0,0.0,0.0,0.0,25.32,5.45,0.0
20230807:1910,0.0,0.0,0.0,0.0,24.73,5.59,0.0
20230807:2010,0.0,0.0,0.0,0.0,24.3,5.31,0.0
20230807:2110,0.0,0.0,0.0,0.0,24.05,4.97,0.0
20230807:2210,0.0,0.0,0.0,0.0,23.83,4.62,0.0
20230807:2310,0.0,0.0,0.0,0.0,23.59,4.48,0.0
20230808:0010,0.0,0.0,0.0,0.0,23.38,4.41,0.0
20230808:0110,0.0,0.0,0.0,0.0,23.18,4.41,0.0
20230808:0210,0.0,0.0,0.0,0.0,22.97,4.34,0.0
20230808:0310,0.0,0.0,0.0,0.0,22.86,4.62,0.0
20230808:0410,32.0,71.0,0.0,10.68,23.02,4.69,0.0
20230808:0510,62.0,161.0,0.0,21.88,23.97,5.38,0.0
20230808:0610,287.0,175.0,0.0,33.17,25.26,5.72,0.0
20230808:0710,405.0,212.0,0.0,44.17,26.1,6.28,0.0
20230808:0810,521.0,227.0,0.0,54.23,26.94,6.48,0.0
20230808:0910,574.0,249.0,0.0,62.03,27.58,7.1,0.0
20230808:1010,619.01,240.0,0.0,65.14,27.68,7.93,0.0
20230808:1110,185.0,425.0,0.0,61.9,27.14,8.55,0.0
20230808:1210,406.0,291.0,0.0,54.03,26.49,8.76,0.0
20230808:1310,255.0,288.0,0.0,43.93,25.97,8.69,0.0
20230808:1410,32.0,239.0,0.0,32.92,25.55,8.34,0.0
20230808:1510,176.0,118.0,0.0,21.63,24.99,7.79,0.0
20230808:1610,8.0,66.0,0.0,10.43,24.17,7.17,0.0
20230808:1710,0.0,0.0,0.0,0.0,23.42,6.83,0.0
20230808:1810,0.0,0.0,0.0,0.0,22.87,6.62,0.0
20230808:1910,0.0,0.0,0.0,0.0,22.3,7.45,0.0
20230808:2010,0.0,0.0,0.0,0.0,22.13,6.9,0.0
20230808:2110,0.0,0.0,0.0,0.0,21.89,6.9,0.0
20230808:2210,0.0,0.0,0.0,0.0,21.66,6.76,0.0
20230808:2310,0.0,0.0,0.0,0.0,21.51,6.62,0.0
20230809:0010,0.0,0.0,0.0,0.0,21.44,6.62,0.0
20230809:0110,0.0,0.0,0.0,0.0,21.4,6.83,0.0
20230809:0210,0.0,0.0,0.0,0.0,21.44,6.55,0.0
20230809:0310,0.0,0.0,0.0,0.0,21.38,6.69,0.0
20230809:0410,0.0,11.0,0.0,10.52,21.43,6.76,0.0
20230809:0510,0.0,59.0,0.0,21.73,21.87,7.59,0.0
20230809:0610,0.0,157.0,0.0,33.01,22.38,8.21,0.0
20230809:0710,0.0,150.0,0.0,44.0,22.9,8.48,0.0
20230809:0810,0.0,167.0,0.0,54.03,22.94,8.97,0.0
20230809:0910,0.0,227.0,0.0,61.79,23.29,9.03,0.0
20230809:1010,0.0,183.0,0.0,64.86,23.83,9.03,0.0
20230809:1110,0.0,135.0,0.0,61.63,24.18,8.9,0.0
20230809:1210,0.0,184.0,0.0,53.79,24.32,8.55,0.0
20230809:1310,0.0,142.0,0.0,43.71,24.19,7.93,0.0
20230809:1410,0.0,91.0,0.0,32.71,24.52,7.93,0.0
20230809:1510,0.0,56.0,0.0,21.42,24.41,7.93,0.0
20230809:1610,7.0,62.0,0.0,10.22,23.84,7.66,0.0
20230809:1710,0.0,0.0,0.0,0.0,23.37,7.45,0.0
20230809:1810,0.0,0.0,0.0,0.0,22.94,6.97,0.0
20230809:1910,0.0,0.0,0.0,0.0,22.3,6.69,0.0
20230809:2010,0.0,0.0,0.0,0.0,22.18,6.07,0.0
20230809:2110,0.0,0.0,0.0,0.0,22.12,5.59,0.0
20230809:2210,0.0,0.0,0.0,0.0,22.02,5.24,0.0
20230809:2310,0.0,0.0,0.0,0.0,22.06,4.83,0.0
20230810:0010,0.0,0.0,0.0,0.0,21.96,4.55,0.0
20230810:0110,0.0,0.0,0.0,0.0,21.98,4.14,0.0
20230810:0210,0.0,0.0,0.0,0.0,21.98,4.0,0.0
20230810:0310,0.0,0.0,0.0,0.0,21.94,3.86,0.0
20230810:0410,23.0,69.0,0.0,10.36,22.0,3.72,0.0
20230810:0510,72.0,156.0,0.0,21.57,22.6,4.07,0.0
20230810:0610,1.0,165.0,0.0,32.86,23.04,4.69,0.0
20230810:0710,19.0,288.0,0.0,43.83,23.26,4.83,0.0
20230810:0810,0.0,125.0,0.0,53.83,23.91,4.69,0.0
20230810:0910,0.0,156.0,0.0,61.54,24.27,4.55,0.0
20230810:1010,0.0,108.0,0.0,64.57,24.76,4.69,0.0
20230810:1110,0.0,170.0,0.0,61.35,24.92,4.69,0.0
20230810:1210,0.0,90.0,0.0,53.54,24.96,4.48,0.0
20230810:1310,3.0,233.0,0.0,43.49,25.17,4.41,0.0
20230810:1410,56.0,244.0,0.0,32.51,25.2,4.62,0.0
20230810:1510,33.0,155.0,0.0,21.22,24.86,4.41,0.0
20230810:1610,8.0,62.0,0.0,10.01,24.3,4.0,0.0
20230810:1710,0.0,0.0,0.0,0.0,23.62,3.72,0.0
20230810:1810,0.0,0.0,0.0,0.0,23.1,3.72,0.0
20230810:1910,0.0,0.0,0.0,0.0,22.83,2.55,0.0
20230810:2010,0.0,0.0,0.0,0.0,22.4,2.69,0.0
20230810:2110,0.0,0.0,0.0,0.0,21.79,2.97,0.0
20230810:2210,0.0,0.0,0.0,0.0,21.48,3.31,0.0
20230810:2310,0.0,0.0,0.0,0.0,21.22,4.21,0.0
20230811:0010,0.0,0.0,0.0,0.0,20.84,5.1,0.0
20230811:0110,0.0,0.0,0.0,0.0,20.76,5.59,0.0
20230811:0210,0.0,0.0,0.0,0.0,20.54,6.07,0.0
20230811:0310,0.0,0.0,0.0,0.0,20.31,6.0,0.0
20230811:0410,0.0,23.0,0.0,10.2,20.45,5.59,0.0
20230811:0510,0.0,58.0,0.0,21.42,20.89,4.9,0.0
20230811:0610,0.0,140.0,0.0,32.7,21.86,5.1,0.0
20230811:0710,16.0,281.0,0.0,43.66,22.51,4.83,0.0
20230811:0810,261.0,353.0,0.0,53.63,23.08,4.83,0.0
20230811:0910,302.0,382.0,0.0,61.28,24.26,5.31,0.0
20230811:1010,282.0,406.0,0.0,64.28,24.81,5.59,0.0
20230811:1110,301.0,382.0,0.0,61.07,25.58,5.86,0.0
20230811:1210,332.0,321.0,0.0,53.29,25.73,6.48,0.0
20230811:1310,299.0,260.0,0.0,43.27,25.38,6.69,0.0
20230811:1410,52.0,242.0,0.0,32.29,24.9,6.69,0.0
20230811:1510,179.0,109.0,0.0,21.01,24.51,6.34,0.0
20230811:1610,49.0,60.0,0.0,9.79,23.9,5.93,0.0
20230811:1710,0.0,0.0,0.0,0.0,23.12,5.45,0.0
20230811:1810,0.0,0.0,0.0,0.0,22.47,5.1,0.0
20230811:1910,0.0,0.0,0.0,0.0,22.18,4.14,0.0
20230811:2010,0.0,0.0,0.0,0.0,21.77,3.93,0.0
20230811:2110,0.0,0.0,0.0,0.0,21.44,3.79,0.0
20230811:2210,0.0,0.0,0.0,0.0,21.16,3.66,0.0
20230811:2310,0.0,0.0,0.0,0.0,20.9,3.59,0.0
20230812:0010,0.0,0.0,0.0,0.0,20.74,3.72,0.0
20230812:0110,0.0,0.0,0.0,0.0,20.6,3.93,0.0
20230812:0210,0.0,0.0,0.0,0.0,20.69,4.34,0.0
20230812:0310,0.0,0.0,0.0,0.0,20.69,4.55,0.0
20230812:0410,47.0,63.0,0.0,10.04,21.04,4.55,0.0
20230812:0510,201.0,100.0,0.0,21.27,22.14,5.1,0.0
20230812:0610,304.0,160.0,0.0,32.54,23.48,6.62,0.0
20230812:0710,399.0,211.0,0.0,43.48,24.31,7.45,0.0
20230812:0810,525.0,220.0,0.0,53.42,25.18,7.59,0.0
20230812:0910,591.0,234.0,0.0,61.03,26.1,7.93,0.0
20230812:1010,672.01,202.0,0.0,63.98,26.53,7.93,0.0
20230812:1110,671.01,184.0,0.0,60.78,26.58,8.0,0.0
20230812:1210,595.0,175.0,0.0,53.04,26.8,8.28,0.0
20230812:1310,479.0,160.0,0.0,43.04,26.57,8.28,0.0
20230812:1410,328.0,143.0,0.0,32.07,26.21,8.07,0.0
20230812:1510,180.0,108.0,0.0,20.79,25.61,8.14,0.0
20230812:1610,52.0,57.0,0.0,9.57,24.81,8.34,0.0
20230812:1710,0.0,0.0,0.0,0.0,23.93,8.34,0.0
20230812:1810,0.0,0.0,0.0,0.0,23.35,8.34,0.0
20230812:1910,0.0,0.0,0.0,0.0,22.73,8.41,0.0
20230812:2010,0.0,0.0,0.0,0.0,22.53,8.34,0.0
20230812:2110,0.0,0.0,0.0,0.0,22.41,8.21,0.0
20230812:2210,0.0,0.0,0.0,0.0,22.25,7.86,0.0
20230812:2310,0.0,0.0,0.0,0.0,22.21,7.66,0.0
20230813:0010,0.0,0.0,0.0,0.0,22.14,7.52,0.0
20230813:0110,0.0,0.0,0.0,0.0,22.21,7.38,0.0
20230813:0210,0.0,0.0,0.0,0.0,22.18,7.31,0.0
20230813:0310,0.0,0.0,0.0,0.0,22.22,7.38,0.0
20230813:0410,0.0,64.0,0.0,9.88,22.43,7.38,0.0
20230813:0510,24.0,149.0,0.0,21.11,23.08,7.72,0.0
20230813:0610,0.0,127.0,0.0,32.39,23.92,8.41,0.0
20230813:0710,7.0,256.0,0.0,43.31,24.79,8.9,0.0
20230813:0810,17.0,327.0,0.0,53.22,25.64,9.1,0.0
20230813:0910,148.0,422.0,0.0,60.77,26.28,9.24,0.0
20230813:1010,0.0,132.0,0.0,63.68,26.38,9.1,0.0
20230813:1110,404.0,330.0,0.0,60.49,26.41,9.31,0.0
20230813:1210,312.0,325.0,0.0,52.78,25.8,8.69,0.0
20230813:1310,0.0,136.0,0.0,42.8,25.68,9.1,0.0
20230813:1410,5.0,185.0,0.0,31.85,25.44,9.45,0.0
20230813:1510,3.0,114.0,0.0,20.57,25.41,10.0,0.0
20230813:1610,2.0,47.0,0.0,9.35,24.82,9.86,0.0
20230813:1710,0.0,0.0,0.0,0.0,24.16,9.24,0.0
20230813:1810,0.0,0.0,0.0,0.0,23.68,8.34,0.0
20230813:1910,0.0,0.0,0.0,0.0,23.7,8.28,0.0
20230813:2010,0.0,0.0,0.0,0.0,23.69,8.0,0.0
20230813:2110,0.0,0.0,0.0,0.0,23.6,7.72,0.0
20230813:2210,0.0,0.0,0.0,0.0,23.59,7.45,0.0
20230813:2310,0.0,0.0,0.0,0.0,23.45,7.24,0.0
20230814:0010,0.0,0.0,0.0,0.0,23.25,7.03,0.0
20230814:0110,0.0,0.0,0.0,0.0,23.35,6.9,0.0
20230814:0210,0.0,0.0,0.0,0.0,23.39,6.83,0.0
20230814:0310,0.0,0.0,0.0,0.0,23.35,6.83,0.0
20230814:0410,0.0,10.0,0.0,9.72,23.49,6.69,0.0
20230814:0510,0.0,37.0,0.0,20.95,23.71,7.38,0.0
20230814:0610,0.0,97.0,0.0,32.23,24.44,7.45,0.0
20230814:0710,0.0,172.0,0.0,43.13,25.33,7.79,0.0
20230814:0810,2.0,260.0,0.0,53.0,26.04,7.93,0.0
20230814:0910,76.0,410.0,0.0,60.5,26.84,8.34,0.0
20230814:1010,0.0,261.0,0.0,63.37,27.24,8.28,0.0
20230814:1110,3.0,300.0,0.0,60.19,27.31,7.93,0.0
20230814:1210,0.0,120.0,0.0,52.51,27.7,7.38,0.0
20230814:1310,156.0,306.0,0.0,42.56,27.92,7.1,0.0
20230814:1410,32.0,226.0,0.0,31.62,27.54,7.17,0.0
20230814:1510,0.0,69.0,0.0,20.34,26.93,6.69,0.0
20230814:1610,25.0,60.0,0.0,9.11,26.08,7.03,0.0
20230814:1710,0.0,0.0,0.0,0.0,25.14,6.97,0.0
20230814:1810,0.0,0.0,0.0,0.0,24.66,6.34,0.0
20230814:1910,0.0,0.0,0.0,0.0,24.22,4.9,0.0
20230814:2010,0.0,0.0,0.0,0.0,24.14,4.97,0.0
20230814:2110,0.0,0.0,0.0,0.0,24.09,4.62,0.0
20230814:2210,0.0,0.0,0.0,0.0,23.94,4.62,0.0
20230814:2310,0.0,0.0,0.0,0.0,23.91,4.9,0.0
20230815:0010,0.0,0.0,0.0,0.0,23.8,4.48,0.0
20230815:0110,0.0,0.0,0.0,0.0,23.74,3.93,0.0
20230815:0210,0.0,0.0,0.0,0.0,23.62,3.59,0.0
20230815:0310,0.0,0.0,0.0,0.0,23.62,3.79,0.0
20230815:0410,0.0,11.0,0.0,9.55,23.75,3.52,0.0
20230815:0510,0.0,33.0,0.0,20.8,24.38,3.86,0.0
20230815:0610,0.0,153.0,0.0,32.06,25.03,3.79,0.0
20230815:0710,0.0,204.0,0.0,42.95,25.53,2.21,0.0
20230815:0810,15.0,321.0,0.0,52.79,26.35,1.72,0.0
20230815:0910,14.0,350.0,0.0,60.24,27.07,1.03,0.0
20230815:1010,21.0,373.0,0.0,63.06,27.64,0.76,0.0
20230815:1110,284.0,378.0,0.0,59.89,28.16,0.76,0.0
20230815:1210,417.0,265.0,0.0,52.24,28.37,1.17,0.0
20230815:1310,0.0,74.0,0.0,42.31,28.26,1.38,0.0
20230815:1410,38.0,229.0,0.0,31.39,27.83,1.24,0.0
20230815:1510,0.0,25.0,0.0,20.11,27.08,1.24,0.0
20230815:1610,0.0,9.0,0.0,8.88,26.02,1.17,0.0
20230815:1710,0.0,0.0,0.0,0.0,25.27,1.79,0.0
20230815:1810,0.0,0.0,0.0,0.0,25.08,2.55,0.0
20230815:1910,0.0,0.0,0.0,0.0,24.4,1.86,0.0
20230815:2010,0.0,0.0,0.0,0.0,24.24,1.38,0.0
20230815:2110,0.0,0.0,0.0,0.0,23.98,1.03,0.0
20230815:2210,0.0,0.0,0.0,0.0,23.89,1.86,0.0
20230815:2310,0.0,0.0,0.0,0.0,23.81,2.55,0.0
20230816:0010,0.0,0.0,0.0,0.0,23.74,1.93,0.0
20230816:0110,0.0,0.0,0.0,0.0,23.29,1.24,0.0
20230816:0210,0.0,0.0,0.0,0.0,23.02,1.52,0.0
20230816:0310,0.0,0.0,0.0,0.0,22.92,1.52,0.0
20230816:0410,0.0,11.0,0.0,9.39,22.96,1.1,0.0
20230816:0510,15.0,139.0,0.0,20.64,23.99,1.24,0.0
20230816:0610,0.0,127.0,0.0,31.9,24.59,1.17,0.0
20230816:0710,0.0,176.0,0.0,42.77,24.68,1.1,0.0
20230816:0810,134.0,378.0,0.0,52.57,25.34,0.83,0.0
20230816:0910,172.0,413.0,0.0,59.97,26.42,0.55,0.0
20230816:1010,190.0,423.0,0.0,62.75,27.11,0.34,0.0
20230816:1110,263.0,387.0,0.0,59.58,27.81,0.48,0.0
20230816:1210,0.0,152.0,0.0,51.97,28.15,1.31,0.0
20230816:1310,347.0,223.0,0.0,42.06,28.5,2.9,0.0
20230816:1410,289.0,151.0,0.0,31.15,28.79,5.52,0.0
20230816:1510,150.0,111.0,0.0,19.87,28.15,6.9,0.0
20230816:1610,28.0,56.0,0.0,8.64,26.79,6.55,0.0
20230816:1710,0.0,0.0,0.0,0.0,25.5,5.72,0.0
20230816:1810,0.0,0.0,0.0,0.0,24.62,5.59,0.0
20230816:1910,0.0,0.0,0.0,0.0,24.0,6.21,0.0
20230816:2010,0.0,0.0,0.0,0.0,23.69,6.14,0.0
20230816:2110,0.0,0.0,0.0,0.0,23.56,6.07,0.0
20230816:2210,0.0,0.0,0.0,0.0,23.49,6.0,0.0
20230816:2310,0.0,0.0,0.0,0.0,23.4,5.86,0.0
20230817:0010,0.0,0.0,0.0,0.0,23.34,5.66,0.0
20230817:0110,0.0,0.0,0.0,0.0,23.29,5.52,0.0
20230817:0210,0.0,0.0,0.0,0.0,23.19,5.17,0.0
20230817:0310,0.0,0.0,0.0,0.0,23.24,5.1,0.0
20230817:0410,0.0,52.0,0.0,9.23,23.42,5.45,0.0
20230817:0510,33.0,147.0,0.0,20.48,24.17,6.41,0.0
20230817:0610,82.0,239.0,0.0,31.74,25.09,6.55,0.0
20230817:0710,273.0,265.0,0.0,42.59,25.89,6.76,0.0
20230817:0810,507.0,218.0,0.0,52.35,27.05,6.41,0.0
20230817:0910,626.01,199.0,0.0,59.69,28.29,6.83,0.0
20230817:1010,663.01,194.0,0.0,62.43,29.1,7.38,0.0
20230817:1110,623.01,199.0,0.0,59.27,29.72,8.0,0.0
20230817:1210,539.0,195.0,0.0,51.69,29.78,8.55,0.0
20230817:1310,421.0,180.0,0.0,41.81,29.38,8.83,0.0
20230817:1410,295.0,147.0,0.0,30.9,28.73,8.62,0.0
20230817:1510,138.0,116.0,0.0,19.63,27.81,8.41,0.0
20230817:1610,29.0,55.0,0.0,8.39,26.7,7.79,0.0
20230817:1710,0.0,0.0,0.0,0.0,25.54,7.17,0.0
20230817:1810,0.0,0.0,0.0,0.0,24.77,6.76,0.0
20230817:1910,0.0,0.0,0.0,0.0,24.15,6.48,0.0
20230817:2010,0.0,0.0,0.0,0.0,23.87,6.76,0.0
20230817:2110,0.0,0.0,0.0,0.0,23.83,6.83,0.0
20230817:2210,0.0,0.0,0.0,0.0,23.81,6.69,0.0
20230817:2310,0.0,0.0,0.0,0.0,23.71,6.41,0.0
20230818:0010,0.0,0.0,0.0,0.0,23.62,6.07,0.0
20230818:0110,0.0,0.0,0.0,0.0,23.59,5.86,0.0
20230818:0210,0.0,0.0,0.0,0.0,23.53,6.07,0.0
20230818:0310,0.0,0.0,0.0,0.0,23.48,6.48,0.0
20230818:0410,0.0,9.0,0.0,9.06,23.56,6.97,0.0
20230818:0510,5.0,119.0,0.0,20.32,24.16,7.52,0.0
20230818:0610,236.0,185.0,0.0,31.57,25.13,7.66,0.0
20230818:0710,361.0,220.0,0.0,42.41,26.4,7.59,0.0
20230818:0810,364.0,298.0,0.0,52.13,27.64,7.03,0.0
20230818:0910,573.01,232.0,0.0,59.42,28.78,7.45,0.0
20230818:1010,638.01,210.0,0.0,62.11,29.68,8.34,0.0
20230818:1110,624.01,198.0,0.0,58.96,30.21,9.03,0.0
20230818:1210,540.0,194.0,0.0,51.4,30.12,9.45,0.0
20230818:1310,438.0,169.0,0.0,41.54,29.55,9.86,0.0
20230818:1410,300.0,143.0,0.0,30.66,28.83,10.21,0.0
20230818:1510,153.0,107.0,0.0,19.39,27.8,10.14,0.0
20230818:1610,28.0,53.0,0.0,8.14,26.52,9.66,0.0
20230818:1710,0.0,0.0,0.0,0.0,25.34,9.66,0.0
20230818:1810,0.0,0.0,0.0,0.0,24.57,9.72,0.0
20230818:1910,0.0,0.0,0.0,0.0,23.95,10.07,0.0
20230818:2010,0.0,0.0,0.0,0.0,23.82,8.9,0.0
20230818:2110,0.0,0.0,0.0,0.0,23.63,8.0,0.0
20230818:2210,0.0,0.0,0.0,0.0,23.54,7.31,0.0
20230818:2310,0.0,0.0,0.0,0.0,23.36,7.24,0.0
20230819:0010,0.0,0.0,0.0,0.0,23.38,7.24,0.0
20230819:0110,0.0,0.0,0.0,0.0,23.29,6.83,0.0
20230819:0210,0.0,0.0,0.0,0.0,23.26,6.41,0.0
20230819:0310,0.0,0.0,0.0,0.0,23.26,6.62,0.0
20230819:0410,0.0,23.0,0.0,8.9,23.24,7.1,0.0
20230819:0510,60.0,147.0,0.0,20.16,23.88,8.07,0.0
20230819:0610,213.0,196.0,0.0,31.4,24.89,9.24,0.0
20230819:0710,401.0,198.0,0.0,42.22,25.94,9.24,0.0
20230819:0810,581.01,175.0,0.0,51.91,27.03,9.1,0.0
20230819:0910,668.01,174.0,0.0,59.14,28.12,9.24,0.0
20230819:1010,693.01,176.0,0.0,61.79,28.86,9.38,0.0
20230819:1110,639.01,190.0,0.0,58.64,29.19,9.59,0.0
20230819:1210,552.0,187.0,0.0,51.11,29.24,9.79,0.0
20230819:1310,439.0,169.0,0.0,41.28,28.9,9.86,0.0
20230819:1410,294.0,145.0,0.0,30.4,28.23,9.86,0.0
20230819:1510,129.0,117.0,0.0,19.14,27.4,9.86,0.0
20230819:1610,26.0,51.0,0.0,7.89,26.28,9.45,0.0
20230819:1710,0.0,0.0,0.0,0.0,25.19,9.45,0.0
20230819:1810,0.0,0.0,0.0,0.0,24.53,9.31,0.0
20230819:1910,0.0,0.0,0.0,0.0,24.04,8.76,0.0
20230819:2010,0.0,0.0,0.0,0.0,23.86,8.76,0.0
20230819:2110,0.0,0.0,0.0,0.0,23.78,8.34,0.0
20230819:2210,0.0,0.0,0.0,0.0,23.59,7.45,0.0
20230819:2310,0.0,0.0,0.0,0.0,23.46,6.14,0.0
20230820:0010,0.0,0.0,0.0,0.0,23.33,5.93,0.0
20230820:0110,0.0,0.0,0.0,0.0,23.21,5.93,0.0
20230820:0210,0.0,0.0,0.0,0.0,23.13,5.66,0.0
20230820:0310,0.0,0.0,0.0,0.0,23.11,5.66,0.0
20230820:0410,0.0,9.0,0.0,8.73,23.29,6.07,0.0
20230820:0510,42.0,147.0,0.0,20.0,23.86,6.21,0.0
20230820:0610,271.0,165.0,0.0,31.24,24.71,6.9,0.0
20230820:0710,376.0,211.0,0.0,42.03,26.14,6.83,0.0
20230820:0810,591.01,166.0,0.0,51.68,27.52,6.48,0.0
20230820:0910,666.01,174.0,0.0,58.85,28.72,6.9,0.0
20230820:1010,704.01,167.0,0.0,61.46,29.56,7.79,0.0
20230820:1110,649.01,181.0,0.0,58.31,30.06,8.21,0.0
20230820:1210,549.0,187.0,0.0,50.82,30.16,7.93,0.0
20230820:1310,453.0,158.0,0.0,41.01,29.93,7.72,0.0
20230820:1410,309.0,134.0,0.0,30.15,29.34,7.45,0.0
20230820:1510,147.0,106.0,0.0,18.89,28.41,6.9,0.0
20230820:1610,30.0,48.0,0.0,7.64,27.22,6.07,0.0
20230820:1710,0.0,0.0,0.0,0.0,25.99,5.17,0.0
20230820:1810,0.0,0.0,0.0,0.0,25.08,4.69,0.0
20230820:1910,0.0,0.0,0.0,0.0,24.21,4.34,0.0
20230820:2010,0.0,0.0,0.0,0.0,23.73,4.07,0.0
20230820:2110,0.0,0.0,0.0,0.0,23.41,3.86,0.0
20230820:2210,0.0,0.0,0.0,0.0,23.15,3.66,0.0
20230820:2310,0.0,0.0,0.0,0.0,22.97,3.38,0.0
20230821:0010,0.0,0.0,0.0,0.0,22.82,3.17,0.0
20230821:0110,0.0,0.0,0.0,0.0,22.71,2.83,0.0
20230821:0210,0.0,0.0,0.0,0.0,22.57,2.62,0.0
20230821:0310,0.0,0.0,0.0,0.0,22.44,2.48,0.0
20230821:0410,0.0,29.0,0.0,8.56,22.52,2.41,0.0
20230821:0510,26.0,144.0,0.0,19.83,23.39,3.1,0.0
20230821:0610,286.0,159.0,0.0,31.07,24.67,3.59,0.0
20230821:0710,489.0,147.0,0.0,41.84,26.49,4.14,0.0
20230821:0810,609.01,159.0,0.0,51.45,28.19,4.48,0.0
20230821:0910,687.01,164.0,0.0,58.57,29.66,5.03,0.0
20230821:1010,698.01,175.0,0.0,61.13,30.68,5.86,0.0
20230821:1110,656.01,181.0,0.0,57.99,31.11,6.55,0.0
20230821:1210,555.0,186.0,0.0,50.52,31.02,6.9,0.0
20230821:1310,449.0,162.0,0.0,40.73,30.61,7.03,0.0
20230821:1410,318.0,130.0,0.0,29.88,29.93,7.1,0.0
20230821:1510,154.0,102.0,0.0,18.63,28.93,6.76,0.0
20230821:1610,28.0,47.0,0.0,7.37,27.71,6.14,0.0
20230821:1710,0.0,0.0,0.0,0.0,26.41,5.52,0.0
20230821:1810,0.0,0.0,0.0,0.0,25.47,5.24,0.0
20230821:1910,0.0,0.0,0.0,0.0,24.77,5.72,0.0
20230821:2010,0.0,0.0,0.0,0.0,24.32,5.45,0.0
20230821:2110,0.0,0.0,0.0,0.0,23.95,5.17,0.0
20230821:2210,0.0,0.0,0.0,0.0,23.63,4.9,0.0
20230821:2310,0.0,0.0,0.0,0.0,23.39,4.76,0.0
20230822:0010,0.0,0.0,0.0,0.0,23.19,4.76,0.0
20230822:0110,0.0,0.0,0.0,0.0,22.99,4.76,0.0
20230822:0210,0.0,0.0,0.0,0.0,22.82,4.55,0.0
20230822:0310,0.0,0.0,0.0,0.0,22.7,4.55,0.0
20230822:0410,0.0,53.0,0.0,8.4,22.76,4.55,0.0
20230822:0510,138.0,120.0,0.0,19.67,23.82,4.83,0.0
20230822:0610,349.0,124.0,0.0,30.9,25.71,5.31,0.0
20230822:0710,503.0,141.0,0.0,41.65,27.46,5.66,0.0
20230822:0810,617.01,157.0,0.0,51.22,29.33,5.93,0.0
20230822:0910,694.01,164.0,0.0,58.28,30.91,6.14,0.0
20230822:1010,732.01,158.0,0.0,60.79,32.11,6.48,0.0
20230822:1110,663.01,180.0,0.0,57.65,32.8,6.9,0.0
20230822:1210,572.01,178.0,0.0,50.21,32.94,7.1,0.0
20230822:1310,454.0,161.0,0.0,40.45,32.46,7.24,0.0
20230822:1410,309.0,135.0,0.0,29.62,31.49,7.31,0.0
20230822:1510,156.0,99.0,0.0,18.37,30.14,7.03,0.0
20230822:1610,26.0,46.0,0.0,7.11,28.58,6.48,0.0
20230822:1710,0.0,0.0,0.0,0.0,27.13,6.21,0.0
20230822:1810,0.0,0.0,0.0,0.0,26.16,5.86,0.0
20230822:1910,0.0,0.0,0.0,0.0,25.37,5.93,0.0
20230822:2010,0.0,0.0,0.0,0.0,24.96,5.66,0.0
20230822:2110,0.0,0.0,0.0,0.0,24.51,5.45,0.0
20230822:2210,0.0,0.0,0.0,0.0,24.11,5.45,0.0
20230822:2310,0.0,0.0,0.0,0.0,23.82,5.38,0.0
20230823:0010,0.0,0.0,0.0,0.0,23.55,5.24,0.0
20230823:0110,0.0,0.0,0.0,0.0,23.37,5.17,0.0
20230823:0210,0.0,0.0,0.0,0.0,23.23,4.97,0.0
20230823:0310,0.0,0.0,0.0,0.0,23.2,4.97,0.0
20230823:0410,0.0,49.0,0.0,8.23,23.26,4.9,0.0
20230823:0510,107.0,130.0,0.0,19.51,23.91,5.24,0.0
20230823:0610,293.0,151.0,0.0,30.73,25.29,5.59,0.0
20230823:0710,465.0,158.0,0.0,41.46,27.02,6.28,0.0
20230823:0810,592.01,165.0,0.0,50.98,28.27,6.41,0.0
20230823:0910,680.01,165.0,0.0,57.98,29.58,6.62,0.0
20230823:1010,705.01,166.0,0.0,60.45,30.71,7.03,0.0
20230823:1110,662.01,172.0,0.0,57.32,31.37,7.52,0.0
20230823:1210,559.01,178.0,0.0,49.9,31.55,7.93,0.0
20230823:1310,450.0,156.0,0.0,40.17,31.14,8.21,0.0
20230823:1410,304.0,132.0,0.0,29.35,30.38,8.34,0.0
20230823:1510,145.0,100.0,0.0,18.1,29.21,8.07,0.0
20230823:1610,24.0,44.0,0.0,6.84,27.82,7.38,0.0
20230823:1710,0.0,0.0,0.0,0.0,26.54,6.97,0.0
20230823:1810,0.0,0.0,0.0,0.0,25.65,6.62,0.0
20230823:1910,0.0,0.0,0.0,0.0,24.57,5.66,0.0
20230823:2010,0.0,0.0,0.0,0.0,24.09,5.38,0.0
20230823:2110,0.0,0.0,0.0,0.0,23.69,5.24,0.0
20230823:2210,0.0,0.0,0.0,0.0,23.4,5.24,0.0
20230823:2310,0.0,0.0,0.0,0.0,23.15,5.03,0.0
20230824:0010,0.0,0.0,0.0,0.0,22.99,4.76,0.0
20230824:0110,0.0,0.0,0.0,0.0,23.02,4.48,0.0
20230824:0210,0.0,0.0,0.0,0.0,22.85,4.48,0.0
20230824:0310,0.0,0.0,0.0,0.0,22.67,4.62,0.0
20230824:0410,0.0,18.0,0.0,8.06,22.75,4.76,0.0
20230824:0510,16.0,132.0,0.0,19.34,23.63,5.52,0.0
20230824:0610,100.0,231.0,0.0,30.55,24.98,6.21,0.0
20230824:0710,323.0,236.0,0.0,41.26,26.64,6.34,0.0
20230824:0810,486.0,227.0,0.0,50.75,27.86,6.55,0.0
20230824:0910,612.01,204.0,0.0,57.69,28.91,6.83,0.0
20230824:1010,673.01,183.0,0.0,60.11,29.56,6.97,0.0
20230824:1110,680.01,157.0,0.0,56.98,29.85,7.03,0.0
20230824:1210,596.01,152.0,0.0,49.59,29.83,7.17,0.0
20230824:1310,462.0,145.0,0.0,39.88,29.5,7.1,0.0
20230824:1410,299.0,131.0,0.0,29.08,28.97,6.97,0.0
20230824:1510,136.0,102.0,0.0,17.84,28.23,6.83,0.0
20230824:1610,20.0,42.0,0.0,6.57,27.17,6.28,0.0
20230824:1710,0.0,0.0,0.0,0.0,25.98,5.79,0.0
20230824:1810,0.0,0.0,0.0,0.0,25.09,5.86,0.0
20230824:1910,0.0,0.0,0.0,0.0,24.37,5.66,0.0
20230824:2010,0.0,0.0,0.0,0.0,24.02,5.45,0.0
20230824:2110,0.0,0.0,0.0,0.0,23.69,5.24,0.0
20230824:2210,0.0,0.0,0.0,0.0,23.43,4.76,0.0
20230824:2310,0.0,0.0,0.0,0.0,23.18,4.48,0.0
20230825:0010,0.0,0.0,0.0,0.0,22.96,4.28,0.0
20230825:0110,0.0,0.0,0.0,0.0,22.83,4.28,0.0
20230825:0210,0.0,0.0,0.0,0.0,22.71,4.34,0.0
20230825:0310,0.0,0.0,0.0,0.0,22.66,4.34,0.0
20230825:0410,0.0,30.0,0.0,7.89,22.73,4.21,0.0
20230825:0510,77.0,136.0,0.0,19.18,23.66,4.55,0.0
20230825:0610,289.0,148.0,0.0,30.38,24.85,5.17,0.0
20230825:0710,464.0,153.0,0.0,41.06,26.19,5.72,0.0
20230825:0810,593.01,158.0,0.0,50.51,27.4,5.86,0.0
20230825:0910,669.01,165.0,0.0,57.39,28.46,6.62,0.0
20230825:1010,693.01,167.0,0.0,59.77,29.22,6.9,0.0
20230825:1110,650.01,172.0,0.0,56.64,29.76,7.17,0.0
20230825:1210,537.01,184.0,0.0,49.28,29.92,7.52,0.0
20230825:1310,438.0,156.0,0.0,39.59,29.59,7.79,0.0
20230825:1410,293.0,131.0,0.0,28.8,29.03,7.72,0.0
20230825:1510,141.0,96.0,0.0,17.56,28.1,7.38,0.0
20230825:1610,18.0,40.0,0.0,6.29,26.96,7.03,0.0
20230825:1710,0.0,0.0,0.0,0.0,25.78,6.69,0.0
20230825:1810,0.0,0.0,0.0,0.0,24.98,6.48,0.0
20230825:1910,0.0,0.0,0.0,0.0,24.31,6.55,0.0
20230825:2010,0.0,0.0,0.0,0.0,23.93,6.21,0.0
20230825:2110,0.0,0.0,0.0,0.0,23.63,5.86,0.0
20230825:2210,0.0,0.0,0.0,0.0,23.44,5.72,0.0
20230825:2310,0.0,0.0,0.0,0.0,23.26,5.59,0.0
20230826:0010,0.0,0.0,0.0,0.0,23.18,5.52,0.0
20230826:0110,0.0,0.0,0.0,0.0,23.0,5.31,0.0
20230826:0210,0.0,0.0,0.0,0.0,22.82,5.1,0.0
20230826:0310,0.0,0.0,0.0,0.0,22.66,4.97,0.0
20230826:0410,0.0,50.0,0.0,7.72,22.69,4.97,0.0
20230826:0510,156.0,103.0,0.0,19.01,23.62,5.24,0.0
20230826:0610,335.0,122.0,0.0,30.2,25.05,5.72,0.0
20230826:0710,475.0,146.0,0.0,40.86,26.7,5.93,0.0
20230826:0810,595.01,158.0,0.0,50.26,28.4,6.21,0.0
20230826:0910,671.01,164.0,0.0,57.09,29.81,6.55,0.0
20230826:1010,695.01,166.0,0.0,59.42,30.7,7.31,0.0
20230826:1110,626.01,187.0,0.0,56.29,31.01,8.28,0.0
20230826:1210,537.01,184.0,0.0,48.96,30.75,8.83,0.0
20230826:1310,430.0,160.0,0.0,39.3,30.25,9.1,0.0
20230826:1410,281.0,137.0,0.0,28.52,29.45,9.03,0.0
20230826:1510,135.0,97.0,0.0,17.29,28.35,8.69,0.0
20230826:1610,16.0,39.0,0.0,6.01,26.98,8.14,0.0
20230826:1710,0.0,0.0,0.0,0.0,25.68,8.14,0.0
20230826:1810,0.0,0.0,0.0,0.0,24.87,7.79,0.0
20230826:1910,0.0,0.0,0.0,0.0,24.19,7.38,0.0
20230826:2010,0.0,0.0,0.0,0.0,23.77,6.55,0.0
20230826:2110,0.0,0.0,0.0,0.0,23.42,5.72,0.0
20230826:2210,0.0,0.0,0.0,0.0,23.15,5.45,0.0
20230826:2310,0.0,0.0,0.0,0.0,22.9,5.1,0.0
20230827:0010,0.0,0.0,0.0,0.0,22.86,4.83,0.0
20230827:0110,0.0,0.0,0.0,0.0,22.87,4.62,0.0
20230827:0210,0.0,0.0,0.0,0.0,23.0,4.62,0.0
20230827:0310,0.0,0.0,0.0,0.0,23.02,4.69,0.0
20230827:0410,0.0,10.0,0.0,7.55,23.22,4.9,0.0
20230827:0510,0.0,44.0,0.0,18.84,23.98,5.66,0.0
20230827:0610,34.0,220.0,0.0,30.03,24.92,6.76,0.0
20230827:0710,159.0,298.0,0.0,40.66,25.83,6.34,0.0
20230827:0810,267.0,330.0,0.0,50.02,26.65,6.48,0.0
20230827:0910,474.0,276.0,0.0,56.78,27.75,6.55,0.0
20230827:1010,577.01,232.0,0.0,59.07,28.46,6.41,0.0
20230827:1110,615.01,187.0,0.0,55.94,28.86,6.55,0.0
20230827:1210,516.01,190.0,0.0,48.63,28.89,7.03,0.0
20230827:1310,428.0,155.0,0.0,39.0,28.47,7.52,0.0
20230827:1410,262.0,142.0,0.0,28.23,27.64,7.79,0.0
20230827:1510,125.0,98.0,0.0,17.01,26.77,7.79,0.0
20230827:1610,21.0,36.0,0.0,5.73,25.75,7.52,0.0
20230827:1710,0.0,0.0,0.0,0.0,24.83,6.9,0.0
20230827:1810,0.0,0.0,0.0,0.0,24.21,6.69,0.0
20230827:1910,0.0,0.0,0.0,0.0,23.76,6.07,0.0
20230827:2010,0.0,0.0,0.0,0.0,23.41,5.03,0.0
20230827:2110,0.0,0.0,0.0,0.0,23.16,4.41,0.0
20230827:2210,0.0,0.0,0.0,0.0,22.87,4.0,0.0
20230827:2310,0.0,0.0,0.0,0.0,22.72,3.79,0.0
20230828:0010,0.0,0.0,0.0,0.0,22.75,3.72,0.0
20230828:0110,0.0,0.0,0.0,0.0,22.78,3.66,0.0
20230828:0210,0.0,0.0,0.0,0.0,22.93,3.52,0.0
20230828:0310,0.0,0.0,0.0,0.0,22.98,3.24,0.0
20230828:0410,0.0,45.0,0.0,7.38,23.0,3.03,0.0
20230828:0510,153.0,100.0,0.0,18.67,23.61,3.17,0.0
20230828:0610,233.0,173.0,0.0,29.85,24.71,4.62,0.0
20230828:0710,240.0,268.0,0.0,40.46,25.07,5.38,0.0
20230828:0810,241.0,341.0,0.0,49.77,26.08,5.45,0.0
20230828:0910,374.0,329.0,0.0,56.48,26.65,5.59,0.0
20230828:1010,378.0,342.0,0.0,58.72,27.55,5.79,0.0
20230828:1110,378.0,321.0,0.0,55.58,28.11,5.79,0.0
20230828:1210,444.0,232.0,0.0,48.3,28.4,5.86,0.0
20230828:1310,419.0,159.0,0.0,38.69,28.26,5.93,0.0
20230828:1410,282.0,129.0,0.0,27.94,27.84,6.0,0.0
20230828:1510,126.0,95.0,0.0,16.72,27.2,6.0,0.0
20230828:1610,13.0,30.52,0.0,5.44,26.25,5.59,0.0
20230828:1710,0.0,0.0,0.0,0.0,25.22,5.1,0.0
20230828:1810,0.0,0.0,0.0,0.0,24.47,4.55,0.0
20230828:1910,0.0,0.0,0.0,0.0,23.83,4.21,0.0
20230828:2010,0.0,0.0,0.0,0.0,23.44,3.86,0.0
20230828:2110,0.0,0.0,0.0,0.0,23.08,3.59,0.0
20230828:2210,0.0,0.0,0.0,0.0,22.75,3.38,0.0
20230828:2310,0.0,0.0,0.0,0.0,22.53,3.31,0.0
20230829:0010,0.0,0.0,0.0,0.0,22.35,3.38,0.0
20230829:0110,0.0,0.0,0.0,0.0,22.21,3.31,0.0
20230829:0210,0.0,0.0,0.0,0.0,22.06,3.1,0.0
20230829:0310,0.0,0.0,0.0,0.0,21.9,2.97,0.0
20230829:0410,0.0,41.0,0.0,7.21,21.81,2.83,0.0
20230829:0510,138.0,104.0,0.0,18.5,22.74,2.97,0.0
20230829:0610,316.0,124.0,0.0,29.67,24.28,3.52,0.0
20230829:0710,465.0,142.0,0.0,40.25,25.65,3.45,0.0
20230829:0810,576.01,159.0,0.0,49.52,27.26,3.86,0.0
20230829:0910,662.01,158.0,0.0,56.17,28.61,3.93,0.0
20230829:1010,685.01,160.0,0.0,58.36,29.84,4.21,0.0
20230829:1110,630.01,172.0,0.0,55.23,30.8,4.83,0.0
20230829:1210,518.01,182.0,0.0,47.97,31.24,5.31,0.0
20230829:1310,427.0,148.0,0.0,38.39,31.12,5.79,0.0
20230829:1410,269.0,132.0,0.0,27.65,30.47,6.14,0.0
20230829:1510,117.0,96.0,0.0,16.44,29.5,6.0,0.0
20230829:1610,11.0,29.08,0.0,5.15,28.21,5.52,0.0
20230829:1710,0.0,0.0,0.0,0.0,26.88,5.38,0.0
20230829:1810,0.0,0.0,0.0,0.0,25.87,5.45,0.0
20230829:1910,0.0,0.0,0.0,0.0,25.35,4.41,0.0
20230829:2010,0.0,0.0,0.0,0.0,24.81,3.45,0.0
20230829:2110,0.0,0.0,0.0,0.0,24.32,2.83,0.0
20230829:2210,0.0,0.0,0.0,0.0,23.84,2.48,0.0
20230829:2310,0.0,0.0,0.0,0.0,23.29,1.86,0.0
20230830:0010,0.0,0.0,0.0,0.0,22.9,0.97,0.0
20230830:0110,0.0,0.0,0.0,0.0,23.59,0.28,0.0
20230830:0210,0.0,0.0,0.0,0.0,23.43,0.28,0.0
20230830:0310,0.0,0.0,0.0,0.0,23.33,0.41,0.0
20230830:0410,0.0,44.0,0.0,7.04,23.08,0.62,0.0
20230830:0510,115.0,115.0,0.0,18.33,23.11,0.83,0.0
20230830:0610,258.0,157.0,0.0,29.49,24.65,1.17,0.0
20230830:0710,409.0,176.0,0.0,40.05,26.59,2.55,0.0
20230830:0810,546.01,178.0,0.0,49.27,27.69,3.31,0.0
20230830:0910,641.01,172.0,0.0,55.85,28.66,3.86,0.0
20230830:1010,663.01,174.0,0.0,58.0,29.38,4.14,0.0
20230830:1110,608.01,186.0,0.0,54.87,30.09,4.07,0.0
20230830:1210,508.01,188.0,0.0,47.64,30.68,3.86,0.0
20230830:1310,411.0,157.0,0.0,38.08,31.15,3.93,0.0
20230830:1410,263.0,134.0,0.0,27.36,31.26,3.66,0.0
20230830:1510,107.0,98.0,0.0,16.15,30.99,2.97,0.0
20230830:1610,7.0,28.15,0.0,4.86,30.07,1.93,0.0
20230830:1710,0.0,0.0,0.0,0.0,28.66,1.79,0.0
20230830:1810,0.0,0.0,0.0,0.0,27.49,2.14,0.0
20230830:1910,0.0,0.0,0.0,0.0,26.58,1.93,0.0
20230830:2010,0.0,0.0,0.0,0.0,26.05,3.03,0.0
20230830:2110,0.0,0.0,0.0,0.0,25.93,3.93,0.0
20230830:2210,0.0,0.0,0.0,0.0,25.67,4.0,0.0
20230830:2310,0.0,0.0,0.0,0.0,25.22,3.52,0.0
20230831:0010,0.0,0.0,0.0,0.0,24.82,3.17,0.0
20230831:0110,0.0,0.0,0.0,0.0,24.48,2.97,0.0
20230831:0210,0.0,0.0,0.0,0.0,24.28,3.03,0.0
20230831:0310,0.0,0.0,0.0,0.0,24.11,2.97,0.0
20230831:0410,0.0,44.0,0.0,6.87,24.01,2.83,0.0
20230831:0510,154.0,95.0,0.0,18.16,25.05,2.97,0.0
20230831:0610,318.0,122.0,0.0,29.3,26.62,3.66,0.0
20230831:0710,469.0,141.0,0.0,39.84,27.57,4.41,0.0
20230831:0810,527.01,190.0,0.0,49.01,28.43,4.83,0.0
20230831:0910,655.01,164.0,0.0,55.54,29.12,5.17,0.0
20230831:1010,678.01,165.0,0.0,57.64,29.69,5.24,0.0
20230831:1110,609.01,185.0,0.0,54.51,30.12,5.03,0.0
20230831:1210,499.01,194.0,0.0,47.3,30.51,4.83,0.0
20230831:1310,448.0,135.0,0.0,37.76,30.68,4.55,0.0
20230831:1410,244.0,143.0,0.0,27.06,30.73,4.14,0.0
20230831:1510,102.0,98.0,0.0,15.85,30.4,3.45,0.0
20230831:1610,9.0,25.64,0.0,4.57,29.23,1.93,0.0
20230831:1710,0.0,0.0,0.0,0.0,27.65,1.17,0.0
20230831:1810,0.0,0.0,0.0,0.0,26.37,1.52,0.0
20230831:1910,0.0,0.0,0.0,0.0,25.84,1.93,0.0
20230831:2010,0.0,0.0,0.0,0.0,25.07,2.07,0.0
20230831:2110,0.0,0.0,0.0,0.0,24.36,1.72,0.0
20230831:2210,0.0,0.0,0.0,0.0,23.79,1.66,0.0
20230831:2310,0.0,0.0,0.0,0.0,23.62,1.86,0.0
20230901:0010,0.0,0.0,0.0,0.0,23.41,1.93,0.0
20230901:0110,0.0,0.0,0.0,0.0,23.08,1.79,0.0
20230901:0210,0.0,0.0,0.0,0.0,22.84,1.66,0.0
20230901:0310,0.0,0.0,0.0,0.0,22.46,1.59,0.0
20230901:0410,0.0,24.0,0.0,6.69,22.21,1.52,0.0
20230901:0510,22.0,126.0,0.0,17.99,23.14,2.07,0.0
20230901:0610,49.0,219.0,0.0,29.12,23.49,3.03,0.0
20230901:0710,372.0,190.0,0.0,39.62,24.62,3.03,0.0
20230901:0810,375.0,268.0,0.0,48.76,24.7,3.24,0.0
20230901:0910,201.0,387.0,0.0,55.22,25.87,3.86,0.0
20230901:1010,590.01,209.0,0.0,57.28,25.98,4.0,0.0
20230901:1110,512.01,234.0,0.0,54.14,26.29,4.48,0.0
20230901:1210,496.01,186.0,0.0,46.96,26.81,4.41,0.0
20230901:1310,390.0,161.0,0.0,37.44,27.14,4.28,0.0
20230901:1410,169.0,173.0,0.0,26.75,27.08,4.55,0.0
20230901:1510,21.0,110.0,0.0,15.56,26.5,4.76,0.0
20230901:1610,1.0,18.81,0.0,4.27,25.68,5.03,0.0
20230901:1710,0.0,0.0,0.0,0.0,24.93,5.03,0.0
20230901:1810,0.0,0.0,0.0,0.0,24.38,4.76,0.0
20230901:1910,0.0,0.0,0.0,0.0,24.28,4.07,0.0
20230901:2010,0.0,0.0,0.0,0.0,24.07,3.86,0.0
20230901:2110,0.0,0.0,0.0,0.0,23.93,4.21,0.0
20230901:2210,0.0,0.0,0.0,0.0,23.78,4.48,0.0
20230901:2310,0.0,0.0,0.0,0.0,23.5,4.34,0.0
20230902:0010,0.0,0.0,0.0,0.0,23.36,4.76,0.0
20230902:0110,0.0,0.0,0.0,0.0,23.19,4.62,0.0
20230902:0210,0.0,0.0,0.0,0.0,22.81,4.83,0.0
20230902:0310,0.0,0.0,0.0,0.0,22.88,4.69,0.0
20230902:0410,0.0,18.0,0.0,6.52,23.0,5.03,0.0
20230902:0510,0.0,80.0,0.0,17.82,23.6,5.17,0.0
20230902:0610,74.0,218.0,0.0,28.93,24.61,6.07,0.0
20230902:0710,313.0,220.0,0.0,39.41,25.5,6.97,0.0
20230902:0810,341.0,283.0,0.0,48.5,26.55,7.03,0.0
20230902:0910,537.01,224.0,0.0,54.9,27.07,6.9,0.0
20230902:1010,454.01,286.0,0.0,56.91,27.47,7.17,0.0
20230902:1110,307.0,338.0,0.0,53.77,27.55,7.45,0.0
20230902:1210,133.0,346.0,0.0,46.61,27.46,7.72,0.0
20230902:1310,306.0,204.0,0.0,37.12,26.4,7.79,0.0
20230902:1410,238.0,135.0,0.0,26.45,26.17,7.79,0.0
20230902:1510,86.0,98.0,0.0,15.26,25.77,7.66,0.0
20230902:1610,6.0,22.45,0.0,3.97,25.02,7.03,0.0
20230902:1710,0.0,0.0,0.0,0.0,24.31,6.76,0.0
20230902:1810,0.0,0.0,0.0,0.0,24.03,6.55,0.0
20230902:1910,0.0,0.0,0.0,0.0,23.82,5.93,0.0
20230902:2010,0.0,0.0,0.0,0.0,23.57,5.93,0.0
20230902:2110,0.0,0.0,0.0,0.0,23.36,6.07,0.0
20230902:2210,0.0,0.0,0.0,0.0,22.81,6.62,0.0
20230902:2310,0.0,0.0,0.0,0.0,22.05,6.69,0.0
20230903:0010,0.0,0.0,0.0,0.0,21.83,6.34,0.0
20230903:0110,0.0,0.0,0.0,0.0,21.72,6.21,0.0
20230903:0210,0.0,0.0,0.0,0.0,21.82,5.52,0.0
20230903:0310,0.0,0.0,0.0,0.0,21.92,5.45,0.0
20230903:0410,0.0,38.0,0.0,6.35,22.11,5.45,0.0
20230903:0510,93.0,116.0,0.0,17.64,22.55,5.17,0.0
20230903:0610,130.0,206.0,0.0,28.75,23.32,5.45,0.0
20230903:0710,179.0,280.0,0.0,39.2,24.95,6.28,0.0
20230903:0810,312.0,297.0,0.0,48.23,25.48,6.76,0.0
20230903:0910,299.0,349.0,0.0,54.58,25.72,7.03,0.0
20230903:1010,213.0,393.0,0.0,56.55,26.03,6.9,0.0
20230903:1110,362.0,312.0,0.0,53.4,26.14,7.03,0.0
20230903:1210,26.0,314.0,0.0,46.27,26.24,7.52,0.0
20230903:1310,225.0,243.0,0.0,36.8,26.17,7.79,0.0
20230903:1410,101.0,194.0,0.0,26.14,26.03,8.07,0.0
20230903:1510,111.0,84.0,0.0,14.96,25.48,7.45,0.0
20230903:1610,0.0,9.0,0.0,3.67,24.73,6.28,0.0
20230903:1710,0.0,0.0,0.0,0.0,23.85,5.31,0.0
20230903:1810,0.0,0.0,0.0,0.0,23.26,5.03,0.0
20230903:1910,0.0,0.0,0.0,0.0,23.06,4.76,0.0
20230903:2010,0.0,0.0,0.0,0.0,22.67,4.41,0.0
20230903:2110,0.0,0.0,0.0,0.0,22.25,3.93,0.0
20230903:2210,0.0,0.0,0.0,0.0,21.9,3.66,0.0
20230903:2310,0.0,0.0,0.0,0.0,21.56,3.45,0.0
20230904:0010,0.0,0.0,0.0,0.0,21.31,3.31,0.0
20230904:0110,0.0,0.0,0.0,0.0,21.09,3.24,0.0
20230904:0210,0.0,0.0,0.0,0.0,20.93,3.24,0.0
20230904:0310,0.0,0.0,0.0,0.0,20.79,3.24,0.0
20230904:0410,0.0,36.0,0.0,6.17,20.74,3.17,0.0
20230904:0510,18.0,122.0,0.0,17.47,21.57,3.1,0.0
20230904:0610,98.0,215.0,0.0,28.56,22.85,4.0,0.0
20230904:0710,244.0,255.0,0.0,38.98,23.38,5.17,0.0
20230904:0810,462.01,219.0,0.0,47.97,24.19,5.66,0.0
20230904:0910,245.0,372.0,0.0,54.25,24.76,5.86,0.0
20230904:1010,274.0,373.0,0.0,56.17,25.16,6.28,0.0
20230904:1110,426.0,280.0,0.0,53.03,25.45,6.69,0.0
20230904:1210,469.01,199.0,0.0,45.92,25.96,6.9,0.0
20230904:1310,380.0,162.0,0.0,36.47,26.0,7.31,0.0
20230904:1410,262.0,119.0,0.0,25.83,25.53,7.72,0.0
20230904:1510,111.0,82.0,0.0,14.65,24.96,7.72,0.0
20230904:1610,9.0,17.72,0.0,3.36,24.28,7.17,0.0
20230904:1710,0.0,0.0,0.0,0.0,23.58,6.83,0.0
20230904:1810,0.0,0.0,0.0,0.0,23.13,6.41,0.0
20230904:1910,0.0,0.0,0.0,0.0,23.12,6.21,0.0
20230904:2010,0.0,0.0,0.0,0.0,22.95,6.41,0.0
20230904:2110,0.0,0.0,0.0,0.0,22.89,6.48,0.0
20230904:2210,0.0,0.0,0.0,0.0,22.86,6.62,0.0
20230904:2310,0.0,0.0,0.0,0.0,22.8,6.9,0.0
20230905:0010,0.0,0.0,0.0,0.0,22.71,6.9,0.0
20230905:0110,0.0,0.0,0.0,0.0,22.66,6.83,0.0
20230905:0210,0.0,0.0,0.0,0.0,22.44,7.03,0.0
20230905:0310,0.0,0.0,0.0,0.0,22.46,7.45,0.0
20230905:0410,0.0,5.0,0.0,6.0,22.74,7.45,0.0
20230905:0510,11.0,113.0,0.0,17.29,23.33,7.45,0.0
20230905:0610,122.0,203.0,0.0,28.37,24.06,8.28,0.0
20230905:0710,245.0,246.0,0.0,38.76,24.45,7.93,0.0
20230905:0810,436.0,224.0,0.0,47.7,25.58,8.07,0.0
20230905:0910,218.0,371.0,0.0,53.92,26.51,8.34,0.0
20230905:1010,45.0,379.0,0.0,55.8,26.81,8.48,0.0
20230905:1110,244.0,355.0,0.0,52.65,27.02,8.62,0.0
20230905:1210,324.0,268.0,0.0,45.56,26.64,8.9,0.0
20230905:1310,311.0,191.0,0.0,36.14,26.06,9.17,0.0
20230905:1410,86.0,189.0,0.0,25.52,25.31,8.97,0.0
20230905:1510,88.0,87.0,0.0,14.35,24.44,8.48,0.0
20230905:1610,1.0,13.8,0.0,3.05,23.79,8.21,0.0
20230905:1710,0.0,0.0,0.0,0.0,23.12,7.93,0.0
20230905:1810,0.0,0.0,0.0,0.0,22.73,7.86,0.0
20230905:1910,0.0,0.0,0.0,0.0,22.6,7.86,0.0
20230905:2010,0.0,0.0,0.0,0.0,22.38,7.45,0.0
20230905:2110,0.0,0.0,0.0,0.0,22.28,7.1,0.0
20230905:2210,0.0,0.0,0.0,0.0,22.24,6.97,0.0
20230905:2310,0.0,0.0,0.0,0.0,22.2,6.62,0.0
20230906:0010,0.0,0.0,0.0,0.0,22.26,6.41,0.0
20230906:0110,0.0,0.0,0.0,0.0,22.19,6.14,0.0
20230906:0210,0.0,0.0,0.0,0.0,22.28,5.93,0.0
20230906:0310,0.0,0.0,0.0,0.0,22.3,5.93,0.0
20230906:0410,0.0,22.0,0.0,5.82,22.39,5.93,0.0
20230906:0510,0.0,38.0,0.0,17.12,22.81,5.86,0.0
20230906:0610,62.0,211.0,0.0,28.18,23.59,6.97,0.0
20230906:0710,84.0,290.0,0.0,38.54,24.49,7.31,0.0
20230906:0810,89.0,350.0,0.0,47.43,25.37,7.72,0.0
20230906:0910,248.0,359.0,0.0,53.59,25.97,8.07,0.0
20230906:1010,385.0,310.0,0.0,55.43,26.26,8.07,0.0
20230906:1110,381.0,290.0,0.0,52.27,26.44,8.0,0.0
20230906:1210,124.0,336.0,0.0,45.21,26.05,7.93,0.0
20230906:1310,233.0,227.0,0.0,35.81,25.59,8.28,0.0
20230906:1410,192.0,145.0,0.0,25.2,25.47,8.28,0.0
20230906:1510,73.0,91.0,0.0,14.04,24.9,8.0,0.0
20230906:1610,1.0,11.81,0.0,2.74,24.21,7.72,0.0
20230906:1710,0.0,0.0,0.0,0.0,23.51,7.66,0.0
20230906:1810,0.0,0.0,0.0,0.0,23.12,6.83,0.0
20230906:1910,0.0,0.0,0.0,0.0,22.7,6.9,0.0
20230906:2010,0.0,0.0,0.0,0.0,22.58,6.48,0.0
20230906:2110,0.0,0.0,0.0,0.0,22.51,6.62,0.0
20230906:2210,0.0,0.0,0.0,0.0,22.36,6.55,0.0
20230906:2310,0.0,0.0,0.0,0.0,22.31,6.41,0.0
20230907:0010,0.0,0.0,0.0,0.0,22.31,6.14,0.0
20230907:0110,0.0,0.0,0.0,0.0,22.26,6.14,0.0
20230907:0210,0.0,0.0,0.0,0.0,22.29,6.0,0.0
20230907:0310,0.0,0.0,0.0,0.0,22.34,5.79,0.0
20230907:0410,0.0,28.0,0.0,5.65,22.32,5.66,0.0
20230907:0510,62.0,120.0,0.0,16.94,22.82,5.79,0.0
20230907:0610,178.0,180.0,0.0,27.99,23.55,7.03,0.0
20230907:0710,178.0,273.0,0.0,38.32,24.37,7.45,0.0
20230907:0810,47.0,338.0,0.0,47.16,25.17,8.07,0.0
20230907:0910,270.0,351.0,0.0,53.26,25.72,8.21,0.0
20230907:1010,397.0,305.0,0.0,55.05,26.0,8.62,0.0
20230907:1110,114.0,382.0,0.0,51.89,26.19,8.83,0.0
20230907:1210,183.0,324.0,0.0,44.85,26.26,9.03,0.0
20230907:1310,296.0,195.0,0.0,35.48,25.91,9.31,0.0
20230907:1410,124.0,175.0,0.0,24.88,25.49,9.59,0.0
20230907:1510,69.0,90.0,0.0,13.73,24.85,9.38,0.0
20230907:1610,2.0,12.54,0.0,2.43,24.25,8.97,0.0
20230907:1710,0.0,0.0,0.0,0.0,23.58,8.07,0.0
20230907:1810,0.0,0.0,0.0,0.0,23.29,7.59,0.0
20230907:1910,0.0,0.0,0.0,0.0,23.17,8.07,0.0
20230907:2010,0.0,0.0,0.0,0.0,22.96,8.0,0.0
20230907:2110,0.0,0.0,0.0,0.0,22.7,7.52,0.0
20230907:2210,0.0,0.0,0.0,0.0,22.57,6.97,0.0
20230907:2310,0.0,0.0,0.0,0.0,22.64,6.76,0.0
20230908:0010,0.0,0.0,0.0,0.0,22.5,6.28,0.0
20230908:0110,0.0,0.0,0.0,0.0,22.5,6.34,0.0
20230908:0210,0.0,0.0,0.0,0.0,22.43,6.62,0.0
20230908:0310,0.0,0.0,0.0,0.0,22.36,6.69,0.0
20230908:0410,0.0,32.0,0.0,5.47,22.38,6.55,0.0
20230908:0510,11.0,110.0,0.0,16.76,22.85,6.62,0.0
20230908:0610,202.0,167.0,0.0,27.79,23.63,8.21,0.0
20230908:0710,43.0,280.0,0.0,38.09,23.88,7.93,0.0
20230908:0810,73.0,348.0,0.0,46.89,24.38,7.93,0.0
20230908:0910,27.0,351.0,0.0,52.93,24.15,7.72,0.0
20230908:1010,143.0,397.0,0.0,54.67,24.18,8.0,0.0
20230908:1110,131.0,380.0,0.0,51.51,24.08,8.14,0.0
20230908:1210,231.0,306.0,0.0,44.49,24.35,8.21,0.0
20230908:1310,266.0,209.0,0.0,35.14,24.63,8.14,0.0
20230908:1410,151.0,162.0,0.0,24.56,24.46,8.07,0.0
20230908:1510,74.0,86.0,0.0,13.41,24.04,7.86,0.0
20230908:1610,0.0,8.0,0.0,2.12,23.36,7.31,0.0
20230908:1710,0.0,0.0,0.0,0.0,22.63,7.1,0.0
20230908:1810,0.0,0.0,0.0,0.0,22.11,6.41,0.0
20230908:1910,0.0,0.0,0.0,0.0,21.66,6.76,0.0
20230908:2010,0.0,0.0,0.0,0.0,21.46,6.41,0.0
20230908:2110,0.0,0.0,0.0,0.0,21.37,6.21,0.0
20230908:2210,0.0,0.0,0.0,0.0,21.29,6.28,0.0
20230908:2310,0.0,0.0,0.0,0.0,21.2,6.41,0.0
20230909:0010,0.0,0.0,0.0,0.0,21.04,6.62,0.0
20230909:0110,0.0,0.0,0.0,0.0,20.88,6.69,0.0
20230909:0210,0.0,0.0,0.0,0.0,20.67,6.48,0.0
20230909:0310,0.0,0.0,0.0,0.0,20.57,6.48,0.0
20230909:0410,0.0,32.0,0.0,5.29,20.43,6.41,0.0
20230909:0510,148.0,84.0,0.0,16.58,20.88,6.48,0.0
20230909:0610,321.0,108.0,0.0,27.6,21.77,7.52,0.0
20230909:0710,406.0,165.0,0.0,37.86,22.66,7.31,0.0
20230909:0810,468.01,212.0,0.0,46.61,23.54,7.24,0.0
20230909:0910,314.0,340.0,0.0,52.59,24.22,7.52,0.0
20230909:1010,365.0,328.0,0.0,54.29,24.86,8.0,0.0
20230909:1110,264.0,351.0,0.0,51.13,24.98,8.28,0.0
20230909:1210,303.0,280.0,0.0,44.13,24.88,8.41,0.0
20230909:1310,350.0,168.0,0.0,34.8,24.65,8.48,0.0
20230909:1410,153.0,163.0,0.0,24.24,24.11,8.55,0.0
20230909:1510,65.0,89.0,0.0,13.1,23.41,8.48,0.0
20230909:1610,0.0,6.0,0.0,1.8,22.64,8.0,0.0
20230909:1710,0.0,0.0,0.0,0.0,21.96,7.38,0.0
20230909:1810,0.0,0.0,0.0,0.0,21.59,7.03,0.0
20230909:1910,0.0,0.0,0.0,0.0,21.13,7.24,0.0
20230909:2010,0.0,0.0,0.0,0.0,21.07,6.69,0.0
20230909:2110,0.0,0.0,0.0,0.0,20.87,6.14,0.0
20230909:2210,0.0,0.0,0.0,0.0,20.77,6.07,0.0
20230909:2310,0.0,0.0,0.0,0.0,20.71,6.14,0.0
20230910:0010,0.0,0.0,0.0,0.0,20.65,6.0,0.0
20230910:0110,0.0,0.0,0.0,0.0,20.56,5.72,0.0
20230910:0210,0.0,0.0,0.0,0.0,20.43,5.45,0.0
20230910:0310,0.0,0.0,0.0,0.0,20.35,5.31,0.0
20230910:0410,0.0,29.0,0.0,5.11,20.43,5.45,0.0
20230910:0510,98.0,104.0,0.0,16.4,21.15,5.45,0.0
20230910:0610,283.0,123.0,0.0,27.4,22.45,7.03,0.0
20230910:0710,240.0,247.0,0.0,37.63,23.5,7.72,0.0
20230910:0810,448.01,215.0,0.0,46.33,24.22,8.14,0.0
20230910:0910,600.01,174.0,0.0,52.25,24.84,8.28,0.0
20230910:1010,631.01,168.0,0.0,53.91,24.92,8.41,0.0
20230910:1110,573.01,179.0,0.0,50.74,24.83,8.9,0.0
20230910:1210,456.01,189.0,0.0,43.77,24.79,9.24,0.0
20230910:1310,338.0,167.0,0.0,34.46,24.18,9.31,0.0
20230910:1410,160.0,154.0,0.0,23.92,23.5,9.59,0.0
20230910:1510,75.0,80.0,0.0,12.78,22.71,9.66,0.0
20230910:1610,0.0,5.0,0.0,1.48,21.81,9.03,0.0
20230910:1710,0.0,0.0,0.0,0.0,21.07,9.1,0.0
20230910:1810,0.0,0.0,0.0,0.0,20.56,8.9,0.0
20230910:1910,0.0,0.0,0.0,0.0,20.27,8.76,0.0
20230910:2010,0.0,0.0,0.0,0.0,19.92,8.62,0.0
20230910:2110,0.0,0.0,0.0,0.0,19.59,8.21,0.0
20230910:2210,0.0,0.0,0.0,0.0,19.5,8.07,0.0
20230910:2310,0.0,0.0,0.0,0.0,19.32,7.86,0.0
20230911:0010,0.0,0.0,0.0,0.0,19.15,7.72,0.0
20230911:0110,0.0,0.0,0.0,0.0,19.08,7.59,0.0
20230911:0210,0.0,0.0,0.0,0.0,19.08,7.45,0.0
20230911:0310,0.0,0.0,0.0,0.0,19.05,7.17,0.0
20230911:0410,0.0,29.0,0.0,4.94,19.13,7.03,0.0
20230911:0510,133.0,88.0,0.0,16.22,19.66,7.38,0.0
20230911:0610,104.0,206.0,0.0,27.2,20.54,8.07,0.0
20230911:0710,144.0,284.0,0.0,37.4,21.39,8.14,0.0
20230911:0810,520.01,178.0,0.0,46.05,22.36,7.93,0.0
20230911:0910,305.0,341.0,0.0,51.91,23.08,7.86,0.0
20230911:1010,224.0,383.0,0.0,53.53,23.72,8.07,0.0
20230911:1110,138.0,382.0,0.0,50.36,24.11,8.28,0.0
20230911:1210,126.0,336.0,0.0,43.4,23.9,8.55,0.0
20230911:1310,221.0,230.0,0.0,34.12,23.63,8.55,0.0
20230911:1410,107.0,175.0,0.0,23.59,23.27,8.34,0.0
20230911:1510,17.0,88.0,0.0,12.46,22.71,8.14,0.0
20230911:1610,0.0,0.0,0.0,0.0,21.93,7.66,0.0
20230911:1710,0.0,0.0,0.0,0.0,21.35,7.17,0.0
20230911:1810,0.0,0.0,0.0,0.0,20.96,7.03,0.0
20230911:1910,0.0,0.0,0.0,0.0,20.37,7.1,0.0
20230911:2010,0.0,0.0,0.0,0.0,20.15,6.41,0.0
20230911:2110,0.0,0.0,0.0,0.0,19.87,5.66,0.0
20230911:2210,0.0,0.0,0.0,0.0,19.59,5.1,0.0
20230911:2310,0.0,0.0,0.0,0.0,19.35,4.69,0.0
20230912:0010,0.0,0.0,0.0,0.0,19.17,4.48,0.0
20230912:0110,0.0,0.0,0.0,0.0,19.06,4.34,0.0
20230912:0210,0.0,0.0,0.0,0.0,18.98,4.21,0.0
20230912:0310,0.0,0.0,0.0,0.0,18.94,4.07,0.0
20230912:0410,0.0,26.0,0.0,4.76,18.96,3.93,0.0
20230912:0510,138.0,83.0,0.0,16.03,19.64,3.86,0.0
20230912:0610,314.0,107.0,0.0,27.0,20.88,5.1,0.0
20230912:0710,396.0,163.0,0.0,37.17,21.93,5.66,0.0
20230912:0810,343.0,272.0,0.0,45.77,22.96,5.79,0.0
20230912:0910,498.01,236.0,0.0,51.57,23.85,6.14,0.0
20230912:1010,573.01,204.0,0.0,53.14,24.37,6.41,0.0
20230912:1110,551.01,192.0,0.0,49.97,24.69,6.69,0.0
20230912:1210,456.01,187.0,0.0,43.03,24.72,6.83,0.0
20230912:1310,343.0,161.0,0.0,33.78,24.41,6.97,0.0
20230912:1410,220.0,119.0,0.0,23.26,23.82,6.97,0.0
20230912:1510,80.0,73.0,0.0,12.14,23.04,6.83,0.0
20230912:1610,0.0,0.0,0.0,0.0,22.12,6.21,0.0
20230912:1710,0.0,0.0,0.0,0.0,21.32,5.59,0.0
20230912:1810,0.0,0.0,0.0,0.0,20.79,5.17,0.0
20230912:1910,0.0,0.0,0.0,0.0,20.34,5.38,0.0
20230912:2010,0.0,0.0,0.0,0.0,20.0,5.1,0.0
20230912:2110,0.0,0.0,0.0,0.0,19.68,4.69,0.0
20230912:2210,0.0,0.0,0.0,0.0,19.39,4.34,0.0
20230912:2310,0.0,0.0,0.0,0.0,19.11,4.0,0.0
20230913:0010,0.0,0.0,0.0,0.0,18.88,3.79,0.0
20230913:0110,0.0,0.0,0.0,0.0,18.74,3.72,0.0
20230913:0210,0.0,0.0,0.0,0.0,18.6,3.66,0.0
20230913:0310,0.0,0.0,0.0,0.0,18.5,3.59,0.0
20230913:0410,0.0,26.0,0.0,4.58,18.41,3.52,0.0
20230913:0510,142.0,81.0,0.0,15.85,19.2,3.38,0.0
20230913:0610,299.0,113.0,0.0,26.8,20.79,4.21,0.0
20230913:0710,452.01,131.0,0.0,36.93,22.13,4.07,0.0
20230913:0810,565.01,145.0,0.0,45.48,23.35,3.93,0.0
20230913:0910,616.01,165.0,0.0,51.22,24.55,4.21,0.0
20230913:1010,635.01,166.0,0.0,52.75,25.55,4.28,0.0
20230913:1110,553.01,191.0,0.0,49.58,26.13,4.48,0.0
20230913:1210,431.01,201.0,0.0,42.66,26.33,4.9,0.0
20230913:1310,343.0,160.0,0.0,33.43,26.13,5.24,0.0
20230913:1410,208.0,124.0,0.0,22.93,25.51,5.59,0.0
20230913:1510,79.0,71.0,0.0,11.82,24.57,5.66,0.0
20230913:1610,0.0,0.0,0.0,0.0,23.35,5.17,0.0
20230913:1710,0.0,0.0,0.0,0.0,22.19,4.97,0.0
20230913:1810,0.0,0.0,0.0,0.0,21.35,4.83,0.0
20230913:1910,0.0,0.0,0.0,0.0,20.75,4.48,0.0
20230913:2010,0.0,0.0,0.0,0.0,20.27,4.14,0.0
20230913:2110,0.0,0.0,0.0,0.0,19.88,3.79,0.0
20230913:2210,0.0,0.0,0.0,0.0,19.5,3.38,0.0
20230913:2310,0.0,0.0,0.0,0.0,19.16,3.24,0.0
20230914:0010,0.0,0.0,0.0,0.0,18.84,3.17,0.0
20230914:0110,0.0,0.0,0.0,0.0,18.55,3.03,0.0
20230914:0210,0.0,0.0,0.0,0.0,18.33,2.97,0.0
20230914:0310,0.0,0.0,0.0,0.0,18.11,2.97,0.0
20230914:0410,0.0,25.0,0.0,4.4,17.96,2.9,0.0
20230914:0510,145.0,78.0,0.0,15.67,18.8,2.9,0.0
20230914:0610,302.0,110.0,0.0,26.6,20.94,3.31,0.0
20230914:0710,456.01,128.0,0.0,36.7,22.4,3.17,0.0
20230914:0810,564.01,145.0,0.0,45.19,23.99,3.03,0.0
20230914:0910,627.01,157.0,0.0,50.88,25.43,2.9,0.0
20230914:1010,633.01,166.0,0.0,52.37,26.48,2.9,0.0
20230914:1110,562.01,183.0,0.0,49.19,27.11,3.17,0.0
20230914:1210,420.01,205.0,0.0,42.29,27.51,4.0,0.0
20230914:1310,333.0,164.0,0.0,33.08,27.39,4.48,0.0
20230914:1410,205.0,123.0,0.0,22.6,26.73,4.9,0.0
20230914:1510,71.0,72.0,0.0,11.5,25.64,4.69,0.0
20230914:1610,0.0,0.0,0.0,0.0,24.23,4.21,0.0
20230914:1710,0.0,0.0,0.0,0.0,22.89,4.14,0.0
20230914:1810,0.0,0.0,0.0,0.0,21.91,3.93,0.0
20230914:1910,0.0,0.0,0.0,0.0,21.22,3.66,0.0
20230914:2010,0.0,0.0,0.0,0.0,20.61,3.38,0.0
20230914:2110,0.0,0.0,0.0,0.0,20.1,3.17,0.0
20230914:2210,0.0,0.0,0.0,0.0,19.69,3.03,0.0
20230914:2310,0.0,0.0,0.0,0.0,19.32,2.9,0.0
20230915:0010,0.0,0.0,0.0,0.0,19.01,2.9,0.0
20230915:0110,0.0,0.0,0.0,0.0,18.84,2.97,0.0
20230915:0210,0.0,0.0,0.0,0.0,18.63,2.69,0.0
20230915:0310,0.0,0.0,0.0,0.0,18.4,2.69,0.0
20230915:0410,0.0,23.0,0.0,4.22,18.35,2.83,0.0
20230915:0510,122.0,86.0,0.0,15.48,19.17,2.69,0.0
20230915:0610,281.0,117.0,0.0,26.39,21.31,2.97,0.0
20230915:0710,434.01,135.0,0.0,36.46,22.49,2.9,0.0
20230915:0810,560.01,142.0,0.0,44.9,24.06,3.1,0.0
20230915:0910,615.01,157.0,0.0,50.53,25.52,3.38,0.0
20230915:1010,633.01,159.0,0.0,51.98,26.65,3.66,0.0
20230915:1110,551.01,183.0,0.0,48.79,27.36,3.86,0.0
20230915:1210,411.01,204.0,0.0,41.92,27.68,4.34,0.0
20230915:1310,330.0,159.0,0.0,32.73,27.42,4.9,0.0
20230915:1410,200.0,120.0,0.0,22.27,26.6,5.1,0.0
20230915:1510,67.0,70.0,0.0,11.17,25.43,4.97,0.0
20230915:1610,0.0,0.0,0.0,0.0,24.03,4.62,0.0
20230915:1710,0.0,0.0,0.0,0.0,22.79,4.48,0.0
20230915:1810,0.0,0.0,0.0,0.0,21.96,4.14,0.0
20230915:1910,0.0,0.0,0.0,0.0,21.45,4.0,0.0
20230915:2010,0.0,0.0,0.0,0.0,21.12,3.72,0.0
20230915:2110,0.0,0.0,0.0,0.0,20.73,3.45,0.0
20230915:2210,0.0,0.0,0.0,0.0,20.42,3.38,0.0
20230915:2310,0.0,0.0,0.0,0.0,20.11,3.52,0.0
20230916:0010,0.0,0.0,0.0,0.0,19.9,3.66,0.0
20230916:0110,0.0,0.0,0.0,0.0,19.68,3.66,0.0
20230916:0210,0.0,0.0,0.0,0.0,19.52,3.59,0.0
20230916:0310,0.0,0.0,0.0,0.0,19.39,3.38,0.0
20230916:0410,0.0,19.0,0.0,4.03,19.29,3.31,0.0
20230916:0510,113.0,87.0,0.0,15.29,19.86,3.45,0.0
20230916:0610,269.0,120.0,0.0,26.18,21.43,4.55,0.0
20230916:0710,380.01,162.0,0.0,36.22,22.55,5.03,0.0
20230916:0810,495.01,175.0,0.0,44.61,23.72,5.03,0.0
20230916:0910,549.01,193.0,0.0,50.18,24.67,5.1,0.0
20230916:1010,403.01,287.0,0.0,51.59,25.57,5.52,0.0
20230916:1110,346.0,292.0,0.0,48.4,26.07,5.79,0.0
20230916:1210,403.01,202.0,0.0,41.55,26.09,6.28,0.0
20230916:1310,326.0,156.0,0.0,32.38,25.73,6.9,0.0
20230916:1410,197.0,116.0,0.0,21.94,25.01,7.24,0.0
20230916:1510,60.0,69.0,0.0,10.85,24.07,7.1,0.0
20230916:1610,0.0,0.0,0.0,0.0,23.12,6.69,0.0
20230916:1710,0.0,0.0,0.0,0.0,22.35,6.34,0.0
20230916:1810,0.0,0.0,0.0,0.0,21.88,6.07,0.0
20230916:1910,0.0,0.0,0.0,0.0,21.79,6.07,0.0
20230916:2010,0.0,0.0,0.0,0.0,21.62,6.0,0.0
20230916:2110,0.0,0.0,0.0,0.0,21.44,6.28,0.0
20230916:2210,0.0,0.0,0.0,0.0,21.2,6.34,0.0
20230916:2310,0.0,0.0,0.0,0.0,21.07,6.21,0.0
20230917:0010,0.0,0.0,0.0,0.0,21.05,5.86,0.0
20230917:0110,0.0,0.0,0.0,0.0,21.01,5.66,0.0
20230917:0210,0.0,0.0,0.0,0.0,20.89,5.31,0.0
20230917:0310,0.0,0.0,0.0,0.0,20.95,5.17,0.0
20230917:0410,0.0,15.0,0.0,3.85,20.77,4.97,0.0
20230917:0510,74.0,102.0,0.0,15.1,21.25,5.03,0.0
20230917:0610,89.0,196.0,0.0,25.98,22.16,6.07,0.0
20230917:0710,309.0,198.0,0.0,35.97,22.98,6.21,0.0
20230917:0810,394.01,230.0,0.0,44.32,24.09,6.83,0.0
20230917:0910,447.01,247.0,0.0,49.83,24.96,7.31,0.0
20230917:1010,339.0,315.0,0.0,51.2,25.35,7.86,0.0
20230917:1110,476.01,216.0,0.0,48.01,25.29,8.14,0.0
20230917:1210,181.0,302.0,0.0,41.17,24.91,8.41,0.0
20230917:1310,242.0,196.0,0.0,32.03,24.27,8.55,0.0
20230917:1410,105.0,154.0,0.0,21.6,23.46,8.41,0.0
20230917:1510,51.0,69.0,0.0,10.52,22.51,8.41,0.0
20230917:1610,0.0,0.0,0.0,0.0,21.51,8.21,0.0
20230917:1710,0.0,0.0,0.0,0.0,20.78,7.93,0.0
20230917:1810,0.0,0.0,0.0,0.0,20.37,7.66,0.0
20230917:1910,0.0,0.0,0.0,0.0,20.25,7.72,0.0
20230917:2010,0.0,0.0,0.0,0.0,20.12,7.59,0.0
20230917:2110,0.0,0.0,0.0,0.0,20.06,7.38,0.0
20230917:2210,0.0,0.0,0.0,0.0,19.95,7.1,0.0
20230917:2310,0.0,0.0,0.0,0.0,20.01,7.03,0.0
20230918:0010,0.0,0.0,0.0,0.0,20.04,7.03,0.0
20230918:0110,0.0,0.0,0.0,0.0,19.97,7.1,0.0
20230918:0210,0.0,0.0,0.0,0.0,19.84,7.03,0.0
20230918:0310,0.0,0.0,0.0,0.0,19.95,7.03,0.0
20230918:0410,0.0,21.0,0.0,3.67,20.04,7.1,0.0
20230918:0510,64.0,105.0,0.0,14.91,20.29,7.38,0.0
20230918:0610,193.0,159.0,0.0,25.77,20.94,8.41,0.0
20230918:0710,284.0,214.0,0.0,35.73,21.78,8.41,0.0
20230918:0810,354.0,255.0,0.0,44.02,22.74,8.48,0.0
20230918:0910,436.01,258.0,0.0,49.47,23.38,8.55,0.0
20230918:1010,179.0,378.0,0.0,50.8,23.81,8.69,0.0
20230918:1110,323.0,302.0,0.0,47.61,23.88,8.83,0.0
20230918:1210,151.0,312.0,0.0,40.8,23.74,9.17,0.0
20230918:1310,170.0,229.0,0.0,31.68,23.19,9.31,0.0
20230918:1410,32.0,161.0,0.0,21.27,22.78,9.1,0.0
20230918:1510,1.0,53.0,0.0,10.2,22.17,8.9,0.0
20230918:1610,0.0,0.0,0.0,0.0,21.46,8.28,0.0
20230918:1710,0.0,0.0,0.0,0.0,20.97,7.79,0.0
20230918:1810,0.0,0.0,0.0,0.0,20.64,7.45,0.0
20230918:1910,0.0,0.0,0.0,0.0,20.33,7.79,0.0
20230918:2010,0.0,0.0,0.0,0.0,20.15,7.38,0.0
20230918:2110,0.0,0.0,0.0,0.0,19.99,6.9,0.0
20230918:2210,0.0,0.0,0.0,0.0,19.84,6.62,0.0
20230918:2310,0.0,0.0,0.0,0.0,19.63,6.34,0.0
20230919:0010,0.0,0.0,0.0,0.0,19.44,5.93,0.0
20230919:0110,0.0,0.0,0.0,0.0,19.4,5.72,0.0
20230919:0210,0.0,0.0,0.0,0.0,19.42,5.59,0.0
20230919:0310,0.0,0.0,0.0,0.0,19.39,5.38,0.0
20230919:0410,0.0,14.0,0.0,3.49,19.32,5.24,0.0
20230919:0510,104.0,89.0,0.0,14.72,19.75,5.1,0.0
20230919:0610,296.0,105.0,0.0,25.56,20.79,6.0,0.0
20230919:0710,418.01,141.0,0.0,35.48,21.9,5.72,0.0
20230919:0810,543.01,148.0,0.0,43.72,23.0,5.38,0.0
20230919:0910,603.01,162.0,0.0,49.12,24.03,5.24,0.0
20230919:1010,595.01,179.0,0.0,50.41,24.77,5.59,0.0
20230919:1110,526.01,193.0,0.0,47.21,25.14,6.21,0.0
20230919:1210,337.0,238.0,0.0,40.42,25.07,6.76,0.0
20230919:1310,293.0,171.0,0.0,31.33,24.64,7.1,0.0
20230919:1410,178.0,121.0,0.0,20.93,23.98,7.1,0.0
20230919:1510,51.0,65.0,0.0,9.87,23.09,6.9,0.0
20230919:1610,0.0,0.0,0.0,0.0,22.11,6.07,0.0
20230919:1710,0.0,0.0,0.0,0.0,21.3,5.38,0.0
20230919:1810,0.0,0.0,0.0,0.0,20.73,5.03,0.0
20230919:1910,0.0,0.0,0.0,0.0,20.26,5.24,0.0
20230919:2010,0.0,0.0,0.0,0.0,19.97,4.76,0.0
20230919:2110,0.0,0.0,0.0,0.0,19.53,4.0,0.0
20230919:2210,0.0,0.0,0.0,0.0,19.19,3.45,0.0
20230919:2310,0.0,0.0,0.0,0.0,18.76,3.17,0.0
20230920:0010,0.0,0.0,0.0,0.0,18.41,3.17,0.0
20230920:0110,0.0,0.0,0.0,0.0,18.18,3.1,0.0
20230920:0210,0.0,0.0,0.0,0.0,17.92,2.9,0.0
20230920:0310,0.0,0.0,0.0,0.0,17.73,2.83,0.0
20230920:0410,0.0,12.0,0.0,3.3,17.73,2.83,0.0
20230920:0510,2.0,79.0,0.0,14.53,18.58,2.76,0.0
20230920:0610,215.0,145.0,0.0,25.34,20.16,3.59,0.0
20230920:0710,351.01,174.0,0.0,35.23,20.83,3.45,0.0
20230920:0810,521.01,155.0,0.0,43.43,22.05,3.31,0.0
20230920:0910,590.01,162.0,0.0,48.76,23.22,3.03,0.0
20230920:1010,549.01,199.0,0.0,50.02,24.19,2.97,0.0
20230920:1110,524.01,186.0,0.0,46.82,24.84,3.45,0.0
20230920:1210,395.01,199.0,0.0,40.04,25.08,4.14,0.0
20230920:1310,295.0,163.0,0.0,30.97,24.86,4.83,0.0
20230920:1410,220.0,94.0,0.0,20.59,24.21,5.38,0.0
20230920:1510,48.0,63.0,0.0,9.54,23.21,5.45,0.0
20230920:1610,0.0,0.0,0.0,0.0,22.13,4.97,0.0
20230920:1710,0.0,0.0,0.0,0.0,21.3,4.34,0.0
20230920:1810,0.0,0.0,0.0,0.0,20.71,3.93,0.0
20230920:1910,0.0,0.0,0.0,0.0,20.47,4.0,0.0
20230920:2010,0.0,0.0,0.0,0.0,20.08,3.79,0.0
20230920:2110,0.0,0.0,0.0,0.0,19.77,3.66,0.0
20230920:2210,0.0,0.0,0.0,0.0,19.37,3.59,0.0
20230920:2310,0.0,0.0,0.0,0.0,19.08,3.24,0.0
20230921:0010,0.0,0.0,0.0,0.0,18.8,2.9,0.0
20230921:0110,0.0,0.0,0.0,0.0,18.61,3.03,0.0
20230921:0210,0.0,0.0,0.0,0.0,18.52,3.45,0.0
20230921:0310,0.0,0.0,0.0,0.0,18.44,3.52,0.0
20230921:0410,0.0,13.0,0.0,3.12,18.37,3.31,0.0
20230921:0510,104.0,84.0,0.0,14.34,18.81,3.17,0.0
20230921:0610,254.0,120.0,0.0,25.13,20.11,3.86,0.0
20230921:0710,421.01,129.0,0.0,34.98,20.98,3.52,0.0
20230921:0810,513.01,155.0,0.0,43.12,22.16,3.31,0.0
20230921:0910,592.01,155.0,0.0,48.41,23.29,2.97,0.0
20230921:1010,607.01,157.0,0.0,49.62,24.25,2.97,0.0
20230921:1110,505.01,192.0,0.0,46.42,25.04,3.45,0.0
20230921:1210,395.01,193.0,0.0,39.67,25.3,4.07,0.0
20230921:1310,282.0,165.0,0.0,30.62,25.08,4.62,0.0
20230921:1410,203.0,98.0,0.0,20.26,24.45,5.1,0.0
20230921:1510,39.0,62.0,0.0,9.22,23.38,5.1,0.0
20230921:1610,0.0,0.0,0.0,0.0,22.19,4.83,0.0
20230921:1710,0.0,0.0,0.0,0.0,21.22,4.69,0.0
20230921:1810,0.0,0.0,0.0,0.0,20.52,4.34,0.0
20230921:1910,0.0,0.0,0.0,0.0,20.04,3.72,0.0
20230921:2010,0.0,0.0,0.0,0.0,19.52,3.52,0.0
20230921:2110,0.0,0.0,0.0,0.0,19.08,3.31,0.0
20230921:2210,0.0,0.0,0.0,0.0,18.7,3.03,0.0
20230921:2310,0.0,0.0,0.0,0.0,18.34,2.69,0.0
20230922:0010,0.0,0.0,0.0,0.0,17.92,2.28,0.0
20230922:0110,0.0,0.0,0.0,0.0,17.44,2.14,0.0
20230922:0210,0.0,0.0,0.0,0.0,16.89,2.0,0.0
20230922:0310,0.0,0.0,0.0,0.0,16.43,1.79,0.0
20230922:0410,0.0,12.0,0.0,2.93,16.22,1.72,0.0
20230922:0510,107.0,79.0,0.0,14.14,16.8,1.66,0.0
20230922:0610,263.0,111.0,0.0,24.91,19.92,1.93,0.0
20230922:0710,410.01,130.0,0.0,34.73,21.47,1.03,0.0
20230922:0810,519.01,144.0,0.0,42.82,23.0,0.62,0.0
20230922:0910,568.01,163.0,0.0,48.05,24.3,0.97,0.0
20230922:1010,583.01,164.0,0.0,49.23,25.42,1.45,0.0
20230922:1110,523.01,173.0,0.0,46.02,26.17,1.72,0.0
20230922:1210,369.01,201.0,0.0,39.29,26.49,1.66,0.0
20230922:1310,298.0,150.0,0.0,30.26,26.6,1.31,0.0
20230922:1410,165.0,112.0,0.0,19.92,26.61,0.69,0.0
20230922:1510,39.0,58.0,0.0,8.89,26.37,0.34,0.0
20230922:1610,0.0,0.0,0.0,0.0,25.78,1.52,0.0
20230922:1710,0.0,0.0,0.0,0.0,24.76,2.76,0.0
20230922:1810,0.0,0.0,0.0,0.0,23.85,3.31,0.0
20230922:1910,0.0,0.0,0.0,0.0,23.39,2.97,0.0
20230922:2010,0.0,0.0,0.0,0.0,22.8,2.83,0.0
20230922:2110,0.0,0.0,0.0,0.0,22.32,2.62,0.0
20230922:2210,0.0,0.0,0.0,0.0,21.88,2.48,0.0
20230922:2310,0.0,0.0,0.0,0.0,21.53,2.55,0.0
20230923:0010,0.0,0.0,0.0,0.0,21.3,2.55,0.0
20230923:0110,0.0,0.0,0.0,0.0,21.15,2.55,0.0
20230923:0210,0.0,0.0,0.0,0.0,20.89,2.28,0.0
20230923:0310,0.0,0.0,0.0,0.0,20.49,1.93,0.0
20230923:0410,0.0,10.0,0.0,2.74,20.02,1.93,0.0
20230923:0510,88.0,85.0,0.0,13.95,20.87,2.0,0.0
20230923:0610,237.0,122.0,0.0,24.69,24.3,1.86,0.0
20230923:0710,392.01,137.0,0.0,34.48,25.49,0.48,0.0
20230923:0810,495.01,155.0,0.0,42.52,26.74,0.41,0.0
20230923:0910,562.01,162.0,0.0,47.69,27.67,1.17,0.0
20230923:1010,576.01,164.0,0.0,48.83,28.33,1.38,0.0
20230923:1110,516.01,173.0,0.0,45.63,28.81,1.38,0.0
20230923:1210,379.01,191.0,0.0,38.91,29.0,0.97,0.0
20230923:1310,299.0,145.0,0.0,29.91,29.0,0.34,0.0
20230923:1410,160.0,111.0,0.0,19.58,29.0,1.66,0.0
20230923:1510,36.0,56.0,0.0,8.56,28.61,3.45,0.0
20230923:1610,0.0,0.0,0.0,0.0,27.28,4.34,0.0
20230923:1710,0.0,0.0,0.0,0.0,25.96,4.41,0.0
20230923:1810,0.0,0.0,0.0,0.0,24.94,4.07,0.0
20230923:1910,0.0,0.0,0.0,0.0,24.14,3.59,0.0
20230923:2010,0.0,0.0,0.0,0.0,23.5,3.38,0.0
20230923:2110,0.0,0.0,0.0,0.0,22.93,3.24,0.0
20230923:2210,0.0,0.0,0.0,0.0,22.44,3.17,0.0
20230923:2310,0.0,0.0,0.0,0.0,22.07,3.17,0.0
20230924:0010,0.0,0.0,0.0,0.0,21.8,3.17,0.0
20230924:0110,0.0,0.0,0.0,0.0,21.63,3.24,0.0
20230924:0210,0.0,0.0,0.0,0.0,21.48,3.24,0.0
20230924:0310,0.0,0.0,0.0,0.0,21.41,3.17,0.0
20230924:0410,0.0,8.0,0.0,2.55,21.2,3.03,0.0
20230924:0510,97.0,80.0,0.0,13.75,21.67,3.24,0.0
20230924:0610,249.0,115.0,0.0,24.47,23.23,3.72,0.0
20230924:0710,408.01,128.0,0.0,34.22,24.44,3.72,0.0
20230924:0810,508.01,149.0,0.0,42.21,25.99,3.93,0.0
20230924:0910,565.01,162.0,0.0,47.33,27.34,4.28,0.0
20230924:1010,569.01,170.0,0.0,48.44,28.2,4.62,0.0
20230924:1110,499.01,184.0,0.0,45.23,28.62,5.17,0.0
20230924:1210,330.01,218.0,0.0,38.53,28.45,5.59,0.0
20230924:1310,290.0,149.0,0.0,29.56,27.74,5.86,0.0
20230924:1410,154.0,112.0,0.0,19.25,26.63,5.93,0.0
20230924:1510,35.0,54.0,0.0,8.24,25.1,5.72,0.0
20230924:1610,0.0,0.0,0.0,0.0,23.49,5.52,0.0
20230924:1710,0.0,0.0,0.0,0.0,22.3,5.59,0.0
20230924:1810,0.0,0.0,0.0,0.0,21.47,5.86,0.0
20230924:1910,0.0,0.0,0.0,0.0,20.85,6.28,0.0
20230924:2010,0.0,0.0,0.0,0.0,20.64,6.07,0.0
20230924:2110,0.0,0.0,0.0,0.0,20.47,6.0,0.0
20230924:2210,0.0,0.0,0.0,0.0,20.48,5.93,0.0
20230924:2310,0.0,0.0,0.0,0.0,20.5,5.93,0.0
20230925:0010,0.0,0.0,0.0,0.0,20.51,5.72,0.0
20230925:0110,0.0,0.0,0.0,0.0,20.78,5.66,0.0
20230925:0210,0.0,0.0,0.0,0.0,20.89,5.59,0.0
20230925:0310,0.0,0.0,0.0,0.0,21.05,5.72,0.0
20230925:0410,0.0,3.0,0.0,2.37,21.1,5.79,0.0
20230925:0510,22.0,95.0,0.0,13.55,21.54,6.41,0.0
20230925:0610,37.0,182.0,0.0,24.25,22.31,7.1,0.0
20230925:0710,276.0,197.0,0.0,33.96,23.36,7.45,0.0
20230925:0810,495.01,148.0,0.0,41.9,24.51,7.31,0.0
20230925:0910,438.01,230.0,0.0,46.97,25.41,7.66,0.0
20230925:1010,276.0,321.0,0.0,48.04,25.91,8.07,0.0
20230925:1110,210.0,322.0,0.0,44.83,26.07,8.55,0.0
20230925:1210,288.0,232.0,0.0,38.16,25.83,8.83,0.0
20230925:1310,156.0,208.0,0.0,29.2,25.4,8.97,0.0
20230925:1410,71.0,140.0,0.0,18.91,24.59,8.97,0.0
20230925:1510,14.0,54.0,0.0,7.91,23.72,8.83,0.0
20230925:1610,0.0,0.0,0.0,0.0,22.87,8.76,0.0
20230925:1710,0.0,0.0,0.0,0.0,22.33,8.76,0.0
20230925:1810,0.0,0.0,0.0,0.0,22.04,8.14,0.0
20230925:1910,0.0,0.0,0.0,0.0,21.72,8.62,0.0
20230925:2010,0.0,0.0,0.0,0.0,21.6,8.14,0.0
20230925:2110,0.0,0.0,0.0,0.0,21.49,7.86,0.0
20230925:2210,0.0,0.0,0.0,0.0,21.35,7.59,0.0
20230925:2310,0.0,0.0,0.0,0.0,21.12,7.03,0.0
20230926:0010,0.0,0.0,0.0,0.0,21.09,6.9,0.0
20230926:0110,0.0,0.0,0.0,0.0,21.09,6.97,0.0
20230926:0210,0.0,0.0,0.0,0.0,21.0,6.69,0.0
20230926:0310,0.0,0.0,0.0,0.0,21.0,6.62,0.0
20230926:0410,0.0,1.0,0.0,2.18,21.12,6.76,0.0
20230926:0510,15.0,93.0,0.0,13.35,21.42,6.07,0.0
20230926:0610,33.0,182.0,0.0,24.03,22.27,6.97,0.0
20230926:0710,231.0,220.0,0.0,33.7,23.44,7.38,0.0
20230926:0810,482.01,159.0,0.0,41.59,24.39,7.52,0.0
20230926:0910,547.01,167.0,0.0,46.6,25.04,8.21,0.0
20230926:1010,492.01,210.0,0.0,47.65,25.47,8.76,0.0
20230926:1110,406.01,232.0,0.0,44.44,25.69,8.97,0.0
20230926:1210,344.01,204.0,0.0,37.78,25.4,9.1,0.0
20230926:1310,240.0,169.0,0.0,28.85,24.76,9.1,0.0
20230926:1410,92.0,132.0,0.0,18.58,23.88,9.03,0.0
20230926:1510,33.0,49.0,0.0,7.59,22.91,8.9,0.0
20230926:1610,0.0,0.0,0.0,0.0,22.01,8.28,0.0
20230926:1710,0.0,0.0,0.0,0.0,21.69,7.24,0.0
20230926:1810,0.0,0.0,0.0,0.0,21.52,6.83,0.0
20230926:1910,0.0,0.0,0.0,0.0,21.13,6.55,0.0
20230926:2010,0.0,0.0,0.0,0.0,21.11,6.0,0.0
20230926:2110,0.0,0.0,0.0,0.0,20.92,5.52,0.0
20230926:2210,0.0,0.0,0.0,0.0,20.8,5.31,0.0
20230926:2310,0.0,0.0,0.0,0.0,20.62,5.31,0.0
20230927:0010,0.0,0.0,0.0,0.0,20.57,5.31,0.0
20230927:0110,0.0,0.0,0.0,0.0,20.45,5.17,0.0
20230927:0210,0.0,0.0,0.0,0.0,20.54,5.17,0.0
20230927:0310,0.0,0.0,0.0,0.0,20.66,5.24,0.0
20230927:0410,0.0,2.0,0.0,1.99,20.74,5.45,0.0
20230927:0510,16.0,91.0,0.0,13.15,21.1,5.79,0.0
20230927:0610,62.0,182.0,0.0,23.81,21.87,6.83,0.0
20230927:0710,115.0,256.0,0.0,33.44,22.73,6.9,0.0
20230927:0810,263.0,271.0,0.0,41.28,23.59,6.76,0.0
20230927:0910,234.0,324.0,0.0,46.24,24.63,7.45,0.0
20230927:1010,188.0,347.0,0.0,47.25,25.11,7.59,0.0
20230927:1110,190.0,323.0,0.0,44.04,25.22,7.79,0.0
20230927:1210,27.0,270.0,0.0,37.4,25.06,8.0,0.0
20230927:1310,137.0,208.0,0.0,28.49,24.48,8.14,0.0
20230927:1410,15.0,127.0,0.0,18.24,23.76,7.52,0.0
20230927:1510,21.0,49.0,0.0,7.26,22.95,6.97,0.0
20230927:1610,0.0,0.0,0.0,0.0,22.28,6.28,0.0
20230927:1710,0.0,0.0,0.0,0.0,21.66,5.93,0.0
20230927:1810,0.0,0.0,0.0,0.0,21.24,5.72,0.0
20230927:1910,0.0,0.0,0.0,0.0,21.07,4.97,0.0
20230927:2010,0.0,0.0,0.0,0.0,20.82,4.48,0.0
20230927:2110,0.0,0.0,0.0,0.0,20.68,4.48,0.0
20230927:2210,0.0,0.0,0.0,0.0,20.63,4.62,0.0
20230927:2310,0.0,0.0,0.0,0.0,20.59,4.48,0.0
20230928:0010,0.0,0.0,0.0,0.0,20.48,4.28,0.0
20230928:0110,0.0,0.0,0.0,0.0,20.33,4.14,0.0
20230928:0210,0.0,0.0,0.0,0.0,20.33,3.86,0.0
20230928:0310,0.0,0.0,0.0,0.0,20.29,3.52,0.0
20230928:0410,0.0,3.0,0.0,1.79,20.31,3.31,0.0
20230928:0510,0.0,23.0,0.0,12.95,20.56,2.9,0.0
20230928:0610,0.0,66.0,0.0,23.58,21.45,3.38,0.0
20230928:0710,0.0,94.0,0.0,33.18,21.05,2.28,0.0
20230928:0810,0.0,123.0,0.0,40.97,21.72,2.41,0.0
20230928:0910,0.0,209.0,0.0,45.88,22.86,2.76,0.0
20230928:1010,29.0,325.0,0.0,46.86,24.01,3.17,0.0
20230928:1110,0.0,189.0,0.0,43.65,24.76,3.72,0.0
20230928:1210,0.0,56.0,0.0,37.03,24.3,4.21,0.0
20230928:1310,0.0,53.0,0.0,28.14,23.83,4.83,0.0
20230928:1410,0.0,35.0,0.0,17.9,23.53,4.9,0.0
20230928:1510,0.0,21.0,0.0,6.94,23.03,4.9,0.0
20230928:1610,0.0,0.0,0.0,0.0,22.27,4.55,0.0
20230928:1710,0.0,0.0,0.0,0.0,21.78,4.34,0.0
20230928:1810,0.0,0.0,0.0,0.0,21.49,4.07,0.0
20230928:1910,0.0,0.0,0.0,0.0,19.75,1.79,0.0
20230928:2010,0.0,0.0,0.0,0.0,19.58,2.14,0.0
20230928:2110,0.0,0.0,0.0,0.0,19.21,2.41,0.0
20230928:2210,0.0,0.0,0.0,0.0,19.09,2.0,0.0
20230928:2310,0.0,0.0,0.0,0.0,19.09,1.45,0.0
20230929:0010,0.0,0.0,0.0,0.0,18.94,0.97,0.0
20230929:0110,0.0,0.0,0.0,0.0,19.02,0.69,0.0
20230929:0210,0.0,0.0,0.0,0.0,18.93,0.62,0.0
20230929:0310,0.0,0.0,0.0,0.0,18.96,0.28,0.0
20230929:0410,0.0,1.0,0.0,1.6,18.88,0.48,0.0
20230929:0510,49.0,87.0,0.0,12.74,19.0,0.55,0.0
20230929:0610,0.0,45.0,0.0,23.35,19.33,1.03,0.0
20230929:0710,0.0,163.0,0.0,32.91,20.21,2.0,0.0
20230929:0810,8.0,249.0,0.0,40.66,20.34,1.93,0.0
20230929:0910,0.0,215.0,0.0,45.51,21.35,1.66,0.0
20230929:1010,47.0,338.0,0.0,46.46,21.45,1.79,0.0
20230929:1110,0.0,165.0,0.0,43.25,22.02,1.93,0.0
20230929:1210,14.0,245.0,0.0,36.65,22.35,2.21,0.0
20230929:1310,192.0,176.0,0.0,27.79,22.15,1.72,0.0
20230929:1410,73.0,126.0,0.0,17.57,21.45,1.86,0.0
20230929:1510,5.0,39.0,0.0,6.61,20.72,2.07,0.0
20230929:1610,0.0,0.0,0.0,0.0,20.25,1.93,0.0
20230929:1710,0.0,0.0,0.0,0.0,19.95,1.59,0.0
20230929:1810,0.0,0.0,0.0,0.0,19.54,1.79,0.0
20230929:1910,0.0,0.0,0.0,0.0,19.1,2.21,0.0
20230929:2010,0.0,0.0,0.0,0.0,18.87,1.45,0.0
20230929:2110,0.0,0.0,0.0,0.0,18.55,0.9,0.0
20230929:2210,0.0,0.0,0.0,0.0,19.14,0.55,0.0
20230929:2310,0.0,0.0,0.0,0.0,19.08,0.62,0.0
20230930:0010,0.0,0.0,0.0,0.0,18.76,0.83,0.0
20230930:0110,0.0,0.0,0.0,0.0,17.94,1.17,0.0
20230930:0210,0.0,0.0,0.0,0.0,17.79,1.24,0.0
20230930:0310,0.0,0.0,0.0,0.0,17.68,1.72,0.0
20230930:0410,0.0,1.0,0.0,1.41,17.75,1.72,0.0
20230930:0510,0.0,31.0,0.0,12.54,18.32,1.59,0.0
20230930:0610,0.0,30.0,0.0,23.12,19.22,1.38,0.0
20230930:0710,0.0,49.0,0.0,32.65,19.21,1.24,0.0
20230930:0810,0.0,106.0,0.0,40.34,19.79,1.59,0.0
20230930:0910,344.01,263.0,0.0,45.15,20.29,1.79,0.0
20230930:1010,147.0,346.0,0.0,46.07,21.14,1.79,0.0
20230930:1110,39.0,312.0,0.0,42.86,21.42,2.14,0.0
20230930:1210,193.0,256.0,0.0,36.28,21.83,2.62,0.0
20230930:1310,112.0,205.0,0.0,27.44,21.51,2.69,0.0
20230930:1410,118.0,106.0,0.0,17.24,20.46,2.97,0.0
20230930:1510,2.0,35.0,0.0,6.29,20.31,2.83,0.0
20230930:1610,0.0,0.0,0.0,0.0,19.61,2.55,0.0
20230930:1710,0.0,0.0,0.0,0.0,19.28,2.69,0.0
20230930:1810,0.0,0.0,0.0,0.0,18.93,2.97,0.0
20230930:1910,0.0,0.0,0.0,0.0,19.57,2.14,0.0
20230930:2010,0.0,0.0,0.0,0.0,19.56,2.21,0.0
20230930:2110,0.0,0.0,0.0,0.0,19.14,2.69,0.0
20230930:2210,0.0,0.0,0.0,0.0,18.62,3.03,0.0
20230930:2310,0.0,0.0,0.0,0.0,18.61,3.1,0.0
20231001:0010,0.0,0.0,0.0,0.0,18.3,3.1,0.0
20231001:0110,0.0,0.0,0.0,0.0,18.17,3.17,0.0
20231001:0210,0.0,0.0,0.0,0.0,18.44,2.69,0.0
20231001:0310,0.0,0.0,0.0,0.0,18.04,2.83,0.0
20231001:0410,0.0,0.0,0.0,0.0,17.76,2.83,0.0
20231001:0510,2.0,67.0,0.0,12.33,17.83,3.03,0.0
20231001:0610,0.0,30.0,0.0,22.89,18.08,3.31,0.0
20231001:0710,85.0,250.0,0.0,32.38,18.35,4.9,0.0
20231001:0810,0.0,66.0,0.0,40.03,18.69,4.62,0.0
20231001:0910,0.0,118.0,0.0,44.79,19.09,4.9,0.0
20231001:1010,2.0,245.0,0.0,45.67,19.19,5.1,0.0
20231001:1110,0.0,206.0,0.0,42.46,19.37,5.03,0.0
20231001:1210,0.0,168.0,0.0,35.9,19.26,5.38,0.0
20231001:1310,123.0,198.0,0.0,27.09,19.47,6.14,0.0
20231001:1410,16.0,119.0,0.0,16.91,19.34,6.48,0.0
20231001:1510,24.0,38.0,0.0,5.97,19.37,6.69,0.0
20231001:1610,0.0,0.0,0.0,0.0,19.54,5.93,0.0
20231001:1710,0.0,0.0,0.0,0.0,19.47,5.72,0.0
20231001:1810,0.0,0.0,0.0,0.0,19.43,4.9,0.0
20231001:1910,0.0,0.0,0.0,0.0,18.89,6.14,0.0
20231001:2010,0.0,0.0,0.0,0.0,18.89,6.21,0.0
20231001:2110,0.0,0.0,0.0,0.0,19.15,6.14,0.0
20231001:2210,0.0,0.0,0.0,0.0,19.59,4.83,0.0
20231001:2310,0.0,0.0,0.0,0.0,19.91,4.28,0.0
20231002:0010,0.0,0.0,0.0,0.0,20.09,4.21,0.0
20231002:0110,0.0,0.0,0.0,0.0,20.06,4.28,0.0
20231002:0210,0.0,0.0,0.0,0.0,20.04,4.48,0.0
20231002:0310,0.0,0.0,0.0,0.0,20.06,4.41,0.0
20231002:0410,0.0,0.0,0.0,0.0,20.09,4.41,0.0
20231002:0510,8.0,79.0,0.0,12.13,19.9,4.62,0.0
20231002:0610,36.0,172.0,0.0,22.66,19.42,6.0,0.0
20231002:0710,33.0,239.0,0.0,32.11,19.06,5.72,0.0
20231002:0810,6.0,243.0,0.0,39.71,19.47,6.83,0.0
20231002:0910,3.0,244.0,0.0,44.42,19.65,6.62,0.0
20231002:1010,231.0,320.0,0.0,45.28,20.17,6.55,0.0
20231002:1110,224.0,297.0,0.0,42.07,20.02,6.97,0.0
20231002:1210,161.0,264.0,0.0,35.53,20.12,7.1,0.0
20231002:1310,19.0,191.0,0.0,26.74,19.76,7.24,0.0
20231002:1410,30.0,123.0,0.0,16.58,19.25,7.52,0.0
20231002:1510,17.0,32.32,0.0,5.65,18.77,7.38,0.0
20231002:1610,0.0,0.0,0.0,0.0,18.33,7.1,0.0
20231002:1710,0.0,0.0,0.0,0.0,18.03,6.83,0.0
20231002:1810,0.0,0.0,0.0,0.0,17.99,6.41,0.0
20231002:1910,0.0,0.0,0.0,0.0,18.2,5.93,0.0
20231002:2010,0.0,0.0,0.0,0.0,18.18,5.31,0.0
20231002:2110,0.0,0.0,0.0,0.0,18.25,4.69,0.0
20231002:2210,0.0,0.0,0.0,0.0,18.12,4.55,0.0
20231002:2310,0.0,0.0,0.0,0.0,18.01,4.62,0.0
20231003:0010,0.0,0.0,0.0,0.0,17.8,4.62,0.0
20231003:0110,0.0,0.0,0.0,0.0,17.74,4.83,0.0
20231003:0210,0.0,0.0,0.0,0.0,17.85,4.76,0.0
20231003:0310,0.0,0.0,0.0,0.0,17.7,4.9,0.0
20231003:0410,0.0,0.0,0.0,0.0,17.62,4.69,0.0
20231003:0510,0.0,40.0,0.0,11.92,17.72,4.69,0.0
20231003:0610,11.0,152.0,0.0,22.43,18.07,5.31,0.0
20231003:0710,281.01,179.0,0.0,31.84,18.99,4.34,0.0
20231003:0810,202.0,287.0,0.0,39.39,19.73,4.76,0.0
20231003:0910,212.0,322.0,0.0,44.06,20.24,4.97,0.0
20231003:1010,104.0,351.0,0.0,44.89,20.51,5.17,0.0
20231003:1110,316.01,258.0,0.0,41.68,20.71,5.45,0.0
20231003:1210,164.0,264.0,0.0,35.16,20.74,5.72,0.0
20231003:1310,253.0,139.0,0.0,26.39,20.43,5.86,0.0
20231003:1410,115.0,101.0,0.0,16.25,20.08,5.79,0.0
20231003:1510,17.0,30.32,0.0,5.34,19.6,5.24,0.0
20231003:1610,0.0,0.0,0.0,0.0,19.01,4.76,0.0
20231003:1710,0.0,0.0,0.0,0.0,18.47,4.34,0.0
20231003:1810,0.0,0.0,0.0,0.0,17.99,4.0,0.0
20231003:1910,0.0,0.0,0.0,0.0,17.97,3.93,0.0
20231003:2010,0.0,0.0,0.0,0.0,17.64,3.66,0.0
20231003:2110,0.0,0.0,0.0,0.0,17.41,3.45,0.0
20231003:2210,0.0,0.0,0.0,0.0,17.13,3.38,0.0
20231003:2310,0.0,0.0,0.0,0.0,16.89,3.31,0.0
20231004:0010,0.0,0.0,0.0,0.0,16.68,3.24,0.0
20231004:0110,0.0,0.0,0.0,0.0,16.5,3.24,0.0
20231004:0210,0.0,0.0,0.0,0.0,16.34,3.38,0.0
20231004:0310,0.0,0.0,0.0,0.0,16.19,3.52,0.0
20231004:0410,0.0,0.0,0.0,0.0,16.08,3.66,0.0
20231004:0510,53.0,81.0,0.0,11.71,16.27,3.66,0.0
20231004:0610,192.0,127.0,0.0,22.2,17.37,4.0,0.0
20231004:0710,344.01,146.0,0.0,31.57,18.13,4.07,0.0
20231004:0810,447.01,164.0,0.0,39.07,19.1,4.14,0.0
20231004:0910,507.01,175.0,0.0,43.69,19.95,4.07,0.0
20231004:1010,508.01,182.0,0.0,44.5,20.58,3.86,0.0
20231004:1110,379.01,226.0,0.0,41.29,21.02,3.93,0.0
20231004:1210,316.01,197.0,0.0,34.79,21.12,4.21,0.0
20231004:1310,275.01,126.0,0.0,26.04,21.01,4.48,0.0
20231004:1410,128.0,93.0,0.0,15.92,20.54,4.69,0.0
20231004:1510,17.0,27.45,0.0,5.02,19.73,4.55,0.0
20231004:1610,0.0,0.0,0.0,0.0,18.61,4.55,0.0
20231004:1710,0.0,0.0,0.0,0.0,17.83,4.48,0.0
20231004:1810,0.0,0.0,0.0,0.0,17.24,4.34,0.0
20231004:1910,0.0,0.0,0.0,0.0,16.92,4.07,0.0
20231004:2010,0.0,0.0,0.0,0.0,16.54,3.86,0.0
20231004:2110,0.0,0.0,0.0,0.0,16.23,3.66,0.0
20231004:2210,0.0,0.0,0.0,0.0,15.99,3.59,0.0
20231004:2310,0.0,0.0,0.0,0.0,15.85,3.52,0.0
20231005:0010,0.0,0.0,0.0,0.0,15.75,3.52,0.0
20231005:0110,0.0,0.0,0.0,0.0,15.77,3.59,0.0
20231005:0210,0.0,0.0,0.0,0.0,15.72,3.52,0.0
20231005:0310,0.0,0.0,0.0,0.0,15.72,3.66,0.0
20231005:0410,0.0,0.0,0.0,0.0,15.73,3.79,0.0
20231005:0510,45.0,80.0,0.0,11.5,16.08,3.86,0.0
20231005:0610,169.0,135.0,0.0,21.96,17.46,4.07,0.0
20231005:0710,356.01,133.0,0.0,31.3,18.38,4.28,0.0
20231005:0810,464.01,148.0,0.0,38.75,19.46,4.55,0.0
20231005:0910,507.01,168.0,0.0,43.33,20.35,4.69,0.0
20231005:1010,527.01,164.0,0.0,44.1,21.03,4.76,0.0
20231005:1110,458.01,174.0,0.0,40.9,21.43,5.03,0.0
20231005:1210,366.01,162.0,0.0,34.42,21.55,5.31,0.0
20231005:1310,261.01,128.0,0.0,25.7,21.29,5.66,0.0
20231005:1410,95.0,104.0,0.0,15.59,20.69,5.72,0.0
20231005:1510,3.0,25.3,0.0,4.71,19.95,5.38,0.0
20231005:1610,0.0,0.0,0.0,0.0,19.06,5.1,0.0
20231005:1710,0.0,0.0,0.0,0.0,18.47,4.9,0.0
20231005:1810,0.0,0.0,0.0,0.0,18.03,4.62,0.0
20231005:1910,0.0,0.0,0.0,0.0,18.15,4.62,0.0
20231005:2010,0.0,0.0,0.0,0.0,17.86,4.14,0.0
20231005:2110,0.0,0.0,0.0,0.0,17.57,3.59,0.0
20231005:2210,0.0,0.0,0.0,0.0,17.26,3.24,0.0
20231005:2310,0.0,0.0,0.0,0.0,17.0,3.1,0.0
20231006:0010,0.0,0.0,0.0,0.0,16.85,3.17,0.0
20231006:0110,0.0,0.0,0.0,0.0,16.75,3.24,0.0
20231006:0210,0.0,0.0,0.0,0.0,16.7,3.24,0.0
20231006:0310,0.0,0.0,0.0,0.0,16.66,3.17,0.0
20231006:0410,0.0,0.0,0.0,0.0,16.65,3.24,0.0
20231006:0510,59.0,73.0,0.0,11.28,16.98,3.1,0.0
20231006:0610,198.0,116.0,0.0,21.72,18.29,3.1,0.0
20231006:0710,150.0,231.0,0.0,31.02,19.14,3.31,0.0
20231006:0810,250.0,259.0,0.0,38.43,19.98,3.1,0.0
20231006:0910,319.01,267.0,0.0,42.96,20.79,3.03,0.0
20231006:1010,445.01,206.0,0.0,43.71,21.54,3.52,0.0
20231006:1110,456.01,169.0,0.0,40.51,21.86,4.28,0.0
20231006:1210,313.01,186.0,0.0,34.05,21.81,4.83,0.0
20231006:1310,253.01,127.0,0.0,25.35,21.51,5.24,0.0
20231006:1410,106.0,95.0,0.0,15.27,20.97,5.66,0.0
20231006:1510,8.0,25.86,0.0,4.39,20.27,5.45,0.0
20231006:1610,0.0,0.0,0.0,0.0,19.39,5.03,0.0
20231006:1710,0.0,0.0,0.0,0.0,18.85,4.76,0.0
20231006:1810,0.0,0.0,0.0,0.0,18.47,4.41,0.0
20231006:1910,0.0,0.0,0.0,0.0,18.55,4.76,0.0
20231006:2010,0.0,0.0,0.0,0.0,18.47,4.97,0.0
20231006:2110,0.0,0.0,0.0,0.0,18.37,5.24,0.0
20231006:2210,0.0,0.0,0.0,0.0,18.26,5.52,0.0
20231006:2310,0.0,0.0,0.0,0.0,18.05,5.86,0.0
20231007:0010,0.0,0.0,0.0,0.0,17.9,5.72,0.0
20231007:0110,0.0,0.0,0.0,0.0,17.79,5.66,0.0
20231007:0210,0.0,0.0,0.0,0.0,17.7,5.38,0.0
20231007:0310,0.0,0.0,0.0,0.0,17.7,5.31,0.0
20231007:0410,0.0,0.0,0.0,0.0,17.6,5.1,0.0
20231007:0510,56.0,73.0,0.0,11.07,17.89,4.97,0.0
20231007:0610,198.0,113.0,0.0,21.48,18.67,5.17,0.0
20231007:0710,350.01,128.0,0.0,30.75,19.32,4.97,0.0
20231007:0810,449.01,147.0,0.0,38.11,20.44,5.45,0.0
20231007:0910,501.01,161.0,0.0,42.6,21.3,5.03,0.0
20231007:1010,501.01,169.0,0.0,43.33,21.86,4.62,0.0
20231007:1110,419.01,187.0,0.0,40.13,22.3,4.83,0.0
20231007:1210,290.01,195.0,0.0,33.69,22.19,5.31,0.0
20231007:1310,247.01,127.0,0.0,25.01,21.66,5.45,0.0
20231007:1410,105.0,92.0,0.0,14.95,21.09,5.03,0.0
20231007:1510,7.0,23.21,0.0,4.08,20.35,4.41,0.0
20231007:1610,0.0,0.0,0.0,0.0,19.29,4.14,0.0
20231007:1710,0.0,0.0,0.0,0.0,18.52,3.93,0.0
20231007:1810,0.0,0.0,0.0,0.0,17.96,3.72,0.0
20231007:1910,0.0,0.0,0.0,0.0,17.89,3.03,0.0
20231007:2010,0.0,0.0,0.0,0.0,17.36,2.69,0.0
20231007:2110,0.0,0.0,0.0,0.0,16.67,2.28,0.0
20231007:2210,0.0,0.0,0.0,0.0,15.9,2.07,0.0
20231007:2310,0.0,0.0,0.0,0.0,15.21,1.86,0.0
20231008:0010,0.0,0.0,0.0,0.0,14.83,1.79,0.0
20231008:0110,0.0,0.0,0.0,0.0,14.89,1.66,0.0
20231008:0210,0.0,0.0,0.0,0.0,15.15,1.59,0.0
20231008:0310,0.0,0.0,0.0,0.0,14.5,1.45,0.0
20231008:0410,0.0,0.0,0.0,0.0,14.73,1.45,0.0
20231008:0510,62.0,69.0,0.0,10.86,15.29,1.1,0.0
20231008:0610,182.0,121.0,0.0,21.24,16.82,0.97,0.0
20231008:0710,292.01,162.0,0.0,30.47,19.23,2.76,0.0
20231008:0810,451.01,147.0,0.0,37.79,20.25,3.52,0.0
20231008:0910,513.01,155.0,0.0,42.23,20.96,4.28,0.0
20231008:1010,534.01,149.0,0.0,42.94,21.53,4.76,0.0
20231008:1110,462.01,161.0,0.0,39.74,21.91,5.1,0.0
20231008:1210,262.01,208.0,0.0,33.32,22.07,5.17,0.0
20231008:1310,238.0,130.0,0.0,24.67,22.03,5.1,0.0
20231008:1410,108.0,89.0,0.0,14.63,21.62,4.9,0.0
20231008:1510,6.0,20.54,0.0,3.78,20.94,4.48,0.0
20231008:1610,0.0,0.0,0.0,0.0,20.25,4.07,0.0
20231008:1710,0.0,0.0,0.0,0.0,20.09,4.07,0.0
20231008:1810,0.0,0.0,0.0,0.0,20.14,4.28,0.0
20231008:1910,0.0,0.0,0.0,0.0,20.35,4.41,0.0
20231008:2010,0.0,0.0,0.0,0.0,20.34,4.34,0.0
20231008:2110,0.0,0.0,0.0,0.0,20.26,4.41,0.0
20231008:2210,0.0,0.0,0.0,0.0,20.07,3.86,0.0
20231008:2310,0.0,0.0,0.0,0.0,19.71,3.52,0.0
20231009:0010,0.0,0.0,0.0,0.0,18.75,5.45,0.0
20231009:0110,0.0,0.0,0.0,0.0,17.72,7.79,0.0
20231009:0210,0.0,0.0,0.0,0.0,17.25,7.72,0.0
20231009:0310,0.0,0.0,0.0,0.0,16.89,7.93,0.0
20231009:0410,0.0,0.0,0.0,0.0,16.65,7.66,0.0
20231009:0510,0.0,20.0,0.0,10.64,16.57,7.38,0.0
20231009:0610,0.0,55.0,0.0,21.0,16.59,7.45,0.0
20231009:0710,2.0,166.0,0.0,30.19,16.54,7.31,0.0
20231009:0810,0.0,72.0,0.0,37.47,16.71,7.45,0.0
20231009:0910,0.0,78.0,0.0,41.87,16.74,7.38,0.0
20231009:1010,0.0,193.0,0.0,42.55,16.94,7.38,0.0
20231009:1110,0.0,67.0,0.0,39.36,16.84,7.31,0.0
20231009:1210,0.0,47.0,0.0,32.96,16.52,6.9,0.0
20231009:1310,0.0,74.0,0.0,24.33,16.22,6.28,0.0
20231009:1410,0.0,63.0,0.0,14.31,16.09,6.21,0.0
20231009:1510,4.0,19.04,0.0,3.47,15.76,5.93,0.0
20231009:1610,0.0,0.0,0.0,0.0,15.47,5.38,0.0
20231009:1710,0.0,0.0,0.0,0.0,15.29,4.69,0.0
20231009:1810,0.0,0.0,0.0,0.0,14.89,4.14,0.0
20231009:1910,0.0,0.0,0.0,0.0,14.93,3.72,0.0
20231009:2010,0.0,0.0,0.0,0.0,14.7,3.45,0.0
20231009:2110,0.0,0.0,0.0,0.0,14.49,3.1,0.0
20231009:2210,0.0,0.0,0.0,0.0,14.24,2.9,0.0
20231009:2310,0.0,0.0,0.0,0.0,13.98,2.69,0.0
20231010:0010,0.0,0.0,0.0,0.0,13.67,2.55,0.0
20231010:0110,0.0,0.0,0.0,0.0,13.36,2.34,0.0
20231010:0210,0.0,0.0,0.0,0.0,12.86,2.14,0.0
20231010:0310,0.0,0.0,0.0,0.0,12.5,1.86,0.0
20231010:0410,0.0,0.0,0.0,0.0,13.28,1.45,0.0
20231010:0510,62.0,64.0,0.0,10.42,14.32,1.17,0.0
20231010:0610,201.0,104.0,0.0,20.76,15.6,0.9,0.0
20231010:0710,308.01,145.0,0.0,29.91,17.13,1.52,0.0
20231010:0810,320.01,213.0,0.0,37.15,17.96,1.93,0.0
20231010:0910,412.01,205.0,0.0,41.51,18.57,2.41,0.0
20231010:1010,428.01,203.0,0.0,42.17,19.23,2.76,0.0
20231010:1110,262.01,260.0,0.0,38.98,19.64,2.9,0.0
20231010:1210,0.0,46.0,0.0,32.6,19.66,2.69,0.0
20231010:1310,30.0,183.0,0.0,24.0,19.46,2.48,0.0
20231010:1410,86.0,91.0,0.0,13.99,19.05,2.83,0.0
20231010:1510,0.0,9.0,0.0,3.17,18.42,3.72,0.0
20231010:1610,0.0,0.0,0.0,0.0,17.6,4.55,0.0
20231010:1710,0.0,0.0,0.0,0.0,16.92,4.9,0.0
20231010:1810,0.0,0.0,0.0,0.0,16.44,5.1,0.0
20231010:1910,0.0,0.0,0.0,0.0,16.14,5.86,0.0
20231010:2010,0.0,0.0,0.0,0.0,15.87,5.66,0.0
20231010:2110,0.0,0.0,0.0,0.0,15.69,5.24,0.0
20231010:2210,0.0,0.0,0.0,0.0,15.54,4.83,0.0
20231010:2310,0.0,0.0,0.0,0.0,15.38,4.48,0.0
20231011:0010,0.0,0.0,0.0,0.0,15.23,4.34,0.0
20231011:0110,0.0,0.0,0.0,0.0,15.17,4.48,0.0
20231011:0210,0.0,0.0,0.0,0.0,15.06,4.76,0.0
20231011:0310,0.0,0.0,0.0,0.0,14.89,4.9,0.0
20231011:0410,0.0,0.0,0.0,0.0,14.74,4.97,0.0
20231011:0510,68.0,61.0,0.0,10.21,14.69,5.45,0.0
20231011:0610,178.0,116.0,0.0,20.52,15.28,6.14,0.0
20231011:0710,0.0,106.0,0.0,29.63,16.22,7.17,0.0
20231011:0810,358.01,193.0,0.0,36.82,16.76,7.93,0.0
20231011:0910,252.0,287.0,0.0,41.15,17.33,8.28,0.0
20231011:1010,0.0,116.0,0.0,41.79,17.62,8.14,0.0
20231011:1110,308.01,238.0,0.0,38.6,17.3,7.86,0.0
20231011:1210,259.01,200.0,0.0,32.24,17.52,7.59,0.0
20231011:1310,151.0,164.0,0.0,23.67,17.53,7.52,0.0
20231011:1410,31.0,103.0,0.0,13.68,17.41,7.38,0.0
20231011:1510,1.0,11.83,0.0,2.87,17.2,7.1,0.0
20231011:1610,0.0,0.0,0.0,0.0,16.81,6.69,0.0
20231011:1710,0.0,0.0,0.0,0.0,16.59,6.55,0.0
20231011:1810,0.0,0.0,0.0,0.0,16.43,6.48,0.0
20231011:1910,0.0,0.0,0.0,0.0,16.23,5.93,0.0
20231011:2010,0.0,0.0,0.0,0.0,16.11,5.66,0.0
20231011:2110,0.0,0.0,0.0,0.0,16.0,5.45,0.0
20231011:2210,0.0,0.0,0.0,0.0,15.89,5.38,0.0
20231011:2310,0.0,0.0,0.0,0.0,15.78,5.17,0.0
20231012:0010,0.0,0.0,0.0,0.0,15.71,4.9,0.0
20231012:0110,0.0,0.0,0.0,0.0,15.66,4.62,0.0
20231012:0210,0.0,0.0,0.0,0.0,15.57,4.41,0.0
20231012:0310,0.0,0.0,0.0,0.0,15.49,4.28,0.0
20231012:0410,0.0,0.0,0.0,0.0,15.39,4.0,0.0
20231012:0510,70.0,57.0,0.0,9.99,15.48,3.86,0.0
20231012:0610,206.0,98.0,0.0,20.27,16.54,3.86,0.0
20231012:0710,268.01,164.0,0.0,29.35,17.61,4.21,0.0
20231012:0810,367.01,185.0,0.0,36.5,18.76,4.21,0.0
20231012:0910,449.01,181.0,0.0,40.78,19.68,4.07,0.0
20231012:1010,451.01,186.0,0.0,41.4,20.36,4.0,0.0
20231012:1110,389.01,190.0,0.0,38.23,20.79,4.14,0.0
20231012:1210,265.01,193.0,0.0,31.89,20.89,4.62,0.0
20231012:1310,230.01,121.0,0.0,23.34,20.59,5.1,0.0
20231012:1410,95.0,82.0,0.0,13.37,19.92,5.24,0.0
20231012:1510,2.0,12.58,0.0,2.57,19.07,4.76,0.0
20231012:1610,0.0,0.0,0.0,0.0,18.1,4.41,0.0
20231012:1710,0.0,0.0,0.0,0.0,17.42,4.07,0.0
20231012:1810,0.0,0.0,0.0,0.0,16.89,3.66,0.0
20231012:1910,0.0,0.0,0.0,0.0,16.61,3.66,0.0
20231012:2010,0.0,0.0,0.0,0.0,16.33,3.17,0.0
20231012:2110,0.0,0.0,0.0,0.0,15.97,2.69,0.0
20231012:2210,0.0,0.0,0.0,0.0,15.47,2.34,0.0
20231012:2310,0.0,0.0,0.0,0.0,14.84,2.21,0.0
20231013:0010,0.0,0.0,0.0,0.0,14.29,2.21,0.0
20231013:0110,0.0,0.0,0.0,0.0,13.85,2.14,0.0
20231013:0210,0.0,0.0,0.0,0.0,13.55,2.0,0.0
20231013:0310,0.0,0.0,0.0,0.0,13.5,1.86,0.0
20231013:0410,0.0,0.0,0.0,0.0,13.85,1.66,0.0
20231013:0510,0.0,56.0,0.0,9.77,14.29,1.45,0.0
20231013:0610,207.01,96.0,0.0,20.03,16.3,1.24,0.0
20231013:0710,346.01,119.0,0.0,29.07,16.87,0.76,0.0
20231013:0810,425.01,149.0,0.0,36.18,18.08,0.28,0.0
20231013:0910,494.01,152.0,0.0,40.42,19.11,0.55,0.0
20231013:1010,513.01,146.0,0.0,41.03,19.9,0.9,0.0
20231013:1110,441.01,158.0,0.0,37.85,20.35,1.1,0.0
20231013:1210,333.01,154.0,0.0,31.54,20.68,1.24,0.0
20231013:1310,233.01,116.0,0.0,23.01,20.7,1.03,0.0
20231013:1410,95.0,79.0,0.0,13.06,20.45,0.55,0.0
20231013:1510,0.0,10.0,0.0,2.28,19.9,0.83,0.0
20231013:1610,0.0,0.0,0.0,0.0,18.89,1.72,0.0
20231013:1710,0.0,0.0,0.0,0.0,17.92,2.62,0.0
20231013:1810,0.0,0.0,0.0,0.0,17.37,3.03,0.0
20231013:1910,0.0,0.0,0.0,0.0,17.13,2.83,0.0
20231013:2010,0.0,0.0,0.0,0.0,16.81,2.62,0.0
20231013:2110,0.0,0.0,0.0,0.0,16.48,2.34,0.0
20231013:2210,0.0,0.0,0.0,0.0,16.15,2.41,0.0
20231013:2310,0.0,0.0,0.0,0.0,16.03,2.69,0.0
20231014:0010,0.0,0.0,0.0,0.0,16.14,3.03,0.0
20231014:0110,0.0,0.0,0.0,0.0,16.1,3.38,0.0
20231014:0210,0.0,0.0,0.0,0.0,16.03,3.52,0.0
20231014:0310,0.0,0.0,0.0,0.0,15.96,3.66,0.0
20231014:0410,0.0,0.0,0.0,0.0,15.89,3.72,0.0
20231014:0510,0.0,56.0,0.0,9.55,15.99,3.72,0.0
20231014:0610,199.0,96.0,0.0,19.78,16.78,3.86,0.0
20231014:0710,295.01,142.0,0.0,28.79,18.31,4.48,0.0
20231014:0810,430.01,139.0,0.0,35.86,19.29,4.21,0.0
20231014:0910,491.01,146.0,0.0,40.06,20.23,3.86,0.0
20231014:1010,500.01,147.0,0.0,40.65,21.12,3.66,0.0
20231014:1110,421.01,163.0,0.0,37.48,21.65,3.66,0.0
20231014:1210,312.01,160.0,0.0,31.19,21.78,4.0,0.0
20231014:1310,215.01,121.0,0.0,22.68,21.54,4.34,0.0
20231014:1410,85.0,80.0,0.0,12.76,20.86,4.48,0.0
20231014:1510,0.0,8.0,0.0,1.99,19.88,4.41,0.0
20231014:1610,0.0,0.0,0.0,0.0,18.79,4.48,0.0
20231014:1710,0.0,0.0,0.0,0.0,18.1,4.34,0.0
20231014:1810,0.0,0.0,0.0,0.0,17.58,3.93,0.0
20231014:1910,0.0,0.0,0.0,0.0,17.15,3.52,0.0
20231014:2010,0.0,0.0,0.0,0.0,16.8,3.03,0.0
20231014:2110,0.0,0.0,0.0,0.0,16.4,2.55,0.0
20231014:2210,0.0,0.0,0.0,0.0,15.73,2.07,0.0
20231014:2310,0.0,0.0,0.0,0.0,15.07,1.66,0.0
20231015:0010,0.0,0.0,0.0,0.0,15.41,1.31,0.0
20231015:0110,0.0,0.0,0.0,0.0,16.28,0.97,0.0
20231015:0210,0.0,0.0,0.0,0.0,16.43,0.69,0.0
20231015:0310,0.0,0.0,0.0,0.0,16.13,0.55,0.0
20231015:0410,0.0,0.0,0.0,0.0,15.55,0.69,0.0
20231015:0510,0.0,60.0,0.0,9.33,14.57,1.1,0.0
20231015:0610,172.0,108.0,0.0,19.53,15.89,1.24,0.0
20231015:0710,190.0,193.0,0.0,28.51,18.07,2.76,0.0
20231015:0810,167.0,268.0,0.0,35.53,18.61,3.03,0.0
20231015:0910,335.01,233.0,0.0,39.71,19.21,3.17,0.0
20231015:1010,494.01,146.0,0.0,40.27,19.8,3.31,0.0
20231015:1110,424.01,157.0,0.0,37.11,20.25,3.31,0.0
20231015:1210,324.01,149.0,0.0,30.84,20.52,3.38,0.0
20231015:1310,223.01,112.0,0.0,22.36,20.56,3.24,0.0
20231015:1410,75.0,81.0,0.0,12.46,20.24,2.97,0.0
20231015:1510,0.0,4.0,0.0,1.7,19.51,2.69,0.0
20231015:1610,0.0,0.0,0.0,0.0,18.63,2.69,0.0
20231015:1710,0.0,0.0,0.0,0.0,18.1,2.48,0.0
20231015:1810,0.0,0.0,0.0,0.0,17.73,2.55,0.0
20231015:1910,0.0,0.0,0.0,0.0,18.12,2.9,0.0
20231015:2010,0.0,0.0,0.0,0.0,18.18,3.03,0.0
20231015:2110,0.0,0.0,0.0,0.0,18.27,3.17,0.0
20231015:2210,0.0,0.0,0.0,0.0,18.4,3.31,0.0
20231015:2310,0.0,0.0,0.0,0.0,18.45,3.52,0.0
20231016:0010,0.0,0.0,0.0,0.0,18.46,3.59,0.0
20231016:0110,0.0,0.0,0.0,0.0,18.32,3.52,0.0
20231016:0210,0.0,0.0,0.0,0.0,18.23,3.45,0.0
20231016:0310,0.0,0.0,0.0,0.0,18.13,3.31,0.0
20231016:0410,0.0,0.0,0.0,0.0,18.02,3.17,0.0
20231016:0510,0.0,28.0,0.0,9.1,18.14,3.59,0.0
20231016:0610,46.0,147.0,0.0,19.29,18.62,4.48,0.0
20231016:0710,28.0,211.0,0.0,28.23,18.54,5.59,0.0
20231016:0810,0.0,159.0,0.0,35.21,17.89,7.17,0.0
20231016:0910,0.0,96.0,0.0,39.35,16.97,7.38,0.0
20231016:1010,0.0,57.0,0.0,39.9,16.4,7.45,0.0
20231016:1110,0.0,52.0,0.0,36.75,15.97,6.97,0.0
20231016:1210,0.0,43.0,0.0,30.5,15.63,6.76,0.0
20231016:1310,0.0,68.0,0.0,22.04,15.22,6.83,0.0
20231016:1410,0.0,14.0,0.0,12.16,14.89,6.62,0.0
20231016:1510,0.0,1.0,0.0,1.42,14.54,6.21,0.0
20231016:1610,0.0,0.0,0.0,0.0,14.35,5.93,0.0
20231016:1710,0.0,0.0,0.0,0.0,14.26,5.66,0.0
20231016:1810,0.0,0.0,0.0,0.0,14.22,5.38,0.0
20231016:1910,0.0,0.0,0.0,0.0,13.74,5.52,0.0
20231016:2010,0.0,0.0,0.0,0.0,13.75,5.59,0.0
20231016:2110,0.0,0.0,0.0,0.0,13.7,5.66,0.0
20231016:2210,0.0,0.0,0.0,0.0,13.66,5.93,0.0
20231016:2310,0.0,0.0,0.0,0.0,13.61,5.72,0.0
20231017:0010,0.0,0.0,0.0,0.0,13.85,5.72,0.0
20231017:0110,0.0,0.0,0.0,0.0,13.95,5.93,0.0
20231017:0210,0.0,0.0,0.0,0.0,13.97,6.14,0.0
20231017:0310,0.0,0.0,0.0,0.0,14.0,6.28,0.0
20231017:0410,0.0,0.0,0.0,0.0,13.98,6.07,0.0
20231017:0510,0.0,57.0,0.0,8.88,14.09,5.72,0.0
20231017:0610,92.0,138.0,0.0,19.04,14.6,5.52,0.0
20231017:0710,269.01,148.0,0.0,27.94,15.45,6.69,0.0
20231017:0810,324.01,191.0,0.0,34.89,16.18,6.62,0.0
20231017:0910,356.01,215.0,0.0,38.99,16.48,6.41,0.0
20231017:1010,65.0,311.0,0.0,39.53,16.76,6.21,0.0
20231017:1110,92.0,290.0,0.0,36.38,16.79,6.28,0.0
20231017:1210,205.0,204.0,0.0,30.16,16.59,6.48,0.0
20231017:1310,147.0,144.0,0.0,21.73,16.48,6.55,0.0
20231017:1410,49.0,84.0,0.0,11.86,16.16,6.48,0.0
20231017:1510,0.0,0.0,0.0,0.0,15.87,6.21,0.0
20231017:1610,0.0,0.0,0.0,0.0,15.57,6.21,0.0
20231017:1710,0.0,0.0,0.0,0.0,15.46,6.14,0.0
20231017:1810,0.0,0.0,0.0,0.0,15.34,5.59,0.0
20231017:1910,0.0,0.0,0.0,0.0,15.46,5.66,0.0
20231017:2010,0.0,0.0,0.0,0.0,15.56,5.45,0.0
20231017:2110,0.0,0.0,0.0,0.0,15.65,5.45,0.0
20231017:2210,0.0,0.0,0.0,0.0,15.53,5.52,0.0
20231017:2310,0.0,0.0,0.0,0.0,15.15,5.17,0.0
20231018:0010,0.0,0.0,0.0,0.0,14.45,5.31,0.0
20231018:0110,0.0,0.0,0.0,0.0,14.11,5.52,0.0
20231018:0210,0.0,0.0,0.0,0.0,13.83,6.0,0.0
20231018:0310,0.0,0.0,0.0,0.0,13.62,6.55,0.0
20231018:0410,0.0,0.0,0.0,0.0,13.51,6.55,0.0
20231018:0510,0.0,27.0,0.0,8.66,13.56,6.34,0.0
20231018:0610,0.0,43.0,0.0,18.79,14.0,6.28,0.0
20231018:0710,0.0,77.0,0.0,27.66,14.78,6.76,0.0
20231018:0810,0.0,100.0,0.0,34.57,14.96,6.0,0.0
20231018:0910,0.0,124.0,0.0,38.64,14.97,5.31,0.0
20231018:1010,0.0,123.0,0.0,39.16,15.11,4.9,0.0
20231018:1110,18.0,253.0,0.0,36.02,15.07,4.41,0.0
20231018:1210,32.0,226.0,0.0,29.82,14.96,4.14,0.0
20231018:1310,0.0,69.0,0.0,21.41,15.0,4.21,0.0
20231018:1410,0.0,14.0,0.0,11.57,14.71,4.34,0.0
20231018:1510,0.0,0.0,0.0,0.0,14.46,4.21,0.0
20231018:1610,0.0,0.0,0.0,0.0,14.28,4.34,0.0
20231018:1710,0.0,0.0,0.0,0.0,14.16,4.28,0.0
20231018:1810,0.0,0.0,0.0,0.0,14.14,4.14,0.0
20231018:1910,0.0,0.0,0.0,0.0,14.52,2.83,0.0
20231018:2010,0.0,0.0,0.0,0.0,14.55,2.76,0.0
20231018:2110,0.0,0.0,0.0,0.0,14.33,2.76,0.0
20231018:2210,0.0,0.0,0.0,0.0,14.31,2.28,0.0
20231018:2310,0.0,0.0,0.0,0.0,13.76,2.07,0.0
20231019:0010,0.0,0.0,0.0,0.0,13.35,2.07,0.0
20231019:0110,0.0,0.0,0.0,0.0,13.09,1.93,0.0
20231019:0210,0.0,0.0,0.0,0.0,12.78,1.66,0.0
20231019:0310,0.0,0.0,0.0,0.0,13.02,1.38,0.0
20231019:0410,0.0,0.0,0.0,0.0,13.07,1.24,0.0
20231019:0510,0.0,52.0,0.0,8.43,12.76,1.24,0.0
20231019:0610,166.0,101.0,0.0,18.54,14.37,1.45,0.0
20231019:0710,136.0,205.0,0.0,27.38,16.24,0.97,0.0
20231019:0810,40.0,265.0,0.0,34.25,17.03,1.17,0.0
20231019:0910,108.0,305.0,0.0,38.29,17.64,1.59,0.0
20231019:1010,61.0,306.0,0.0,38.8,18.11,2.21,0.0
20231019:1110,249.01,238.0,0.0,35.67,18.22,2.76,0.0
20231019:1210,280.01,160.0,0.0,29.48,18.22,2.9,0.0
20231019:1310,185.0,120.0,0.0,21.1,18.19,2.41,0.0
20231019:1410,60.0,75.0,0.0,11.28,18.04,1.79,0.0
20231019:1510,0.0,0.0,0.0,0.0,17.64,1.17,0.0
20231019:1610,0.0,0.0,0.0,0.0,16.71,0.83,0.0
20231019:1710,0.0,0.0,0.0,0.0,16.41,0.9,0.0
20231019:1810,0.0,0.0,0.0,0.0,15.09,1.31,0.0
20231019:1910,0.0,0.0,0.0,0.0,13.49,2.28,0.0
20231019:2010,0.0,0.0,0.0,0.0,13.44,2.55,0.0
20231019:2110,0.0,0.0,0.0,0.0,13.53,2.69,0.0
20231019:2210,0.0,0.0,0.0,0.0,13.79,2.83,0.0
20231019:2310,0.0,0.0,0.0,0.0,14.19,2.97,0.0
20231020:0010,0.0,0.0,0.0,0.0,14.62,3.1,0.0
20231020:0110,0.0,0.0,0.0,0.0,15.06,3.31,0.0
20231020:0210,0.0,0.0,0.0,0.0,15.36,3.52,0.0
20231020:0310,0.0,0.0,0.0,0.0,15.58,3.72,0.0
20231020:0410,0.0,0.0,0.0,0.0,15.75,3.93,0.0
20231020:0510,0.0,53.0,0.0,8.2,16.02,4.14,0.0
20231020:0610,161.0,99.0,0.0,18.29,17.13,4.28,0.0
20231020:0710,292.01,125.0,0.0,27.09,17.93,5.17,0.0
20231020:0810,385.01,145.0,0.0,33.93,19.18,5.66,0.0
20231020:0910,441.01,154.0,0.0,37.94,20.04,6.14,0.0
20231020:1010,474.01,139.0,0.0,38.43,20.61,6.34,0.0
20231020:1110,413.01,144.0,0.0,35.31,20.93,6.48,0.0
20231020:1210,340.01,121.0,0.0,29.15,21.26,6.41,0.0
20231020:1310,192.01,112.0,0.0,20.8,21.42,5.86,0.0
20231020:1410,62.0,71.0,0.0,11.0,21.25,5.45,0.0
20231020:1510,0.0,0.0,0.0,0.0,20.77,5.31,0.0
20231020:1610,0.0,0.0,0.0,0.0,20.52,5.31,0.0
20231020:1710,0.0,0.0,0.0,0.0,20.54,5.59,0.0
20231020:1810,0.0,0.0,0.0,0.0,20.59,5.86,0.0
20231020:1910,0.0,0.0,0.0,0.0,20.45,6.0,0.0
20231020:2010,0.0,0.0,0.0,0.0,20.21,6.0,0.0
20231020:2110,0.0,0.0,0.0,0.0,19.98,5.93,0.0
20231020:2210,0.0,0.0,0.0,0.0,19.8,5.79,0.0
20231020:2310,0.0,0.0,0.0,0.0,19.6,5.72,0.0
20231021:0010,0.0,0.0,0.0,0.0,19.43,5.66,0.0
20231021:0110,0.0,0.0,0.0,0.0,19.3,5.66,0.0
20231021:0210,0.0,0.0,0.0,0.0,19.2,5.59,0.0
20231021:0310,0.0,0.0,0.0,0.0,19.1,5.38,0.0
20231021:0410,0.0,0.0,0.0,0.0,18.96,5.24,0.0
20231021:0510,0.0,54.0,0.0,7.98,18.9,4.97,0.0
20231021:0610,149.0,103.0,0.0,18.04,19.69,4.69,0.0
20231021:0710,289.01,123.0,0.0,26.81,20.73,5.03,0.0
20231021:0810,373.01,149.0,0.0,33.61,21.7,5.31,0.0
20231021:0910,429.01,158.0,0.0,37.59,22.39,5.52,0.0
20231021:1010,461.01,144.0,0.0,38.07,22.83,5.52,0.0
20231021:1110,408.01,143.0,0.0,34.96,22.99,5.31,0.0
20231021:1210,340.01,118.0,0.0,28.83,22.97,4.83,0.0
20231021:1310,181.0,114.0,0.0,20.49,22.81,4.14,0.0
20231021:1410,61.0,69.0,0.0,10.72,22.25,3.72,0.0
20231021:1510,0.0,0.0,0.0,0.0,21.32,3.45,0.0
20231021:1610,0.0,0.0,0.0,0.0,20.65,3.24,0.0
20231021:1710,0.0,0.0,0.0,0.0,20.3,3.17,0.0
20231021:1810,0.0,0.0,0.0,0.0,19.95,3.17,0.0
20231021:1910,0.0,0.0,0.0,0.0,19.75,3.03,0.0
20231021:2010,0.0,0.0,0.0,0.0,19.34,3.03,0.0
20231021:2110,0.0,0.0,0.0,0.0,18.98,2.97,0.0
20231021:2210,0.0,0.0,0.0,0.0,18.59,2.83,0.0
20231021:2310,0.0,0.0,0.0,0.0,18.22,2.69,0.0
20231022:0010,0.0,0.0,0.0,0.0,17.87,2.55,0.0
20231022:0110,0.0,0.0,0.0,0.0,17.45,2.41,0.0
20231022:0210,0.0,0.0,0.0,0.0,16.98,2.21,0.0
20231022:0310,0.0,0.0,0.0,0.0,16.53,2.21,0.0
20231022:0410,0.0,0.0,0.0,0.0,16.26,2.34,0.0
20231022:0510,0.0,51.0,0.0,7.75,16.44,2.41,0.0
20231022:0610,88.0,129.0,0.0,17.78,18.93,2.34,0.0
20231022:0710,312.01,111.0,0.0,26.53,20.41,2.14,0.0
20231022:0810,389.01,139.0,0.0,33.29,21.68,2.41,0.0
20231022:0910,348.01,204.0,0.0,37.24,22.53,2.62,0.0
20231022:1010,333.01,217.0,0.0,37.72,23.03,2.97,0.0
20231022:1110,325.01,191.0,0.0,34.62,23.15,2.9,0.0
20231022:1210,301.01,139.0,0.0,28.5,23.16,2.69,0.0
20231022:1310,180.01,113.0,0.0,20.2,22.92,2.41,0.0
20231022:1410,69.0,63.0,0.0,10.44,22.35,2.14,0.0
20231022:1510,0.0,0.0,0.0,0.0,21.35,2.34,0.0
20231022:1610,0.0,0.0,0.0,0.0,20.39,2.34,0.0
20231022:1710,0.0,0.0,0.0,0.0,19.69,2.41,0.0
20231022:1810,0.0,0.0,0.0,0.0,19.06,2.55,0.0
20231022:1910,0.0,0.0,0.0,0.0,18.54,2.48,0.0
20231022:2010,0.0,0.0,0.0,0.0,18.22,2.76,0.0
20231022:2110,0.0,0.0,0.0,0.0,17.57,2.34,0.0
20231022:2210,0.0,0.0,0.0,0.0,17.0,2.21,0.0
20231022:2310,0.0,0.0,0.0,0.0,16.81,2.07,0.0
20231023:0010,0.0,0.0,0.0,0.0,16.7,2.07,0.0
20231023:0110,0.0,0.0,0.0,0.0,16.29,2.14,0.0
20231023:0210,0.0,0.0,0.0,0.0,15.94,2.14,0.0
20231023:0310,0.0,0.0,0.0,0.0,15.7,2.14,0.0
20231023:0410,0.0,0.0,0.0,0.0,15.42,2.28,0.0
20231023:0510,0.0,51.0,0.0,7.52,15.56,2.28,0.0
20231023:0610,59.0,132.0,0.0,17.53,18.37,2.07,0.0
20231023:0710,127.0,195.0,0.0,26.24,20.76,2.62,0.0
20231023:0810,349.01,155.0,0.0,32.97,21.81,2.48,0.0
20231023:0910,352.01,195.0,0.0,36.9,22.49,2.55,0.0
20231023:1010,278.01,238.0,0.0,37.36,22.96,2.76,0.0
20231023:1110,208.0,242.0,0.0,34.27,23.19,2.69,0.0
20231023:1210,328.01,117.0,0.0,28.18,23.16,2.34,0.0
20231023:1310,148.0,124.0,0.0,19.9,23.2,2.07,0.0
20231023:1410,7.0,66.0,0.0,10.17,22.85,1.72,0.0
20231023:1510,0.0,0.0,0.0,0.0,21.95,1.66,0.0
20231023:1610,0.0,0.0,0.0,0.0,20.72,1.38,0.0
20231023:1710,0.0,0.0,0.0,0.0,19.88,1.03,0.0
20231023:1810,0.0,0.0,0.0,0.0,20.3,0.41,0.0
20231023:1910,0.0,0.0,0.0,0.0,20.1,0.97,0.0
20231023:2010,0.0,0.0,0.0,0.0,19.75,0.97,0.0
20231023:2110,0.0,0.0,0.0,0.0,19.33,1.03,0.0
20231023:2210,0.0,0.0,0.0,0.0,19.1,0.97,0.0
20231023:2310,0.0,0.0,0.0,0.0,18.91,0.9,0.0
20231024:0010,0.0,0.0,0.0,0.0,18.74,0.76,0.0
20231024:0110,0.0,0.0,0.0,0.0,18.6,0.83,0.0
20231024:0210,0.0,0.0,0.0,0.0,18.25,0.97,0.0
20231024:0310,0.0,0.0,0.0,0.0,18.14,1.03,0.0
20231024:0410,0.0,0.0,0.0,0.0,17.62,0.83,0.0
20231024:0510,0.0,48.0,0.0,7.3,17.56,0.76,0.0
20231024:0610,130.0,104.0,0.0,17.28,17.22,0.69,0.0
20231024:0710,268.01,125.0,0.0,25.96,19.3,2.14,0.0
20231024:0810,363.01,143.0,0.0,32.66,19.93,2.34,0.0
20231024:0910,418.01,152.0,0.0,36.56,20.64,2.62,0.0
20231024:1010,433.01,148.0,0.0,37.01,21.15,2.62,0.0
20231024:1110,403.01,134.0,0.0,33.93,21.43,2.62,0.0
20231024:1210,330.01,113.0,0.0,27.86,21.59,2.41,0.0
20231024:1310,116.0,135.0,0.0,19.61,21.52,2.14,0.0
20231024:1410,12.0,68.0,0.0,9.9,21.08,1.66,0.0
20231024:1510,0.0,0.0,0.0,0.0,20.21,1.17,0.0
20231024:1610,0.0,0.0,0.0,0.0,19.19,0.76,0.0
20231024:1710,0.0,0.0,0.0,0.0,19.01,0.34,0.0
20231024:1810,0.0,0.0,0.0,0.0,18.89,0.28,0.0
20231024:1910,0.0,0.0,0.0,0.0,19.01,0.41,0.0
20231024:2010,0.0,0.0,0.0,0.0,18.84,0.28,0.0
20231024:2110,0.0,0.0,0.0,0.0,18.35,0.41,0.0
20231024:2210,0.0,0.0,0.0,0.0,17.94,0.48,0.0
20231024:2310,0.0,0.0,0.0,0.0,16.75,0.97,0.0
20231025:0010,0.0,0.0,0.0,0.0,16.31,1.45,0.0
20231025:0110,0.0,0.0,0.0,0.0,16.59,1.93,0.0
20231025:0210,0.0,0.0,0.0,0.0,16.92,2.48,0.0
20231025:0310,0.0,0.0,0.0,0.0,17.15,2.83,0.0
20231025:0410,0.0,0.0,0.0,0.0,17.17,2.97,0.0
20231025:0510,0.0,27.0,0.0,7.07,17.2,3.1,0.0
20231025:0610,1.0,86.0,0.0,17.03,17.71,3.79,0.0
20231025:0710,65.0,202.0,0.0,25.68,18.72,3.93,0.0
20231025:0810,127.0,250.0,0.0,32.34,19.83,4.69,0.0
20231025:0910,181.0,268.0,0.0,36.22,20.43,5.17,0.0
20231025:1010,229.01,253.0,0.0,36.66,21.0,5.38,0.0
20231025:1110,192.0,240.0,0.0,33.6,21.5,5.52,0.0
20231025:1210,63.0,218.0,0.0,27.55,21.91,5.66,0.0
20231025:1310,75.0,145.0,0.0,19.32,22.24,5.59,0.0
20231025:1410,50.0,62.0,0.0,9.64,22.18,5.72,0.0
20231025:1510,0.0,0.0,0.0,0.0,21.65,5.52,0.0
20231025:1610,0.0,0.0,0.0,0.0,21.22,5.1,0.0
20231025:1710,0.0,0.0,0.0,0.0,20.92,4.9,0.0
20231025:1810,0.0,0.0,0.0,0.0,20.77,5.03,0.0
20231025:1910,0.0,0.0,0.0,0.0,20.37,4.28,0.0
20231025:2010,0.0,0.0,0.0,0.0,20.36,4.48,0.0
20231025:2110,0.0,0.0,0.0,0.0,20.66,5.24,0.0
20231025:2210,0.0,0.0,0.0,0.0,20.94,6.07,0.0
20231025:2310,0.0,0.0,0.0,0.0,21.02,6.48,0.0
20231026:0010,0.0,0.0,0.0,0.0,21.08,6.69,0.0
20231026:0110,0.0,0.0,0.0,0.0,21.09,6.76,0.0
20231026:0210,0.0,0.0,0.0,0.0,21.23,6.34,0.0
20231026:0310,0.0,0.0,0.0,0.0,21.19,6.0,0.0
20231026:0410,0.0,0.0,0.0,0.0,20.7,5.03,0.0
20231026:0510,0.0,35.0,0.0,6.84,20.31,4.48,0.0
20231026:0610,27.0,125.0,0.0,16.78,20.71,4.41,0.0
20231026:0710,176.0,166.0,0.0,25.4,21.6,4.76,0.0
20231026:0810,363.01,134.0,0.0,32.03,22.52,4.76,0.0
20231026:0910,369.01,172.0,0.0,35.88,23.04,4.69,0.0
20231026:1010,108.0,287.0,0.0,36.32,23.33,4.97,0.0
20231026:1110,38.0,254.0,0.0,33.26,23.33,5.17,0.0
20231026:1210,10.0,183.0,0.0,27.24,23.67,6.14,0.0
20231026:1310,11.0,131.0,0.0,19.04,23.75,7.86,0.0
20231026:1410,0.0,36.0,0.0,9.37,23.38,8.62,0.0
20231026:1510,0.0,0.0,0.0,0.0,22.73,8.83,0.0
20231026:1610,0.0,0.0,0.0,0.0,21.93,7.93,0.0
20231026:1710,0.0,0.0,0.0,0.0,21.22,6.55,0.0
20231026:1810,0.0,0.0,0.0,0.0,20.77,5.59,0.0
20231026:1910,0.0,0.0,0.0,0.0,19.93,4.48,0.0
20231026:2010,0.0,0.0,0.0,0.0,19.61,4.28,0.0
20231026:2110,0.0,0.0,0.0,0.0,19.26,4.07,0.0
20231026:2210,0.0,0.0,0.0,0.0,19.0,4.14,0.0
20231026:2310,0.0,0.0,0.0,0.0,18.83,4.0,0.0
20231027:0010,0.0,0.0,0.0,0.0,18.69,3.59,0.0
20231027:0110,0.0,0.0,0.0,0.0,18.62,3.52,0.0
20231027:0210,0.0,0.0,0.0,0.0,18.5,3.66,0.0
20231027:0310,0.0,0.0,0.0,0.0,18.5,3.86,0.0
20231027:0410,0.0,0.0,0.0,0.0,18.56,4.21,0.0
20231027:0510,0.0,42.0,0.0,6.61,18.86,4.62,0.0
20231027:0610,51.0,124.0,0.0,16.52,19.86,4.83,0.0
20231027:0710,300.01,100.0,0.0,25.12,21.05,4.9,0.0
20231027:0810,310.01,162.0,0.0,31.72,22.06,5.72,0.0
20231027:0910,377.01,164.0,0.0,35.54,22.96,6.34,0.0
20231027:1010,376.01,169.0,0.0,35.98,23.63,6.41,0.0
20231027:1110,364.01,144.0,0.0,32.94,24.06,6.34,0.0
20231027:1210,164.0,187.0,0.0,26.94,24.24,5.93,0.0
20231027:1310,29.0,142.0,0.0,18.76,24.1,5.17,0.0
20231027:1410,16.0,63.0,0.0,9.12,23.57,5.1,0.0
20231027:1510,0.0,0.0,0.0,0.0,22.88,5.38,0.0
20231027:1610,0.0,0.0,0.0,0.0,22.4,5.66,0.0
20231027:1710,0.0,0.0,0.0,0.0,22.16,6.07,0.0
20231027:1810,0.0,0.0,0.0,0.0,22.02,6.76,0.0
20231027:1910,0.0,0.0,0.0,0.0,21.97,7.03,0.0
20231027:2010,0.0,0.0,0.0,0.0,21.61,7.52,0.0
20231027:2110,0.0,0.0,0.0,0.0,21.24,7.79,0.0
20231027:2210,0.0,0.0,0.0,0.0,20.99,8.07,0.0
20231027:2310,0.0,0.0,0.0,0.0,20.81,8.34,0.0
20231028:0010,0.0,0.0,0.0,0.0,20.7,8.41,0.0
20231028:0110,0.0,0.0,0.0,0.0,20.54,8.28,0.0
20231028:0210,0.0,0.0,0.0,0.0,20.4,8.0,0.0
20231028:0310,0.0,0.0,0.0,0.0,20.27,7.72,0.0
20231028:0410,0.0,0.0,0.0,0.0,20.14,7.31,0.0
20231028:0510,0.0,42.0,0.0,6.38,20.05,6.83,0.0
20231028:0610,134.0,90.0,0.0,16.27,20.5,6.48,0.0
20231028:0710,257.01,117.0,0.0,24.84,21.6,6.0,0.0
20231028:0810,364.01,128.0,0.0,31.41,22.41,6.28,0.0
20231028:0910,409.01,141.0,0.0,35.21,23.03,6.14,0.0
20231028:1010,415.01,142.0,0.0,35.64,23.5,6.0,0.0
20231028:1110,344.01,152.0,0.0,32.61,23.79,5.86,0.0
20231028:1210,268.01,131.0,0.0,26.64,23.83,5.31,0.0
20231028:1310,147.0,108.0,0.0,18.49,23.65,4.28,0.0
20231028:1410,37.0,59.0,0.0,8.87,23.22,3.31,0.0
20231028:1510,0.0,0.0,0.0,0.0,22.39,2.9,0.0
20231028:1610,0.0,0.0,0.0,0.0,21.71,2.62,0.0
20231028:1710,0.0,0.0,0.0,0.0,21.22,2.55,0.0
20231028:1810,0.0,0.0,0.0,0.0,20.73,2.41,0.0
20231028:1910,0.0,0.0,0.0,0.0,20.2,1.93,0.0
20231028:2010,0.0,0.0,0.0,0.0,19.31,1.86,0.0
20231028:2110,0.0,0.0,0.0,0.0,18.64,2.0,0.0
20231028:2210,0.0,0.0,0.0,0.0,18.22,2.21,0.0
20231028:2310,0.0,0.0,0.0,0.0,18.32,2.55,0.0
20231029:0010,0.0,0.0,0.0,0.0,18.37,2.62,0.0
20231029:0110,0.0,0.0,0.0,0.0,18.41,2.62,0.0
20231029:0210,0.0,0.0,0.0,0.0,18.37,2.55,0.0
20231029:0310,0.0,0.0,0.0,0.0,18.1,2.28,0.0
20231029:0410,0.0,0.0,0.0,0.0,17.64,1.93,0.0
20231029:0510,0.0,40.0,0.0,6.15,17.61,1.52,0.0
20231029:0610,40.0,120.0,0.0,16.02,19.02,1.03,0.0
20231029:0710,10.0,165.0,0.0,24.56,20.8,0.83,0.0
20231029:0810,76.0,246.0,0.0,31.1,21.5,0.97,0.0
20231029:0910,106.0,275.0,0.0,34.88,22.04,1.1,0.0
20231029:1010,55.0,276.0,0.0,35.31,22.39,1.1,0.0
20231029:1110,316.01,165.0,0.0,32.29,22.63,1.17,0.0
20231029:1210,144.0,189.0,0.0,26.34,22.63,1.03,0.0
20231029:1310,133.0,112.0,0.0,18.22,22.42,0.97,0.0
20231029:1410,28.0,59.0,0.0,8.62,21.95,1.86,0.0
20231029:1510,0.0,0.0,0.0,0.0,21.12,3.31,0.0
20231029:1610,0.0,0.0,0.0,0.0,20.13,4.21,0.0
20231029:1710,0.0,0.0,0.0,0.0,19.34,4.34,0.0
20231029:1810,0.0,0.0,0.0,0.0,18.92,4.14,0.0
20231029:1910,0.0,0.0,0.0,0.0,19.0,3.93,0.0
20231029:2010,0.0,0.0,0.0,0.0,18.82,3.86,0.0
20231029:2110,0.0,0.0,0.0,0.0,18.62,3.72,0.0
20231029:2210,0.0,0.0,0.0,0.0,18.5,3.38,0.0
20231029:2310,0.0,0.0,0.0,0.0,18.38,3.24,0.0
20231030:0010,0.0,0.0,0.0,0.0,18.13,3.17,0.0
20231030:0110,0.0,0.0,0.0,0.0,18.0,3.38,0.0
20231030:0210,0.0,0.0,0.0,0.0,17.91,3.66,0.0
20231030:0310,0.0,0.0,0.0,0.0,17.82,3.93,0.0
20231030:0410,0.0,0.0,0.0,0.0,17.84,4.28,0.0
20231030:0510,0.0,23.0,0.0,5.92,17.82,4.34,0.0
20231030:0610,34.0,118.0,0.0,15.77,18.36,5.45,0.0
20231030:0710,177.01,155.0,0.0,24.28,19.17,5.66,0.0
20231030:0810,321.01,147.0,0.0,30.79,20.21,5.31,0.0
20231030:0910,395.01,144.0,0.0,34.56,21.26,4.62,0.0
20231030:1010,401.01,145.0,0.0,34.98,22.12,4.41,0.0
20231030:1110,351.01,143.0,0.0,31.98,22.6,4.76,0.0
20231030:1210,286.01,116.0,0.0,26.05,22.58,5.31,0.0
20231030:1310,121.0,116.0,0.0,17.95,22.04,5.52,0.0
20231030:1410,29.0,57.0,0.0,8.38,21.13,5.31,0.0
20231030:1510,0.0,0.0,0.0,0.0,20.03,4.62,0.0
20231030:1610,0.0,0.0,0.0,0.0,19.17,4.34,0.0
20231030:1710,0.0,0.0,0.0,0.0,18.57,4.0,0.0
20231030:1810,0.0,0.0,0.0,0.0,18.22,3.66,0.0
20231030:1910,0.0,0.0,0.0,0.0,18.01,3.59,0.0
20231030:2010,0.0,0.0,0.0,0.0,17.77,3.03,0.0
20231030:2110,0.0,0.0,0.0,0.0,17.6,2.69,0.0
20231030:2210,0.0,0.0,0.0,0.0,17.44,2.69,0.0
20231030:2310,0.0,0.0,0.0,0.0,17.28,2.97,0.0
20231031:0010,0.0,0.0,0.0,0.0,17.34,2.69,0.0
20231031:0110,0.0,0.0,0.0,0.0,17.39,2.21,0.0
20231031:0210,0.0,0.0,0.0,0.0,17.37,1.79,0.0
20231031:0310,0.0,0.0,0.0,0.0,17.3,1.31,0.0
20231031:0410,0.0,0.0,0.0,0.0,17.16,0.9,0.0
20231031:0510,0.0,21.0,0.0,5.7,17.23,0.48,0.0
20231031:0610,1.0,75.0,0.0,15.52,17.64,0.34,0.0
20231031:0710,8.0,159.0,0.0,24.0,18.92,1.59,0.0
20231031:0810,2.0,169.0,0.0,30.49,19.77,2.14,0.0
20231031:0910,5.0,212.0,0.0,34.23,20.72,2.76,0.0
20231031:1010,42.0,266.0,0.0,34.65,21.17,3.17,0.0
20231031:1110,190.0,223.0,0.0,31.66,21.42,3.38,0.0
20231031:1210,239.01,139.0,0.0,25.76,21.38,3.31,0.0
20231031:1310,146.0,100.0,0.0,17.69,21.11,2.9,0.0
20231031:1410,33.0,54.0,0.0,8.14,20.59,2.55,0.0
20231031:1510,0.0,0.0,0.0,0.0,19.79,2.14,0.0
20231031:1610,0.0,0.0,0.0,0.0,19.02,2.0,0.0
20231031:1710,0.0,0.0,0.0,0.0,18.42,1.86,0.0
20231031:1810,0.0,0.0,0.0,0.0,17.72,1.72,0.0
20231031:1910,0.0,0.0,0.0,0.0,17.46,1.79,0.0
20231031:2010,0.0,0.0,0.0,0.0,17.23,2.07,0.0
20231031:2110,0.0,0.0,0.0,0.0,17.41,2.34,0.0
20231031:2210,0.0,0.0,0.0,0.0,17.72,2.55,0.0
20231031:2310,0.0,0.0,0.0,0.0,18.14,2.83,0.0
20231101:0010,0.0,0.0,0.0,0.0,18.56,3.1,0.0
20231101:0110,0.0,0.0,0.0,0.0,18.74,3.24,0.0
20231101:0210,0.0,0.0,0.0,0.0,18.84,3.38,0.0
20231101:0310,0.0,0.0,0.0,0.0,18.93,3.72,0.0
20231101:0410,0.0,0.0,0.0,0.0,18.97,3.93,0.0
20231101:0510,0.0,7.0,0.0,5.47,18.91,3.72,0.0
20231101:0610,49.0,113.0,0.0,15.27,19.64,3.72,0.0
20231101:0710,0.0,79.0,0.0,23.73,20.47,3.45,0.0
20231101:0810,0.0,87.0,0.0,30.19,21.41,4.0,0.0
20231101:0910,0.0,99.0,0.0,33.91,21.79,4.07,0.0
20231101:1010,0.0,169.0,0.0,34.33,22.02,3.86,0.0
20231101:1110,273.01,179.0,0.0,31.36,22.33,3.72,0.0
20231101:1210,257.01,125.0,0.0,25.48,22.47,3.38,0.0
20231101:1310,30.0,132.0,0.0,17.44,22.43,2.62,0.0
20231101:1410,9.0,52.0,0.0,7.91,21.7,1.38,0.0
20231101:1510,0.0,0.0,0.0,0.0,20.61,0.83,0.0
20231101:1610,0.0,0.0,0.0,0.0,19.74,2.34,0.0
20231101:1710,0.0,0.0,0.0,0.0,19.0,3.38,0.0
20231101:1810,0.0,0.0,0.0,0.0,18.35,3.59,0.0
20231101:1910,0.0,0.0,0.0,0.0,17.95,2.69,0.0
20231101:2010,0.0,0.0,0.0,0.0,17.76,2.83,0.0
20231101:2110,0.0,0.0,0.0,0.0,17.59,2.83,0.0
20231101:2210,0.0,0.0,0.0,0.0,17.58,2.76,0.0
20231101:2310,0.0,0.0,0.0,0.0,17.52,2.76,0.0
20231102:0010,0.0,0.0,0.0,0.0,17.46,2.62,0.0
20231102:0110,0.0,0.0,0.0,0.0,17.49,2.34,0.0
20231102:0210,0.0,0.0,0.0,0.0,17.47,2.69,0.0
20231102:0310,0.0,0.0,0.0,0.0,17.46,2.97,0.0
20231102:0410,0.0,0.0,0.0,0.0,17.42,2.9,0.0
20231102:0510,0.0,26.0,0.0,5.24,17.2,2.83,0.0
20231102:0610,0.0,35.0,0.0,15.02,17.21,2.9,0.0
20231102:0710,0.0,69.0,0.0,23.45,17.78,2.0,0.0
20231102:0810,0.0,120.0,0.0,29.89,18.57,1.31,0.0
20231102:0910,0.0,139.0,0.0,33.6,18.99,1.24,0.0
20231102:1010,32.0,256.0,0.0,34.01,19.2,1.59,0.0
20231102:1110,38.0,239.0,0.0,31.05,19.85,1.79,0.0
20231102:1210,0.0,47.0,0.0,25.2,20.5,2.28,0.0
20231102:1310,1.0,89.0,0.0,17.19,19.57,4.34,0.0
20231102:1410,0.0,15.0,0.0,7.68,18.22,5.45,0.0
20231102:1510,0.0,0.0,0.0,0.0,17.62,5.38,0.0
20231102:1610,0.0,0.0,0.0,0.0,16.91,5.72,0.0
20231102:1710,0.0,0.0,0.0,0.0,16.63,6.14,0.0
20231102:1810,0.0,0.0,0.0,0.0,16.72,6.0,0.0
20231102:1910,0.0,0.0,0.0,0.0,16.87,5.66,0.0
20231102:2010,0.0,0.0,0.0,0.0,16.62,5.1,0.0
20231102:2110,0.0,0.0,0.0,0.0,16.37,4.83,0.0
20231102:2210,0.0,0.0,0.0,0.0,16.52,4.69,0.0
20231102:2310,0.0,0.0,0.0,0.0,16.42,4.48,0.0
20231103:0010,0.0,0.0,0.0,0.0,16.51,3.52,0.0
20231103:0110,0.0,0.0,0.0,0.0,16.34,2.69,0.0
20231103:0210,0.0,0.0,0.0,0.0,15.99,1.79,0.0
20231103:0310,0.0,0.0,0.0,0.0,16.27,0.9,0.0
20231103:0410,0.0,0.0,0.0,0.0,16.11,1.03,0.0
20231103:0510,0.0,31.0,0.0,5.01,14.62,1.66,0.0
20231103:0610,116.0,84.0,0.0,14.77,16.34,1.93,0.0
20231103:0710,43.0,181.0,0.0,23.18,18.05,2.62,0.0
20231103:0810,374.01,106.0,0.0,29.59,19.21,3.45,0.0
20231103:0910,310.01,181.0,0.0,33.28,20.4,3.59,0.0
20231103:1010,411.01,126.0,0.0,33.7,21.24,3.86,0.0
20231103:1110,253.01,185.0,0.0,30.76,21.71,4.28,0.0
20231103:1210,147.0,176.0,0.0,24.93,21.91,4.0,0.0
20231103:1310,175.01,79.0,0.0,16.94,22.0,3.72,0.0
20231103:1410,47.0,43.0,0.0,7.46,21.86,3.93,0.0
20231103:1510,0.0,0.0,0.0,0.0,21.27,4.21,0.0
20231103:1610,0.0,0.0,0.0,0.0,20.95,4.62,0.0
20231103:1710,0.0,0.0,0.0,0.0,20.96,5.31,0.0
20231103:1810,0.0,0.0,0.0,0.0,20.95,6.0,0.0
20231103:1910,0.0,0.0,0.0,0.0,21.51,6.55,0.0
20231103:2010,0.0,0.0,0.0,0.0,21.39,7.1,0.0
20231103:2110,0.0,0.0,0.0,0.0,21.17,7.1,0.0
20231103:2210,0.0,0.0,0.0,0.0,20.99,6.83,0.0
20231103:2310,0.0,0.0,0.0,0.0,20.81,6.28,0.0
20231104:0010,0.0,0.0,0.0,0.0,20.57,5.79,0.0
20231104:0110,0.0,0.0,0.0,0.0,20.27,5.38,0.0
20231104:0210,0.0,0.0,0.0,0.0,20.01,5.17,0.0
20231104:0310,0.0,0.0,0.0,0.0,19.77,5.03,0.0
20231104:0410,0.0,0.0,0.0,0.0,19.59,4.97,0.0
20231104:0510,0.0,21.0,0.0,4.78,19.53,4.97,0.0
20231104:0610,0.0,68.0,0.0,14.52,19.96,4.9,0.0
20231104:0710,81.0,179.0,0.0,22.91,20.96,4.21,0.0
20231104:0810,301.01,145.0,0.0,29.3,22.44,4.55,0.0
20231104:0910,219.01,226.0,0.0,32.97,23.95,5.38,0.0
20231104:1010,166.0,251.0,0.0,33.39,25.1,6.0,0.0
20231104:1110,298.01,160.0,0.0,30.46,25.8,6.55,0.0
20231104:1210,287.01,102.0,0.0,24.66,26.24,7.17,0.0
20231104:1310,109.0,109.0,0.0,16.7,26.23,7.52,0.0
20231104:1410,3.0,41.0,0.0,7.24,25.97,7.45,0.0
20231104:1510,0.0,0.0,0.0,0.0,25.35,7.38,0.0
20231104:1610,0.0,0.0,0.0,0.0,24.99,7.45,0.0
20231104:1710,0.0,0.0,0.0,0.0,24.56,7.38,0.0
20231104:1810,0.0,0.0,0.0,0.0,23.74,6.9,0.0
20231104:1910,0.0,0.0,0.0,0.0,23.48,7.17,0.0
20231104:2010,0.0,0.0,0.0,0.0,19.04,9.93,0.0
20231104:2110,0.0,0.0,0.0,0.0,17.76,7.79,0.0
20231104:2210,0.0,0.0,0.0,0.0,17.82,6.76,0.0
20231104:2310,0.0,0.0,0.0,0.0,17.91,6.55,0.0
20231105:0010,0.0,0.0,0.0,0.0,18.07,6.48,0.0
20231105:0110,0.0,0.0,0.0,0.0,18.07,6.21,0.0
20231105:0210,0.0,0.0,0.0,0.0,18.02,5.86,0.0
20231105:0310,0.0,0.0,0.0,0.0,18.01,5.59,0.0
20231105:0410,0.0,0.0,0.0,0.0,17.99,5.72,0.0
20231105:0510,0.0,27.0,0.0,4.56,17.9,5.38,0.0
20231105:0610,128.01,74.0,0.0,14.28,18.29,5.17,0.0
20231105:0710,260.01,95.0,0.0,22.64,18.55,4.14,0.0
20231105:0810,361.01,109.0,0.0,29.0,19.55,4.48,0.0
20231105:0910,408.01,120.0,0.0,32.67,20.27,4.69,0.0
20231105:1010,400.01,129.0,0.0,33.08,20.74,4.76,0.0
20231105:1110,330.01,139.0,0.0,30.17,20.86,4.76,0.0
20231105:1210,260.01,115.0,0.0,24.4,20.96,4.9,0.0
20231105:1310,21.0,123.0,0.0,16.46,21.03,4.62,0.0
20231105:1410,18.0,47.0,0.0,7.03,20.86,5.03,0.0
20231105:1510,0.0,0.0,0.0,0.0,20.67,6.41,0.0
20231105:1610,0.0,0.0,0.0,0.0,20.64,7.52,0.0
20231105:1710,0.0,0.0,0.0,0.0,20.5,8.34,0.0
20231105:1810,0.0,0.0,0.0,0.0,20.25,8.83,0.0
20231105:1910,0.0,0.0,0.0,0.0,20.37,8.55,0.0
20231105:2010,0.0,0.0,0.0,0.0,20.27,8.97,0.0
20231105:2110,0.0,0.0,0.0,0.0,20.07,9.38,0.0
20231105:2210,0.0,0.0,0.0,0.0,19.88,9.66,0.0
20231105:2310,0.0,0.0,0.0,0.0,19.68,9.79,0.0
20231106:0010,0.0,0.0,0.0,0.0,19.51,9.72,0.0
20231106:0110,0.0,0.0,0.0,0.0,19.38,9.59,0.0
20231106:0210,0.0,0.0,0.0,0.0,19.34,9.24,0.0
20231106:0310,0.0,0.0,0.0,0.0,19.28,8.83,0.0
20231106:0410,0.0,0.0,0.0,0.0,19.24,8.48,0.0
20231106:0510,0.0,26.0,0.0,4.33,19.14,8.14,0.0
20231106:0610,100.0,85.0,0.0,14.03,19.49,7.93,0.0
20231106:0710,235.01,104.0,0.0,22.37,20.38,6.41,0.0
20231106:0810,247.01,167.0,0.0,28.72,21.06,6.76,0.0
20231106:0910,398.01,120.0,0.0,32.37,21.61,6.83,0.0
20231106:1010,53.0,260.0,0.0,32.78,22.01,6.62,0.0
20231106:1110,276.01,164.0,0.0,29.89,22.29,6.28,0.0
20231106:1210,252.01,114.0,0.0,24.14,22.34,5.66,0.0
20231106:1310,116.0,100.0,0.0,16.23,22.16,4.48,0.0
20231106:1410,13.0,45.0,0.0,6.82,21.55,3.24,0.0
20231106:1510,0.0,0.0,0.0,0.0,20.64,2.48,0.0
20231106:1610,0.0,0.0,0.0,0.0,19.87,1.93,0.0
20231106:1710,0.0,0.0,0.0,0.0,19.13,1.79,0.0
20231106:1810,0.0,0.0,0.0,0.0,18.31,2.0,0.0
20231106:1910,0.0,0.0,0.0,0.0,17.6,1.86,0.0
20231106:2010,0.0,0.0,0.0,0.0,17.25,1.93,0.0
20231106:2110,0.0,0.0,0.0,0.0,16.76,1.93,0.0
20231106:2210,0.0,0.0,0.0,0.0,16.56,1.79,0.0
20231106:2310,0.0,0.0,0.0,0.0,16.33,1.72,0.0
20231107:0010,0.0,0.0,0.0,0.0,15.95,1.79,0.0
20231107:0110,0.0,0.0,0.0,0.0,16.0,1.86,0.0
20231107:0210,0.0,0.0,0.0,0.0,15.85,1.86,0.0
20231107:0310,0.0,0.0,0.0,0.0,16.01,1.79,0.0
20231107:0410,0.0,0.0,0.0,0.0,15.92,1.72,0.0
20231107:0510,0.0,24.0,0.0,4.11,15.68,1.72,0.0
20231107:0610,107.0,79.0,0.0,13.79,17.17,1.59,0.0
20231107:0710,227.01,106.0,0.0,22.1,19.1,0.41,0.0
20231107:0810,337.01,113.0,0.0,28.43,20.16,0.41,0.0
20231107:0910,387.01,123.0,0.0,32.07,20.89,0.21,0.0
20231107:1010,326.01,164.0,0.0,32.49,21.32,0.28,0.0
20231107:1110,257.01,172.0,0.0,29.61,21.64,0.48,0.0
20231107:1210,222.01,129.0,0.0,23.89,21.84,0.55,0.0
20231107:1310,100.0,105.0,0.0,16.01,21.71,0.34,0.0
20231107:1410,30.0,41.0,0.0,6.62,21.46,0.62,0.0
20231107:1510,0.0,0.0,0.0,0.0,20.8,1.52,0.0
20231107:1610,0.0,0.0,0.0,0.0,19.89,2.28,0.0
20231107:1710,0.0,0.0,0.0,0.0,19.19,2.55,0.0
20231107:1810,0.0,0.0,0.0,0.0,18.54,2.41,0.0
20231107:1910,0.0,0.0,0.0,0.0,18.98,0.83,0.0
20231107:2010,0.0,0.0,0.0,0.0,19.3,0.41,0.0
20231107:2110,0.0,0.0,0.0,0.0,19.09,0.76,0.0
20231107:2210,0.0,0.0,0.0,0.0,17.58,1.24,0.0
20231107:2310,0.0,0.0,0.0,0.0,16.28,1.72,0.0
20231108:0010,0.0,0.0,0.0,0.0,15.65,1.93,0.0
20231108:0110,0.0,0.0,0.0,0.0,15.84,2.14,0.0
20231108:0210,0.0,0.0,0.0,0.0,16.11,2.28,0.0
20231108:0310,0.0,0.0,0.0,0.0,16.53,2.48,0.0
20231108:0410,0.0,0.0,0.0,0.0,16.62,2.69,0.0
20231108:0510,0.0,21.0,0.0,3.88,16.85,2.83,0.0
20231108:0610,132.01,66.0,0.0,13.54,17.23,3.1,0.0
20231108:0710,145.0,146.0,0.0,21.84,18.24,3.38,0.0
20231108:0810,335.01,112.0,0.0,28.15,19.17,4.0,0.0
20231108:0910,185.01,228.0,0.0,31.77,19.95,4.55,0.0
20231108:1010,166.0,239.0,0.0,32.19,20.45,4.9,0.0
20231108:1110,271.01,162.0,0.0,29.34,20.67,4.9,0.0
20231108:1210,273.01,98.0,0.0,23.65,20.69,4.76,0.0
20231108:1310,130.01,89.0,0.0,15.79,20.62,4.41,0.0
20231108:1410,21.0,41.0,0.0,6.42,20.22,3.66,0.0
20231108:1510,0.0,0.0,0.0,0.0,19.62,3.52,0.0
20231108:1610,0.0,0.0,0.0,0.0,19.23,3.03,0.0
20231108:1710,0.0,0.0,0.0,0.0,18.91,2.76,0.0
20231108:1810,0.0,0.0,0.0,0.0,18.55,2.62,0.0
20231108:1910,0.0,0.0,0.0,0.0,17.52,1.86,0.0
20231108:2010,0.0,0.0,0.0,0.0,16.9,2.14,0.0
20231108:2110,0.0,0.0,0.0,0.0,16.75,2.48,0.0
20231108:2210,0.0,0.0,0.0,0.0,16.72,2.69,0.0
20231108:2310,0.0,0.0,0.0,0.0,16.75,4.34,0.0
20231109:0010,0.0,0.0,0.0,0.0,15.94,6.55,0.0
20231109:0110,0.0,0.0,0.0,0.0,15.26,6.9,0.0
20231109:0210,0.0,0.0,0.0,0.0,14.49,6.14,0.0
20231109:0310,0.0,0.0,0.0,0.0,13.91,5.1,0.0
20231109:0410,0.0,0.0,0.0,0.0,13.35,4.28,0.0
20231109:0510,0.0,3.0,0.0,3.66,13.27,3.72,0.0
20231109:0610,51.0,97.0,0.0,13.3,13.35,3.03,0.0
20231109:0710,63.0,170.0,0.0,21.58,13.8,2.55,0.0
20231109:0810,20.0,205.0,0.0,27.87,14.49,3.24,0.0
20231109:0910,10.0,213.0,0.0,31.48,15.03,4.0,0.0
20231109:1010,270.01,192.0,0.0,31.91,15.58,4.41,0.0
20231109:1110,66.0,234.0,0.0,29.07,15.92,4.41,0.0
20231109:1210,144.0,164.0,0.0,23.4,16.19,4.48,0.0
20231109:1310,0.0,66.0,0.0,15.57,16.02,4.97,0.0
20231109:1410,30.0,38.0,0.0,6.23,15.57,5.52,0.0
20231109:1510,0.0,0.0,0.0,0.0,14.95,5.79,0.0
20231109:1610,0.0,0.0,0.0,0.0,14.51,5.86,0.0
20231109:1710,0.0,0.0,0.0,0.0,14.12,5.52,0.0
20231109:1810,0.0,0.0,0.0,0.0,13.89,5.1,0.0
20231109:1910,0.0,0.0,0.0,0.0,13.53,4.55,0.0
20231109:2010,0.0,0.0,0.0,0.0,13.63,4.28,0.0
20231109:2110,0.0,0.0,0.0,0.0,13.61,4.07,0.0
20231109:2210,0.0,0.0,0.0,0.0,13.49,4.0,0.0
20231109:2310,0.0,0.0,0.0,0.0,13.38,4.0,0.0
20231110:0010,0.0,0.0,0.0,0.0,13.23,4.07,0.0
20231110:0110,0.0,0.0,0.0,0.0,13.09,4.14,0.0
20231110:0210,0.0,0.0,0.0,0.0,12.99,4.21,0.0
20231110:0310,0.0,0.0,0.0,0.0,12.86,4.41,0.0
20231110:0410,0.0,0.0,0.0,0.0,12.82,4.41,0.0
20231110:0510,0.0,20.0,0.0,3.44,12.79,4.48,0.0
20231110:0610,115.01,69.0,0.0,13.06,13.34,4.62,0.0
20231110:0710,234.01,97.0,0.0,21.32,14.38,4.83,0.0
20231110:0810,318.01,120.0,0.0,27.59,15.32,4.9,0.0
20231110:0910,357.01,138.0,0.0,31.2,16.22,4.48,0.0
20231110:1010,385.01,126.0,0.0,31.63,17.0,3.72,0.0
20231110:1110,330.01,127.0,0.0,28.81,17.6,2.69,0.0
20231110:1210,252.01,108.0,0.0,23.17,17.9,1.86,0.0
20231110:1310,119.0,92.0,0.0,15.37,18.02,1.24,0.0
20231110:1410,30.0,36.0,0.0,6.05,17.71,1.52,0.0
20231110:1510,0.0,0.0,0.0,0.0,16.89,2.9,0.0
20231110:1610,0.0,0.0,0.0,0.0,16.09,3.24,0.0
20231110:1710,0.0,0.0,0.0,0.0,15.52,2.48,0.0
20231110:1810,0.0,0.0,0.0,0.0,14.84,2.14,0.0
20231110:1910,0.0,0.0,0.0,0.0,14.74,2.34,0.0
20231110:2010,0.0,0.0,0.0,0.0,15.04,2.76,0.0
20231110:2110,0.0,0.0,0.0,0.0,15.41,3.03,0.0
20231110:2210,0.0,0.0,0.0,0.0,15.85,3.45,0.0
20231110:2310,0.0,0.0,0.0,0.0,16.12,3.52,0.0
20231111:0010,0.0,0.0,0.0,0.0,16.18,3.45,0.0
20231111:0110,0.0,0.0,0.0,0.0,16.36,3.24,0.0
20231111:0210,0.0,0.0,0.0,0.0,16.34,3.59,0.0
20231111:0310,0.0,0.0,0.0,0.0,16.56,4.28,0.0
20231111:0410,0.0,0.0,0.0,0.0,16.77,4.9,0.0
20231111:0510,0.0,5.0,0.0,3.22,16.7,5.52,0.0
20231111:0610,0.0,53.0,0.0,12.83,16.76,5.79,0.0
20231111:0710,10.0,143.0,0.0,21.06,18.3,5.1,0.0
20231111:0810,40.0,214.0,0.0,27.32,19.42,5.31,0.0
20231111:0910,0.0,144.0,0.0,30.92,19.98,5.59,0.0
20231111:1010,114.0,247.0,0.0,31.35,20.58,5.86,0.0
20231111:1110,0.0,73.0,0.0,28.55,20.64,7.31,0.0
20231111:1210,16.0,166.0,0.0,22.94,20.31,10.34,0.0
20231111:1310,14.0,107.0,0.0,15.16,19.48,11.24,0.0
20231111:1410,1.0,26.0,0.0,5.87,18.98,11.24,0.0
20231111:1510,0.0,0.0,0.0,0.0,18.35,10.62,0.0
20231111:1610,0.0,0.0,0.0,0.0,17.84,9.86,0.0
20231111:1710,0.0,0.0,0.0,0.0,17.7,9.72,0.0
20231111:1810,0.0,0.0,0.0,0.0,17.35,9.66,0.0
20231111:1910,0.0,0.0,0.0,0.0,17.44,8.62,0.0
20231111:2010,0.0,0.0,0.0,0.0,17.15,8.34,0.0
20231111:2110,0.0,0.0,0.0,0.0,16.86,7.93,0.0
20231111:2210,0.0,0.0,0.0,0.0,16.78,7.31,0.0
20231111:2310,0.0,0.0,0.0,0.0,16.53,6.9,0.0
20231112:0010,0.0,0.0,0.0,0.0,16.65,6.55,0.0
20231112:0110,0.0,0.0,0.0,0.0,16.78,6.48,0.0
20231112:0210,0.0,0.0,0.0,0.0,16.65,6.55,0.0
20231112:0310,0.0,0.0,0.0,0.0,16.43,6.41,0.0
20231112:0410,0.0,0.0,0.0,0.0,15.99,6.07,0.0
20231112:0510,0.0,3.0,0.0,3.0,15.65,5.59,0.0
20231112:0610,6.0,82.0,0.0,12.59,15.82,5.31,0.0
20231112:0710,193.01,114.0,0.0,20.81,16.38,3.31,0.0
20231112:0810,18.0,199.0,0.0,27.05,16.95,3.38,0.0
20231112:0910,330.01,147.0,0.0,30.64,17.26,3.45,0.0
20231112:1010,394.01,114.0,0.0,31.08,17.36,3.1,0.0
20231112:1110,333.01,118.0,0.0,28.3,17.33,2.34,0.0
20231112:1210,244.01,106.0,0.0,22.71,17.46,0.97,0.0
20231112:1310,34.0,114.0,0.0,14.96,17.41,0.34,0.0
20231112:1410,24.0,28.93,0.0,5.69,17.24,0.97,0.0
20231112:1510,0.0,0.0,0.0,0.0,16.07,1.52,0.0
20231112:1610,0.0,0.0,0.0,0.0,15.36,2.07,0.0
20231112:1710,0.0,0.0,0.0,0.0,15.04,2.97,0.0
20231112:1810,0.0,0.0,0.0,0.0,14.89,3.52,0.0
20231112:1910,0.0,0.0,0.0,0.0,15.57,3.17,0.0
20231112:2010,0.0,0.0,0.0,0.0,15.4,2.83,0.0
20231112:2110,0.0,0.0,0.0,0.0,15.47,2.76,0.0
20231112:2210,0.0,0.0,0.0,0.0,15.57,2.69,0.0
20231112:2310,0.0,0.0,0.0,0.0,15.43,2.62,0.0
20231113:0010,0.0,0.0,0.0,0.0,15.47,2.48,0.0
20231113:0110,0.0,0.0,0.0,0.0,15.42,2.0,0.0
20231113:0210,0.0,0.0,0.0,0.0,15.49,0.9,0.0
20231113:0310,0.0,0.0,0.0,0.0,15.8,0.21,0.0
20231113:0410,0.0,0.0,0.0,0.0,15.23,0.76,0.0
20231113:0510,0.0,3.0,0.0,2.78,14.93,2.55,0.0
20231113:0610,0.0,34.0,0.0,12.36,15.03,3.1,0.0
20231113:0710,0.0,83.0,0.0,20.56,15.45,2.83,0.0
20231113:0810,0.0,67.0,0.0,26.78,15.65,2.55,0.0
20231113:0910,0.0,53.0,0.0,30.37,15.87,2.0,0.0
20231113:1010,0.0,79.0,0.0,30.82,15.9,0.97,0.0
20231113:1110,0.0,80.0,0.0,28.06,15.75,1.38,0.0
20231113:1210,0.0,60.0,0.0,22.49,15.41,2.55,0.0
20231113:1310,0.0,36.0,0.0,14.77,15.08,3.72,0.0
20231113:1410,0.0,15.0,0.0,5.52,14.71,4.9,0.0
20231113:1510,0.0,0.0,0.0,0.0,14.28,6.0,0.0
20231113:1610,0.0,0.0,0.0,0.0,14.13,6.48,0.0
20231113:1710,0.0,0.0,0.0,0.0,13.86,6.76,0.0
20231113:1810,0.0,0.0,0.0,0.0,13.44,6.97,0.0
20231113:1910,0.0,0.0,0.0,0.0,13.16,6.07,0.0
20231113:2010,0.0,0.0,0.0,0.0,13.08,4.69,0.0
20231113:2110,0.0,0.0,0.0,0.0,12.79,3.66,0.0
20231113:2210,0.0,0.0,0.0,0.0,12.58,2.97,0.0
20231113:2310,0.0,0.0,0.0,0.0,12.22,2.21,0.0
20231114:0010,0.0,0.0,0.0,0.0,11.36,1.86,0.0
20231114:0110,0.0,0.0,0.0,0.0,11.32,1.31,0.0
20231114:0210,0.0,0.0,0.0,0.0,12.75,0.69,0.0
20231114:0310,0.0,0.0,0.0,0.0,12.64,0.14,0.0
20231114:0410,0.0,0.0,0.0,0.0,12.56,0.9,0.0
20231114:0510,0.0,4.0,0.0,2.56,9.82,1.72,0.0
20231114:0610,25.0,90.0,0.0,12.12,10.54,2.28,0.0
20231114:0710,225.01,92.0,0.0,20.31,13.16,2.69,0.0
20231114:0810,196.01,176.0,0.0,26.52,13.81,3.17,0.0
20231114:0910,384.01,112.0,0.0,30.1,14.42,3.59,0.0
20231114:1010,372.01,124.0,0.0,30.56,15.08,3.72,0.0
20231114:1110,330.01,117.0,0.0,27.82,15.45,3.66,0.0
20231114:1210,255.01,97.0,0.0,22.28,15.54,3.38,0.0
20231114:1310,101.0,93.0,0.0,14.59,15.42,3.38,0.0
20231114:1410,4.0,30.05,0.0,5.36,15.08,2.97,0.0
20231114:1510,0.0,0.0,0.0,0.0,14.48,2.69,0.0
20231114:1610,0.0,0.0,0.0,0.0,13.94,2.76,0.0
20231114:1710,0.0,0.0,0.0,0.0,13.65,2.97,0.0
20231114:1810,0.0,0.0,0.0,0.0,13.54,3.1,0.0
20231114:1910,0.0,0.0,0.0,0.0,13.89,3.24,0.0
20231114:2010,0.0,0.0,0.0,0.0,13.97,3.45,0.0
20231114:2110,0.0,0.0,0.0,0.0,14.17,3.86,0.0
20231114:2210,0.0,0.0,0.0,0.0,14.4,4.0,0.0
20231114:2310,0.0,0.0,0.0,0.0,14.56,4.07,0.0
20231115:0010,0.0,0.0,0.0,0.0,14.61,3.93,0.0
20231115:0110,0.0,0.0,0.0,0.0,14.56,3.79,0.0
20231115:0210,0.0,0.0,0.0,0.0,14.45,3.66,0.0
20231115:0310,0.0,0.0,0.0,0.0,14.42,3.86,0.0
20231115:0410,0.0,0.0,0.0,0.0,14.47,4.07,0.0
20231115:0510,0.0,9.0,0.0,2.35,14.5,4.07,0.0
20231115:0610,14.0,84.0,0.0,11.89,15.09,4.07,0.0
20231115:0710,170.01,116.0,0.0,20.06,15.92,4.62,0.0
20231115:0810,321.01,103.0,0.0,26.26,16.88,5.17,0.0
20231115:0910,364.01,116.0,0.0,29.84,17.58,5.79,0.0
20231115:1010,151.0,229.0,0.0,30.3,18.03,6.41,0.0
20231115:1110,253.01,154.0,0.0,27.58,18.2,6.55,0.0
20231115:1210,274.01,84.0,0.0,22.07,18.47,6.21,0.0
20231115:1310,111.0,84.0,0.0,14.41,18.6,6.34,0.0
20231115:1410,6.0,30.48,0.0,5.2,18.48,6.34,0.0
20231115:1510,0.0,0.0,0.0,0.0,18.28,5.79,0.0
20231115:1610,0.0,0.0,0.0,0.0,18.17,5.17,0.0
20231115:1710,0.0,0.0,0.0,0.0,17.9,4.62,0.0
20231115:1810,0.0,0.0,0.0,0.0,17.71,4.34,0.0
20231115:1910,0.0,0.0,0.0,0.0,17.78,5.17,0.0
20231115:2010,0.0,0.0,0.0,0.0,17.41,5.03,0.0
20231115:2110,0.0,0.0,0.0,0.0,16.58,4.97,0.0
20231115:2210,0.0,0.0,0.0,0.0,16.0,4.55,0.0
20231115:2310,0.0,0.0,0.0,0.0,15.16,4.9,0.0
20231116:0010,0.0,0.0,0.0,0.0,13.86,6.14,0.0
20231116:0110,0.0,0.0,0.0,0.0,12.89,5.93,0.0
20231116:0210,0.0,0.0,0.0,0.0,12.58,4.69,0.0
20231116:0310,0.0,0.0,0.0,0.0,12.47,4.48,0.0
20231116:0410,0.0,0.0,0.0,0.0,12.49,3.93,0.0
20231116:0510,0.0,1.0,0.0,2.13,12.37,3.59,0.0
20231116:0610,0.0,14.0,0.0,11.67,12.5,3.66,0.0
20231116:0710,13.0,141.0,0.0,19.82,12.37,2.76,0.0
20231116:0810,28.0,200.0,0.0,26.0,13.1,3.93,0.0
20231116:0910,0.0,148.0,0.0,29.58,13.45,5.03,0.0
20231116:1010,47.0,241.0,0.0,30.05,13.91,5.1,0.0
20231116:1110,42.0,218.0,0.0,27.35,14.1,4.97,0.0
20231116:1210,15.0,159.0,0.0,21.87,14.19,4.69,0.0
20231116:1310,69.0,101.0,0.0,14.23,14.17,4.41,0.0
20231116:1410,1.0,22.81,0.0,5.05,13.93,3.79,0.0
20231116:1510,0.0,0.0,0.0,0.0,13.48,3.1,0.0
20231116:1610,0.0,0.0,0.0,0.0,13.14,2.28,0.0
20231116:1710,0.0,0.0,0.0,0.0,12.38,1.31,0.0
20231116:1810,0.0,0.0,0.0,0.0,13.49,0.34,0.0
20231116:1910,0.0,0.0,0.0,0.0,11.11,1.59,0.0
20231116:2010,0.0,0.0,0.0,0.0,10.5,1.86,0.0
20231116:2110,0.0,0.0,0.0,0.0,9.97,2.07,0.0
20231116:2210,0.0,0.0,0.0,0.0,9.83,2.21,0.0
20231116:2310,0.0,0.0,0.0,0.0,9.73,2.41,0.0
20231117:0010,0.0,0.0,0.0,0.0,9.64,2.48,0.0
20231117:0110,0.0,0.0,0.0,0.0,9.55,2.41,0.0
20231117:0210,0.0,0.0,0.0,0.0,9.52,2.55,0.0
20231117:0310,0.0,0.0,0.0,0.0,9.99,3.03,0.0
20231117:0410,0.0,0.0,0.0,0.0,10.59,3.38,0.0
20231117:0510,0.0,7.0,0.0,1.92,10.96,3.45,0.0
20231117:0610,0.0,22.0,0.0,11.44,11.67,3.52,0.0
20231117:0710,0.0,80.0,0.0,19.58,12.6,3.1,0.0
20231117:0810,0.0,98.0,0.0,25.75,12.93,3.24,0.0
20231117:0910,34.0,230.0,0.0,29.32,13.17,3.31,0.0
20231117:1010,96.0,242.0,0.0,29.81,13.31,3.31,0.0
20231117:1110,38.0,216.0,0.0,27.13,13.74,3.38,0.0
20231117:1210,269.01,84.0,0.0,21.68,14.13,3.38,0.0
20231117:1310,105.0,85.0,0.0,14.06,14.24,3.66,0.0
20231117:1410,27.0,21.68,0.0,4.91,14.04,3.66,0.0
20231117:1510,0.0,0.0,0.0,0.0,13.6,3.86,0.0
20231117:1610,0.0,0.0,0.0,0.0,13.57,4.14,0.0
20231117:1710,0.0,0.0,0.0,0.0,13.68,4.07,0.0
20231117:1810,0.0,0.0,0.0,0.0,13.68,4.21,0.0
20231117:1910,0.0,0.0,0.0,0.0,14.18,3.93,0.0
20231117:2010,0.0,0.0,0.0,0.0,14.59,4.55,0.0
20231117:2110,0.0,0.0,0.0,0.0,14.85,4.9,0.0
20231117:2210,0.0,0.0,0.0,0.0,14.96,4.97,0.0
20231117:2310,0.0,0.0,0.0,0.0,14.85,4.97,0.0
20231118:0010,0.0,0.0,0.0,0.0,14.75,4.9,0.0
20231118:0110,0.0,0.0,0.0,0.0,14.54,4.97,0.0
20231118:0210,0.0,0.0,0.0,0.0,14.49,4.76,0.0
20231118:0310,0.0,0.0,0.0,0.0,14.45,4.76,0.0
20231118:0410,0.0,0.0,0.0,0.0,14.26,5.03,0.0
20231118:0510,0.0,3.0,0.0,1.71,14.18,5.38,0.0
20231118:0610,0.0,21.0,0.0,11.22,14.19,4.9,0.0
20231118:0710,0.0,29.0,0.0,19.34,12.75,0.76,0.0
20231118:0810,0.0,61.0,0.0,25.51,12.6,4.9,0.0
20231118:0910,0.0,54.0,0.0,29.08,11.95,6.62,0.0
20231118:1010,0.0,71.0,0.0,29.57,11.46,6.69,0.0
20231118:1110,0.0,50.0,0.0,26.92,11.07,6.9,0.0
20231118:1210,0.0,49.0,0.0,21.49,10.31,8.55,0.0
20231118:1310,0.0,18.0,0.0,13.9,9.7,9.17,0.0
20231118:1410,2.0,25.55,0.0,4.77,9.33,9.03,0.0
20231118:1510,0.0,0.0,0.0,0.0,8.98,8.69,0.0
20231118:1610,0.0,0.0,0.0,0.0,8.77,7.93,0.0
20231118:1710,0.0,0.0,0.0,0.0,8.49,8.0,0.0
20231118:1810,0.0,0.0,0.0,0.0,8.19,8.69,0.0
20231118:1910,0.0,0.0,0.0,0.0,7.34,8.21,0.0
20231118:2010,0.0,0.0,0.0,0.0,7.2,8.9,0.0
20231118:2110,0.0,0.0,0.0,0.0,7.05,9.45,0.0
20231118:2210,0.0,0.0,0.0,0.0,6.8,9.59,0.0
20231118:2310,0.0,0.0,0.0,0.0,6.31,9.86,0.0
20231119:0010,0.0,0.0,0.0,0.0,5.59,10.28,0.0
20231119:0110,0.0,0.0,0.0,0.0,4.67,10.28,0.0
20231119:0210,0.0,0.0,0.0,0.0,3.5,9.79,0.0
20231119:0310,0.0,0.0,0.0,0.0,3.82,10.14,0.0
20231119:0410,0.0,0.0,0.0,0.0,4.61,10.21,0.0
20231119:0510,0.0,1.0,0.0,1.51,5.79,11.03,0.0
20231119:0610,0.0,21.0,0.0,11.0,6.87,11.79,0.0
20231119:0710,0.0,64.0,0.0,19.11,6.39,10.28,0.0
20231119:0810,0.0,39.0,0.0,25.27,6.35,10.0,0.0
20231119:0910,0.0,125.0,0.0,28.83,6.27,9.52,0.0
20231119:1010,0.0,145.0,0.0,29.34,6.28,8.97,0.0
20231119:1110,0.0,61.0,0.0,26.71,6.29,8.69,0.0
20231119:1210,0.0,40.0,0.0,21.3,6.24,8.28,0.0
20231119:1310,0.0,26.0,0.0,13.74,6.26,7.66,0.0
20231119:1410,1.0,21.81,0.0,4.63,6.45,7.17,0.0
20231119:1510,0.0,0.0,0.0,0.0,6.72,6.55,0.0
20231119:1610,0.0,0.0,0.0,0.0,7.12,6.0,0.0
20231119:1710,0.0,0.0,0.0,0.0,7.65,5.45,0.0
20231119:1810,0.0,0.0,0.0,0.0,8.08,5.17,0.0
20231119:1910,0.0,0.0,0.0,0.0,8.17,4.69,0.0
20231119:2010,0.0,0.0,0.0,0.0,8.13,4.55,0.0
20231119:2110,0.0,0.0,0.0,0.0,8.08,4.48,0.0
20231119:2210,0.0,0.0,0.0,0.0,8.14,4.34,0.0
20231119:2310,0.0,0.0,0.0,0.0,8.24,4.07,0.0
20231120:0010,0.0,0.0,0.0,0.0,8.3,3.86,0.0
20231120:0110,0.0,0.0,0.0,0.0,8.43,4.14,0.0
20231120:0210,0.0,0.0,0.0,0.0,8.38,4.41,0.0
20231120:0310,0.0,0.0,0.0,0.0,8.49,4.48,0.0
20231120:0410,0.0,0.0,0.0,0.0,8.46,4.76,0.0
20231120:0510,0.0,0.0,0.0,0.0,8.43,5.03,0.0
20231120:0610,3.0,65.0,0.0,10.78,8.97,5.1,0.0
20231120:0710,0.0,98.0,0.0,18.88,9.72,6.14,0.0
20231120:0810,0.0,131.0,0.0,25.03,10.4,6.55,0.0
20231120:0910,0.0,71.0,0.0,28.6,11.05,6.97,0.0
20231120:1010,0.0,100.0,0.0,29.11,11.55,7.1,0.0
20231120:1110,1.0,141.0,0.0,26.5,11.71,6.34,0.0
20231120:1210,76.0,167.0,0.0,21.13,12.0,5.66,0.0
20231120:1310,0.0,65.0,0.0,13.59,12.35,5.03,0.0
20231120:1410,8.0,25.04,0.0,4.51,12.04,4.69,0.0
20231120:1510,0.0,0.0,0.0,0.0,11.77,4.14,0.0
20231120:1610,0.0,0.0,0.0,0.0,11.56,3.52,0.0
20231120:1710,0.0,0.0,0.0,0.0,11.13,2.83,0.0
20231120:1810,0.0,0.0,0.0,0.0,10.75,2.62,0.0
20231120:1910,0.0,0.0,0.0,0.0,10.97,4.07,0.0
20231120:2010,0.0,0.0,0.0,0.0,11.16,4.0,0.0
20231120:2110,0.0,0.0,0.0,0.0,11.34,3.59,0.0
20231120:2210,0.0,0.0,0.0,0.0,11.4,3.24,0.0
20231120:2310,0.0,0.0,0.0,0.0,11.46,3.17,0.0
20231121:0010,0.0,0.0,0.0,0.0,11.18,3.45,0.0
20231121:0110,0.0,0.0,0.0,0.0,11.16,3.1,0.0
20231121:0210,0.0,0.0,0.0,0.0,11.0,3.17,0.0
20231121:0310,0.0,0.0,0.0,0.0,10.92,3.17,0.0
20231121:0410,0.0,0.0,0.0,0.0,10.86,3.31,0.0
20231121:0510,0.0,0.0,0.0,0.0,11.09,3.31,0.0
20231121:0610,86.0,58.0,0.0,10.57,11.55,3.31,0.0
20231121:0710,58.0,147.0,0.0,18.66,12.48,3.66,0.0
20231121:0810,279.01,113.0,0.0,24.8,13.47,3.93,0.0
20231121:0910,356.01,109.0,0.0,28.37,14.22,4.07,0.0
20231121:1010,354.01,116.0,0.0,28.89,14.78,3.86,0.0
20231121:1110,336.01,99.0,0.0,26.3,15.11,3.52,0.0
20231121:1210,226.01,99.0,0.0,20.96,15.21,3.03,0.0
20231121:1310,55.0,99.0,0.0,13.45,15.11,2.41,0.0
20231121:1410,2.0,21.59,0.0,4.39,14.68,2.21,0.0
20231121:1510,0.0,0.0,0.0,0.0,14.05,2.34,0.0
20231121:1610,0.0,0.0,0.0,0.0,13.49,2.34,0.0
20231121:1710,0.0,0.0,0.0,0.0,12.93,2.48,0.0
20231121:1810,0.0,0.0,0.0,0.0,12.49,2.55,0.0
20231121:1910,0.0,0.0,0.0,0.0,12.99,3.03,0.0
20231121:2010,0.0,0.0,0.0,0.0,13.29,3.03,0.0
20231121:2110,0.0,0.0,0.0,0.0,13.78,2.97,0.0
20231121:2210,0.0,0.0,0.0,0.0,14.1,2.62,0.0
20231121:2310,0.0,0.0,0.0,0.0,14.1,2.55,0.0
20231122:0010,0.0,0.0,0.0,0.0,14.16,3.1,0.0
20231122:0110,0.0,0.0,0.0,0.0,14.34,3.66,0.0
20231122:0210,0.0,0.0,0.0,0.0,14.38,3.86,0.0
20231122:0310,0.0,0.0,0.0,0.0,14.38,3.86,0.0
20231122:0410,0.0,0.0,0.0,0.0,14.4,3.79,0.0
20231122:0510,0.0,0.0,0.0,0.0,14.22,3.66,0.0
20231122:0610,8.0,69.0,0.0,10.36,14.26,3.38,0.0
20231122:0710,167.01,100.0,0.0,18.44,15.06,4.0,0.0
20231122:0810,72.0,196.0,0.0,24.57,16.03,3.86,0.0
20231122:0910,5.0,178.0,0.0,28.14,16.82,3.66,0.0
20231122:1010,0.0,78.0,0.0,28.68,17.59,3.45,0.0
20231122:1110,211.01,160.0,0.0,26.11,17.92,3.38,0.0
20231122:1210,81.0,160.0,0.0,20.79,18.07,3.24,0.0
20231122:1310,43.0,98.0,0.0,13.31,17.89,2.62,0.0
20231122:1410,0.0,7.0,0.0,4.27,17.25,2.28,0.0
20231122:1510,0.0,0.0,0.0,0.0,16.54,1.93,0.0
20231122:1610,0.0,0.0,0.0,0.0,16.14,1.93,0.0
20231122:1710,0.0,0.0,0.0,0.0,15.7,2.28,0.0
20231122:1810,0.0,0.0,0.0,0.0,15.91,2.83,0.0
20231122:1910,0.0,0.0,0.0,0.0,15.38,2.83,0.0
20231122:2010,0.0,0.0,0.0,0.0,14.97,2.83,0.0
20231122:2110,0.0,0.0,0.0,0.0,14.74,2.55,0.0
20231122:2210,0.0,0.0,0.0,0.0,14.62,2.28,0.0
20231122:2310,0.0,0.0,0.0,0.0,14.48,2.21,0.0
20231123:0010,0.0,0.0,0.0,0.0,14.12,2.69,0.0
20231123:0110,0.0,0.0,0.0,0.0,13.74,3.59,0.0
20231123:0210,0.0,0.0,0.0,0.0,13.27,4.76,0.0
20231123:0310,0.0,0.0,0.0,0.0,12.88,5.66,0.0
20231123:0410,0.0,0.0,0.0,0.0,12.53,6.21,0.0
20231123:0510,0.0,0.0,0.0,0.0,12.23,6.34,0.0
20231123:0610,0.0,19.0,0.0,10.15,12.1,6.07,0.0
20231123:0710,0.0,54.0,0.0,18.22,12.25,5.79,0.0
20231123:0810,0.0,118.0,0.0,24.35,12.36,5.72,0.0
20231123:0910,2.0,157.0,0.0,27.92,12.7,5.72,0.0
20231123:1010,0.0,103.0,0.0,28.47,12.88,5.59,0.0
20231123:1110,1.0,143.0,0.0,25.93,12.93,5.52,0.0
20231123:1210,22.0,155.0,0.0,20.63,12.9,5.24,0.0
20231123:1310,4.0,80.0,0.0,13.18,12.99,4.9,0.0
20231123:1410,0.0,13.0,0.0,4.16,12.87,4.07,0.0
20231123:1510,0.0,0.0,0.0,0.0,12.58,3.24,0.0
20231123:1610,0.0,0.0,0.0,0.0,12.36,2.9,0.0
20231123:1710,0.0,0.0,0.0,0.0,12.2,2.55,0.0
20231123:1810,0.0,0.0,0.0,0.0,12.31,2.07,0.0
20231123:1910,0.0,0.0,0.0,0.0,12.63,0.69,0.0
20231123:2010,0.0,0.0,0.0,0.0,13.03,0.21,0.0
20231123:2110,0.0,0.0,0.0,0.0,12.04,1.03,0.0
20231123:2210,0.0,0.0,0.0,0.0,11.98,1.79,0.0
20231123:2310,0.0,0.0,0.0,0.0,12.46,2.34,0.0
20231124:0010,0.0,0.0,0.0,0.0,12.75,2.55,0.0
20231124:0110,0.0,0.0,0.0,0.0,13.27,2.76,0.0
20231124:0210,0.0,0.0,0.0,0.0,13.63,3.1,0.0
20231124:0310,0.0,0.0,0.0,0.0,13.9,3.66,0.0
20231124:0410,0.0,0.0,0.0,0.0,14.0,4.0,0.0
20231124:0510,0.0,0.0,0.0,0.0,14.15,4.48,0.0
20231124:0610,0.0,45.0,0.0,9.94,14.37,5.03,0.0
20231124:0710,0.0,91.0,0.0,18.01,14.74,5.59,0.0
20231124:0810,9.0,164.0,0.0,24.13,15.43,6.14,0.0
20231124:0910,0.0,40.0,0.0,27.7,15.79,6.14,0.0
20231124:1010,0.0,80.0,0.0,28.27,16.33,7.03,0.0
20231124:1110,14.0,184.0,0.0,25.75,16.7,6.9,0.0
20231124:1210,0.0,37.0,0.0,20.48,16.86,6.0,0.0
20231124:1310,0.0,33.0,0.0,13.06,16.84,6.21,0.0
20231124:1410,1.0,18.81,0.0,4.06,16.07,6.55,0.0
20231124:1510,0.0,0.0,0.0,0.0,15.86,6.14,0.0
20231124:1610,0.0,0.0,0.0,0.0,15.91,6.69,0.0
20231124:1710,0.0,0.0,0.0,0.0,16.0,7.45,0.0
20231124:1810,0.0,0.0,0.0,0.0,15.84,7.59,0.0
20231124:1910,0.0,0.0,0.0,0.0,15.76,7.31,0.0
20231124:2010,0.0,0.0,0.0,0.0,15.67,7.38,0.0
20231124:2110,0.0,0.0,0.0,0.0,15.63,7.79,0.0
20231124:2210,0.0,0.0,0.0,0.0,15.68,8.34,0.0
20231124:2310,0.0,0.0,0.0,0.0,15.61,8.62,0.0
20231125:0010,0.0,0.0,0.0,0.0,15.51,8.62,0.0
20231125:0110,0.0,0.0,0.0,0.0,15.42,8.21,0.0
20231125:0210,0.0,0.0,0.0,0.0,15.36,7.45,0.0
20231125:0310,0.0,0.0,0.0,0.0,15.3,6.83,0.0
20231125:0410,0.0,0.0,0.0,0.0,15.26,6.28,0.0
20231125:0510,0.0,0.0,0.0,0.0,15.13,5.52,0.0
20231125:0610,0.0,28.0,0.0,9.74,15.01,5.17,0.0
20231125:0710,5.0,116.0,0.0,17.8,15.94,5.17,0.0
20231125:0810,4.0,150.0,0.0,23.92,16.46,5.72,0.0
20231125:0910,0.0,56.0,0.0,27.5,17.02,5.93,0.0
20231125:1010,0.0,103.0,0.0,28.08,17.45,6.76,0.0
20231125:1110,81.0,206.0,0.0,25.58,17.52,7.03,0.0
20231125:1210,249.01,81.0,0.0,20.34,17.58,7.31,0.0
20231125:1310,17.0,94.0,0.0,12.94,17.61,7.31,0.0
20231125:1410,0.0,8.0,0.0,3.96,17.34,8.28,0.0
20231125:1510,0.0,0.0,0.0,0.0,16.96,8.07,0.0
20231125:1610,0.0,0.0,0.0,0.0,16.84,8.0,0.0
20231125:1710,0.0,0.0,0.0,0.0,16.62,8.07,0.0
20231125:1810,0.0,0.0,0.0,0.0,16.44,8.14,0.0
20231125:1910,0.0,0.0,0.0,0.0,15.98,5.93,0.0
20231125:2010,0.0,0.0,0.0,0.0,15.56,5.72,0.0
20231125:2110,0.0,0.0,0.0,0.0,15.29,5.52,0.0
20231125:2210,0.0,0.0,0.0,0.0,15.18,5.59,0.0
20231125:2310,0.0,0.0,0.0,0.0,15.01,5.52,0.0
20231126:0010,0.0,0.0,0.0,0.0,14.62,6.48,0.0
20231126:0110,0.0,0.0,0.0,0.0,15.26,8.62,0.0
20231126:0210,0.0,0.0,0.0,0.0,15.47,10.0,0.0
20231126:0310,0.0,0.0,0.0,0.0,14.4,11.38,0.0
20231126:0410,0.0,0.0,0.0,0.0,12.21,11.52,0.0
20231126:0510,0.0,0.0,0.0,0.0,10.39,10.07,0.0
20231126:0610,0.0,54.0,0.0,9.55,8.54,8.76,0.0
20231126:0710,5.0,116.0,0.0,17.59,8.04,9.1,0.0
20231126:0810,101.0,187.0,0.0,23.71,6.97,8.62,0.0
20231126:0910,11.0,192.0,0.0,27.29,6.21,8.76,0.0
20231126:1010,11.0,197.0,0.0,27.89,5.55,8.9,0.0
20231126:1110,33.0,202.0,0.0,25.41,5.1,8.76,0.0
20231126:1210,100.0,153.0,0.0,20.2,5.46,8.07,0.0
20231126:1310,114.01,68.0,0.0,12.82,5.79,7.1,0.0
20231126:1410,1.0,19.79,0.0,3.87,6.1,5.79,0.0
20231126:1510,0.0,0.0,0.0,0.0,6.11,5.86,0.0
20231126:1610,0.0,0.0,0.0,0.0,6.11,6.69,0.0
20231126:1710,0.0,0.0,0.0,0.0,5.89,7.17,0.0
20231126:1810,0.0,0.0,0.0,0.0,5.64,7.17,0.0
20231126:1910,0.0,0.0,0.0,0.0,5.56,6.83,0.0
20231126:2010,0.0,0.0,0.0,0.0,5.23,6.97,0.0
20231126:2110,0.0,0.0,0.0,0.0,4.95,6.55,0.0
20231126:2210,0.0,0.0,0.0,0.0,4.67,6.41,0.0
20231126:2310,0.0,0.0,0.0,0.0,4.54,6.69,0.0
20231127:0010,0.0,0.0,0.0,0.0,4.46,6.97,0.0
20231127:0110,0.0,0.0,0.0,0.0,4.37,6.83,0.0
20231127:0210,0.0,0.0,0.0,0.0,4.37,6.76,0.0
20231127:0310,0.0,0.0,0.0,0.0,4.34,6.83,0.0
20231127:0410,0.0,0.0,0.0,0.0,4.3,6.9,0.0
20231127:0510,0.0,0.0,0.0,0.0,4.17,6.62,0.0
20231127:0610,0.0,62.0,0.0,9.35,4.01,6.21,0.0
20231127:0710,43.0,141.0,0.0,17.39,4.31,7.17,0.0
20231127:0810,111.0,187.0,0.0,23.51,4.66,7.17,0.0
20231127:0910,348.01,109.0,0.0,27.1,5.0,7.03,0.0
20231127:1010,222.01,186.0,0.0,27.71,5.37,7.24,0.0
20231127:1110,180.01,179.0,0.0,25.25,5.76,7.38,0.0
20231127:1210,16.0,153.0,0.0,20.07,6.04,7.03,0.0
20231127:1310,110.01,73.0,0.0,12.72,6.12,6.83,0.0
20231127:1410,10.0,19.63,0.0,3.79,6.25,6.83,0.0
20231127:1510,0.0,0.0,0.0,0.0,6.26,6.34,0.0
20231127:1610,0.0,0.0,0.0,0.0,6.54,6.07,0.0
20231127:1710,0.0,0.0,0.0,0.0,6.7,5.66,0.0
20231127:1810,0.0,0.0,0.0,0.0,6.98,5.38,0.0
20231127:1910,0.0,0.0,0.0,0.0,6.85,5.31,0.0
20231127:2010,0.0,0.0,0.0,0.0,6.73,5.24,0.0
20231127:2110,0.0,0.0,0.0,0.0,6.82,5.86,0.0
20231127:2210,0.0,0.0,0.0,0.0,7.01,6.41,0.0
20231127:2310,0.0,0.0,0.0,0.0,7.21,6.69,0.0
20231128:0010,0.0,0.0,0.0,0.0,7.37,6.28,0.0
20231128:0110,0.0,0.0,0.0,0.0,7.47,5.86,0.0
20231128:0210,0.0,0.0,0.0,0.0,7.45,5.72,0.0
20231128:0310,0.0,0.0,0.0,0.0,7.42,5.66,0.0
20231128:0410,0.0,0.0,0.0,0.0,7.43,5.79,0.0
20231128:0510,0.0,0.0,0.0,0.0,7.45,6.0,0.0
20231128:0610,0.0,65.0,0.0,9.16,7.72,6.34,0.0
20231128:0710,169.01,88.0,0.0,17.2,8.28,6.21,0.0
20231128:0810,170.01,155.0,0.0,23.31,9.22,6.28,0.0
20231128:0910,0.0,130.0,0.0,26.9,10.05,6.41,0.0
20231128:1010,131.0,213.0,0.0,27.53,10.92,6.55,0.0
20231128:1110,125.0,192.0,0.0,25.1,11.49,6.55,0.0
20231128:1210,0.0,65.0,0.0,19.94,11.87,6.62,0.0
20231128:1310,4.0,79.0,0.0,12.62,11.98,7.1,0.0
20231128:1410,0.0,11.0,0.0,3.71,11.45,7.17,0.0
20231128:1510,0.0,0.0,0.0,0.0,11.53,7.45,0.0
20231128:1610,0.0,0.0,0.0,0.0,11.94,7.59,0.0
20231128:1710,0.0,0.0,0.0,0.0,12.14,8.07,0.0
20231128:1810,0.0,0.0,0.0,0.0,12.23,9.17,0.0
20231128:1910,0.0,0.0,0.0,0.0,12.24,9.45,0.0
20231128:2010,0.0,0.0,0.0,0.0,12.77,9.66,0.0
20231128:2110,0.0,0.0,0.0,0.0,13.47,9.52,0.0
20231128:2210,0.0,0.0,0.0,0.0,13.94,10.55,0.0
20231128:2310,0.0,0.0,0.0,0.0,14.26,11.03,0.0
20231129:0010,0.0,0.0,0.0,0.0,14.59,11.24,0.0
20231129:0110,0.0,0.0,0.0,0.0,14.59,11.38,0.0
20231129:0210,0.0,0.0,0.0,0.0,14.49,11.31,0.0
20231129:0310,0.0,0.0,0.0,0.0,14.5,11.1,0.0
20231129:0410,0.0,0.0,0.0,0.0,14.47,10.97,0.0
20231129:0510,0.0,0.0,0.0,0.0,14.49,10.76,0.0
20231129:0610,0.0,20.0,0.0,8.98,14.28,10.21,0.0
20231129:0710,0.0,24.0,0.0,17.01,14.59,9.1,0.0
20231129:0810,0.0,40.0,0.0,23.12,14.67,8.41,0.0
20231129:0910,0.0,54.0,0.0,26.72,14.69,8.0,0.0
20231129:1010,0.0,58.0,0.0,27.36,14.54,7.24,0.0
20231129:1110,0.0,35.0,0.0,24.96,14.88,6.14,0.0
20231129:1210,0.0,36.0,0.0,19.83,14.79,6.14,0.0
20231129:1310,0.0,34.0,0.0,12.53,14.66,5.86,0.0
20231129:1410,0.0,14.0,0.0,3.64,14.52,5.52,0.0
20231129:1510,0.0,0.0,0.0,0.0,14.15,5.1,0.0
20231129:1610,0.0,0.0,0.0,0.0,14.09,5.52,0.0
20231129:1710,0.0,0.0,0.0,0.0,13.82,5.1,0.0
20231129:1810,0.0,0.0,0.0,0.0,13.74,4.76,0.0
20231129:1910,0.0,0.0,0.0,0.0,13.93,5.17,0.0
20231129:2010,0.0,0.0,0.0,0.0,13.7,4.83,0.0
20231129:2110,0.0,0.0,0.0,0.0,13.42,3.79,0.0
20231129:2210,0.0,0.0,0.0,0.0,13.22,2.28,0.0
20231129:2310,0.0,0.0,0.0,0.0,12.65,2.41,0.0
20231130:0010,0.0,0.0,0.0,0.0,11.59,5.79,0.0
20231130:0110,0.0,0.0,0.0,0.0,10.52,6.41,0.0
20231130:0210,0.0,0.0,0.0,0.0,9.93,6.14,0.0
20231130:0310,0.0,0.0,0.0,0.0,9.72,5.52,0.0
20231130:0410,0.0,0.0,0.0,0.0,9.73,5.17,0.0
20231130:0510,0.0,0.0,0.0,0.0,9.67,4.97,0.0
20231130:0610,0.0,60.0,0.0,8.79,9.64,4.55,0.0
20231130:0710,0.0,79.0,0.0,16.82,9.93,4.07,0.0
20231130:0810,0.0,110.0,0.0,22.93,10.24,3.86,0.0
20231130:0910,17.0,195.0,0.0,26.54,10.92,3.72,0.0
20231130:1010,2.0,155.0,0.0,27.2,11.35,3.66,0.0
20231130:1110,122.0,190.0,0.0,24.82,11.77,3.52,0.0
20231130:1210,1.0,109.0,0.0,19.71,12.3,3.24,0.0
20231130:1310,6.0,81.0,0.0,12.44,12.66,2.76,0.0
20231130:1410,2.0,17.59,0.0,3.57,12.65,2.62,0.0
20231130:1510,0.0,0.0,0.0,0.0,12.19,2.48,0.0
20231130:1610,0.0,0.0,0.0,0.0,11.78,2.83,0.0
20231130:1710,0.0,0.0,0.0,0.0,11.52,2.97,0.0
20231130:1810,0.0,0.0,0.0,0.0,11.35,2.55,0.0
20231130:1910,0.0,0.0,0.0,0.0,10.81,1.72,0.0
20231130:2010,0.0,0.0,0.0,0.0,11.07,2.28,0.0
20231130:2110,0.0,0.0,0.0,0.0,11.74,3.03,0.0
20231130:2210,0.0,0.0,0.0,0.0,12.45,3.66,0.0
20231130:2310,0.0,0.0,0.0,0.0,13.07,3.72,0.0
20231201:0010,0.0,0.0,0.0,0.0,13.83,4.83,0.0
20231201:0110,0.0,0.0,0.0,0.0,14.18,5.72,0.0
20231201:0210,0.0,0.0,0.0,0.0,14.51,6.21,0.0
20231201:0310,0.0,0.0,0.0,0.0,14.7,6.55,0.0
20231201:0410,0.0,0.0,0.0,0.0,14.81,6.83,0.0
20231201:0510,0.0,0.0,0.0,0.0,14.88,7.31,0.0
20231201:0610,0.0,60.0,0.0,8.62,15.14,7.72,0.0
20231201:0710,66.0,125.0,0.0,16.64,15.46,7.31,0.0
20231201:0810,59.0,181.0,0.0,22.75,16.02,7.38,0.0
20231201:0910,43.0,210.0,0.0,26.37,16.56,7.79,0.0
20231201:1010,101.0,214.0,0.0,27.05,17.04,8.34,0.0
20231201:1110,20.0,184.0,0.0,24.69,17.42,8.34,0.0
20231201:1210,4.0,122.0,0.0,19.61,17.6,8.41,0.0
20231201:1310,5.0,78.0,0.0,12.36,17.5,8.48,0.0
20231201:1410,2.0,17.58,0.0,3.51,17.24,8.41,0.0
20231201:1510,0.0,0.0,0.0,0.0,17.11,8.76,0.0
20231201:1610,0.0,0.0,0.0,0.0,16.99,9.03,0.0
20231201:1710,0.0,0.0,0.0,0.0,16.83,9.17,0.0
20231201:1810,0.0,0.0,0.0,0.0,16.63,9.17,0.0
20231201:1910,0.0,0.0,0.0,0.0,16.55,8.9,0.0
20231201:2010,0.0,0.0,0.0,0.0,16.4,8.69,0.0
20231201:2110,0.0,0.0,0.0,0.0,16.26,8.76,0.0
20231201:2210,0.0,0.0,0.0,0.0,16.17,8.83,0.0
20231201:2310,0.0,0.0,0.0,0.0,16.04,8.76,0.0
20231202:0010,0.0,0.0,0.0,0.0,15.87,8.69,0.0
20231202:0110,0.0,0.0,0.0,0.0,15.79,8.76,0.0
20231202:0210,0.0,0.0,0.0,0.0,15.66,8.9,0.0
20231202:0310,0.0,0.0,0.0,0.0,15.58,8.69,0.0
20231202:0410,0.0,0.0,0.0,0.0,15.43,8.41,0.0
20231202:0510,0.0,0.0,0.0,0.0,15.37,8.21,0.0
20231202:0610,0.0,58.0,0.0,8.44,15.43,8.14,0.0
20231202:0710,121.01,104.0,0.0,16.46,16.26,8.55,0.0
20231202:0810,117.0,169.0,0.0,22.58,16.87,8.83,0.0
20231202:0910,306.01,113.0,0.0,26.21,17.55,9.17,0.0
20231202:1010,82.0,218.0,0.0,26.9,18.16,9.17,0.0
20231202:1110,265.01,117.0,0.0,24.57,18.6,8.83,0.0
20231202:1210,12.0,138.0,0.0,19.51,18.78,8.55,0.0
20231202:1310,4.0,75.0,0.0,12.29,18.7,9.17,0.0
20231202:1410,0.0,10.0,0.0,3.46,18.37,9.31,0.0
20231202:1510,0.0,0.0,0.0,0.0,18.16,9.45,0.0
20231202:1610,0.0,0.0,0.0,0.0,18.07,9.72,0.0
20231202:1710,0.0,0.0,0.0,0.0,17.99,9.86,0.0
20231202:1810,0.0,0.0,0.0,0.0,17.87,9.79,0.0
20231202:1910,0.0,0.0,0.0,0.0,17.91,9.86,0.0
20231202:2010,0.0,0.0,0.0,0.0,17.82,10.0,0.0
20231202:2110,0.0,0.0,0.0,0.0,17.8,10.07,0.0
20231202:2210,0.0,0.0,0.0,0.0,17.7,9.93,0.0
20231202:2310,0.0,0.0,0.0,0.0,17.57,9.66,0.0
20231203:0010,0.0,0.0,0.0,0.0,17.38,9.03,0.0
20231203:0110,0.0,0.0,0.0,0.0,17.15,8.41,0.0
20231203:0210,0.0,0.0,0.0,0.0,16.86,8.0,0.0
20231203:0310,0.0,0.0,0.0,0.0,16.62,7.66,0.0
20231203:0410,0.0,0.0,0.0,0.0,16.41,7.38,0.0
20231203:0510,0.0,0.0,0.0,0.0,16.26,7.1,0.0
20231203:0610,0.0,35.0,0.0,8.27,16.17,6.83,0.0
20231203:0710,28.0,125.0,0.0,16.29,16.75,6.76,0.0
20231203:0810,12.0,160.0,0.0,22.41,17.06,6.62,0.0
20231203:0910,20.0,195.0,0.0,26.05,17.51,6.41,0.0
20231203:1010,227.01,164.0,0.0,26.76,17.82,6.28,0.0
20231203:1110,155.01,173.0,0.0,24.45,18.13,5.93,0.0
20231203:1210,105.0,141.0,0.0,19.42,18.28,5.45,0.0
20231203:1310,21.0,90.0,0.0,12.22,18.09,5.03,0.0
20231203:1410,0.0,9.0,0.0,3.41,17.51,4.34,0.0
20231203:1510,0.0,0.0,0.0,0.0,16.82,3.66,0.0
20231203:1610,0.0,0.0,0.0,0.0,16.33,3.31,0.0
20231203:1710,0.0,0.0,0.0,0.0,15.96,3.03,0.0
20231203:1810,0.0,0.0,0.0,0.0,15.66,2.9,0.0
20231203:1910,0.0,0.0,0.0,0.0,15.79,3.59,0.0
20231203:2010,0.0,0.0,0.0,0.0,14.78,3.45,0.0
20231203:2110,0.0,0.0,0.0,0.0,13.21,4.48,0.0
20231203:2210,0.0,0.0,0.0,0.0,12.09,4.9,0.0
20231203:2310,0.0,0.0,0.0,0.0,11.53,4.97,0.0
20231204:0010,0.0,0.0,0.0,0.0,11.22,5.03,0.0
20231204:0110,0.0,0.0,0.0,0.0,11.22,5.45,0.0
20231204:0210,0.0,0.0,0.0,0.0,11.26,5.66,0.0
20231204:0310,0.0,0.0,0.0,0.0,11.19,5.52,0.0
20231204:0410,0.0,0.0,0.0,0.0,11.01,5.52,0.0
20231204:0510,0.0,0.0,0.0,0.0,10.79,5.79,0.0
20231204:0610,0.0,56.0,0.0,8.11,10.52,6.07,0.0
20231204:0710,0.0,26.0,0.0,16.12,10.02,6.55,0.0
20231204:0810,0.0,31.0,0.0,22.25,9.93,6.48,0.0
20231204:0910,0.0,46.0,0.0,25.89,9.9,6.34,0.0
20231204:1010,0.0,62.0,0.0,26.63,9.71,6.62,0.0
20231204:1110,0.0,98.0,0.0,24.34,9.39,7.45,0.0
20231204:1210,0.0,78.0,0.0,19.34,9.13,7.59,0.0
20231204:1310,0.0,28.0,0.0,12.16,8.89,7.66,0.0
20231204:1410,3.0,17.35,0.0,3.37,8.66,7.72,0.0
20231204:1510,0.0,0.0,0.0,0.0,8.63,7.59,0.0
20231204:1610,0.0,0.0,0.0,0.0,8.7,7.45,0.0
20231204:1710,0.0,0.0,0.0,0.0,8.72,7.52,0.0
20231204:1810,0.0,0.0,0.0,0.0,8.79,7.66,0.0
20231204:1910,0.0,0.0,0.0,0.0,8.88,7.17,0.0
20231204:2010,0.0,0.0,0.0,0.0,8.91,7.31,0.0
20231204:2110,0.0,0.0,0.0,0.0,8.92,7.52,0.0
20231204:2210,0.0,0.0,0.0,0.0,8.98,7.52,0.0
20231204:2310,0.0,0.0,0.0,0.0,9.05,7.45,0.0
20231205:0010,0.0,0.0,0.0,0.0,9.1,7.52,0.0
20231205:0110,0.0,0.0,0.0,0.0,9.22,7.52,0.0
20231205:0210,0.0,0.0,0.0,0.0,9.16,6.9,0.0
20231205:0310,0.0,0.0,0.0,0.0,9.14,6.97,0.0
20231205:0410,0.0,0.0,0.0,0.0,9.13,6.76,0.0
20231205:0510,0.0,0.0,0.0,0.0,9.34,6.9,0.0
20231205:0610,0.0,49.0,0.0,7.95,9.57,7.03,0.0
20231205:0710,7.0,105.0,0.0,15.96,9.9,6.62,0.0
20231205:0810,0.0,115.0,0.0,22.09,10.27,6.55,0.0
20231205:0910,0.0,114.0,0.0,25.75,10.77,5.79,0.0
20231205:1010,0.0,55.0,0.0,26.5,11.26,5.1,0.0
20231205:1110,0.0,61.0,0.0,24.24,11.61,4.48,0.0
20231205:1210,0.0,52.0,0.0,19.26,11.65,4.34,0.0
20231205:1310,0.0,15.0,0.0,12.11,11.72,4.28,0.0
20231205:1410,0.0,13.0,0.0,3.34,11.63,3.86,0.0
20231205:1510,0.0,0.0,0.0,0.0,11.34,3.72,0.0
20231205:1610,0.0,0.0,0.0,0.0,11.02,3.86,0.0
20231205:1710,0.0,0.0,0.0,0.0,10.77,3.79,0.0
20231205:1810,0.0,0.0,0.0,0.0,10.55,3.45,0.0
20231205:1910,0.0,0.0,0.0,0.0,10.29,2.97,0.0
20231205:2010,0.0,0.0,0.0,0.0,10.28,2.76,0.0
20231205:2110,0.0,0.0,0.0,0.0,10.17,2.76,0.0
20231205:2210,0.0,0.0,0.0,0.0,10.17,3.1,0.0
20231205:2310,0.0,0.0,0.0,0.0,10.09,3.17,0.0
20231206:0010,0.0,0.0,0.0,0.0,10.03,3.17,0.0
20231206:0110,0.0,0.0,0.0,0.0,10.16,3.17,0.0
20231206:0210,0.0,0.0,0.0,0.0,10.21,2.97,0.0
20231206:0310,0.0,0.0,0.0,0.0,10.27,2.69,0.0
20231206:0410,0.0,0.0,0.0,0.0,10.44,2.41,0.0
20231206:0510,0.0,0.0,0.0,0.0,10.34,2.07,0.0
20231206:0610,0.0,30.0,0.0,7.79,10.46,1.79,0.0
20231206:0710,0.0,50.0,0.0,15.81,10.05,2.55,0.0
20231206:0810,23.0,167.0,0.0,21.94,10.64,2.83,0.0
20231206:0910,19.0,191.0,0.0,25.61,11.22,2.83,0.0
20231206:1010,2.0,154.0,0.0,26.38,11.77,3.1,0.0
20231206:1110,5.0,153.0,0.0,24.14,12.2,3.45,0.0
20231206:1210,0.0,78.0,0.0,19.19,12.4,3.72,0.0
20231206:1310,33.0,89.0,0.0,12.06,12.26,4.07,0.0
20231206:1410,1.0,13.83,0.0,3.31,11.94,4.14,0.0
20231206:1510,0.0,0.0,0.0,0.0,11.51,4.34,0.0
20231206:1610,0.0,0.0,0.0,0.0,11.26,4.28,0.0
20231206:1710,0.0,0.0,0.0,0.0,11.09,4.07,0.0
20231206:1810,0.0,0.0,0.0,0.0,10.85,3.72,0.0
20231206:1910,0.0,0.0,0.0,0.0,10.28,3.31,0.0
20231206:2010,0.0,0.0,0.0,0.0,10.29,2.55,0.0
20231206:2110,0.0,0.0,0.0,0.0,10.32,1.93,0.0
20231206:2210,0.0,0.0,0.0,0.0,10.41,1.52,0.0
20231206:2310,0.0,0.0,0.0,0.0,10.41,1.1,0.0
20231207:0010,0.0,0.0,0.0,0.0,10.53,0.62,0.0
20231207:0110,0.0,0.0,0.0,0.0,10.89,0.28,0.0
20231207:0210,0.0,0.0,0.0,0.0,10.54,0.62,0.0
20231207:0310,0.0,0.0,0.0,0.0,10.5,1.03,0.0
20231207:0410,0.0,0.0,0.0,0.0,10.7,1.38,0.0
20231207:0510,0.0,0.0,0.0,0.0,10.65,1.45,0.0
20231207:0610,0.0,22.0,0.0,7.64,10.58,1.17,0.0
20231207:0710,0.0,52.0,0.0,15.66,11.12,0.55,0.0
20231207:0810,0.0,66.0,0.0,21.8,11.4,0.9,0.0
20231207:0910,0.0,88.0,0.0,25.48,11.63,1.17,0.0
20231207:1010,0.0,96.0,0.0,26.27,11.95,1.79,0.0
20231207:1110,0.0,72.0,0.0,24.06,11.95,2.21,0.0
20231207:1210,0.0,26.0,0.0,19.13,11.87,2.48,0.0
20231207:1310,0.0,15.0,0.0,12.02,11.53,2.34,0.0
20231207:1410,0.0,3.0,0.0,3.29,11.21,1.86,0.0
20231207:1510,0.0,0.0,0.0,0.0,10.86,1.45,0.0
20231207:1610,0.0,0.0,0.0,0.0,10.62,1.52,0.0
20231207:1710,0.0,0.0,0.0,0.0,10.43,1.72,0.0
20231207:1810,0.0,0.0,0.0,0.0,10.36,1.72,0.0
20231207:1910,0.0,0.0,0.0,0.0,10.19,1.66,0.0
20231207:2010,0.0,0.0,0.0,0.0,10.26,2.21,0.0
20231207:2110,0.0,0.0,0.0,0.0,10.14,3.24,0.0
20231207:2210,0.0,0.0,0.0,0.0,9.97,4.14,0.0
20231207:2310,0.0,0.0,0.0,0.0,9.62,4.76,0.0
20231208:0010,0.0,0.0,0.0,0.0,9.37,5.24,0.0
20231208:0110,0.0,0.0,0.0,0.0,9.3,5.79,0.0
20231208:0210,0.0,0.0,0.0,0.0,9.12,6.0,0.0
20231208:0310,0.0,0.0,0.0,0.0,8.99,5.93,0.0
20231208:0410,0.0,0.0,0.0,0.0,8.87,6.14,0.0
20231208:0510,0.0,0.0,0.0,0.0,8.79,6.21,0.0
20231208:0610,0.0,13.0,0.0,7.49,8.75,6.48,0.0
20231208:0710,6.0,103.0,0.0,15.51,8.48,6.62,0.0
20231208:0810,12.0,154.0,0.0,21.66,8.53,6.28,0.0
20231208:0910,0.0,86.0,0.0,25.36,8.47,6.55,0.0
20231208:1010,0.0,107.0,0.0,26.16,8.39,6.97,0.0
20231208:1110,1.0,134.0,0.0,23.98,8.29,7.17,0.0
20231208:1210,0.0,52.0,0.0,19.07,8.16,7.24,0.0
20231208:1310,0.0,38.0,0.0,11.98,8.09,7.24,0.0
20231208:1410,0.0,3.0,0.0,3.27,7.96,7.38,0.0
20231208:1510,0.0,0.0,0.0,0.0,7.85,7.45,0.0
20231208:1610,0.0,0.0,0.0,0.0,7.83,7.38,0.0
20231208:1710,0.0,0.0,0.0,0.0,7.87,7.52,0.0
20231208:1810,0.0,0.0,0.0,0.0,8.0,6.97,0.0
20231208:1910,0.0,0.0,0.0,0.0,7.51,7.45,0.0
20231208:2010,0.0,0.0,0.0,0.0,7.58,7.59,0.0
20231208:2110,0.0,0.0,0.0,0.0,7.65,7.79,0.0
20231208:2210,0.0,0.0,0.0,0.0,7.74,7.72,0.0
20231208:2310,0.0,0.0,0.0,0.0,7.73,7.93,0.0
20231209:0010,0.0,0.0,0.0,0.0,7.63,8.07,0.0
20231209:0110,0.0,0.0,0.0,0.0,7.73,8.07,0.0
20231209:0210,0.0,0.0,0.0,0.0,8.12,8.62,0.0
20231209:0310,0.0,0.0,0.0,0.0,8.28,8.62,0.0
20231209:0410,0.0,0.0,0.0,0.0,8.42,8.76,0.0
20231209:0510,0.0,0.0,0.0,0.0,8.49,9.03,0.0
20231209:0610,0.0,21.0,0.0,7.35,8.05,9.17,0.0
20231209:0710,0.0,47.0,0.0,15.37,7.43,9.24,0.0
20231209:0810,0.0,68.0,0.0,21.53,7.37,9.1,0.0
20231209:0910,0.0,79.0,0.0,25.24,7.37,8.69,0.0
20231209:1010,0.0,85.0,0.0,26.07,7.55,8.55,0.0
20231209:1110,0.0,109.0,0.0,23.9,7.76,8.69,0.0
20231209:1210,0.0,48.0,0.0,19.02,7.66,8.55,0.0
20231209:1310,17.0,86.0,0.0,11.96,7.63,8.0,0.0
20231209:1410,0.0,3.0,0.0,3.27,7.62,7.72,0.0
20231209:1510,0.0,0.0,0.0,0.0,7.59,7.31,0.0
20231209:1610,0.0,0.0,0.0,0.0,7.69,6.9,0.0
20231209:1710,0.0,0.0,0.0,0.0,7.7,5.93,0.0
20231209:1810,0.0,0.0,0.0,0.0,7.71,6.21,0.0
20231209:1910,0.0,0.0,0.0,0.0,6.13,5.03,0.0
20231209:2010,0.0,0.0,0.0,0.0,6.01,4.69,0.0
20231209:2110,0.0,0.0,0.0,0.0,5.96,4.0,0.0
20231209:2210,0.0,0.0,0.0,0.0,6.02,3.31,0.0
20231209:2310,0.0,0.0,0.0,0.0,6.22,2.62,0.0
20231210:0010,0.0,0.0,0.0,0.0,6.37,1.86,0.0
20231210:0110,0.0,0.0,0.0,0.0,6.51,1.52,0.0
20231210:0210,0.0,0.0,0.0,0.0,6.73,1.45,0.0
20231210:0310,0.0,0.0,0.0,0.0,6.94,1.17,0.0
20231210:0410,0.0,0.0,0.0,0.0,7.04,1.24,0.0
20231210:0510,0.0,0.0,0.0,0.0,7.01,1.72,0.0
20231210:0610,0.0,38.0,0.0,7.21,6.92,2.21,0.0
20231210:0710,31.0,118.0,0.0,15.24,7.41,1.93,0.0
20231210:0810,161.01,140.0,0.0,21.4,8.05,1.86,0.0
20231210:0910,307.01,102.0,0.0,25.13,8.77,1.86,0.0
20231210:1010,280.01,128.0,0.0,25.98,9.54,1.93,0.0
20231210:1110,321.01,82.0,0.0,23.84,9.97,1.59,0.0
20231210:1210,215.01,84.0,0.0,18.98,10.33,1.24,0.0
20231210:1310,106.01,62.0,0.0,11.94,10.51,0.97,0.0
20231210:1410,4.0,17.1,0.0,3.26,10.45,0.76,0.0
20231210:1510,0.0,0.0,0.0,0.0,10.02,1.72,0.0
20231210:1610,0.0,0.0,0.0,0.0,9.35,2.62,0.0
20231210:1710,0.0,0.0,0.0,0.0,8.89,2.76,0.0
20231210:1810,0.0,0.0,0.0,0.0,8.51,2.69,0.0
20231210:1910,0.0,0.0,0.0,0.0,8.52,2.34,0.0
20231210:2010,0.0,0.0,0.0,0.0,8.17,2.07,0.0
20231210:2110,0.0,0.0,0.0,0.0,7.76,2.07,0.0
20231210:2210,0.0,0.0,0.0,0.0,7.6,2.21,0.0
20231210:2310,0.0,0.0,0.0,0.0,7.63,2.14,0.0
20231211:0010,0.0,0.0,0.0,0.0,7.64,2.07,0.0
20231211:0110,0.0,0.0,0.0,0.0,7.7,2.07,0.0
20231211:0210,0.0,0.0,0.0,0.0,8.05,2.28,0.0
20231211:0310,0.0,0.0,0.0,0.0,8.24,2.55,0.0
20231211:0410,0.0,0.0,0.0,0.0,8.04,2.28,0.0
20231211:0510,0.0,0.0,0.0,0.0,7.9,1.86,0.0
20231211:0610,0.0,37.0,0.0,7.08,7.81,1.52,0.0
20231211:0710,73.0,111.0,0.0,15.11,9.17,0.69,0.0
20231211:0810,94.0,166.0,0.0,21.28,10.29,1.1,0.0
20231211:0910,100.0,199.0,0.0,25.02,10.82,2.0,0.0
20231211:1010,143.01,194.0,0.0,25.89,11.27,3.03,0.0
20231211:1110,169.01,161.0,0.0,23.78,11.29,3.1,0.0
20231211:1210,57.0,150.0,0.0,18.95,11.12,2.9,0.0
20231211:1310,111.01,60.0,0.0,11.92,10.86,2.69,0.0
20231211:1410,2.0,15.6,0.0,3.27,10.41,2.9,0.0
20231211:1510,0.0,0.0,0.0,0.0,9.74,3.17,0.0
20231211:1610,0.0,0.0,0.0,0.0,9.27,3.03,0.0
20231211:1710,0.0,0.0,0.0,0.0,8.96,2.83,0.0
20231211:1810,0.0,0.0,0.0,0.0,8.81,2.55,0.0
20231211:1910,0.0,0.0,0.0,0.0,8.45,1.66,0.0
20231211:2010,0.0,0.0,0.0,0.0,8.07,1.72,0.0
20231211:2110,0.0,0.0,0.0,0.0,8.12,1.52,0.0
20231211:2210,0.0,0.0,0.0,0.0,8.07,1.38,0.0
20231211:2310,0.0,0.0,0.0,0.0,8.19,1.52,0.0
20231212:0010,0.0,0.0,0.0,0.0,8.26,1.86,0.0
20231212:0110,0.0,0.0,0.0,0.0,8.29,1.72,0.0
20231212:0210,0.0,0.0,0.0,0.0,8.11,1.86,0.0
20231212:0310,0.0,0.0,0.0,0.0,8.11,2.14,0.0
20231212:0410,0.0,0.0,0.0,0.0,8.16,2.28,0.0
20231212:0510,0.0,0.0,0.0,0.0,8.65,2.41,0.0
20231212:0610,0.0,21.0,0.0,6.95,8.99,2.62,0.0
20231212:0710,4.0,96.0,0.0,14.99,9.56,2.83,0.0
20231212:0810,12.0,153.0,0.0,21.17,10.27,4.0,0.0
20231212:0910,15.0,183.0,0.0,24.93,10.53,4.62,0.0
20231212:1010,0.0,114.0,0.0,25.82,10.88,4.97,0.0
20231212:1110,85.0,191.0,0.0,23.73,11.11,5.03,0.0
20231212:1210,68.0,149.0,0.0,18.92,11.39,4.76,0.0
20231212:1310,28.0,89.0,0.0,11.92,11.26,4.21,0.0
20231212:1410,0.0,6.0,0.0,3.28,10.98,3.66,0.0
20231212:1510,0.0,0.0,0.0,0.0,10.7,3.38,0.0
20231212:1610,0.0,0.0,0.0,0.0,10.55,3.17,0.0
20231212:1710,0.0,0.0,0.0,0.0,10.46,3.17,0.0
20231212:1810,0.0,0.0,0.0,0.0,10.31,3.1,0.0
20231212:1910,0.0,0.0,0.0,0.0,10.09,3.45,0.0
20231212:2010,0.0,0.0,0.0,0.0,10.0,3.45,0.0
20231212:2110,0.0,0.0,0.0,0.0,9.71,3.31,0.0
20231212:2210,0.0,0.0,0.0,0.0,9.46,3.1,0.0
20231212:2310,0.0,0.0,0.0,0.0,9.2,3.24,0.0
20231213:0010,0.0,0.0,0.0,0.0,9.14,2.83,0.0
20231213:0110,0.0,0.0,0.0,0.0,8.78,2.55,0.0
20231213:0210,0.0,0.0,0.0,0.0,8.42,2.48,0.0
20231213:0310,0.0,0.0,0.0,0.0,7.92,2.34,0.0
20231213:0410,0.0,0.0,0.0,0.0,7.26,2.28,0.0
20231213:0510,0.0,0.0,0.0,0.0,6.7,2.28,0.0
20231213:0610,0.0,46.0,0.0,6.83,6.94,2.62,0.0
20231213:0710,123.01,87.0,0.0,14.88,9.49,2.83,0.0
20231213:0810,238.01,95.0,0.0,21.07,10.68,3.17,0.0
20231213:0910,285.01,112.0,0.0,24.84,11.39,3.38,0.0
20231213:1010,233.01,151.0,0.0,25.75,11.96,3.31,0.0
20231213:1110,239.01,124.0,0.0,23.68,12.32,3.31,0.0
20231213:1210,146.01,119.0,0.0,18.9,12.71,3.1,0.0
20231213:1310,32.0,89.0,0.0,11.92,12.74,2.62,0.0
20231213:1410,1.0,15.8,0.0,3.29,12.26,2.9,0.0
20231213:1510,0.0,0.0,0.0,0.0,11.66,3.31,0.0
20231213:1610,0.0,0.0,0.0,0.0,11.39,3.24,0.0
20231213:1710,0.0,0.0,0.0,0.0,11.16,3.31,0.0
20231213:1810,0.0,0.0,0.0,0.0,11.09,3.45,0.0
20231213:1910,0.0,0.0,0.0,0.0,11.51,3.66,0.0
20231213:2010,0.0,0.0,0.0,0.0,11.67,3.72,0.0
20231213:2110,0.0,0.0,0.0,0.0,11.61,3.86,0.0
20231213:2210,0.0,0.0,0.0,0.0,11.62,4.14,0.0
20231213:2310,0.0,0.0,0.0,0.0,11.73,4.41,0.0
20231214:0010,0.0,0.0,0.0,0.0,11.82,5.1,0.0
20231214:0110,0.0,0.0,0.0,0.0,12.04,5.59,0.0
20231214:0210,0.0,0.0,0.0,0.0,12.26,6.0,0.0
20231214:0310,0.0,0.0,0.0,0.0,12.48,6.28,0.0
20231214:0410,0.0,0.0,0.0,0.0,12.55,6.34,0.0
20231214:0510,0.0,0.0,0.0,0.0,12.61,6.28,0.0
20231214:0610,0.0,25.0,0.0,6.72,12.64,6.14,0.0
20231214:0710,6.0,98.0,0.0,14.77,12.99,6.0,0.0
20231214:0810,30.0,164.0,0.0,20.97,13.84,5.86,0.0
20231214:0910,6.0,162.0,0.0,24.76,14.75,5.93,0.0
20231214:1010,190.01,171.0,0.0,25.69,15.54,6.07,0.0
20231214:1110,35.0,188.0,0.0,23.65,16.09,6.21,0.0
20231214:1210,42.0,149.0,0.0,18.89,16.43,6.62,0.0
20231214:1310,11.0,82.0,0.0,11.92,16.4,6.76,0.0
20231214:1410,0.0,8.0,0.0,3.31,16.09,6.55,0.0
20231214:1510,0.0,0.0,0.0,0.0,15.66,6.28,0.0
20231214:1610,0.0,0.0,0.0,0.0,15.38,6.07,0.0
20231214:1710,0.0,0.0,0.0,0.0,15.16,6.0,0.0
20231214:1810,0.0,0.0,0.0,0.0,14.98,6.0,0.0
20231214:1910,0.0,0.0,0.0,0.0,15.07,5.52,0.0
20231214:2010,0.0,0.0,0.0,0.0,14.81,5.31,0.0
20231214:2110,0.0,0.0,0.0,0.0,14.55,4.9,0.0
20231214:2210,0.0,0.0,0.0,0.0,14.26,4.48,0.0
20231214:2310,0.0,0.0,0.0,0.0,14.09,4.21,0.0
20231215:0010,0.0,0.0,0.0,0.0,13.61,4.0,0.0
20231215:0110,0.0,0.0,0.0,0.0,13.18,3.79,0.0
20231215:0210,0.0,0.0,0.0,0.0,12.86,3.52,0.0
20231215:0310,0.0,0.0,0.0,0.0,12.58,3.1,0.0
20231215:0410,0.0,0.0,0.0,0.0,11.97,2.41,0.0
20231215:0510,0.0,0.0,0.0,0.0,11.3,1.45,0.0
20231215:0610,0.0,36.0,0.0,6.61,12.16,0.41,0.0
20231215:0710,12.0,105.0,0.0,14.66,10.8,3.66,0.0
20231215:0810,9.0,145.0,0.0,20.88,11.25,4.28,0.0
20231215:0910,1.0,135.0,0.0,24.68,11.72,4.69,0.0
20231215:1010,30.0,199.0,0.0,25.64,11.95,5.03,0.0
20231215:1110,5.0,151.0,0.0,23.62,11.85,5.38,0.0
20231215:1210,3.0,115.0,0.0,18.88,11.65,5.86,0.0
20231215:1310,2.0,66.0,0.0,11.94,11.17,6.14,0.0
20231215:1410,0.0,10.0,0.0,3.34,10.67,6.34,0.0
20231215:1510,0.0,0.0,0.0,0.0,10.18,6.69,0.0
20231215:1610,0.0,0.0,0.0,0.0,9.92,6.76,0.0
20231215:1710,0.0,0.0,0.0,0.0,9.78,6.76,0.0
20231215:1810,0.0,0.0,0.0,0.0,9.72,6.9,0.0
20231215:1910,0.0,0.0,0.0,0.0,9.4,7.59,0.0
20231215:2010,0.0,0.0,0.0,0.0,9.3,7.66,0.0
20231215:2110,0.0,0.0,0.0,0.0,9.18,8.07,0.0
20231215:2210,0.0,0.0,0.0,0.0,9.06,8.14,0.0
20231215:2310,0.0,0.0,0.0,0.0,8.94,8.14,0.0
20231216:0010,0.0,0.0,0.0,0.0,8.9,8.0,0.0
20231216:0110,0.0,0.0,0.0,0.0,8.84,7.79,0.0
20231216:0210,0.0,0.0,0.0,0.0,8.82,7.93,0.0
20231216:0310,0.0,0.0,0.0,0.0,8.76,8.21,0.0
20231216:0410,0.0,0.0,0.0,0.0,8.66,8.69,0.0
20231216:0510,0.0,0.0,0.0,0.0,8.48,8.76,0.0
20231216:0610,0.0,7.0,0.0,6.5,8.33,8.83,0.0
20231216:0710,0.0,31.0,0.0,14.57,8.83,8.48,0.0
20231216:0810,0.0,40.0,0.0,20.79,9.18,8.48,0.0
20231216:0910,0.0,91.0,0.0,24.62,9.33,8.62,0.0
20231216:1010,0.0,71.0,0.0,25.59,9.09,8.9,0.0
20231216:1110,0.0,85.0,0.0,23.6,8.59,9.86,0.0
20231216:1210,0.0,89.0,0.0,18.88,7.93,10.55,0.0
20231216:1310,0.0,55.0,0.0,11.96,7.36,11.17,0.0
20231216:1410,3.0,17.35,0.0,3.38,7.04,10.97,0.0
20231216:1510,0.0,0.0,0.0,0.0,6.84,10.9,0.0
20231216:1610,0.0,0.0,0.0,0.0,6.61,10.48,0.0
20231216:1710,0.0,0.0,0.0,0.0,6.49,10.0,0.0
20231216:1810,0.0,0.0,0.0,0.0,6.39,9.59,0.0
20231216:1910,0.0,0.0,0.0,0.0,6.21,9.66,0.0
20231216:2010,0.0,0.0,0.0,0.0,6.07,9.59,0.0
20231216:2110,0.0,0.0,0.0,0.0,5.93,9.38,0.0
20231216:2210,0.0,0.0,0.0,0.0,5.88,9.03,0.0
20231216:2310,0.0,0.0,0.0,0.0,5.95,8.76,0.0
20231217:0010,0.0,0.0,0.0,0.0,6.06,8.55,0.0
20231217:0110,0.0,0.0,0.0,0.0,5.99,8.28,0.0
20231217:0210,0.0,0.0,0.0,0.0,6.01,7.59,0.0
20231217:0310,0.0,0.0,0.0,0.0,6.05,7.1,0.0
20231217:0410,0.0,0.0,0.0,0.0,6.21,6.76,0.0
20231217:0510,0.0,0.0,0.0,0.0,6.39,6.41,0.0
20231217:0610,0.0,39.0,0.0,6.4,6.52,6.21,0.0
20231217:0710,114.01,89.0,0.0,14.48,6.76,6.62,0.0
20231217:0810,41.0,168.0,0.0,20.71,7.07,6.97,0.0
20231217:0910,109.0,196.0,0.0,24.56,7.35,6.9,0.0
20231217:1010,17.0,192.0,0.0,25.56,7.56,6.48,0.0
20231217:1110,14.0,175.0,0.0,23.58,7.89,6.34,0.0
20231217:1210,32.0,150.0,0.0,18.89,7.84,6.48,0.0
20231217:1310,74.0,79.0,0.0,11.98,7.73,6.21,0.0
20231217:1410,1.0,13.83,0.0,3.42,7.52,5.52,0.0
20231217:1510,0.0,0.0,0.0,0.0,7.15,4.55,0.0
20231217:1610,0.0,0.0,0.0,0.0,6.74,4.07,0.0
20231217:1710,0.0,0.0,0.0,0.0,6.36,3.66,0.0
20231217:1810,0.0,0.0,0.0,0.0,6.17,3.45,0.0
20231217:1910,0.0,0.0,0.0,0.0,5.94,3.24,0.0
20231217:2010,0.0,0.0,0.0,0.0,5.75,3.1,0.0
20231217:2110,0.0,0.0,0.0,0.0,5.54,2.97,0.0
20231217:2210,0.0,0.0,0.0,0.0,5.28,2.97,0.0
20231217:2310,0.0,0.0,0.0,0.0,5.14,3.03,0.0
20231218:0010,0.0,0.0,0.0,0.0,5.06,3.1,0.0
20231218:0110,0.0,0.0,0.0,0.0,5.15,3.31,0.0
20231218:0210,0.0,0.0,0.0,0.0,5.15,3.1,0.0
20231218:0310,0.0,0.0,0.0,0.0,5.05,2.97,0.0
20231218:0410,0.0,0.0,0.0,0.0,5.02,3.03,0.0
20231218:0510,0.0,0.0,0.0,0.0,4.87,2.69,0.0
20231218:0610,0.0,38.0,0.0,6.31,4.66,2.34,0.0
20231218:0710,147.01,69.0,0.0,14.39,5.63,2.0,0.0
20231218:0810,235.01,92.0,0.0,20.64,6.78,1.72,0.0
20231218:0910,305.01,97.0,0.0,24.5,7.55,1.52,0.0
20231218:1010,317.01,101.0,0.0,25.53,8.17,1.17,0.0
20231218:1110,266.01,108.0,0.0,23.58,8.66,1.1,0.0
20231218:1210,156.01,114.0,0.0,18.91,8.96,1.03,0.0
20231218:1310,108.01,62.0,0.0,12.02,8.98,1.03,0.0
20231218:1410,7.0,17.44,0.0,3.46,8.8,1.24,0.0
20231218:1510,0.0,0.0,0.0,0.0,7.8,1.31,0.0
20231218:1610,0.0,0.0,0.0,0.0,7.02,1.24,0.0
20231218:1710,0.0,0.0,0.0,0.0,7.44,1.17,0.0
20231218:1810,0.0,0.0,0.0,0.0,8.3,0.76,0.0
20231218:1910,0.0,0.0,0.0,0.0,8.64,1.1,0.0
20231218:2010,0.0,0.0,0.0,0.0,7.99,1.24,0.0
20231218:2110,0.0,0.0,0.0,0.0,7.9,1.24,0.0
20231218:2210,0.0,0.0,0.0,0.0,8.06,1.24,0.0
20231218:2310,0.0,0.0,0.0,0.0,8.25,1.17,0.0
20231219:0010,0.0,0.0,0.0,0.0,8.26,0.9,0.0
20231219:0110,0.0,0.0,0.0,0.0,8.17,0.76,0.0
20231219:0210,0.0,0.0,0.0,0.0,8.09,0.97,0.0
20231219:0310,0.0,0.0,0.0,0.0,7.42,1.24,0.0
20231219:0410,0.0,0.0,0.0,0.0,7.73,1.17,0.0
20231219:0510,0.0,0.0,0.0,0.0,7.41,1.24,0.0
20231219:0610,0.0,38.0,0.0,6.22,7.28,1.31,0.0
20231219:0710,144.01,71.0,0.0,14.31,5.78,1.79,0.0
20231219:0810,231.01,96.0,0.0,20.58,8.92,1.31,0.0
20231219:0910,296.01,104.0,0.0,24.46,9.81,0.83,0.0
20231219:1010,307.01,109.0,0.0,25.51,10.52,0.21,0.0
20231219:1110,266.01,110.0,0.0,23.58,11.03,0.48,0.0
20231219:1210,197.01,94.0,0.0,18.93,11.42,1.17,0.0
20231219:1310,104.01,65.0,0.0,12.06,11.42,1.66,0.0
20231219:1410,9.0,17.02,0.0,3.52,10.88,1.93,0.0
20231219:1510,0.0,0.0,0.0,0.0,9.75,2.07,0.0
20231219:1610,0.0,0.0,0.0,0.0,8.34,2.07,0.0
20231219:1710,0.0,0.0,0.0,0.0,7.03,2.0,0.0
20231219:1810,0.0,0.0,0.0,0.0,6.36,1.93,0.0
20231219:1910,0.0,0.0,0.0,0.0,9.46,0.9,0.0
20231219:2010,0.0,0.0,0.0,0.0,8.38,1.31,0.0
20231219:2110,0.0,0.0,0.0,0.0,6.5,1.79,0.0
20231219:2210,0.0,0.0,0.0,0.0,5.79,2.0,0.0
20231219:2310,0.0,0.0,0.0,0.0,5.6,2.07,0.0
20231220:0010,0.0,0.0,0.0,0.0,5.24,2.21,0.0
20231220:0110,0.0,0.0,0.0,0.0,4.89,2.34,0.0
20231220:0210,0.0,0.0,0.0,0.0,5.04,2.21,0.0
20231220:0310,0.0,0.0,0.0,0.0,5.74,1.86,0.0
20231220:0410,0.0,0.0,0.0,0.0,6.54,1.59,0.0
20231220:0510,0.0,0.0,0.0,0.0,6.12,1.72,0.0
20231220:0610,0.0,38.0,0.0,6.14,4.9,2.07,0.0
20231220:0710,143.01,71.0,0.0,14.24,6.64,2.34,0.0
20231220:0810,239.01,90.0,0.0,20.52,9.3,2.55,0.0
20231220:0910,296.01,103.0,0.0,24.42,10.4,2.76,0.0
20231220:1010,313.01,105.0,0.0,25.49,11.28,3.03,0.0
20231220:1110,266.01,110.0,0.0,23.59,11.9,3.31,0.0
20231220:1210,184.01,102.0,0.0,18.96,12.16,3.17,0.0
20231220:1310,97.01,69.0,0.0,12.1,12.1,2.83,0.0
20231220:1410,9.0,17.95,0.0,3.57,11.59,2.62,0.0
20231220:1510,0.0,0.0,0.0,0.0,10.75,2.62,0.0
20231220:1610,0.0,0.0,0.0,0.0,10.2,2.97,0.0
20231220:1710,0.0,0.0,0.0,0.0,10.13,3.45,0.0
20231220:1810,0.0,0.0,0.0,0.0,10.23,3.79,0.0
20231220:1910,0.0,0.0,0.0,0.0,10.72,3.59,0.0
20231220:2010,0.0,0.0,0.0,0.0,10.52,3.38,0.0
20231220:2110,0.0,0.0,0.0,0.0,10.23,3.31,0.0
20231220:2210,0.0,0.0,0.0,0.0,9.89,3.24,0.0
20231220:2310,0.0,0.0,0.0,0.0,9.72,3.31,0.0
20231221:0010,0.0,0.0,0.0,0.0,9.74,3.31,0.0
20231221:0110,0.0,0.0,0.0,0.0,9.67,3.45,0.0
20231221:0210,0.0,0.0,0.0,0.0,9.55,3.52,0.0
20231221:0310,0.0,0.0,0.0,0.0,9.49,3.66,0.0
20231221:0410,0.0,0.0,0.0,0.0,9.45,3.66,0.0
20231221:0510,0.0,0.0,0.0,0.0,9.51,3.52,0.0
20231221:0610,0.0,27.0,0.0,6.06,9.64,3.31,0.0
20231221:0710,0.0,39.0,0.0,14.18,10.53,2.83,0.0
20231221:0810,1.0,111.0,0.0,20.47,11.33,2.41,0.0
20231221:0910,9.0,168.0,0.0,24.39,12.02,2.34,0.0
20231221:1010,32.0,200.0,0.0,25.48,12.03,2.48,0.0
20231221:1110,6.0,154.0,0.0,23.6,11.63,2.34,0.0
20231221:1210,48.0,149.0,0.0,18.99,11.27,1.79,0.0
20231221:1310,32.0,90.0,0.0,12.15,11.13,0.97,0.0
20231221:1410,3.0,18.36,0.0,3.64,10.89,0.48,0.0
20231221:1510,0.0,0.0,0.0,0.0,10.31,1.38,0.0
20231221:1610,0.0,0.0,0.0,0.0,9.95,2.07,0.0
20231221:1710,0.0,0.0,0.0,0.0,9.5,2.69,0.0
20231221:1810,0.0,0.0,0.0,0.0,9.06,2.97,0.0
20231221:1910,0.0,0.0,0.0,0.0,8.79,3.17,0.0
20231221:2010,0.0,0.0,0.0,0.0,8.63,2.97,0.0
20231221:2110,0.0,0.0,0.0,0.0,8.52,2.55,0.0
20231221:2210,0.0,0.0,0.0,0.0,8.46,2.0,0.0
20231221:2310,0.0,0.0,0.0,0.0,8.4,1.45,0.0
20231222:0010,0.0,0.0,0.0,0.0,8.23,0.83,0.0
20231222:0110,0.0,0.0,0.0,0.0,8.59,0.41,0.0
20231222:0210,0.0,0.0,0.0,0.0,8.69,1.52,0.0
20231222:0310,0.0,0.0,0.0,0.0,8.88,2.76,0.0
20231222:0410,0.0,0.0,0.0,0.0,9.16,3.66,0.0
20231222:0510,0.0,0.0,0.0,0.0,9.41,4.28,0.0
20231222:0610,0.0,39.0,0.0,5.99,9.49,4.14,0.0
20231222:0710,24.0,107.0,0.0,14.12,9.97,4.41,0.0
20231222:0810,17.0,152.0,0.0,20.43,10.64,4.97,0.0
20231222:0910,14.0,176.0,0.0,24.37,11.12,5.31,0.0
20231222:1010,0.0,125.0,0.0,25.49,11.48,5.93,0.0
20231222:1110,2.0,135.0,0.0,23.63,11.8,6.07,0.0
20231222:1210,0.0,58.0,0.0,19.04,11.94,6.55,0.0
20231222:1310,0.0,43.0,0.0,12.21,11.67,6.69,0.0
20231222:1410,0.0,5.0,0.0,3.71,10.98,6.62,0.0
20231222:1510,0.0,0.0,0.0,0.0,10.23,6.55,0.0
20231222:1610,0.0,0.0,0.0,0.0,10.01,6.28,0.0
20231222:1710,0.0,0.0,0.0,0.0,9.79,5.72,0.0
20231222:1810,0.0,0.0,0.0,0.0,9.67,5.24,0.0
20231222:1910,0.0,0.0,0.0,0.0,9.6,5.31,0.0
20231222:2010,0.0,0.0,0.0,0.0,9.79,5.52,0.0
20231222:2110,0.0,0.0,0.0,0.0,9.89,6.07,0.0
20231222:2210,0.0,0.0,0.0,0.0,9.87,5.93,0.0
20231222:2310,0.0,0.0,0.0,0.0,9.83,5.59,0.0
20231223:0010,0.0,0.0,0.0,0.0,9.4,5.24,0.0
20231223:0110,0.0,0.0,0.0,0.0,8.78,4.69,0.0
20231223:0210,0.0,0.0,0.0,0.0,8.36,4.07,0.0
20231223:0310,0.0,0.0,0.0,0.0,8.38,4.28,0.0
20231223:0410,0.0,0.0,0.0,0.0,8.51,4.34,0.0
20231223:0510,0.0,0.0,0.0,0.0,8.66,4.69,0.0
20231223:0610,0.0,9.0,0.0,5.92,8.98,5.03,0.0
20231223:0710,22.0,107.0,0.0,14.07,10.05,7.03,0.0
20231223:0810,37.0,164.0,0.0,20.4,10.82,8.0,0.0
20231223:0910,37.0,196.0,0.0,24.36,11.34,9.1,0.0
20231223:1010,351.01,87.0,0.0,25.49,11.6,10.28,0.0
20231223:1110,52.0,193.0,0.0,23.66,11.71,10.48,0.0
20231223:1210,0.0,87.0,0.0,19.09,12.07,10.97,0.0
20231223:1310,5.0,80.0,0.0,12.28,12.82,10.48,0.0
20231223:1410,0.0,3.0,0.0,3.79,11.9,9.93,0.0
20231223:1510,0.0,0.0,0.0,0.0,11.62,8.55,0.0
20231223:1610,0.0,0.0,0.0,0.0,11.74,8.14,0.0
20231223:1710,0.0,0.0,0.0,0.0,11.12,7.24,0.0
20231223:1810,0.0,0.0,0.0,0.0,10.41,5.72,0.0
20231223:1910,0.0,0.0,0.0,0.0,10.86,4.07,0.0
20231223:2010,0.0,0.0,0.0,0.0,10.27,3.72,0.0
20231223:2110,0.0,0.0,0.0,0.0,9.86,2.69,0.0
20231223:2210,0.0,0.0,0.0,0.0,9.52,2.28,0.0
20231223:2310,0.0,0.0,0.0,0.0,10.18,3.93,0.0
20231224:0010,0.0,0.0,0.0,0.0,10.58,5.24,0.0
20231224:0110,0.0,0.0,0.0,0.0,11.14,6.62,0.0
20231224:0210,0.0,0.0,0.0,0.0,11.26,7.1,0.0
20231224:0310,0.0,0.0,0.0,0.0,11.54,7.31,0.0
20231224:0410,0.0,0.0,0.0,0.0,11.7,7.03,0.0
20231224:0510,0.0,0.0,0.0,0.0,11.35,6.07,0.0
20231224:0610,0.0,33.0,0.0,5.87,10.88,5.31,0.0
20231224:0710,77.0,99.0,0.0,14.02,12.25,6.76,0.0
20231224:0810,231.01,91.0,0.0,20.37,12.58,5.79,0.0
20231224:0910,314.01,92.0,0.0,24.35,12.53,4.55,0.0
20231224:1010,14.0,187.0,0.0,25.51,12.83,3.45,0.0
20231224:1110,244.01,122.0,0.0,23.7,13.2,2.9,0.0
20231224:1210,214.01,86.0,0.0,19.15,13.55,3.31,0.0
20231224:1310,124.01,59.0,0.0,12.35,13.57,3.66,0.0
20231224:1410,0.0,3.0,0.0,3.87,12.97,3.52,0.0
20231224:1510,0.0,0.0,0.0,0.0,12.14,3.59,0.0
20231224:1610,0.0,0.0,0.0,0.0,11.78,4.0,0.0
20231224:1710,0.0,0.0,0.0,0.0,11.75,3.86,0.0
20231224:1810,0.0,0.0,0.0,0.0,11.7,3.66,0.0
20231224:1910,0.0,0.0,0.0,0.0,11.84,3.93,0.0
20231224:2010,0.0,0.0,0.0,0.0,11.84,4.21,0.0
20231224:2110,0.0,0.0,0.0,0.0,11.89,4.21,0.0
20231224:2210,0.0,0.0,0.0,0.0,11.93,4.21,0.0
20231224:2310,0.0,0.0,0.0,0.0,12.05,4.41,0.0
20231225:0010,0.0,0.0,0.0,0.0,12.1,4.55,0.0
20231225:0110,0.0,0.0,0.0,0.0,12.24,4.76,0.0
20231225:0210,0.0,0.0,0.0,0.0,12.26,5.24,0.0
20231225:0310,0.0,0.0,0.0,0.0,12.5,5.59,0.0
20231225:0410,0.0,0.0,0.0,0.0,12.42,5.72,0.0
20231225:0510,0.0,0.0,0.0,0.0,12.38,5.66,0.0
20231225:0610,0.0,35.0,0.0,5.81,12.32,5.59,0.0
20231225:0710,134.01,70.0,0.0,13.98,13.14,6.21,0.0
20231225:0810,227.01,91.0,0.0,20.35,13.91,6.21,0.0
20231225:0910,285.01,104.0,0.0,24.35,14.55,6.21,0.0
20231225:1010,303.01,107.0,0.0,25.53,14.87,6.62,0.0
20231225:1110,210.01,139.0,0.0,23.74,15.04,6.76,0.0
20231225:1210,113.0,136.0,0.0,19.21,15.21,6.97,0.0
20231225:1310,91.01,74.0,0.0,12.43,15.23,6.97,0.0
20231225:1410,9.0,19.97,0.0,3.96,14.98,6.83,0.0
20231225:1510,0.0,0.0,0.0,0.0,14.65,6.69,0.0
20231225:1610,0.0,0.0,0.0,0.0,14.5,6.55,0.0
20231225:1710,0.0,0.0,0.0,0.0,14.39,6.48,0.0
20231225:1810,0.0,0.0,0.0,0.0,14.24,6.34,0.0
20231225:1910,0.0,0.0,0.0,0.0,14.33,6.55,0.0
20231225:2010,0.0,0.0,0.0,0.0,14.09,6.41,0.0
20231225:2110,0.0,0.0,0.0,0.0,13.85,6.41,0.0
20231225:2210,0.0,0.0,0.0,0.0,13.7,6.41,0.0
20231225:2310,0.0,0.0,0.0,0.0,13.55,6.28,0.0
20231226:0010,0.0,0.0,0.0,0.0,13.4,6.0,0.0
20231226:0110,0.0,0.0,0.0,0.0,13.31,5.79,0.0
20231226:0210,0.0,0.0,0.0,0.0,13.13,5.59,0.0
20231226:0310,0.0,0.0,0.0,0.0,12.95,5.24,0.0
20231226:0410,0.0,0.0,0.0,0.0,12.75,4.9,0.0
20231226:0510,0.0,0.0,0.0,0.0,12.52,4.62,0.0
20231226:0610,0.0,34.0,0.0,5.77,12.33,4.48,0.0
20231226:0710,131.01,71.0,0.0,13.95,12.97,4.69,0.0
20231226:0810,225.01,92.0,0.0,20.33,13.78,4.48,0.0
20231226:0910,278.01,108.0,0.0,24.36,14.47,4.62,0.0
20231226:1010,296.01,111.0,0.0,25.57,14.89,4.76,0.0
20231226:1110,259.01,112.0,0.0,23.8,15.13,4.9,0.0
20231226:1210,163.01,113.0,0.0,19.28,15.18,4.9,0.0
20231226:1310,82.0,79.0,0.0,12.51,15.01,4.83,0.0
20231226:1410,7.0,21.39,0.0,4.05,14.54,4.48,0.0
20231226:1510,0.0,0.0,0.0,0.0,14.03,4.14,0.0
20231226:1610,0.0,0.0,0.0,0.0,13.71,3.93,0.0
20231226:1710,0.0,0.0,0.0,0.0,13.54,4.21,0.0
20231226:1810,0.0,0.0,0.0,0.0,13.52,4.62,0.0
20231226:1910,0.0,0.0,0.0,0.0,13.93,5.93,0.0
20231226:2010,0.0,0.0,0.0,0.0,13.89,6.14,0.0
20231226:2110,0.0,0.0,0.0,0.0,13.87,6.21,0.0
20231226:2210,0.0,0.0,0.0,0.0,13.8,6.21,0.0
20231226:2310,0.0,0.0,0.0,0.0,13.73,6.21,0.0
20231227:0010,0.0,0.0,0.0,0.0,13.59,5.93,0.0
20231227:0110,0.0,0.0,0.0,0.0,13.31,5.45,0.0
20231227:0210,0.0,0.0,0.0,0.0,13.21,5.24,0.0
20231227:0310,0.0,0.0,0.0,0.0,13.08,5.03,0.0
20231227:0410,0.0,0.0,0.0,0.0,13.07,4.9,0.0
20231227:0510,0.0,0.0,0.0,0.0,13.06,4.83,0.0
20231227:0610,0.0,33.0,0.0,5.72,12.92,4.69,0.0
20231227:0710,101.01,87.0,0.0,13.92,13.16,4.34,0.0
20231227:0810,226.01,93.0,0.0,20.33,13.97,4.21,0.0
20231227:0910,284.01,107.0,0.0,24.37,14.62,4.55,0.0
20231227:1010,308.01,107.0,0.0,25.61,15.12,4.76,0.0
20231227:1110,219.01,137.0,0.0,23.86,15.17,4.41,0.0
20231227:1210,145.01,125.0,0.0,19.36,15.05,3.79,0.0
20231227:1310,93.01,75.0,0.0,12.6,14.89,3.31,0.0
20231227:1410,15.0,19.62,0.0,4.15,14.08,2.83,0.0
20231227:1510,0.0,0.0,0.0,0.0,13.42,2.34,0.0
20231227:1610,0.0,0.0,0.0,0.0,12.35,1.52,0.0
20231227:1710,0.0,0.0,0.0,0.0,11.24,1.1,0.0
20231227:1810,0.0,0.0,0.0,0.0,10.13,1.45,0.0
20231227:1910,0.0,0.0,0.0,0.0,12.11,0.76,0.0
20231227:2010,0.0,0.0,0.0,0.0,11.81,0.97,0.0
20231227:2110,0.0,0.0,0.0,0.0,11.46,0.97,0.0
20231227:2210,0.0,0.0,0.0,0.0,11.03,0.83,0.0
20231227:2310,0.0,0.0,0.0,0.0,8.46,0.69,0.0
20231228:0010,0.0,0.0,0.0,0.0,7.43,0.97,0.0
20231228:0110,0.0,0.0,0.0,0.0,7.18,1.24,0.0
20231228:0210,0.0,0.0,0.0,0.0,7.6,1.52,0.0
20231228:0310,0.0,0.0,0.0,0.0,7.62,1.66,0.0
20231228:0410,0.0,0.0,0.0,0.0,7.45,1.59,0.0
20231228:0510,0.0,0.0,0.0,0.0,7.32,1.52,0.0
20231228:0610,0.0,33.0,0.0,5.69,7.25,1.38,0.0
20231228:0710,142.01,68.0,0.0,13.9,7.58,1.31,0.0
20231228:0810,234.01,92.0,0.0,20.33,8.3,0.97,0.0
20231228:0910,299.01,102.0,0.0,24.4,9.29,0.76,0.0
20231228:1010,318.01,106.0,0.0,25.65,10.48,0.62,0.0
20231228:1110,295.01,99.0,0.0,23.93,11.38,0.83,0.0
20231228:1210,199.01,100.0,0.0,19.45,11.82,1.1,0.0
20231228:1310,110.01,70.0,0.0,12.7,11.79,0.76,0.0
20231228:1410,22.0,17.38,0.0,4.25,11.44,0.41,0.0
20231228:1510,0.0,0.0,0.0,0.0,10.85,0.21,0.0
20231228:1610,0.0,0.0,0.0,0.0,10.39,0.62,0.0
20231228:1710,0.0,0.0,0.0,0.0,9.79,0.97,0.0
20231228:1810,0.0,0.0,0.0,0.0,9.25,1.1,0.0
20231228:1910,0.0,0.0,0.0,0.0,10.26,0.83,0.0
20231228:2010,0.0,0.0,0.0,0.0,10.04,0.97,0.0
20231228:2110,0.0,0.0,0.0,0.0,9.85,0.9,0.0
20231228:2210,0.0,0.0,0.0,0.0,9.75,0.76,0.0
20231228:2310,0.0,0.0,0.0,0.0,9.73,0.83,0.0
20231229:0010,0.0,0.0,0.0,0.0,9.31,1.1,0.0
20231229:0110,0.0,0.0,0.0,0.0,6.19,1.59,0.0
20231229:0210,0.0,0.0,0.0,0.0,5.48,2.07,0.0
20231229:0310,0.0,0.0,0.0,0.0,6.6,2.62,0.0
20231229:0410,0.0,0.0,0.0,0.0,7.2,2.83,0.0
20231229:0510,0.0,0.0,0.0,0.0,7.45,2.83,0.0
20231229:0610,0.0,33.0,0.0,5.66,7.47,2.62,0.0
20231229:0710,135.01,71.0,0.0,13.89,8.6,2.62,0.0
20231229:0810,238.01,90.0,0.0,20.33,9.69,3.03,0.0
20231229:0910,299.01,103.0,0.0,24.43,10.43,3.66,0.0
20231229:1010,314.01,109.0,0.0,25.71,10.86,4.14,0.0
20231229:1110,286.01,105.0,0.0,24.0,11.15,4.55,0.0
20231229:1210,194.01,104.0,0.0,19.54,11.41,4.48,0.0
20231229:1310,107.01,73.0,0.0,12.8,11.53,3.93,0.0
20231229:1410,14.0,22.61,0.0,4.36,11.2,3.24,0.0
20231229:1510,0.0,0.0,0.0,0.0,10.44,2.76,0.0
20231229:1610,0.0,0.0,0.0,0.0,9.77,2.34,0.0
20231229:1710,0.0,0.0,0.0,0.0,8.79,2.07,0.0
20231229:1810,0.0,0.0,0.0,0.0,7.88,2.0,0.0
20231229:1910,0.0,0.0,0.0,0.0,7.52,2.28,0.0
20231229:2010,0.0,0.0,0.0,0.0,7.19,2.28,0.0
20231229:2110,0.0,0.0,0.0,0.0,6.89,2.41,0.0
20231229:2210,0.0,0.0,0.0,0.0,6.76,2.48,0.0
20231229:2310,0.0,0.0,0.0,0.0,6.66,2.28,0.0
20231230:0010,0.0,0.0,0.0,0.0,7.02,2.07,0.0
20231230:0110,0.0,0.0,0.0,0.0,6.93,2.0,0.0
20231230:0210,0.0,0.0,0.0,0.0,6.37,2.21,0.0
20231230:0310,0.0,0.0,0.0,0.0,6.35,2.55,0.0
20231230:0410,0.0,0.0,0.0,0.0,6.6,2.76,0.0
20231230:0510,0.0,0.0,0.0,0.0,7.03,2.9,0.0
20231230:0610,0.0,29.0,0.0,5.64,7.67,2.83,0.0
20231230:0710,42.0,106.0,0.0,13.89,9.35,3.03,0.0
20231230:0810,176.01,121.0,0.0,20.35,11.13,2.97,0.0
20231230:0910,258.01,123.0,0.0,24.47,12.52,2.97,0.0
20231230:1010,298.01,115.0,0.0,25.77,13.34,3.03,0.0
20231230:1110,70.0,195.0,0.0,24.09,13.65,3.31,0.0
20231230:1210,14.0,143.0,0.0,19.64,13.61,3.31,0.0
20231230:1310,7.0,87.0,0.0,12.91,13.34,3.03,0.0
20231230:1410,9.0,23.88,0.0,4.48,12.74,2.97,0.0
20231230:1510,0.0,0.0,0.0,0.0,11.98,2.9,0.0
20231230:1610,0.0,0.0,0.0,0.0,11.54,2.76,0.0
20231230:1710,0.0,0.0,0.0,0.0,11.37,2.62,0.0
20231230:1810,0.0,0.0,0.0,0.0,11.21,2.48,0.0
20231230:1910,0.0,0.0,0.0,0.0,11.56,2.97,0.0
20231230:2010,0.0,0.0,0.0,0.0,11.24,2.83,0.0
20231230:2110,0.0,0.0,0.0,0.0,11.1,2.62,0.0
20231230:2210,0.0,0.0,0.0,0.0,11.23,2.34,0.0
20231230:2310,0.0,0.0,0.0,0.0,11.2,2.07,0.0
20231231:0010,0.0,0.0,0.0,0.0,11.2,1.86,0.0
20231231:0110,0.0,0.0,0.0,0.0,11.08,1.72,0.0
20231231:0210,0.0,0.0,0.0,0.0,10.93,1.59,0.0
20231231:0310,0.0,0.0,0.0,0.0,10.83,1.38,0.0
20231231:0410,0.0,0.0,0.0,0.0,10.48,1.24,0.0
20231231:0510,0.0,0.0,0.0,0.0,10.64,0.9,0.0
20231231:0610,0.0,31.0,0.0,5.62,11.22,0.41,0.0
20231231:0710,7.0,92.0,0.0,13.89,10.77,1.17,0.0
20231231:0810,55.0,162.0,0.0,20.37,12.24,1.17,0.0
20231231:0910,27.0,190.0,0.0,24.51,13.05,0.97,0.0
20231231:1010,68.0,210.0,0.0,25.84,13.5,0.9,0.0
20231231:1110,134.01,178.0,0.0,24.18,13.82,0.97,0.0
20231231:1210,78.0,152.0,0.0,19.74,14.02,0.76,0.0
20231231:1310,112.01,69.0,0.0,13.03,14.06,0.69,0.0
20231231:1410,23.0,19.92,0.0,4.6,13.57,1.17,0.0
20231231:1510,0.0,0.0,0.0,0.0,12.59,1.93,0.0
20231231:1610,0.0,0.0,0.0,0.0,11.55,2.41,0.0
20231231:1710,0.0,0.0,0.0,0.0,10.88,2.55,0.0
20231231:1810,0.0,0.0,0.0,0.0,10.57,2.48,0.0
20231231:1910,0.0,0.0,0.0,0.0,10.57,2.07,0.0
20231231:2010,0.0,0.0,0.0,0.0,10.32,2.21,0.0
20231231:2110,0.0,0.0,0.0,0.0,10.13,2.41,0.0
20231231:2210,0.0,0.0,0.0,0.0,9.92,2.55,0.0
20231231:2310,0.0,0.0,0.0,0.0,9.88,2.69,0.0

Gb(i): Beam (direct) irradiance on the inclined plane (plane of the array) (W/m2)
Gd(i): Diffuse irradiance on the inclined plane (plane of the array) (W/m2)
Gr(i): Reflected irradiance on the inclined plane (plane of the array) (W/m2)
H_sun: Sun height (degree)
T2m: 2-m air temperature (degree Celsius)
WS10m: 10-m total wind speed (m/s)
Int: 1 means solar radiation values are reconstructed



PVGIS (c) European Union, 2001-2026